record_id,student_id,student_number,student_name_anonymized,class_id,date,month,day_of_week,is_school_day,raw_status,attendance_status,exception_count_7d,exception_count_14d,exception_count_30d,evaluable_days_7d,evaluable_days_14d,evaluable_days_30d,exception_rate_7d,exception_rate_14d,exception_rate_30d,historical_exception_count,historical_evaluable_days,historical_exception_rate,consecutive_exception_days,days_since_last_exception,recent_vs_historical_deviation,class_exception_rate_7d,student_vs_class_deviation
rec_725fd325ae8fa90d,STU_104463,104463,SISWA_042,Kls 8_SISWA_032,2025-08-01,AGUSTUS,Friday,UNKNOWN,,NO_EXCEPTION_RECORDED,0,0,0,0,0,0,0.0,0.0,0.0,0,0,0.0,0,-1,0.0,0.0,0.0
rec_61e291466c63217c,STU_104463,104463,SISWA_042,Kls 8_SISWA_032,2025-08-02,AGUSTUS,Saturday,FALSE,,NO_EXCEPTION_RECORDED,0,0,0,1,1,1,0.0,0.0,0.0,0,1,0.0,0,-1,0.0,0.0,0.0
rec_4cc23c3348d9992a,STU_104463,104463,SISWA_042,Kls 8_SISWA_032,2025-08-03,AGUSTUS,Sunday,FALSE,,NO_EXCEPTION_RECORDED,0,0,0,1,1,1,0.0,0.0,0.0,0,1,0.0,0,-1,0.0,0.0,0.0
rec_1c92fb8a9ba82483,STU_104463,104463,SISWA_042,Kls 8_SISWA_032,2025-08-04,AGUSTUS,Monday,UNKNOWN,,NO_EXCEPTION_RECORDED,0,0,0,1,1,1,0.0,0.0,0.0,0,1,0.0,0,-1,0.0,0.0,0.0
rec_72e760e47bd86ddb,STU_104463,104463,SISWA_042,Kls 8_SISWA_032,2025-08-05,AGUSTUS,Tuesday,TRUE,,NO_EXCEPTION_RECORDED,0,0,0,2,2,2,0.0,0.0,0.0,0,2,0.0,0,-1,0.0,0.0,0.0
rec_d3d75bc59adbe370,STU_104463,104463,SISWA_042,Kls 8_SISWA_032,2025-08-06,AGUSTUS,Wednesday,UNKNOWN,,NO_EXCEPTION_RECORDED,0,0,0,3,3,3,0.0,0.0,0.0,0,3,0.0,0,-1,0.0,0.0,0.0
rec_f74fcbc5ae81fc95,STU_104463,104463,SISWA_042,Kls 8_SISWA_032,2025-08-07,AGUSTUS,Thursday,TRUE,,NO_EXCEPTION_RECORDED,0,0,0,4,4,4,0.0,0.0,0.0,0,4,0.0,0,-1,0.0,0.0,0.0
rec_7e54b233c16034b0,STU_104463,104463,SISWA_042,Kls 8_SISWA_032,2025-08-08,AGUSTUS,Friday,TRUE,,NO_EXCEPTION_RECORDED,0,0,0,5,5,5,0.0,0.0,0.0,0,5,0.0,0,-1,0.0,0.0,0.0
rec_db7864f2daad7440,STU_104463,104463,SISWA_042,Kls 8_SISWA_032,2025-08-09,AGUSTUS,Saturday,FALSE,,NO_EXCEPTION_RECORDED,0,0,0,5,6,6,0.0,0.0,0.0,0,6,0.0,0,-1,0.0,0.0,0.0
rec_1f681519a711f760,STU_104463,104463,SISWA_042,Kls 8_SISWA_032,2025-08-10,AGUSTUS,Sunday,FALSE,,NO_EXCEPTION_RECORDED,0,0,0,5,6,6,0.0,0.0,0.0,0,6,0.0,0,-1,0.0,0.0,0.0
rec_cc2dc9054868ca31,STU_104463,104463,SISWA_042,Kls 8_SISWA_032,2025-08-11,AGUSTUS,Monday,TRUE,,NO_EXCEPTION_RECORDED,0,0,0,5,6,6,0.0,0.0,0.0,0,6,0.0,0,-1,0.0,0.0,0.0
rec_2f98fa7f4768afbb,STU_104463,104463,SISWA_042,Kls 8_SISWA_032,2025-08-12,AGUSTUS,Tuesday,TRUE,,NO_EXCEPTION_RECORDED,0,0,0,5,7,7,0.0,0.0,0.0,0,7,0.0,0,-1,0.0,0.011111,-0.011111
rec_81c6c9e2c8b3bb9d,STU_104463,104463,SISWA_042,Kls 8_SISWA_032,2025-08-13,AGUSTUS,Wednesday,TRUE,,NO_EXCEPTION_RECORDED,0,0,0,5,8,8,0.0,0.0,0.0,0,8,0.0,0,-1,0.0,0.011111,-0.011111
rec_bc91d48d5fbf6d91,STU_104463,104463,SISWA_042,Kls 8_SISWA_032,2025-08-14,AGUSTUS,Thursday,UNKNOWN,,NO_EXCEPTION_RECORDED,0,0,0,5,9,9,0.0,0.0,0.0,0,9,0.0,0,-1,0.0,0.011111,-0.011111
rec_d6b872123944d1a0,STU_104463,104463,SISWA_042,Kls 8_SISWA_032,2025-08-15,AGUSTUS,Friday,UNKNOWN,,NO_EXCEPTION_RECORDED,0,0,0,5,10,10,0.0,0.0,0.0,0,10,0.0,0,-1,0.0,0.011111,-0.011111
rec_a3e04fc90040123f,STU_104463,104463,SISWA_042,Kls 8_SISWA_032,2025-08-16,AGUSTUS,Saturday,FALSE,,NO_EXCEPTION_RECORDED,0,0,0,5,10,11,0.0,0.0,0.0,0,11,0.0,0,-1,0.0,0.011111,-0.011111
rec_f1ef39f141394df2,STU_104463,104463,SISWA_042,Kls 8_SISWA_032,2025-08-17,AGUSTUS,Sunday,FALSE,,NO_EXCEPTION_RECORDED,0,0,0,5,10,11,0.0,0.0,0.0,0,11,0.0,0,-1,0.0,0.011111,-0.011111
rec_dbb502f5c45b3ab5,STU_104463,104463,SISWA_042,Kls 8_SISWA_032,2025-08-18,AGUSTUS,Monday,UNKNOWN,,NO_EXCEPTION_RECORDED,0,0,0,5,10,11,0.0,0.0,0.0,0,11,0.0,0,-1,0.0,0.011111,-0.011111
rec_8c30474998f4bd45,STU_104463,104463,SISWA_042,Kls 8_SISWA_032,2025-08-19,AGUSTUS,Tuesday,TRUE,,NO_EXCEPTION_RECORDED,0,0,0,5,10,12,0.0,0.0,0.0,0,12,0.0,0,-1,0.0,0.0,0.0
rec_8a29215aa85535a3,STU_104463,104463,SISWA_042,Kls 8_SISWA_032,2025-08-20,AGUSTUS,Wednesday,TRUE,,NO_EXCEPTION_RECORDED,0,0,0,5,10,13,0.0,0.0,0.0,0,13,0.0,0,-1,0.0,0.011111,-0.011111
rec_9fe463e124ed51c8,STU_104463,104463,SISWA_042,Kls 8_SISWA_032,2025-08-21,AGUSTUS,Thursday,TRUE,,NO_EXCEPTION_RECORDED,0,0,0,5,10,14,0.0,0.0,0.0,0,14,0.0,0,-1,0.0,0.011111,-0.011111
rec_20d90f0fb1dc2f13,STU_104463,104463,SISWA_042,Kls 8_SISWA_032,2025-08-22,AGUSTUS,Friday,UNKNOWN,,NO_EXCEPTION_RECORDED,0,0,0,5,10,15,0.0,0.0,0.0,0,15,0.0,0,-1,0.0,0.011111,-0.011111
rec_bc3d1e4548008a87,STU_104463,104463,SISWA_042,Kls 8_SISWA_032,2025-08-23,AGUSTUS,Saturday,FALSE,,NO_EXCEPTION_RECORDED,0,0,0,5,10,16,0.0,0.0,0.0,0,16,0.0,0,-1,0.0,0.011111,-0.011111
rec_859736c4f81267f3,STU_104463,104463,SISWA_042,Kls 8_SISWA_032,2025-08-24,AGUSTUS,Sunday,FALSE,,NO_EXCEPTION_RECORDED,0,0,0,5,10,16,0.0,0.0,0.0,0,16,0.0,0,-1,0.0,0.011111,-0.011111
rec_f8bf12420eff601d,STU_104463,104463,SISWA_042,Kls 8_SISWA_032,2025-08-25,AGUSTUS,Monday,TRUE,,NO_EXCEPTION_RECORDED,0,0,0,5,10,16,0.0,0.0,0.0,0,16,0.0,0,-1,0.0,0.011111,-0.011111
rec_d81259241f58a206,STU_104463,104463,SISWA_042,Kls 8_SISWA_032,2025-08-26,AGUSTUS,Tuesday,TRUE,,NO_EXCEPTION_RECORDED,0,0,0,5,10,17,0.0,0.0,0.0,0,17,0.0,0,-1,0.0,0.011111,-0.011111
rec_04c64b84de4867db,STU_104463,104463,SISWA_042,Kls 8_SISWA_032,2025-08-27,AGUSTUS,Wednesday,TRUE,,NO_EXCEPTION_RECORDED,0,0,0,5,10,18,0.0,0.0,0.0,0,18,0.0,0,-1,0.0,0.011111,-0.011111
rec_7bff761feda66818,STU_104463,104463,SISWA_042,Kls 8_SISWA_032,2025-08-28,AGUSTUS,Thursday,TRUE,,NO_EXCEPTION_RECORDED,0,0,0,5,10,19,0.0,0.0,0.0,0,19,0.0,0,-1,0.0,0.011111,-0.011111
rec_75f356129fedb5d2,STU_104463,104463,SISWA_042,Kls 8_SISWA_032,2025-08-29,AGUSTUS,Friday,TRUE,,NO_EXCEPTION_RECORDED,0,0,0,5,10,20,0.0,0.0,0.0,0,20,0.0,0,-1,0.0,0.022222,-0.022222
rec_394afd605f22a85e,STU_104463,104463,SISWA_042,Kls 8_SISWA_032,2025-08-30,AGUSTUS,Saturday,FALSE,,NO_EXCEPTION_RECORDED,0,0,0,5,10,21,0.0,0.0,0.0,0,21,0.0,0,-1,0.0,0.022222,-0.022222
rec_1cb4589d521c7959,STU_104463,104463,SISWA_042,Kls 8_SISWA_032,2025-08-31,AGUSTUS,Sunday,FALSE,,NO_EXCEPTION_RECORDED,0,0,0,5,10,21,0.0,0.0,0.0,0,21,0.0,0,-1,0.0,0.022222,-0.022222
rec_8c563c46a1036ad2,STU_104463,104463,SISWA_042,Kls 8_SISWA_032,2025-09-01,SEPTEMBER,Monday,TRUE,,NO_EXCEPTION_RECORDED,0,0,0,5,10,20,0.0,0.0,0.0,0,21,0.0,0,-1,0.0,0.022222,-0.022222
rec_c786da7d25401426,STU_104463,104463,SISWA_042,Kls 8_SISWA_032,2025-09-02,SEPTEMBER,Tuesday,TRUE,,NO_EXCEPTION_RECORDED,0,0,0,5,10,21,0.0,0.0,0.0,0,22,0.0,0,-1,0.0,0.022222,-0.022222
rec_0b967dff1253b58e,STU_104463,104463,SISWA_042,Kls 8_SISWA_032,2025-09-03,SEPTEMBER,Wednesday,TRUE,,NO_EXCEPTION_RECORDED,0,0,0,5,10,22,0.0,0.0,0.0,0,23,0.0,0,-1,0.0,0.011111,-0.011111
rec_22eedd8490f4e349,STU_104463,104463,SISWA_042,Kls 8_SISWA_032,2025-09-04,SEPTEMBER,Thursday,TRUE,,NO_EXCEPTION_RECORDED,0,0,0,5,10,22,0.0,0.0,0.0,0,24,0.0,0,-1,0.0,0.011111,-0.011111
rec_6a700616a05007ca,STU_104463,104463,SISWA_042,Kls 8_SISWA_032,2025-09-05,SEPTEMBER,Friday,UNKNOWN,,NO_EXCEPTION_RECORDED,0,0,0,5,10,22,0.0,0.0,0.0,0,25,0.0,0,-1,0.0,0.0,0.0
rec_cc73427b0c701a51,STU_104463,104463,SISWA_042,Kls 8_SISWA_032,2025-09-06,SEPTEMBER,Saturday,FALSE,,NO_EXCEPTION_RECORDED,0,0,0,5,10,22,0.0,0.0,0.0,0,26,0.0,0,-1,0.0,0.0,0.0
rec_26bff284bd378120,STU_104463,104463,SISWA_042,Kls 8_SISWA_032,2025-09-07,SEPTEMBER,Sunday,FALSE,,NO_EXCEPTION_RECORDED,0,0,0,5,10,21,0.0,0.0,0.0,0,26,0.0,0,-1,0.0,0.0,0.0
rec_be0704d572860a17,STU_104463,104463,SISWA_042,Kls 8_SISWA_032,2025-09-08,SEPTEMBER,Monday,TRUE,,NO_EXCEPTION_RECORDED,0,0,0,5,10,20,0.0,0.0,0.0,0,26,0.0,0,-1,0.0,0.0,0.0
rec_4010f658e2109d78,STU_104463,104463,SISWA_042,Kls 8_SISWA_032,2025-09-09,SEPTEMBER,Tuesday,TRUE,,NO_EXCEPTION_RECORDED,0,0,0,5,10,21,0.0,0.0,0.0,0,27,0.0,0,-1,0.0,0.0,0.0
rec_ab992f256bc63534,STU_104463,104463,SISWA_042,Kls 8_SISWA_032,2025-09-10,SEPTEMBER,Wednesday,TRUE,,NO_EXCEPTION_RECORDED,0,0,0,5,10,22,0.0,0.0,0.0,0,28,0.0,0,-1,0.0,0.0,0.0
rec_f25ff0e117347836,STU_104463,104463,SISWA_042,Kls 8_SISWA_032,2025-09-11,SEPTEMBER,Thursday,TRUE,,NO_EXCEPTION_RECORDED,0,0,0,5,10,22,0.0,0.0,0.0,0,29,0.0,0,-1,0.0,0.011111,-0.011111
rec_b6f2787aab46a27b,STU_104463,104463,SISWA_042,Kls 8_SISWA_032,2025-09-12,SEPTEMBER,Friday,TRUE,,NO_EXCEPTION_RECORDED,0,0,0,5,10,22,0.0,0.0,0.0,0,30,0.0,0,-1,0.0,0.011111,-0.011111
rec_63ae69cace024b8f,STU_104463,104463,SISWA_042,Kls 8_SISWA_032,2025-09-13,SEPTEMBER,Saturday,FALSE,,NO_EXCEPTION_RECORDED,0,0,0,5,10,22,0.0,0.0,0.0,0,31,0.0,0,-1,0.0,0.022222,-0.022222
rec_f28e754e65387d2a,STU_104463,104463,SISWA_042,Kls 8_SISWA_032,2025-09-14,SEPTEMBER,Sunday,FALSE,,NO_EXCEPTION_RECORDED,0,0,0,5,10,21,0.0,0.0,0.0,0,31,0.0,0,-1,0.0,0.022222,-0.022222
rec_cce9478e24af36aa,STU_104463,104463,SISWA_042,Kls 8_SISWA_032,2025-09-15,SEPTEMBER,Monday,TRUE,,NO_EXCEPTION_RECORDED,0,0,0,5,10,20,0.0,0.0,0.0,0,31,0.0,0,-1,0.0,0.022222,-0.022222
rec_8277678f4f47cb72,STU_104463,104463,SISWA_042,Kls 8_SISWA_032,2025-09-16,SEPTEMBER,Tuesday,TRUE,s,SOURCE_MARK_S,0,0,0,5,10,21,0.0,0.0,0.0,0,32,0.0,0,-1,0.0,0.044444,-0.044444
rec_841d18d37c872bfa,STU_104463,104463,SISWA_042,Kls 8_SISWA_032,2025-09-17,SEPTEMBER,Wednesday,TRUE,,NO_EXCEPTION_RECORDED,1,1,1,5,10,22,0.2,0.1,0.045455,1,33,0.030303,1,1,0.169697,0.044444,0.155556
rec_a4d8258f1cb6bb1b,STU_104463,104463,SISWA_042,Kls 8_SISWA_032,2025-09-18,SEPTEMBER,Thursday,TRUE,,NO_EXCEPTION_RECORDED,1,1,1,5,10,22,0.2,0.1,0.045455,1,34,0.029412,0,2,0.170588,0.033333,0.166667
rec_e955507cd1d74b94,STU_104463,104463,SISWA_042,Kls 8_SISWA_032,2025-09-19,SEPTEMBER,Friday,TRUE,,NO_EXCEPTION_RECORDED,1,1,1,5,10,22,0.2,0.1,0.045455,1,35,0.028571,0,3,0.171429,0.033333,0.166667
rec_d2a6a7f08d28133c,STU_104463,104463,SISWA_042,Kls 8_SISWA_032,2025-09-20,SEPTEMBER,Saturday,FALSE,,NO_EXCEPTION_RECORDED,1,1,1,5,10,22,0.2,0.1,0.045455,1,36,0.027778,0,4,0.172222,0.022222,0.177778
rec_384c2fb45af964b3,STU_104463,104463,SISWA_042,Kls 8_SISWA_032,2025-09-21,SEPTEMBER,Sunday,FALSE,,NO_EXCEPTION_RECORDED,1,1,1,5,10,21,0.2,0.1,0.047619,1,36,0.027778,0,5,0.172222,0.022222,0.177778
rec_040cef43e678f4bc,STU_104463,104463,SISWA_042,Kls 8_SISWA_032,2025-09-22,SEPTEMBER,Monday,TRUE,,NO_EXCEPTION_RECORDED,1,1,1,5,10,20,0.2,0.1,0.05,1,36,0.027778,0,6,0.172222,0.022222,0.177778
rec_d92fd4fbf2955dc1,STU_104463,104463,SISWA_042,Kls 8_SISWA_032,2025-09-23,SEPTEMBER,Tuesday,TRUE,,NO_EXCEPTION_RECORDED,1,1,1,5,10,21,0.2,0.1,0.047619,1,37,0.027027,0,7,0.172973,0.0,0.2
rec_f7d75f429e9cd727,STU_104463,104463,SISWA_042,Kls 8_SISWA_032,2025-09-24,SEPTEMBER,Wednesday,TRUE,,NO_EXCEPTION_RECORDED,0,1,1,5,10,22,0.0,0.1,0.045455,1,38,0.026316,0,8,-0.026316,0.0,0.0
rec_9280f7b8e78b052a,STU_104463,104463,SISWA_042,Kls 8_SISWA_032,2025-09-25,SEPTEMBER,Thursday,TRUE,,NO_EXCEPTION_RECORDED,0,1,1,5,10,22,0.0,0.1,0.045455,1,39,0.025641,0,9,-0.025641,0.0,0.0
rec_0152819b436b3151,STU_104463,104463,SISWA_042,Kls 8_SISWA_032,2025-09-26,SEPTEMBER,Friday,TRUE,,NO_EXCEPTION_RECORDED,0,1,1,5,10,22,0.0,0.1,0.045455,1,40,0.025,0,10,-0.025,0.0,0.0
rec_cc4cde0b50e2457e,STU_104463,104463,SISWA_042,Kls 8_SISWA_032,2025-09-27,SEPTEMBER,Saturday,FALSE,,NO_EXCEPTION_RECORDED,0,1,1,5,10,22,0.0,0.1,0.045455,1,41,0.02439,0,11,-0.02439,0.011111,-0.011111
rec_682a493c2120d6ce,STU_104463,104463,SISWA_042,Kls 8_SISWA_032,2025-09-28,SEPTEMBER,Sunday,FALSE,,NO_EXCEPTION_RECORDED,0,1,1,5,10,21,0.0,0.1,0.047619,1,41,0.02439,0,12,-0.02439,0.011111,-0.011111
rec_b49ea6cd5a1a52e3,STU_104463,104463,SISWA_042,Kls 8_SISWA_032,2025-09-29,SEPTEMBER,Monday,TRUE,,NO_EXCEPTION_RECORDED,0,1,1,5,10,20,0.0,0.1,0.05,1,41,0.02439,0,13,-0.02439,0.011111,-0.011111
rec_cd140f8d8f28ae21,STU_104463,104463,SISWA_042,Kls 8_SISWA_032,2025-09-30,SEPTEMBER,Tuesday,UNKNOWN,,NO_EXCEPTION_RECORDED,0,1,1,5,10,21,0.0,0.1,0.047619,1,42,0.02381,0,14,-0.02381,0.022222,-0.022222
rec_ef04721bf5bfd152,STU_106596,106596,SISWA_056,Kls 8_SISWA_052,2025-08-01,AGUSTUS,Friday,UNKNOWN,,NO_EXCEPTION_RECORDED,0,0,0,0,0,0,0.0,0.0,0.0,0,0,0.0,0,-1,0.0,0.0,0.0
rec_b9ab14e12024bf6c,STU_106596,106596,SISWA_056,Kls 8_SISWA_052,2025-08-02,AGUSTUS,Saturday,FALSE,,NO_EXCEPTION_RECORDED,0,0,0,1,1,1,0.0,0.0,0.0,0,1,0.0,0,-1,0.0,0.0,0.0
rec_f12802641a31778b,STU_106596,106596,SISWA_056,Kls 8_SISWA_052,2025-08-03,AGUSTUS,Sunday,FALSE,,NO_EXCEPTION_RECORDED,0,0,0,1,1,1,0.0,0.0,0.0,0,1,0.0,0,-1,0.0,0.0,0.0
rec_36b14b0fa34210f8,STU_106596,106596,SISWA_056,Kls 8_SISWA_052,2025-08-04,AGUSTUS,Monday,UNKNOWN,,NO_EXCEPTION_RECORDED,0,0,0,1,1,1,0.0,0.0,0.0,0,1,0.0,0,-1,0.0,0.0,0.0
rec_ce50fb76f0fe3be9,STU_106596,106596,SISWA_056,Kls 8_SISWA_052,2025-08-05,AGUSTUS,Tuesday,TRUE,,NO_EXCEPTION_RECORDED,0,0,0,2,2,2,0.0,0.0,0.0,0,2,0.0,0,-1,0.0,0.0,0.0
rec_30b7fae445a9856c,STU_106596,106596,SISWA_056,Kls 8_SISWA_052,2025-08-06,AGUSTUS,Wednesday,UNKNOWN,,NO_EXCEPTION_RECORDED,0,0,0,3,3,3,0.0,0.0,0.0,0,3,0.0,0,-1,0.0,0.0,0.0
rec_7de3ee1c418644dc,STU_106596,106596,SISWA_056,Kls 8_SISWA_052,2025-08-07,AGUSTUS,Thursday,TRUE,,NO_EXCEPTION_RECORDED,0,0,0,4,4,4,0.0,0.0,0.0,0,4,0.0,0,-1,0.0,0.0,0.0
rec_b6d1a15feca97931,STU_106596,106596,SISWA_056,Kls 8_SISWA_052,2025-08-08,AGUSTUS,Friday,TRUE,,NO_EXCEPTION_RECORDED,0,0,0,5,5,5,0.0,0.0,0.0,0,5,0.0,0,-1,0.0,0.011111,-0.011111
rec_4997f201f8fd69de,STU_106596,106596,SISWA_056,Kls 8_SISWA_052,2025-08-09,AGUSTUS,Saturday,FALSE,,NO_EXCEPTION_RECORDED,0,0,0,5,6,6,0.0,0.0,0.0,0,6,0.0,0,-1,0.0,0.011111,-0.011111
rec_83e7a1211c906efa,STU_106596,106596,SISWA_056,Kls 8_SISWA_052,2025-08-10,AGUSTUS,Sunday,FALSE,,NO_EXCEPTION_RECORDED,0,0,0,5,6,6,0.0,0.0,0.0,0,6,0.0,0,-1,0.0,0.011111,-0.011111
rec_219681a8e3b6684d,STU_106596,106596,SISWA_056,Kls 8_SISWA_052,2025-08-11,AGUSTUS,Monday,TRUE,,NO_EXCEPTION_RECORDED,0,0,0,5,6,6,0.0,0.0,0.0,0,6,0.0,0,-1,0.0,0.011111,-0.011111
rec_0bc737dc200d4305,STU_106596,106596,SISWA_056,Kls 8_SISWA_052,2025-08-12,AGUSTUS,Tuesday,TRUE,,NO_EXCEPTION_RECORDED,0,0,0,5,7,7,0.0,0.0,0.0,0,7,0.0,0,-1,0.0,0.011111,-0.011111
rec_d1d1f179bf54f9b7,STU_106596,106596,SISWA_056,Kls 8_SISWA_052,2025-08-13,AGUSTUS,Wednesday,TRUE,,NO_EXCEPTION_RECORDED,0,0,0,5,8,8,0.0,0.0,0.0,0,8,0.0,0,-1,0.0,0.022222,-0.022222
rec_3ce5fc90fbc61460,STU_106596,106596,SISWA_056,Kls 8_SISWA_052,2025-08-14,AGUSTUS,Thursday,UNKNOWN,,NO_EXCEPTION_RECORDED,0,0,0,5,9,9,0.0,0.0,0.0,0,9,0.0,0,-1,0.0,0.033333,-0.033333
rec_33965c82ab31525a,STU_106596,106596,SISWA_056,Kls 8_SISWA_052,2025-08-15,AGUSTUS,Friday,UNKNOWN,,NO_EXCEPTION_RECORDED,0,0,0,5,10,10,0.0,0.0,0.0,0,10,0.0,0,-1,0.0,0.022222,-0.022222
rec_e1fedf23601822c5,STU_106596,106596,SISWA_056,Kls 8_SISWA_052,2025-08-16,AGUSTUS,Saturday,FALSE,,NO_EXCEPTION_RECORDED,0,0,0,5,10,11,0.0,0.0,0.0,0,11,0.0,0,-1,0.0,0.022222,-0.022222
rec_16f906efdd756074,STU_106596,106596,SISWA_056,Kls 8_SISWA_052,2025-08-17,AGUSTUS,Sunday,FALSE,,NO_EXCEPTION_RECORDED,0,0,0,5,10,11,0.0,0.0,0.0,0,11,0.0,0,-1,0.0,0.022222,-0.022222
rec_1b2d11d514cd8634,STU_106596,106596,SISWA_056,Kls 8_SISWA_052,2025-08-18,AGUSTUS,Monday,UNKNOWN,,NO_EXCEPTION_RECORDED,0,0,0,5,10,11,0.0,0.0,0.0,0,11,0.0,0,-1,0.0,0.022222,-0.022222
rec_71c61a284a4bbea8,STU_106596,106596,SISWA_056,Kls 8_SISWA_052,2025-08-19,AGUSTUS,Tuesday,TRUE,,NO_EXCEPTION_RECORDED,0,0,0,5,10,12,0.0,0.0,0.0,0,12,0.0,0,-1,0.0,0.022222,-0.022222
rec_34b7c3f7a66c4bf9,STU_106596,106596,SISWA_056,Kls 8_SISWA_052,2025-08-20,AGUSTUS,Wednesday,TRUE,,NO_EXCEPTION_RECORDED,0,0,0,5,10,13,0.0,0.0,0.0,0,13,0.0,0,-1,0.0,0.022222,-0.022222
rec_8be8892d3f9a581b,STU_106596,106596,SISWA_056,Kls 8_SISWA_052,2025-08-21,AGUSTUS,Thursday,TRUE,,NO_EXCEPTION_RECORDED,0,0,0,5,10,14,0.0,0.0,0.0,0,14,0.0,0,-1,0.0,0.022222,-0.022222
rec_ce64702b3c74a32e,STU_106596,106596,SISWA_056,Kls 8_SISWA_052,2025-08-22,AGUSTUS,Friday,UNKNOWN,,NO_EXCEPTION_RECORDED,0,0,0,5,10,15,0.0,0.0,0.0,0,15,0.0,0,-1,0.0,0.022222,-0.022222
rec_769025098d14f973,STU_106596,106596,SISWA_056,Kls 8_SISWA_052,2025-08-23,AGUSTUS,Saturday,FALSE,,NO_EXCEPTION_RECORDED,0,0,0,5,10,16,0.0,0.0,0.0,0,16,0.0,0,-1,0.0,0.022222,-0.022222
rec_121818e35d6b8a09,STU_106596,106596,SISWA_056,Kls 8_SISWA_052,2025-08-24,AGUSTUS,Sunday,FALSE,,NO_EXCEPTION_RECORDED,0,0,0,5,10,16,0.0,0.0,0.0,0,16,0.0,0,-1,0.0,0.022222,-0.022222
rec_c269fa75b39a67db,STU_106596,106596,SISWA_056,Kls 8_SISWA_052,2025-08-25,AGUSTUS,Monday,TRUE,,NO_EXCEPTION_RECORDED,0,0,0,5,10,16,0.0,0.0,0.0,0,16,0.0,0,-1,0.0,0.022222,-0.022222
rec_2e27e70e90c6295f,STU_106596,106596,SISWA_056,Kls 8_SISWA_052,2025-08-26,AGUSTUS,Tuesday,TRUE,,NO_EXCEPTION_RECORDED,0,0,0,5,10,17,0.0,0.0,0.0,0,17,0.0,0,-1,0.0,0.033333,-0.033333
rec_b01f4fd47fc868bd,STU_106596,106596,SISWA_056,Kls 8_SISWA_052,2025-08-27,AGUSTUS,Wednesday,TRUE,,NO_EXCEPTION_RECORDED,0,0,0,5,10,18,0.0,0.0,0.0,0,18,0.0,0,-1,0.0,0.022222,-0.022222
rec_23c0f25a33276ff9,STU_106596,106596,SISWA_056,Kls 8_SISWA_052,2025-08-28,AGUSTUS,Thursday,TRUE,,NO_EXCEPTION_RECORDED,0,0,0,5,10,19,0.0,0.0,0.0,0,19,0.0,0,-1,0.0,0.011111,-0.011111
rec_9f9dc6d54f14261f,STU_106596,106596,SISWA_056,Kls 8_SISWA_052,2025-08-29,AGUSTUS,Friday,TRUE,,NO_EXCEPTION_RECORDED,0,0,0,5,10,20,0.0,0.0,0.0,0,20,0.0,0,-1,0.0,0.011111,-0.011111
rec_1e43d94ec5b9357b,STU_106596,106596,SISWA_056,Kls 8_SISWA_052,2025-08-30,AGUSTUS,Saturday,FALSE,,NO_EXCEPTION_RECORDED,0,0,0,5,10,21,0.0,0.0,0.0,0,21,0.0,0,-1,0.0,0.011111,-0.011111
rec_0c106216a6b73fb2,STU_106596,106596,SISWA_056,Kls 8_SISWA_052,2025-08-31,AGUSTUS,Sunday,FALSE,,NO_EXCEPTION_RECORDED,0,0,0,5,10,21,0.0,0.0,0.0,0,21,0.0,0,-1,0.0,0.011111,-0.011111
rec_e9ff83ad5dd84adb,STU_106596,106596,SISWA_056,Kls 8_SISWA_052,2025-09-01,SEPTEMBER,Monday,TRUE,,NO_EXCEPTION_RECORDED,0,0,0,5,10,20,0.0,0.0,0.0,0,21,0.0,0,-1,0.0,0.011111,-0.011111
rec_3b49a67eef43f9d6,STU_106596,106596,SISWA_056,Kls 8_SISWA_052,2025-09-02,SEPTEMBER,Tuesday,TRUE,,NO_EXCEPTION_RECORDED,0,0,0,5,10,21,0.0,0.0,0.0,0,22,0.0,0,-1,0.0,0.011111,-0.011111
rec_351740a17eb383e9,STU_106596,106596,SISWA_056,Kls 8_SISWA_052,2025-09-03,SEPTEMBER,Wednesday,TRUE,,NO_EXCEPTION_RECORDED,0,0,0,5,10,22,0.0,0.0,0.0,0,23,0.0,0,-1,0.0,0.022222,-0.022222
rec_ecdcfca68daab8dc,STU_106596,106596,SISWA_056,Kls 8_SISWA_052,2025-09-04,SEPTEMBER,Thursday,TRUE,,NO_EXCEPTION_RECORDED,0,0,0,5,10,22,0.0,0.0,0.0,0,24,0.0,0,-1,0.0,0.022222,-0.022222
rec_51a5397dd06f0949,STU_106596,106596,SISWA_056,Kls 8_SISWA_052,2025-09-05,SEPTEMBER,Friday,UNKNOWN,,NO_EXCEPTION_RECORDED,0,0,0,5,10,22,0.0,0.0,0.0,0,25,0.0,0,-1,0.0,0.022222,-0.022222
rec_3b711e644fa0b3c6,STU_106596,106596,SISWA_056,Kls 8_SISWA_052,2025-09-06,SEPTEMBER,Saturday,FALSE,,NO_EXCEPTION_RECORDED,0,0,0,5,10,22,0.0,0.0,0.0,0,26,0.0,0,-1,0.0,0.022222,-0.022222
rec_fb78227680b00cc2,STU_106596,106596,SISWA_056,Kls 8_SISWA_052,2025-09-07,SEPTEMBER,Sunday,FALSE,,NO_EXCEPTION_RECORDED,0,0,0,5,10,21,0.0,0.0,0.0,0,26,0.0,0,-1,0.0,0.022222,-0.022222
rec_405f94385768136f,STU_106596,106596,SISWA_056,Kls 8_SISWA_052,2025-09-08,SEPTEMBER,Monday,TRUE,,NO_EXCEPTION_RECORDED,0,0,0,5,10,20,0.0,0.0,0.0,0,26,0.0,0,-1,0.0,0.022222,-0.022222
rec_f615e0ee729e5b5a,STU_106596,106596,SISWA_056,Kls 8_SISWA_052,2025-09-09,SEPTEMBER,Tuesday,TRUE,s,SOURCE_MARK_S,0,0,0,5,10,21,0.0,0.0,0.0,0,27,0.0,0,-1,0.0,0.011111,-0.011111
rec_b0c2055e54d9c168,STU_106596,106596,SISWA_056,Kls 8_SISWA_052,2025-09-10,SEPTEMBER,Wednesday,TRUE,,NO_EXCEPTION_RECORDED,1,1,1,5,10,22,0.2,0.1,0.045455,1,28,0.035714,1,1,0.164286,0.0,0.2
rec_c4d12bbcfea23d29,STU_106596,106596,SISWA_056,Kls 8_SISWA_052,2025-09-11,SEPTEMBER,Thursday,TRUE,,NO_EXCEPTION_RECORDED,1,1,1,5,10,22,0.2,0.1,0.045455,1,29,0.034483,0,2,0.165517,0.0,0.2
rec_af9849fadd28e8ce,STU_106596,106596,SISWA_056,Kls 8_SISWA_052,2025-09-12,SEPTEMBER,Friday,TRUE,,NO_EXCEPTION_RECORDED,1,1,1,5,10,22,0.2,0.1,0.045455,1,30,0.033333,0,3,0.166667,0.0,0.2
rec_0703a2a16cbcce27,STU_106596,106596,SISWA_056,Kls 8_SISWA_052,2025-09-13,SEPTEMBER,Saturday,FALSE,,NO_EXCEPTION_RECORDED,1,1,1,5,10,22,0.2,0.1,0.045455,1,31,0.032258,0,4,0.167742,0.0,0.2
rec_96a3d6a3d3a31e1b,STU_106596,106596,SISWA_056,Kls 8_SISWA_052,2025-09-14,SEPTEMBER,Sunday,FALSE,,NO_EXCEPTION_RECORDED,1,1,1,5,10,21,0.2,0.1,0.047619,1,31,0.032258,0,5,0.167742,0.0,0.2
rec_69f9b51f58befb58,STU_106596,106596,SISWA_056,Kls 8_SISWA_052,2025-09-15,SEPTEMBER,Monday,TRUE,,NO_EXCEPTION_RECORDED,1,1,1,5,10,20,0.2,0.1,0.05,1,31,0.032258,0,6,0.167742,0.0,0.2
rec_093b95ec6290f11d,STU_106596,106596,SISWA_056,Kls 8_SISWA_052,2025-09-16,SEPTEMBER,Tuesday,TRUE,,NO_EXCEPTION_RECORDED,1,1,1,5,10,21,0.2,0.1,0.047619,1,32,0.03125,0,7,0.16875,0.011111,0.188889
rec_e832ef34cec7f09c,STU_106596,106596,SISWA_056,Kls 8_SISWA_052,2025-09-17,SEPTEMBER,Wednesday,TRUE,,NO_EXCEPTION_RECORDED,0,1,1,5,10,22,0.0,0.1,0.045455,1,33,0.030303,0,8,-0.030303,0.011111,-0.011111
rec_899429dcdaf40eaa,STU_106596,106596,SISWA_056,Kls 8_SISWA_052,2025-09-18,SEPTEMBER,Thursday,TRUE,,NO_EXCEPTION_RECORDED,0,1,1,5,10,22,0.0,0.1,0.045455,1,34,0.029412,0,9,-0.029412,0.011111,-0.011111
rec_8d49aa5f8226ebf6,STU_106596,106596,SISWA_056,Kls 8_SISWA_052,2025-09-19,SEPTEMBER,Friday,TRUE,,NO_EXCEPTION_RECORDED,0,1,1,5,10,22,0.0,0.1,0.045455,1,35,0.028571,0,10,-0.028571,0.011111,-0.011111
rec_1a30de83649be934,STU_106596,106596,SISWA_056,Kls 8_SISWA_052,2025-09-20,SEPTEMBER,Saturday,FALSE,,NO_EXCEPTION_RECORDED,0,1,1,5,10,22,0.0,0.1,0.045455,1,36,0.027778,0,11,-0.027778,0.011111,-0.011111
rec_fed215835fce588b,STU_106596,106596,SISWA_056,Kls 8_SISWA_052,2025-09-21,SEPTEMBER,Sunday,FALSE,,NO_EXCEPTION_RECORDED,0,1,1,5,10,21,0.0,0.1,0.047619,1,36,0.027778,0,12,-0.027778,0.011111,-0.011111
rec_74935b1e28425b32,STU_106596,106596,SISWA_056,Kls 8_SISWA_052,2025-09-22,SEPTEMBER,Monday,TRUE,,NO_EXCEPTION_RECORDED,0,1,1,5,10,20,0.0,0.1,0.05,1,36,0.027778,0,13,-0.027778,0.011111,-0.011111
rec_f0c612e3beebdd80,STU_106596,106596,SISWA_056,Kls 8_SISWA_052,2025-09-23,SEPTEMBER,Tuesday,TRUE,,NO_EXCEPTION_RECORDED,0,1,1,5,10,21,0.0,0.1,0.047619,1,37,0.027027,0,14,-0.027027,0.011111,-0.011111
rec_ed8c072efa4eab99,STU_106596,106596,SISWA_056,Kls 8_SISWA_052,2025-09-24,SEPTEMBER,Wednesday,TRUE,,NO_EXCEPTION_RECORDED,0,0,1,5,10,22,0.0,0.0,0.045455,1,38,0.026316,0,15,-0.026316,0.011111,-0.011111
rec_c10a90cc2dfa66f8,STU_106596,106596,SISWA_056,Kls 8_SISWA_052,2025-09-25,SEPTEMBER,Thursday,TRUE,,NO_EXCEPTION_RECORDED,0,0,1,5,10,22,0.0,0.0,0.045455,1,39,0.025641,0,16,-0.025641,0.011111,-0.011111
rec_4691071999785ded,STU_106596,106596,SISWA_056,Kls 8_SISWA_052,2025-09-26,SEPTEMBER,Friday,TRUE,,NO_EXCEPTION_RECORDED,0,0,1,5,10,22,0.0,0.0,0.045455,1,40,0.025,0,17,-0.025,0.022222,-0.022222
rec_f2b0bbb8b3bd86ae,STU_106596,106596,SISWA_056,Kls 8_SISWA_052,2025-09-27,SEPTEMBER,Saturday,FALSE,,NO_EXCEPTION_RECORDED,0,0,1,5,10,22,0.0,0.0,0.045455,1,41,0.02439,0,18,-0.02439,0.022222,-0.022222
rec_f9aa0772fee8273d,STU_106596,106596,SISWA_056,Kls 8_SISWA_052,2025-09-28,SEPTEMBER,Sunday,FALSE,,NO_EXCEPTION_RECORDED,0,0,1,5,10,21,0.0,0.0,0.047619,1,41,0.02439,0,19,-0.02439,0.022222,-0.022222
rec_ba1a55dc6f9e8196,STU_106596,106596,SISWA_056,Kls 8_SISWA_052,2025-09-29,SEPTEMBER,Monday,TRUE,,NO_EXCEPTION_RECORDED,0,0,1,5,10,20,0.0,0.0,0.05,1,41,0.02439,0,20,-0.02439,0.022222,-0.022222
rec_e6e368018f918f12,STU_106596,106596,SISWA_056,Kls 8_SISWA_052,2025-09-30,SEPTEMBER,Tuesday,UNKNOWN,,NO_EXCEPTION_RECORDED,0,0,1,5,10,21,0.0,0.0,0.047619,1,42,0.02381,0,21,-0.02381,0.011111,-0.011111
rec_90ee97b45123091f,STU_115306,115306,SISWA_044,Kls 8_SISWA_032,2025-08-01,AGUSTUS,Friday,UNKNOWN,,NO_EXCEPTION_RECORDED,0,0,0,0,0,0,0.0,0.0,0.0,0,0,0.0,0,-1,0.0,0.0,0.0
rec_1583dda74fb337e4,STU_115306,115306,SISWA_044,Kls 8_SISWA_032,2025-08-02,AGUSTUS,Saturday,FALSE,,NO_EXCEPTION_RECORDED,0,0,0,1,1,1,0.0,0.0,0.0,0,1,0.0,0,-1,0.0,0.0,0.0
rec_a0f74aaea9f6e099,STU_115306,115306,SISWA_044,Kls 8_SISWA_032,2025-08-03,AGUSTUS,Sunday,FALSE,,NO_EXCEPTION_RECORDED,0,0,0,1,1,1,0.0,0.0,0.0,0,1,0.0,0,-1,0.0,0.0,0.0
rec_480fc62f5b92bbb0,STU_115306,115306,SISWA_044,Kls 8_SISWA_032,2025-08-04,AGUSTUS,Monday,UNKNOWN,,NO_EXCEPTION_RECORDED,0,0,0,1,1,1,0.0,0.0,0.0,0,1,0.0,0,-1,0.0,0.0,0.0
rec_10b687f239f27ba6,STU_115306,115306,SISWA_044,Kls 8_SISWA_032,2025-08-05,AGUSTUS,Tuesday,TRUE,,NO_EXCEPTION_RECORDED,0,0,0,2,2,2,0.0,0.0,0.0,0,2,0.0,0,-1,0.0,0.0,0.0
rec_d34808784d714e4d,STU_115306,115306,SISWA_044,Kls 8_SISWA_032,2025-08-06,AGUSTUS,Wednesday,UNKNOWN,,NO_EXCEPTION_RECORDED,0,0,0,3,3,3,0.0,0.0,0.0,0,3,0.0,0,-1,0.0,0.0,0.0
rec_eeb1bf317c7a1645,STU_115306,115306,SISWA_044,Kls 8_SISWA_032,2025-08-07,AGUSTUS,Thursday,TRUE,,NO_EXCEPTION_RECORDED,0,0,0,4,4,4,0.0,0.0,0.0,0,4,0.0,0,-1,0.0,0.0,0.0
rec_58c16a5ab8a82ba6,STU_115306,115306,SISWA_044,Kls 8_SISWA_032,2025-08-08,AGUSTUS,Friday,TRUE,,NO_EXCEPTION_RECORDED,0,0,0,5,5,5,0.0,0.0,0.0,0,5,0.0,0,-1,0.0,0.0,0.0
rec_6632e83bf37b4605,STU_115306,115306,SISWA_044,Kls 8_SISWA_032,2025-08-09,AGUSTUS,Saturday,FALSE,,NO_EXCEPTION_RECORDED,0,0,0,5,6,6,0.0,0.0,0.0,0,6,0.0,0,-1,0.0,0.0,0.0
rec_23a70869785cbc99,STU_115306,115306,SISWA_044,Kls 8_SISWA_032,2025-08-10,AGUSTUS,Sunday,FALSE,,NO_EXCEPTION_RECORDED,0,0,0,5,6,6,0.0,0.0,0.0,0,6,0.0,0,-1,0.0,0.0,0.0
rec_2a4ac03b82c135a8,STU_115306,115306,SISWA_044,Kls 8_SISWA_032,2025-08-11,AGUSTUS,Monday,TRUE,s,SOURCE_MARK_S,0,0,0,5,6,6,0.0,0.0,0.0,0,6,0.0,0,-1,0.0,0.0,0.0
rec_57bbeb5fafe1196e,STU_115306,115306,SISWA_044,Kls 8_SISWA_032,2025-08-12,AGUSTUS,Tuesday,TRUE,,NO_EXCEPTION_RECORDED,1,1,1,5,7,7,0.2,0.142857,0.142857,1,7,0.142857,1,1,0.057143,0.0,0.2
rec_17a9b64feac2575a,STU_115306,115306,SISWA_044,Kls 8_SISWA_032,2025-08-13,AGUSTUS,Wednesday,TRUE,,NO_EXCEPTION_RECORDED,1,1,1,5,8,8,0.2,0.125,0.125,1,8,0.125,0,2,0.075,0.0,0.2
rec_cb13ab01c086042c,STU_115306,115306,SISWA_044,Kls 8_SISWA_032,2025-08-14,AGUSTUS,Thursday,UNKNOWN,,NO_EXCEPTION_RECORDED,1,1,1,5,9,9,0.2,0.111111,0.111111,1,9,0.111111,0,3,0.088889,0.0,0.2
rec_5fcedee91a7a4abb,STU_115306,115306,SISWA_044,Kls 8_SISWA_032,2025-08-15,AGUSTUS,Friday,UNKNOWN,,NO_EXCEPTION_RECORDED,1,1,1,5,10,10,0.2,0.1,0.1,1,10,0.1,0,4,0.1,0.0,0.2
rec_594364c133421b00,STU_115306,115306,SISWA_044,Kls 8_SISWA_032,2025-08-16,AGUSTUS,Saturday,FALSE,,NO_EXCEPTION_RECORDED,1,1,1,5,10,11,0.2,0.1,0.090909,1,11,0.090909,0,5,0.109091,0.0,0.2
rec_5794fa611d6ebe73,STU_115306,115306,SISWA_044,Kls 8_SISWA_032,2025-08-17,AGUSTUS,Sunday,FALSE,,NO_EXCEPTION_RECORDED,1,1,1,5,10,11,0.2,0.1,0.090909,1,11,0.090909,0,6,0.109091,0.0,0.2
rec_c76f74fa2f0ad8f4,STU_115306,115306,SISWA_044,Kls 8_SISWA_032,2025-08-18,AGUSTUS,Monday,UNKNOWN,,NO_EXCEPTION_RECORDED,1,1,1,5,10,11,0.2,0.1,0.090909,1,11,0.090909,0,7,0.109091,0.0,0.2
rec_64981e4584f18ac0,STU_115306,115306,SISWA_044,Kls 8_SISWA_032,2025-08-19,AGUSTUS,Tuesday,TRUE,,NO_EXCEPTION_RECORDED,0,1,1,5,10,12,0.0,0.1,0.083333,1,12,0.083333,0,8,-0.083333,0.0,0.0
rec_42c6054ef202d5aa,STU_115306,115306,SISWA_044,Kls 8_SISWA_032,2025-08-20,AGUSTUS,Wednesday,TRUE,,NO_EXCEPTION_RECORDED,0,1,1,5,10,13,0.0,0.1,0.076923,1,13,0.076923,0,9,-0.076923,0.011111,-0.011111
rec_85bdee34a52f3e1d,STU_115306,115306,SISWA_044,Kls 8_SISWA_032,2025-08-21,AGUSTUS,Thursday,TRUE,,NO_EXCEPTION_RECORDED,0,1,1,5,10,14,0.0,0.1,0.071429,1,14,0.071429,0,10,-0.071429,0.011111,-0.011111
rec_1848cdcfa2d56f76,STU_115306,115306,SISWA_044,Kls 8_SISWA_032,2025-08-22,AGUSTUS,Friday,UNKNOWN,,NO_EXCEPTION_RECORDED,0,1,1,5,10,15,0.0,0.1,0.066667,1,15,0.066667,0,11,-0.066667,0.011111,-0.011111
rec_880419e336d05855,STU_115306,115306,SISWA_044,Kls 8_SISWA_032,2025-08-23,AGUSTUS,Saturday,FALSE,,NO_EXCEPTION_RECORDED,0,1,1,5,10,16,0.0,0.1,0.0625,1,16,0.0625,0,12,-0.0625,0.011111,-0.011111
rec_86602ca97c71c1c8,STU_115306,115306,SISWA_044,Kls 8_SISWA_032,2025-08-24,AGUSTUS,Sunday,FALSE,,NO_EXCEPTION_RECORDED,0,1,1,5,10,16,0.0,0.1,0.0625,1,16,0.0625,0,13,-0.0625,0.011111,-0.011111
rec_abe825a117003bee,STU_115306,115306,SISWA_044,Kls 8_SISWA_032,2025-08-25,AGUSTUS,Monday,TRUE,,NO_EXCEPTION_RECORDED,0,1,1,5,10,16,0.0,0.1,0.0625,1,16,0.0625,0,14,-0.0625,0.011111,-0.011111
rec_f3047f4961260f5c,STU_115306,115306,SISWA_044,Kls 8_SISWA_032,2025-08-26,AGUSTUS,Tuesday,TRUE,,NO_EXCEPTION_RECORDED,0,0,1,5,10,17,0.0,0.0,0.058824,1,17,0.058824,0,15,-0.058824,0.011111,-0.011111
rec_bc25abbc436dbf2f,STU_115306,115306,SISWA_044,Kls 8_SISWA_032,2025-08-27,AGUSTUS,Wednesday,TRUE,,NO_EXCEPTION_RECORDED,0,0,1,5,10,18,0.0,0.0,0.055556,1,18,0.055556,0,16,-0.055556,0.011111,-0.011111
rec_c359cd53dbc58ce3,STU_115306,115306,SISWA_044,Kls 8_SISWA_032,2025-08-28,AGUSTUS,Thursday,TRUE,,NO_EXCEPTION_RECORDED,0,0,1,5,10,19,0.0,0.0,0.052632,1,19,0.052632,0,17,-0.052632,0.011111,-0.011111
rec_99c31df8851633f3,STU_115306,115306,SISWA_044,Kls 8_SISWA_032,2025-08-29,AGUSTUS,Friday,TRUE,,NO_EXCEPTION_RECORDED,0,0,1,5,10,20,0.0,0.0,0.05,1,20,0.05,0,18,-0.05,0.022222,-0.022222
rec_95a02a9c9144040c,STU_115306,115306,SISWA_044,Kls 8_SISWA_032,2025-08-30,AGUSTUS,Saturday,FALSE,,NO_EXCEPTION_RECORDED,0,0,1,5,10,21,0.0,0.0,0.047619,1,21,0.047619,0,19,-0.047619,0.022222,-0.022222
rec_e05957f16661c466,STU_115306,115306,SISWA_044,Kls 8_SISWA_032,2025-08-31,AGUSTUS,Sunday,FALSE,,NO_EXCEPTION_RECORDED,0,0,1,5,10,21,0.0,0.0,0.047619,1,21,0.047619,0,20,-0.047619,0.022222,-0.022222
rec_bfb1871d81764995,STU_115306,115306,SISWA_044,Kls 8_SISWA_032,2025-09-01,SEPTEMBER,Monday,TRUE,,NO_EXCEPTION_RECORDED,0,0,1,5,10,20,0.0,0.0,0.05,1,21,0.047619,0,21,-0.047619,0.022222,-0.022222
rec_36dabd001462d6d0,STU_115306,115306,SISWA_044,Kls 8_SISWA_032,2025-09-02,SEPTEMBER,Tuesday,TRUE,,NO_EXCEPTION_RECORDED,0,0,1,5,10,21,0.0,0.0,0.047619,1,22,0.045455,0,22,-0.045455,0.022222,-0.022222
rec_aa5ebe3c9d9c27d2,STU_115306,115306,SISWA_044,Kls 8_SISWA_032,2025-09-03,SEPTEMBER,Wednesday,TRUE,,NO_EXCEPTION_RECORDED,0,0,1,5,10,22,0.0,0.0,0.045455,1,23,0.043478,0,23,-0.043478,0.011111,-0.011111
rec_895c206914e5d67f,STU_115306,115306,SISWA_044,Kls 8_SISWA_032,2025-09-04,SEPTEMBER,Thursday,TRUE,,NO_EXCEPTION_RECORDED,0,0,1,5,10,22,0.0,0.0,0.045455,1,24,0.041667,0,24,-0.041667,0.011111,-0.011111
rec_524ed63327e01df5,STU_115306,115306,SISWA_044,Kls 8_SISWA_032,2025-09-05,SEPTEMBER,Friday,UNKNOWN,,NO_EXCEPTION_RECORDED,0,0,1,5,10,22,0.0,0.0,0.045455,1,25,0.04,0,25,-0.04,0.0,0.0
rec_6beb6674e4c0b2a4,STU_115306,115306,SISWA_044,Kls 8_SISWA_032,2025-09-06,SEPTEMBER,Saturday,FALSE,,NO_EXCEPTION_RECORDED,0,0,1,5,10,22,0.0,0.0,0.045455,1,26,0.038462,0,26,-0.038462,0.0,0.0
rec_85cc1e84e89a6804,STU_115306,115306,SISWA_044,Kls 8_SISWA_032,2025-09-07,SEPTEMBER,Sunday,FALSE,,NO_EXCEPTION_RECORDED,0,0,1,5,10,21,0.0,0.0,0.047619,1,26,0.038462,0,27,-0.038462,0.0,0.0
rec_588802028f4c13a0,STU_115306,115306,SISWA_044,Kls 8_SISWA_032,2025-09-08,SEPTEMBER,Monday,TRUE,,NO_EXCEPTION_RECORDED,0,0,1,5,10,20,0.0,0.0,0.05,1,26,0.038462,0,28,-0.038462,0.0,0.0
rec_d8f03688279f9552,STU_115306,115306,SISWA_044,Kls 8_SISWA_032,2025-09-09,SEPTEMBER,Tuesday,TRUE,,NO_EXCEPTION_RECORDED,0,0,1,5,10,21,0.0,0.0,0.047619,1,27,0.037037,0,29,-0.037037,0.0,0.0
rec_0e79d57954d41123,STU_115306,115306,SISWA_044,Kls 8_SISWA_032,2025-09-10,SEPTEMBER,Wednesday,TRUE,,NO_EXCEPTION_RECORDED,0,0,1,5,10,22,0.0,0.0,0.045455,1,28,0.035714,0,30,-0.035714,0.0,0.0
rec_7b3344b3da8834b2,STU_115306,115306,SISWA_044,Kls 8_SISWA_032,2025-09-11,SEPTEMBER,Thursday,TRUE,,NO_EXCEPTION_RECORDED,0,0,0,5,10,22,0.0,0.0,0.0,1,29,0.034483,0,31,-0.034483,0.011111,-0.011111
rec_d6b07eaa89e53cf6,STU_115306,115306,SISWA_044,Kls 8_SISWA_032,2025-09-12,SEPTEMBER,Friday,TRUE,,NO_EXCEPTION_RECORDED,0,0,0,5,10,22,0.0,0.0,0.0,1,30,0.033333,0,32,-0.033333,0.011111,-0.011111
rec_f8b7cbafe5a7233f,STU_115306,115306,SISWA_044,Kls 8_SISWA_032,2025-09-13,SEPTEMBER,Saturday,FALSE,,NO_EXCEPTION_RECORDED,0,0,0,5,10,22,0.0,0.0,0.0,1,31,0.032258,0,33,-0.032258,0.022222,-0.022222
rec_ae6a8446f88fd99b,STU_115306,115306,SISWA_044,Kls 8_SISWA_032,2025-09-14,SEPTEMBER,Sunday,FALSE,,NO_EXCEPTION_RECORDED,0,0,0,5,10,21,0.0,0.0,0.0,1,31,0.032258,0,34,-0.032258,0.022222,-0.022222
rec_f8d6022c7fc7dc2b,STU_115306,115306,SISWA_044,Kls 8_SISWA_032,2025-09-15,SEPTEMBER,Monday,TRUE,,NO_EXCEPTION_RECORDED,0,0,0,5,10,20,0.0,0.0,0.0,1,31,0.032258,0,35,-0.032258,0.022222,-0.022222
rec_844d48d1cc746293,STU_115306,115306,SISWA_044,Kls 8_SISWA_032,2025-09-16,SEPTEMBER,Tuesday,TRUE,,NO_EXCEPTION_RECORDED,0,0,0,5,10,21,0.0,0.0,0.0,1,32,0.03125,0,36,-0.03125,0.044444,-0.044444
rec_794b37795a0246cc,STU_115306,115306,SISWA_044,Kls 8_SISWA_032,2025-09-17,SEPTEMBER,Wednesday,TRUE,,NO_EXCEPTION_RECORDED,0,0,0,5,10,22,0.0,0.0,0.0,1,33,0.030303,0,37,-0.030303,0.055556,-0.055556
rec_1377a9576fdc00f9,STU_115306,115306,SISWA_044,Kls 8_SISWA_032,2025-09-18,SEPTEMBER,Thursday,TRUE,,NO_EXCEPTION_RECORDED,0,0,0,5,10,22,0.0,0.0,0.0,1,34,0.029412,0,38,-0.029412,0.044444,-0.044444
rec_a82b39007ba907de,STU_115306,115306,SISWA_044,Kls 8_SISWA_032,2025-09-19,SEPTEMBER,Friday,TRUE,,NO_EXCEPTION_RECORDED,0,0,0,5,10,22,0.0,0.0,0.0,1,35,0.028571,0,39,-0.028571,0.044444,-0.044444
rec_bce293572c5a4e25,STU_115306,115306,SISWA_044,Kls 8_SISWA_032,2025-09-20,SEPTEMBER,Saturday,FALSE,,NO_EXCEPTION_RECORDED,0,0,0,5,10,22,0.0,0.0,0.0,1,36,0.027778,0,40,-0.027778,0.033333,-0.033333
rec_a9b1f263521728e6,STU_115306,115306,SISWA_044,Kls 8_SISWA_032,2025-09-21,SEPTEMBER,Sunday,FALSE,,NO_EXCEPTION_RECORDED,0,0,0,5,10,21,0.0,0.0,0.0,1,36,0.027778,0,41,-0.027778,0.033333,-0.033333
rec_27ee585e2f1e8a16,STU_115306,115306,SISWA_044,Kls 8_SISWA_032,2025-09-22,SEPTEMBER,Monday,TRUE,,NO_EXCEPTION_RECORDED,0,0,0,5,10,20,0.0,0.0,0.0,1,36,0.027778,0,42,-0.027778,0.033333,-0.033333
rec_58b813280cd2f324,STU_115306,115306,SISWA_044,Kls 8_SISWA_032,2025-09-23,SEPTEMBER,Tuesday,TRUE,,NO_EXCEPTION_RECORDED,0,0,0,5,10,21,0.0,0.0,0.0,1,37,0.027027,0,43,-0.027027,0.011111,-0.011111
rec_3678998656263c16,STU_115306,115306,SISWA_044,Kls 8_SISWA_032,2025-09-24,SEPTEMBER,Wednesday,TRUE,,NO_EXCEPTION_RECORDED,0,0,0,5,10,22,0.0,0.0,0.0,1,38,0.026316,0,44,-0.026316,0.0,0.0
rec_ad574d540b2c29ea,STU_115306,115306,SISWA_044,Kls 8_SISWA_032,2025-09-25,SEPTEMBER,Thursday,TRUE,,NO_EXCEPTION_RECORDED,0,0,0,5,10,22,0.0,0.0,0.0,1,39,0.025641,0,45,-0.025641,0.0,0.0
rec_2558e849c57d8634,STU_115306,115306,SISWA_044,Kls 8_SISWA_032,2025-09-26,SEPTEMBER,Friday,TRUE,,NO_EXCEPTION_RECORDED,0,0,0,5,10,22,0.0,0.0,0.0,1,40,0.025,0,46,-0.025,0.0,0.0
rec_b86e5aa827b4656f,STU_115306,115306,SISWA_044,Kls 8_SISWA_032,2025-09-27,SEPTEMBER,Saturday,FALSE,,NO_EXCEPTION_RECORDED,0,0,0,5,10,22,0.0,0.0,0.0,1,41,0.02439,0,47,-0.02439,0.011111,-0.011111
rec_43bb76fb4653f5ba,STU_115306,115306,SISWA_044,Kls 8_SISWA_032,2025-09-28,SEPTEMBER,Sunday,FALSE,,NO_EXCEPTION_RECORDED,0,0,0,5,10,21,0.0,0.0,0.0,1,41,0.02439,0,48,-0.02439,0.011111,-0.011111
rec_7a2bb570d1dcab47,STU_115306,115306,SISWA_044,Kls 8_SISWA_032,2025-09-29,SEPTEMBER,Monday,TRUE,,NO_EXCEPTION_RECORDED,0,0,0,5,10,20,0.0,0.0,0.0,1,41,0.02439,0,49,-0.02439,0.011111,-0.011111
rec_7bee2cfa772ab55b,STU_115306,115306,SISWA_044,Kls 8_SISWA_032,2025-09-30,SEPTEMBER,Tuesday,UNKNOWN,,NO_EXCEPTION_RECORDED,0,0,0,5,10,21,0.0,0.0,0.0,1,42,0.02381,0,50,-0.02381,0.022222,-0.022222
rec_f255f623f913f634,STU_121196,121196,SISWA_030,Kls 7_SISWA_017,2025-08-01,AGUSTUS,Friday,UNKNOWN,,NO_EXCEPTION_RECORDED,0,0,0,0,0,0,0.0,0.0,0.0,0,0,0.0,0,-1,0.0,0.0,0.0
rec_5bdfdd90c919d803,STU_121196,121196,SISWA_030,Kls 7_SISWA_017,2025-08-02,AGUSTUS,Saturday,FALSE,,NO_EXCEPTION_RECORDED,0,0,0,1,1,1,0.0,0.0,0.0,0,1,0.0,0,-1,0.0,0.0,0.0
rec_2e2fd798e1051b04,STU_121196,121196,SISWA_030,Kls 7_SISWA_017,2025-08-03,AGUSTUS,Sunday,FALSE,,NO_EXCEPTION_RECORDED,0,0,0,1,1,1,0.0,0.0,0.0,0,1,0.0,0,-1,0.0,0.0,0.0
rec_2ec7916e13cd2060,STU_121196,121196,SISWA_030,Kls 7_SISWA_017,2025-08-04,AGUSTUS,Monday,UNKNOWN,,NO_EXCEPTION_RECORDED,0,0,0,1,1,1,0.0,0.0,0.0,0,1,0.0,0,-1,0.0,0.0,0.0
rec_82de8682685d8ebb,STU_121196,121196,SISWA_030,Kls 7_SISWA_017,2025-08-05,AGUSTUS,Tuesday,TRUE,,NO_EXCEPTION_RECORDED,0,0,0,2,2,2,0.0,0.0,0.0,0,2,0.0,0,-1,0.0,0.0,0.0
rec_7ec6b6d0d083a16b,STU_121196,121196,SISWA_030,Kls 7_SISWA_017,2025-08-06,AGUSTUS,Wednesday,UNKNOWN,,NO_EXCEPTION_RECORDED,0,0,0,3,3,3,0.0,0.0,0.0,0,3,0.0,0,-1,0.0,0.0,0.0
rec_9bcdd11b1999a437,STU_121196,121196,SISWA_030,Kls 7_SISWA_017,2025-08-07,AGUSTUS,Thursday,TRUE,,NO_EXCEPTION_RECORDED,0,0,0,4,4,4,0.0,0.0,0.0,0,4,0.0,0,-1,0.0,0.0,0.0
rec_c2f6820f6322c0cf,STU_121196,121196,SISWA_030,Kls 7_SISWA_017,2025-08-08,AGUSTUS,Friday,TRUE,,NO_EXCEPTION_RECORDED,0,0,0,5,5,5,0.0,0.0,0.0,0,5,0.0,0,-1,0.0,0.0,0.0
rec_1602424ddb6b9484,STU_121196,121196,SISWA_030,Kls 7_SISWA_017,2025-08-09,AGUSTUS,Saturday,FALSE,,NO_EXCEPTION_RECORDED,0,0,0,5,6,6,0.0,0.0,0.0,0,6,0.0,0,-1,0.0,0.0,0.0
rec_4da47357a4b8a415,STU_121196,121196,SISWA_030,Kls 7_SISWA_017,2025-08-10,AGUSTUS,Sunday,FALSE,,NO_EXCEPTION_RECORDED,0,0,0,5,6,6,0.0,0.0,0.0,0,6,0.0,0,-1,0.0,0.0,0.0
rec_107a73437a93e578,STU_121196,121196,SISWA_030,Kls 7_SISWA_017,2025-08-11,AGUSTUS,Monday,TRUE,,NO_EXCEPTION_RECORDED,0,0,0,5,6,6,0.0,0.0,0.0,0,6,0.0,0,-1,0.0,0.0,0.0
rec_3abc5bcfbcc186ef,STU_121196,121196,SISWA_030,Kls 7_SISWA_017,2025-08-12,AGUSTUS,Tuesday,TRUE,,NO_EXCEPTION_RECORDED,0,0,0,5,7,7,0.0,0.0,0.0,0,7,0.0,0,-1,0.0,0.0,0.0
rec_9ea52084f244478e,STU_121196,121196,SISWA_030,Kls 7_SISWA_017,2025-08-13,AGUSTUS,Wednesday,TRUE,,NO_EXCEPTION_RECORDED,0,0,0,5,8,8,0.0,0.0,0.0,0,8,0.0,0,-1,0.0,0.0,0.0
rec_80038d00a0e20c3d,STU_121196,121196,SISWA_030,Kls 7_SISWA_017,2025-08-14,AGUSTUS,Thursday,UNKNOWN,,NO_EXCEPTION_RECORDED,0,0,0,5,9,9,0.0,0.0,0.0,0,9,0.0,0,-1,0.0,0.0,0.0
rec_cb7c8a3ad1d47f1e,STU_121196,121196,SISWA_030,Kls 7_SISWA_017,2025-08-15,AGUSTUS,Friday,UNKNOWN,,NO_EXCEPTION_RECORDED,0,0,0,5,10,10,0.0,0.0,0.0,0,10,0.0,0,-1,0.0,0.0,0.0
rec_0e73cb6330096f68,STU_121196,121196,SISWA_030,Kls 7_SISWA_017,2025-08-16,AGUSTUS,Saturday,FALSE,,NO_EXCEPTION_RECORDED,0,0,0,5,10,11,0.0,0.0,0.0,0,11,0.0,0,-1,0.0,0.0,0.0
rec_724d0815e4dc1ccd,STU_121196,121196,SISWA_030,Kls 7_SISWA_017,2025-08-17,AGUSTUS,Sunday,FALSE,,NO_EXCEPTION_RECORDED,0,0,0,5,10,11,0.0,0.0,0.0,0,11,0.0,0,-1,0.0,0.0,0.0
rec_d2871492c21a3633,STU_121196,121196,SISWA_030,Kls 7_SISWA_017,2025-08-18,AGUSTUS,Monday,UNKNOWN,,NO_EXCEPTION_RECORDED,0,0,0,5,10,11,0.0,0.0,0.0,0,11,0.0,0,-1,0.0,0.0,0.0
rec_80370b61d9f8e79c,STU_121196,121196,SISWA_030,Kls 7_SISWA_017,2025-08-19,AGUSTUS,Tuesday,TRUE,,NO_EXCEPTION_RECORDED,0,0,0,5,10,12,0.0,0.0,0.0,0,12,0.0,0,-1,0.0,0.0,0.0
rec_5a4271e07669780b,STU_121196,121196,SISWA_030,Kls 7_SISWA_017,2025-08-20,AGUSTUS,Wednesday,TRUE,,NO_EXCEPTION_RECORDED,0,0,0,5,10,13,0.0,0.0,0.0,0,13,0.0,0,-1,0.0,0.0,0.0
rec_b7ddb95654badb59,STU_121196,121196,SISWA_030,Kls 7_SISWA_017,2025-08-21,AGUSTUS,Thursday,TRUE,,NO_EXCEPTION_RECORDED,0,0,0,5,10,14,0.0,0.0,0.0,0,14,0.0,0,-1,0.0,0.0,0.0
rec_ec94c70c86a405a7,STU_121196,121196,SISWA_030,Kls 7_SISWA_017,2025-08-22,AGUSTUS,Friday,UNKNOWN,,NO_EXCEPTION_RECORDED,0,0,0,5,10,15,0.0,0.0,0.0,0,15,0.0,0,-1,0.0,0.0,0.0
rec_b23cac0a316237ec,STU_121196,121196,SISWA_030,Kls 7_SISWA_017,2025-08-23,AGUSTUS,Saturday,FALSE,,NO_EXCEPTION_RECORDED,0,0,0,5,10,16,0.0,0.0,0.0,0,16,0.0,0,-1,0.0,0.0,0.0
rec_45c6b0b322bed168,STU_121196,121196,SISWA_030,Kls 7_SISWA_017,2025-08-24,AGUSTUS,Sunday,FALSE,,NO_EXCEPTION_RECORDED,0,0,0,5,10,16,0.0,0.0,0.0,0,16,0.0,0,-1,0.0,0.0,0.0
rec_3913e6cd353c1c97,STU_121196,121196,SISWA_030,Kls 7_SISWA_017,2025-08-25,AGUSTUS,Monday,TRUE,,NO_EXCEPTION_RECORDED,0,0,0,5,10,16,0.0,0.0,0.0,0,16,0.0,0,-1,0.0,0.0,0.0
rec_60d1c4f8122c30ee,STU_121196,121196,SISWA_030,Kls 7_SISWA_017,2025-08-26,AGUSTUS,Tuesday,TRUE,,NO_EXCEPTION_RECORDED,0,0,0,5,10,17,0.0,0.0,0.0,0,17,0.0,0,-1,0.0,0.030769,-0.030769
rec_06dcdf190d332c6c,STU_121196,121196,SISWA_030,Kls 7_SISWA_017,2025-08-27,AGUSTUS,Wednesday,TRUE,,NO_EXCEPTION_RECORDED,0,0,0,5,10,18,0.0,0.0,0.0,0,18,0.0,0,-1,0.0,0.046154,-0.046154
rec_ec792c4fea7e0a66,STU_121196,121196,SISWA_030,Kls 7_SISWA_017,2025-08-28,AGUSTUS,Thursday,TRUE,,NO_EXCEPTION_RECORDED,0,0,0,5,10,19,0.0,0.0,0.0,0,19,0.0,0,-1,0.0,0.061538,-0.061538
rec_96793858a837483a,STU_121196,121196,SISWA_030,Kls 7_SISWA_017,2025-08-29,AGUSTUS,Friday,TRUE,,NO_EXCEPTION_RECORDED,0,0,0,5,10,20,0.0,0.0,0.0,0,20,0.0,0,-1,0.0,0.061538,-0.061538
rec_f5f59f22c7596b4c,STU_121196,121196,SISWA_030,Kls 7_SISWA_017,2025-08-30,AGUSTUS,Saturday,FALSE,,NO_EXCEPTION_RECORDED,0,0,0,5,10,21,0.0,0.0,0.0,0,21,0.0,0,-1,0.0,0.076923,-0.076923
rec_0fa76c9ba5fa4558,STU_121196,121196,SISWA_030,Kls 7_SISWA_017,2025-08-31,AGUSTUS,Sunday,FALSE,,NO_EXCEPTION_RECORDED,0,0,0,5,10,21,0.0,0.0,0.0,0,21,0.0,0,-1,0.0,0.076923,-0.076923
rec_c72961e8712532f0,STU_121196,121196,SISWA_030,Kls 7_SISWA_017,2025-09-01,SEPTEMBER,Monday,TRUE,,NO_EXCEPTION_RECORDED,0,0,0,5,10,20,0.0,0.0,0.0,0,21,0.0,0,-1,0.0,0.076923,-0.076923
rec_b3d132caf83e350e,STU_121196,121196,SISWA_030,Kls 7_SISWA_017,2025-09-02,SEPTEMBER,Tuesday,TRUE,,NO_EXCEPTION_RECORDED,0,0,0,5,10,21,0.0,0.0,0.0,0,22,0.0,0,-1,0.0,0.046154,-0.046154
rec_2070a7693d046706,STU_121196,121196,SISWA_030,Kls 7_SISWA_017,2025-09-03,SEPTEMBER,Wednesday,TRUE,,NO_EXCEPTION_RECORDED,0,0,0,5,10,22,0.0,0.0,0.0,0,23,0.0,0,-1,0.0,0.030769,-0.030769
rec_986937f4601db05e,STU_121196,121196,SISWA_030,Kls 7_SISWA_017,2025-09-04,SEPTEMBER,Thursday,TRUE,,NO_EXCEPTION_RECORDED,0,0,0,5,10,22,0.0,0.0,0.0,0,24,0.0,0,-1,0.0,0.015385,-0.015385
rec_c1ae5dee699cb0e4,STU_121196,121196,SISWA_030,Kls 7_SISWA_017,2025-09-05,SEPTEMBER,Friday,UNKNOWN,,NO_EXCEPTION_RECORDED,0,0,0,5,10,22,0.0,0.0,0.0,0,25,0.0,0,-1,0.0,0.015385,-0.015385
rec_9d61da0374ed694e,STU_121196,121196,SISWA_030,Kls 7_SISWA_017,2025-09-06,SEPTEMBER,Saturday,FALSE,,NO_EXCEPTION_RECORDED,0,0,0,5,10,22,0.0,0.0,0.0,0,26,0.0,0,-1,0.0,0.0,0.0
rec_59a246acf2fecc0a,STU_121196,121196,SISWA_030,Kls 7_SISWA_017,2025-09-07,SEPTEMBER,Sunday,FALSE,,NO_EXCEPTION_RECORDED,0,0,0,5,10,21,0.0,0.0,0.0,0,26,0.0,0,-1,0.0,0.0,0.0
rec_58104ae8a9f3ba5f,STU_121196,121196,SISWA_030,Kls 7_SISWA_017,2025-09-08,SEPTEMBER,Monday,TRUE,,NO_EXCEPTION_RECORDED,0,0,0,5,10,20,0.0,0.0,0.0,0,26,0.0,0,-1,0.0,0.0,0.0
rec_b494bd9f767f1ff2,STU_121196,121196,SISWA_030,Kls 7_SISWA_017,2025-09-09,SEPTEMBER,Tuesday,TRUE,,NO_EXCEPTION_RECORDED,0,0,0,5,10,21,0.0,0.0,0.0,0,27,0.0,0,-1,0.0,0.015385,-0.015385
rec_9429af7820c3a7c9,STU_121196,121196,SISWA_030,Kls 7_SISWA_017,2025-09-10,SEPTEMBER,Wednesday,TRUE,,NO_EXCEPTION_RECORDED,0,0,0,5,10,22,0.0,0.0,0.0,0,28,0.0,0,-1,0.0,0.046154,-0.046154
rec_bb634aeae3ee76b3,STU_121196,121196,SISWA_030,Kls 7_SISWA_017,2025-09-11,SEPTEMBER,Thursday,TRUE,,NO_EXCEPTION_RECORDED,0,0,0,5,10,22,0.0,0.0,0.0,0,29,0.0,0,-1,0.0,0.046154,-0.046154
rec_46512b1726c456f3,STU_121196,121196,SISWA_030,Kls 7_SISWA_017,2025-09-12,SEPTEMBER,Friday,TRUE,,NO_EXCEPTION_RECORDED,0,0,0,5,10,22,0.0,0.0,0.0,0,30,0.0,0,-1,0.0,0.061538,-0.061538
rec_9c2d02cecdc86315,STU_121196,121196,SISWA_030,Kls 7_SISWA_017,2025-09-13,SEPTEMBER,Saturday,FALSE,,NO_EXCEPTION_RECORDED,0,0,0,5,10,22,0.0,0.0,0.0,0,31,0.0,0,-1,0.0,0.061538,-0.061538
rec_79d682b48a30be58,STU_121196,121196,SISWA_030,Kls 7_SISWA_017,2025-09-14,SEPTEMBER,Sunday,FALSE,,NO_EXCEPTION_RECORDED,0,0,0,5,10,21,0.0,0.0,0.0,0,31,0.0,0,-1,0.0,0.061538,-0.061538
rec_15472b26b8ba9c77,STU_121196,121196,SISWA_030,Kls 7_SISWA_017,2025-09-15,SEPTEMBER,Monday,TRUE,,NO_EXCEPTION_RECORDED,0,0,0,5,10,20,0.0,0.0,0.0,0,31,0.0,0,-1,0.0,0.061538,-0.061538
rec_a3e7201b380280eb,STU_121196,121196,SISWA_030,Kls 7_SISWA_017,2025-09-16,SEPTEMBER,Tuesday,TRUE,,NO_EXCEPTION_RECORDED,0,0,0,5,10,21,0.0,0.0,0.0,0,32,0.0,0,-1,0.0,0.046154,-0.046154
rec_f468bf1af1c3506a,STU_121196,121196,SISWA_030,Kls 7_SISWA_017,2025-09-17,SEPTEMBER,Wednesday,TRUE,,NO_EXCEPTION_RECORDED,0,0,0,5,10,22,0.0,0.0,0.0,0,33,0.0,0,-1,0.0,0.015385,-0.015385
rec_2438a4ec39e396ac,STU_121196,121196,SISWA_030,Kls 7_SISWA_017,2025-09-18,SEPTEMBER,Thursday,TRUE,,NO_EXCEPTION_RECORDED,0,0,0,5,10,22,0.0,0.0,0.0,0,34,0.0,0,-1,0.0,0.030769,-0.030769
rec_8fe27d61d4fd9baf,STU_121196,121196,SISWA_030,Kls 7_SISWA_017,2025-09-19,SEPTEMBER,Friday,TRUE,,NO_EXCEPTION_RECORDED,0,0,0,5,10,22,0.0,0.0,0.0,0,35,0.0,0,-1,0.0,0.030769,-0.030769
rec_4707bf53088989d6,STU_121196,121196,SISWA_030,Kls 7_SISWA_017,2025-09-20,SEPTEMBER,Saturday,FALSE,,NO_EXCEPTION_RECORDED,0,0,0,5,10,22,0.0,0.0,0.0,0,36,0.0,0,-1,0.0,0.046154,-0.046154
rec_cb42da2ea84d3298,STU_121196,121196,SISWA_030,Kls 7_SISWA_017,2025-09-21,SEPTEMBER,Sunday,FALSE,,NO_EXCEPTION_RECORDED,0,0,0,5,10,21,0.0,0.0,0.0,0,36,0.0,0,-1,0.0,0.046154,-0.046154
rec_d8794290914ca437,STU_121196,121196,SISWA_030,Kls 7_SISWA_017,2025-09-22,SEPTEMBER,Monday,TRUE,,NO_EXCEPTION_RECORDED,0,0,0,5,10,20,0.0,0.0,0.0,0,36,0.0,0,-1,0.0,0.046154,-0.046154
rec_3f05aa821cb7ff02,STU_121196,121196,SISWA_030,Kls 7_SISWA_017,2025-09-23,SEPTEMBER,Tuesday,TRUE,,NO_EXCEPTION_RECORDED,0,0,0,5,10,21,0.0,0.0,0.0,0,37,0.0,0,-1,0.0,0.061538,-0.061538
rec_d24bbe5d3c7c7341,STU_121196,121196,SISWA_030,Kls 7_SISWA_017,2025-09-24,SEPTEMBER,Wednesday,TRUE,,NO_EXCEPTION_RECORDED,0,0,0,5,10,22,0.0,0.0,0.0,0,38,0.0,0,-1,0.0,0.076923,-0.076923
rec_f7b8c3b722f4cd3c,STU_121196,121196,SISWA_030,Kls 7_SISWA_017,2025-09-25,SEPTEMBER,Thursday,TRUE,,NO_EXCEPTION_RECORDED,0,0,0,5,10,22,0.0,0.0,0.0,0,39,0.0,0,-1,0.0,0.107692,-0.107692
rec_f6813442bcd71635,STU_121196,121196,SISWA_030,Kls 7_SISWA_017,2025-09-26,SEPTEMBER,Friday,TRUE,,NO_EXCEPTION_RECORDED,0,0,0,5,10,22,0.0,0.0,0.0,0,40,0.0,0,-1,0.0,0.153846,-0.153846
rec_5e5767262b42ebb3,STU_121196,121196,SISWA_030,Kls 7_SISWA_017,2025-09-27,SEPTEMBER,Saturday,FALSE,,NO_EXCEPTION_RECORDED,0,0,0,5,10,22,0.0,0.0,0.0,0,41,0.0,0,-1,0.0,0.169231,-0.169231
rec_9a45a78b01d3f480,STU_121196,121196,SISWA_030,Kls 7_SISWA_017,2025-09-28,SEPTEMBER,Sunday,FALSE,,NO_EXCEPTION_RECORDED,0,0,0,5,10,21,0.0,0.0,0.0,0,41,0.0,0,-1,0.0,0.169231,-0.169231
rec_a0507e2370d8bef2,STU_121196,121196,SISWA_030,Kls 7_SISWA_017,2025-09-29,SEPTEMBER,Monday,TRUE,,NO_EXCEPTION_RECORDED,0,0,0,5,10,20,0.0,0.0,0.0,0,41,0.0,0,-1,0.0,0.169231,-0.169231
rec_363a8c47bf616286,STU_121196,121196,SISWA_030,Kls 7_SISWA_017,2025-09-30,SEPTEMBER,Tuesday,UNKNOWN,,NO_EXCEPTION_RECORDED,0,0,0,5,10,21,0.0,0.0,0.0,0,42,0.0,0,-1,0.0,0.153846,-0.153846
rec_b665bceca9b99bf1,STU_125724,125724,SISWA_060,Kls 8_SISWA_052,2025-08-01,AGUSTUS,Friday,UNKNOWN,,NO_EXCEPTION_RECORDED,0,0,0,0,0,0,0.0,0.0,0.0,0,0,0.0,0,-1,0.0,0.0,0.0
rec_dcba34f538236811,STU_125724,125724,SISWA_060,Kls 8_SISWA_052,2025-08-02,AGUSTUS,Saturday,FALSE,,NO_EXCEPTION_RECORDED,0,0,0,1,1,1,0.0,0.0,0.0,0,1,0.0,0,-1,0.0,0.0,0.0
rec_5cd50cd42c326e57,STU_125724,125724,SISWA_060,Kls 8_SISWA_052,2025-08-03,AGUSTUS,Sunday,FALSE,,NO_EXCEPTION_RECORDED,0,0,0,1,1,1,0.0,0.0,0.0,0,1,0.0,0,-1,0.0,0.0,0.0
rec_f97082037ddeedfb,STU_125724,125724,SISWA_060,Kls 8_SISWA_052,2025-08-04,AGUSTUS,Monday,UNKNOWN,,NO_EXCEPTION_RECORDED,0,0,0,1,1,1,0.0,0.0,0.0,0,1,0.0,0,-1,0.0,0.0,0.0
rec_b981b45c51579db5,STU_125724,125724,SISWA_060,Kls 8_SISWA_052,2025-08-05,AGUSTUS,Tuesday,TRUE,,NO_EXCEPTION_RECORDED,0,0,0,2,2,2,0.0,0.0,0.0,0,2,0.0,0,-1,0.0,0.0,0.0
rec_55e5cc781da11d04,STU_125724,125724,SISWA_060,Kls 8_SISWA_052,2025-08-06,AGUSTUS,Wednesday,UNKNOWN,,NO_EXCEPTION_RECORDED,0,0,0,3,3,3,0.0,0.0,0.0,0,3,0.0,0,-1,0.0,0.0,0.0
rec_1d9ef5e5945b7b3e,STU_125724,125724,SISWA_060,Kls 8_SISWA_052,2025-08-07,AGUSTUS,Thursday,TRUE,,NO_EXCEPTION_RECORDED,0,0,0,4,4,4,0.0,0.0,0.0,0,4,0.0,0,-1,0.0,0.0,0.0
rec_c5dda07cfb9ca655,STU_125724,125724,SISWA_060,Kls 8_SISWA_052,2025-08-08,AGUSTUS,Friday,TRUE,,NO_EXCEPTION_RECORDED,0,0,0,5,5,5,0.0,0.0,0.0,0,5,0.0,0,-1,0.0,0.011111,-0.011111
rec_7f6491c11288e16c,STU_125724,125724,SISWA_060,Kls 8_SISWA_052,2025-08-09,AGUSTUS,Saturday,FALSE,,NO_EXCEPTION_RECORDED,0,0,0,5,6,6,0.0,0.0,0.0,0,6,0.0,0,-1,0.0,0.011111,-0.011111
rec_24177192009862eb,STU_125724,125724,SISWA_060,Kls 8_SISWA_052,2025-08-10,AGUSTUS,Sunday,FALSE,,NO_EXCEPTION_RECORDED,0,0,0,5,6,6,0.0,0.0,0.0,0,6,0.0,0,-1,0.0,0.011111,-0.011111
rec_6b9dd076f1a11c7a,STU_125724,125724,SISWA_060,Kls 8_SISWA_052,2025-08-11,AGUSTUS,Monday,TRUE,,NO_EXCEPTION_RECORDED,0,0,0,5,6,6,0.0,0.0,0.0,0,6,0.0,0,-1,0.0,0.011111,-0.011111
rec_cfbc9052391ebfe3,STU_125724,125724,SISWA_060,Kls 8_SISWA_052,2025-08-12,AGUSTUS,Tuesday,TRUE,,NO_EXCEPTION_RECORDED,0,0,0,5,7,7,0.0,0.0,0.0,0,7,0.0,0,-1,0.0,0.011111,-0.011111
rec_ac42294e454d4441,STU_125724,125724,SISWA_060,Kls 8_SISWA_052,2025-08-13,AGUSTUS,Wednesday,TRUE,,NO_EXCEPTION_RECORDED,0,0,0,5,8,8,0.0,0.0,0.0,0,8,0.0,0,-1,0.0,0.022222,-0.022222
rec_0447a3ba491bddb3,STU_125724,125724,SISWA_060,Kls 8_SISWA_052,2025-08-14,AGUSTUS,Thursday,UNKNOWN,,NO_EXCEPTION_RECORDED,0,0,0,5,9,9,0.0,0.0,0.0,0,9,0.0,0,-1,0.0,0.033333,-0.033333
rec_e30479b3b87a022d,STU_125724,125724,SISWA_060,Kls 8_SISWA_052,2025-08-15,AGUSTUS,Friday,UNKNOWN,,NO_EXCEPTION_RECORDED,0,0,0,5,10,10,0.0,0.0,0.0,0,10,0.0,0,-1,0.0,0.022222,-0.022222
rec_1bb48c45558a7159,STU_125724,125724,SISWA_060,Kls 8_SISWA_052,2025-08-16,AGUSTUS,Saturday,FALSE,,NO_EXCEPTION_RECORDED,0,0,0,5,10,11,0.0,0.0,0.0,0,11,0.0,0,-1,0.0,0.022222,-0.022222
rec_079c0fccdb4a39b7,STU_125724,125724,SISWA_060,Kls 8_SISWA_052,2025-08-17,AGUSTUS,Sunday,FALSE,,NO_EXCEPTION_RECORDED,0,0,0,5,10,11,0.0,0.0,0.0,0,11,0.0,0,-1,0.0,0.022222,-0.022222
rec_6b50343f9866c77c,STU_125724,125724,SISWA_060,Kls 8_SISWA_052,2025-08-18,AGUSTUS,Monday,UNKNOWN,,NO_EXCEPTION_RECORDED,0,0,0,5,10,11,0.0,0.0,0.0,0,11,0.0,0,-1,0.0,0.022222,-0.022222
rec_e42c880501139785,STU_125724,125724,SISWA_060,Kls 8_SISWA_052,2025-08-19,AGUSTUS,Tuesday,TRUE,,NO_EXCEPTION_RECORDED,0,0,0,5,10,12,0.0,0.0,0.0,0,12,0.0,0,-1,0.0,0.022222,-0.022222
rec_f563dd55f03c3a82,STU_125724,125724,SISWA_060,Kls 8_SISWA_052,2025-08-20,AGUSTUS,Wednesday,TRUE,,NO_EXCEPTION_RECORDED,0,0,0,5,10,13,0.0,0.0,0.0,0,13,0.0,0,-1,0.0,0.022222,-0.022222
rec_149a4c2940a863e1,STU_125724,125724,SISWA_060,Kls 8_SISWA_052,2025-08-21,AGUSTUS,Thursday,TRUE,,NO_EXCEPTION_RECORDED,0,0,0,5,10,14,0.0,0.0,0.0,0,14,0.0,0,-1,0.0,0.022222,-0.022222
rec_5cc2f010f7d8edb7,STU_125724,125724,SISWA_060,Kls 8_SISWA_052,2025-08-22,AGUSTUS,Friday,UNKNOWN,,NO_EXCEPTION_RECORDED,0,0,0,5,10,15,0.0,0.0,0.0,0,15,0.0,0,-1,0.0,0.022222,-0.022222
rec_282f03f684c3d1cd,STU_125724,125724,SISWA_060,Kls 8_SISWA_052,2025-08-23,AGUSTUS,Saturday,FALSE,,NO_EXCEPTION_RECORDED,0,0,0,5,10,16,0.0,0.0,0.0,0,16,0.0,0,-1,0.0,0.022222,-0.022222
rec_82d707e4f02a6c48,STU_125724,125724,SISWA_060,Kls 8_SISWA_052,2025-08-24,AGUSTUS,Sunday,FALSE,,NO_EXCEPTION_RECORDED,0,0,0,5,10,16,0.0,0.0,0.0,0,16,0.0,0,-1,0.0,0.022222,-0.022222
rec_07e8e5f25b92c52a,STU_125724,125724,SISWA_060,Kls 8_SISWA_052,2025-08-25,AGUSTUS,Monday,TRUE,,NO_EXCEPTION_RECORDED,0,0,0,5,10,16,0.0,0.0,0.0,0,16,0.0,0,-1,0.0,0.022222,-0.022222
rec_92a153b35301b271,STU_125724,125724,SISWA_060,Kls 8_SISWA_052,2025-08-26,AGUSTUS,Tuesday,TRUE,,NO_EXCEPTION_RECORDED,0,0,0,5,10,17,0.0,0.0,0.0,0,17,0.0,0,-1,0.0,0.033333,-0.033333
rec_1084c3b4657835aa,STU_125724,125724,SISWA_060,Kls 8_SISWA_052,2025-08-27,AGUSTUS,Wednesday,TRUE,,NO_EXCEPTION_RECORDED,0,0,0,5,10,18,0.0,0.0,0.0,0,18,0.0,0,-1,0.0,0.022222,-0.022222
rec_aa982bbf5169ef36,STU_125724,125724,SISWA_060,Kls 8_SISWA_052,2025-08-28,AGUSTUS,Thursday,TRUE,,NO_EXCEPTION_RECORDED,0,0,0,5,10,19,0.0,0.0,0.0,0,19,0.0,0,-1,0.0,0.011111,-0.011111
rec_f90a561f21e66b16,STU_125724,125724,SISWA_060,Kls 8_SISWA_052,2025-08-29,AGUSTUS,Friday,TRUE,,NO_EXCEPTION_RECORDED,0,0,0,5,10,20,0.0,0.0,0.0,0,20,0.0,0,-1,0.0,0.011111,-0.011111
rec_dd8d6eeffff01dee,STU_125724,125724,SISWA_060,Kls 8_SISWA_052,2025-08-30,AGUSTUS,Saturday,FALSE,,NO_EXCEPTION_RECORDED,0,0,0,5,10,21,0.0,0.0,0.0,0,21,0.0,0,-1,0.0,0.011111,-0.011111
rec_c4b4cc76dcd29649,STU_125724,125724,SISWA_060,Kls 8_SISWA_052,2025-08-31,AGUSTUS,Sunday,FALSE,,NO_EXCEPTION_RECORDED,0,0,0,5,10,21,0.0,0.0,0.0,0,21,0.0,0,-1,0.0,0.011111,-0.011111
rec_53ec5ebf8c360016,STU_125724,125724,SISWA_060,Kls 8_SISWA_052,2025-09-01,SEPTEMBER,Monday,TRUE,,NO_EXCEPTION_RECORDED,0,0,0,5,10,20,0.0,0.0,0.0,0,21,0.0,0,-1,0.0,0.011111,-0.011111
rec_12bdc5b340bf3a46,STU_125724,125724,SISWA_060,Kls 8_SISWA_052,2025-09-02,SEPTEMBER,Tuesday,TRUE,,NO_EXCEPTION_RECORDED,0,0,0,5,10,21,0.0,0.0,0.0,0,22,0.0,0,-1,0.0,0.011111,-0.011111
rec_4ed611b28f93ef17,STU_125724,125724,SISWA_060,Kls 8_SISWA_052,2025-09-03,SEPTEMBER,Wednesday,TRUE,,NO_EXCEPTION_RECORDED,0,0,0,5,10,22,0.0,0.0,0.0,0,23,0.0,0,-1,0.0,0.022222,-0.022222
rec_7bb725e3bb831c9a,STU_125724,125724,SISWA_060,Kls 8_SISWA_052,2025-09-04,SEPTEMBER,Thursday,TRUE,,NO_EXCEPTION_RECORDED,0,0,0,5,10,22,0.0,0.0,0.0,0,24,0.0,0,-1,0.0,0.022222,-0.022222
rec_bf123924ffc5435c,STU_125724,125724,SISWA_060,Kls 8_SISWA_052,2025-09-05,SEPTEMBER,Friday,UNKNOWN,,NO_EXCEPTION_RECORDED,0,0,0,5,10,22,0.0,0.0,0.0,0,25,0.0,0,-1,0.0,0.022222,-0.022222
rec_3352890f2b214136,STU_125724,125724,SISWA_060,Kls 8_SISWA_052,2025-09-06,SEPTEMBER,Saturday,FALSE,,NO_EXCEPTION_RECORDED,0,0,0,5,10,22,0.0,0.0,0.0,0,26,0.0,0,-1,0.0,0.022222,-0.022222
rec_d6b7356a85b3daea,STU_125724,125724,SISWA_060,Kls 8_SISWA_052,2025-09-07,SEPTEMBER,Sunday,FALSE,,NO_EXCEPTION_RECORDED,0,0,0,5,10,21,0.0,0.0,0.0,0,26,0.0,0,-1,0.0,0.022222,-0.022222
rec_9bd8586b33d45fc1,STU_125724,125724,SISWA_060,Kls 8_SISWA_052,2025-09-08,SEPTEMBER,Monday,TRUE,,NO_EXCEPTION_RECORDED,0,0,0,5,10,20,0.0,0.0,0.0,0,26,0.0,0,-1,0.0,0.022222,-0.022222
rec_23c706dba5d3107e,STU_125724,125724,SISWA_060,Kls 8_SISWA_052,2025-09-09,SEPTEMBER,Tuesday,TRUE,,NO_EXCEPTION_RECORDED,0,0,0,5,10,21,0.0,0.0,0.0,0,27,0.0,0,-1,0.0,0.011111,-0.011111
rec_4da1d456a6cc2c88,STU_125724,125724,SISWA_060,Kls 8_SISWA_052,2025-09-10,SEPTEMBER,Wednesday,TRUE,,NO_EXCEPTION_RECORDED,0,0,0,5,10,22,0.0,0.0,0.0,0,28,0.0,0,-1,0.0,0.011111,-0.011111
rec_51e0e357417b09ce,STU_125724,125724,SISWA_060,Kls 8_SISWA_052,2025-09-11,SEPTEMBER,Thursday,TRUE,,NO_EXCEPTION_RECORDED,0,0,0,5,10,22,0.0,0.0,0.0,0,29,0.0,0,-1,0.0,0.011111,-0.011111
rec_06a3e648fb12a7fd,STU_125724,125724,SISWA_060,Kls 8_SISWA_052,2025-09-12,SEPTEMBER,Friday,TRUE,,NO_EXCEPTION_RECORDED,0,0,0,5,10,22,0.0,0.0,0.0,0,30,0.0,0,-1,0.0,0.011111,-0.011111
rec_f0a11a27468c9edf,STU_125724,125724,SISWA_060,Kls 8_SISWA_052,2025-09-13,SEPTEMBER,Saturday,FALSE,,NO_EXCEPTION_RECORDED,0,0,0,5,10,22,0.0,0.0,0.0,0,31,0.0,0,-1,0.0,0.011111,-0.011111
rec_8eaa4149fad462bb,STU_125724,125724,SISWA_060,Kls 8_SISWA_052,2025-09-14,SEPTEMBER,Sunday,FALSE,,NO_EXCEPTION_RECORDED,0,0,0,5,10,21,0.0,0.0,0.0,0,31,0.0,0,-1,0.0,0.011111,-0.011111
rec_133a710aa89f3bbf,STU_125724,125724,SISWA_060,Kls 8_SISWA_052,2025-09-15,SEPTEMBER,Monday,TRUE,,NO_EXCEPTION_RECORDED,0,0,0,5,10,20,0.0,0.0,0.0,0,31,0.0,0,-1,0.0,0.011111,-0.011111
rec_78b15351cec79613,STU_125724,125724,SISWA_060,Kls 8_SISWA_052,2025-09-16,SEPTEMBER,Tuesday,TRUE,,NO_EXCEPTION_RECORDED,0,0,0,5,10,21,0.0,0.0,0.0,0,32,0.0,0,-1,0.0,0.022222,-0.022222
rec_22ef5a0bf347017a,STU_125724,125724,SISWA_060,Kls 8_SISWA_052,2025-09-17,SEPTEMBER,Wednesday,TRUE,,NO_EXCEPTION_RECORDED,0,0,0,5,10,22,0.0,0.0,0.0,0,33,0.0,0,-1,0.0,0.011111,-0.011111
rec_9a609d0683acb8cf,STU_125724,125724,SISWA_060,Kls 8_SISWA_052,2025-09-18,SEPTEMBER,Thursday,TRUE,,NO_EXCEPTION_RECORDED,0,0,0,5,10,22,0.0,0.0,0.0,0,34,0.0,0,-1,0.0,0.011111,-0.011111
rec_385db3bb13b51693,STU_125724,125724,SISWA_060,Kls 8_SISWA_052,2025-09-19,SEPTEMBER,Friday,TRUE,,NO_EXCEPTION_RECORDED,0,0,0,5,10,22,0.0,0.0,0.0,0,35,0.0,0,-1,0.0,0.011111,-0.011111
rec_c3ca303b88c0c3b3,STU_125724,125724,SISWA_060,Kls 8_SISWA_052,2025-09-20,SEPTEMBER,Saturday,FALSE,,NO_EXCEPTION_RECORDED,0,0,0,5,10,22,0.0,0.0,0.0,0,36,0.0,0,-1,0.0,0.011111,-0.011111
rec_f626f4e48f68808e,STU_125724,125724,SISWA_060,Kls 8_SISWA_052,2025-09-21,SEPTEMBER,Sunday,FALSE,,NO_EXCEPTION_RECORDED,0,0,0,5,10,21,0.0,0.0,0.0,0,36,0.0,0,-1,0.0,0.011111,-0.011111
rec_6ab14fc33f072841,STU_125724,125724,SISWA_060,Kls 8_SISWA_052,2025-09-22,SEPTEMBER,Monday,TRUE,,NO_EXCEPTION_RECORDED,0,0,0,5,10,20,0.0,0.0,0.0,0,36,0.0,0,-1,0.0,0.011111,-0.011111
rec_cce36232d4c3e819,STU_125724,125724,SISWA_060,Kls 8_SISWA_052,2025-09-23,SEPTEMBER,Tuesday,TRUE,,NO_EXCEPTION_RECORDED,0,0,0,5,10,21,0.0,0.0,0.0,0,37,0.0,0,-1,0.0,0.011111,-0.011111
rec_050b818f9e169514,STU_125724,125724,SISWA_060,Kls 8_SISWA_052,2025-09-24,SEPTEMBER,Wednesday,TRUE,,NO_EXCEPTION_RECORDED,0,0,0,5,10,22,0.0,0.0,0.0,0,38,0.0,0,-1,0.0,0.011111,-0.011111
rec_7ab151d97c9383b7,STU_125724,125724,SISWA_060,Kls 8_SISWA_052,2025-09-25,SEPTEMBER,Thursday,TRUE,,NO_EXCEPTION_RECORDED,0,0,0,5,10,22,0.0,0.0,0.0,0,39,0.0,0,-1,0.0,0.011111,-0.011111
rec_ee14b2404d73b805,STU_125724,125724,SISWA_060,Kls 8_SISWA_052,2025-09-26,SEPTEMBER,Friday,TRUE,,NO_EXCEPTION_RECORDED,0,0,0,5,10,22,0.0,0.0,0.0,0,40,0.0,0,-1,0.0,0.022222,-0.022222
rec_7c998d1b9104dba9,STU_125724,125724,SISWA_060,Kls 8_SISWA_052,2025-09-27,SEPTEMBER,Saturday,FALSE,,NO_EXCEPTION_RECORDED,0,0,0,5,10,22,0.0,0.0,0.0,0,41,0.0,0,-1,0.0,0.022222,-0.022222
rec_3da9595452dcd09f,STU_125724,125724,SISWA_060,Kls 8_SISWA_052,2025-09-28,SEPTEMBER,Sunday,FALSE,,NO_EXCEPTION_RECORDED,0,0,0,5,10,21,0.0,0.0,0.0,0,41,0.0,0,-1,0.0,0.022222,-0.022222
rec_2e9ccc8a5281b597,STU_125724,125724,SISWA_060,Kls 8_SISWA_052,2025-09-29,SEPTEMBER,Monday,TRUE,,NO_EXCEPTION_RECORDED,0,0,0,5,10,20,0.0,0.0,0.0,0,41,0.0,0,-1,0.0,0.022222,-0.022222
rec_a0bd064e58fab138,STU_125724,125724,SISWA_060,Kls 8_SISWA_052,2025-09-30,SEPTEMBER,Tuesday,UNKNOWN,,NO_EXCEPTION_RECORDED,0,0,0,5,10,21,0.0,0.0,0.0,0,42,0.0,0,-1,0.0,0.011111,-0.011111
rec_0d609ec0ca493b0a,STU_129173,129173,SISWA_064,Kls 8_SISWA_052,2025-08-01,AGUSTUS,Friday,UNKNOWN,,NO_EXCEPTION_RECORDED,0,0,0,0,0,0,0.0,0.0,0.0,0,0,0.0,0,-1,0.0,0.0,0.0
rec_c84aa776fb7c0501,STU_129173,129173,SISWA_064,Kls 8_SISWA_052,2025-08-02,AGUSTUS,Saturday,FALSE,,NO_EXCEPTION_RECORDED,0,0,0,1,1,1,0.0,0.0,0.0,0,1,0.0,0,-1,0.0,0.0,0.0
rec_67b1835d679a04c4,STU_129173,129173,SISWA_064,Kls 8_SISWA_052,2025-08-03,AGUSTUS,Sunday,FALSE,,NO_EXCEPTION_RECORDED,0,0,0,1,1,1,0.0,0.0,0.0,0,1,0.0,0,-1,0.0,0.0,0.0
rec_6fe274dfc5197e6b,STU_129173,129173,SISWA_064,Kls 8_SISWA_052,2025-08-04,AGUSTUS,Monday,UNKNOWN,,NO_EXCEPTION_RECORDED,0,0,0,1,1,1,0.0,0.0,0.0,0,1,0.0,0,-1,0.0,0.0,0.0
rec_81586b922c45985e,STU_129173,129173,SISWA_064,Kls 8_SISWA_052,2025-08-05,AGUSTUS,Tuesday,TRUE,,NO_EXCEPTION_RECORDED,0,0,0,2,2,2,0.0,0.0,0.0,0,2,0.0,0,-1,0.0,0.0,0.0
rec_64104e8f82040e3c,STU_129173,129173,SISWA_064,Kls 8_SISWA_052,2025-08-06,AGUSTUS,Wednesday,UNKNOWN,,NO_EXCEPTION_RECORDED,0,0,0,3,3,3,0.0,0.0,0.0,0,3,0.0,0,-1,0.0,0.0,0.0
rec_2d298781f05e9461,STU_129173,129173,SISWA_064,Kls 8_SISWA_052,2025-08-07,AGUSTUS,Thursday,TRUE,,NO_EXCEPTION_RECORDED,0,0,0,4,4,4,0.0,0.0,0.0,0,4,0.0,0,-1,0.0,0.0,0.0
rec_6e8ef8c8d86932e3,STU_129173,129173,SISWA_064,Kls 8_SISWA_052,2025-08-08,AGUSTUS,Friday,TRUE,,NO_EXCEPTION_RECORDED,0,0,0,5,5,5,0.0,0.0,0.0,0,5,0.0,0,-1,0.0,0.011111,-0.011111
rec_2ffe834fa4d00329,STU_129173,129173,SISWA_064,Kls 8_SISWA_052,2025-08-09,AGUSTUS,Saturday,FALSE,,NO_EXCEPTION_RECORDED,0,0,0,5,6,6,0.0,0.0,0.0,0,6,0.0,0,-1,0.0,0.011111,-0.011111
rec_2be9546a20ec64d9,STU_129173,129173,SISWA_064,Kls 8_SISWA_052,2025-08-10,AGUSTUS,Sunday,FALSE,,NO_EXCEPTION_RECORDED,0,0,0,5,6,6,0.0,0.0,0.0,0,6,0.0,0,-1,0.0,0.011111,-0.011111
rec_f880baaa9907c009,STU_129173,129173,SISWA_064,Kls 8_SISWA_052,2025-08-11,AGUSTUS,Monday,TRUE,,NO_EXCEPTION_RECORDED,0,0,0,5,6,6,0.0,0.0,0.0,0,6,0.0,0,-1,0.0,0.011111,-0.011111
rec_6ac4795f4ffa28cd,STU_129173,129173,SISWA_064,Kls 8_SISWA_052,2025-08-12,AGUSTUS,Tuesday,TRUE,,NO_EXCEPTION_RECORDED,0,0,0,5,7,7,0.0,0.0,0.0,0,7,0.0,0,-1,0.0,0.011111,-0.011111
rec_0c78c538ed2d5a0f,STU_129173,129173,SISWA_064,Kls 8_SISWA_052,2025-08-13,AGUSTUS,Wednesday,TRUE,,NO_EXCEPTION_RECORDED,0,0,0,5,8,8,0.0,0.0,0.0,0,8,0.0,0,-1,0.0,0.022222,-0.022222
rec_39a022645f0b0d65,STU_129173,129173,SISWA_064,Kls 8_SISWA_052,2025-08-14,AGUSTUS,Thursday,UNKNOWN,,NO_EXCEPTION_RECORDED,0,0,0,5,9,9,0.0,0.0,0.0,0,9,0.0,0,-1,0.0,0.033333,-0.033333
rec_254d760955dc8f75,STU_129173,129173,SISWA_064,Kls 8_SISWA_052,2025-08-15,AGUSTUS,Friday,UNKNOWN,,NO_EXCEPTION_RECORDED,0,0,0,5,10,10,0.0,0.0,0.0,0,10,0.0,0,-1,0.0,0.022222,-0.022222
rec_b370edf8e79bce35,STU_129173,129173,SISWA_064,Kls 8_SISWA_052,2025-08-16,AGUSTUS,Saturday,FALSE,,NO_EXCEPTION_RECORDED,0,0,0,5,10,11,0.0,0.0,0.0,0,11,0.0,0,-1,0.0,0.022222,-0.022222
rec_7868181d1cfbaf06,STU_129173,129173,SISWA_064,Kls 8_SISWA_052,2025-08-17,AGUSTUS,Sunday,FALSE,,NO_EXCEPTION_RECORDED,0,0,0,5,10,11,0.0,0.0,0.0,0,11,0.0,0,-1,0.0,0.022222,-0.022222
rec_d031abf27454d456,STU_129173,129173,SISWA_064,Kls 8_SISWA_052,2025-08-18,AGUSTUS,Monday,UNKNOWN,,NO_EXCEPTION_RECORDED,0,0,0,5,10,11,0.0,0.0,0.0,0,11,0.0,0,-1,0.0,0.022222,-0.022222
rec_7a2ff1681f97e649,STU_129173,129173,SISWA_064,Kls 8_SISWA_052,2025-08-19,AGUSTUS,Tuesday,TRUE,,NO_EXCEPTION_RECORDED,0,0,0,5,10,12,0.0,0.0,0.0,0,12,0.0,0,-1,0.0,0.022222,-0.022222
rec_ed553e309307ecad,STU_129173,129173,SISWA_064,Kls 8_SISWA_052,2025-08-20,AGUSTUS,Wednesday,TRUE,,NO_EXCEPTION_RECORDED,0,0,0,5,10,13,0.0,0.0,0.0,0,13,0.0,0,-1,0.0,0.022222,-0.022222
rec_726b79a891d2d79a,STU_129173,129173,SISWA_064,Kls 8_SISWA_052,2025-08-21,AGUSTUS,Thursday,TRUE,,NO_EXCEPTION_RECORDED,0,0,0,5,10,14,0.0,0.0,0.0,0,14,0.0,0,-1,0.0,0.022222,-0.022222
rec_72d885f82b910d19,STU_129173,129173,SISWA_064,Kls 8_SISWA_052,2025-08-22,AGUSTUS,Friday,UNKNOWN,,NO_EXCEPTION_RECORDED,0,0,0,5,10,15,0.0,0.0,0.0,0,15,0.0,0,-1,0.0,0.022222,-0.022222
rec_5ba64c69dacb20bc,STU_129173,129173,SISWA_064,Kls 8_SISWA_052,2025-08-23,AGUSTUS,Saturday,FALSE,,NO_EXCEPTION_RECORDED,0,0,0,5,10,16,0.0,0.0,0.0,0,16,0.0,0,-1,0.0,0.022222,-0.022222
rec_f0e5c890b13e195d,STU_129173,129173,SISWA_064,Kls 8_SISWA_052,2025-08-24,AGUSTUS,Sunday,FALSE,,NO_EXCEPTION_RECORDED,0,0,0,5,10,16,0.0,0.0,0.0,0,16,0.0,0,-1,0.0,0.022222,-0.022222
rec_8388a6b278242899,STU_129173,129173,SISWA_064,Kls 8_SISWA_052,2025-08-25,AGUSTUS,Monday,TRUE,s,SOURCE_MARK_S,0,0,0,5,10,16,0.0,0.0,0.0,0,16,0.0,0,-1,0.0,0.022222,-0.022222
rec_dc509b16432a1943,STU_129173,129173,SISWA_064,Kls 8_SISWA_052,2025-08-26,AGUSTUS,Tuesday,TRUE,,NO_EXCEPTION_RECORDED,1,1,1,5,10,17,0.2,0.1,0.058824,1,17,0.058824,1,1,0.141176,0.022222,0.177778
rec_89123aeec09ebf8f,STU_129173,129173,SISWA_064,Kls 8_SISWA_052,2025-08-27,AGUSTUS,Wednesday,TRUE,,NO_EXCEPTION_RECORDED,1,1,1,5,10,18,0.2,0.1,0.055556,1,18,0.055556,0,2,0.144444,0.011111,0.188889
rec_8e31f277447d2742,STU_129173,129173,SISWA_064,Kls 8_SISWA_052,2025-08-28,AGUSTUS,Thursday,TRUE,,NO_EXCEPTION_RECORDED,1,1,1,5,10,19,0.2,0.1,0.052632,1,19,0.052632,0,3,0.147368,0.0,0.2
rec_5a237c56f11fc86a,STU_129173,129173,SISWA_064,Kls 8_SISWA_052,2025-08-29,AGUSTUS,Friday,TRUE,,NO_EXCEPTION_RECORDED,1,1,1,5,10,20,0.2,0.1,0.05,1,20,0.05,0,4,0.15,0.0,0.2
rec_feeefcb272286b55,STU_129173,129173,SISWA_064,Kls 8_SISWA_052,2025-08-30,AGUSTUS,Saturday,FALSE,,NO_EXCEPTION_RECORDED,1,1,1,5,10,21,0.2,0.1,0.047619,1,21,0.047619,0,5,0.152381,0.0,0.2
rec_df784b449063de81,STU_129173,129173,SISWA_064,Kls 8_SISWA_052,2025-08-31,AGUSTUS,Sunday,FALSE,,NO_EXCEPTION_RECORDED,1,1,1,5,10,21,0.2,0.1,0.047619,1,21,0.047619,0,6,0.152381,0.0,0.2
rec_6822ccac67059492,STU_129173,129173,SISWA_064,Kls 8_SISWA_052,2025-09-01,SEPTEMBER,Monday,TRUE,,NO_EXCEPTION_RECORDED,1,1,1,5,10,20,0.2,0.1,0.05,1,21,0.047619,0,7,0.152381,0.0,0.2
rec_f5c2851d4efbe906,STU_129173,129173,SISWA_064,Kls 8_SISWA_052,2025-09-02,SEPTEMBER,Tuesday,TRUE,,NO_EXCEPTION_RECORDED,0,1,1,5,10,21,0.0,0.1,0.047619,1,22,0.045455,0,8,-0.045455,0.011111,-0.011111
rec_f5d9e17677261419,STU_129173,129173,SISWA_064,Kls 8_SISWA_052,2025-09-03,SEPTEMBER,Wednesday,TRUE,,NO_EXCEPTION_RECORDED,0,1,1,5,10,22,0.0,0.1,0.045455,1,23,0.043478,0,9,-0.043478,0.022222,-0.022222
rec_42bd794304edd1a1,STU_129173,129173,SISWA_064,Kls 8_SISWA_052,2025-09-04,SEPTEMBER,Thursday,TRUE,,NO_EXCEPTION_RECORDED,0,1,1,5,10,22,0.0,0.1,0.045455,1,24,0.041667,0,10,-0.041667,0.022222,-0.022222
rec_70c31cbe2d7fa86a,STU_129173,129173,SISWA_064,Kls 8_SISWA_052,2025-09-05,SEPTEMBER,Friday,UNKNOWN,,NO_EXCEPTION_RECORDED,0,1,1,5,10,22,0.0,0.1,0.045455,1,25,0.04,0,11,-0.04,0.022222,-0.022222
rec_f0f19cb13f07d113,STU_129173,129173,SISWA_064,Kls 8_SISWA_052,2025-09-06,SEPTEMBER,Saturday,FALSE,,NO_EXCEPTION_RECORDED,0,1,1,5,10,22,0.0,0.1,0.045455,1,26,0.038462,0,12,-0.038462,0.022222,-0.022222
rec_e8262a1d9a61923b,STU_129173,129173,SISWA_064,Kls 8_SISWA_052,2025-09-07,SEPTEMBER,Sunday,FALSE,,NO_EXCEPTION_RECORDED,0,1,1,5,10,21,0.0,0.1,0.047619,1,26,0.038462,0,13,-0.038462,0.022222,-0.022222
rec_68ceca460b7bd677,STU_129173,129173,SISWA_064,Kls 8_SISWA_052,2025-09-08,SEPTEMBER,Monday,TRUE,,NO_EXCEPTION_RECORDED,0,1,1,5,10,20,0.0,0.1,0.05,1,26,0.038462,0,14,-0.038462,0.022222,-0.022222
rec_58e2f5b9ec4b2ef6,STU_129173,129173,SISWA_064,Kls 8_SISWA_052,2025-09-09,SEPTEMBER,Tuesday,TRUE,,NO_EXCEPTION_RECORDED,0,0,1,5,10,21,0.0,0.0,0.047619,1,27,0.037037,0,15,-0.037037,0.011111,-0.011111
rec_2bac1e5a38260e7f,STU_129173,129173,SISWA_064,Kls 8_SISWA_052,2025-09-10,SEPTEMBER,Wednesday,TRUE,,NO_EXCEPTION_RECORDED,0,0,1,5,10,22,0.0,0.0,0.045455,1,28,0.035714,0,16,-0.035714,0.011111,-0.011111
rec_2d486aad717cddf9,STU_129173,129173,SISWA_064,Kls 8_SISWA_052,2025-09-11,SEPTEMBER,Thursday,TRUE,,NO_EXCEPTION_RECORDED,0,0,1,5,10,22,0.0,0.0,0.045455,1,29,0.034483,0,17,-0.034483,0.011111,-0.011111
rec_d3fb6538fccc37a1,STU_129173,129173,SISWA_064,Kls 8_SISWA_052,2025-09-12,SEPTEMBER,Friday,TRUE,,NO_EXCEPTION_RECORDED,0,0,1,5,10,22,0.0,0.0,0.045455,1,30,0.033333,0,18,-0.033333,0.011111,-0.011111
rec_8c3d5e492116f950,STU_129173,129173,SISWA_064,Kls 8_SISWA_052,2025-09-13,SEPTEMBER,Saturday,FALSE,,NO_EXCEPTION_RECORDED,0,0,1,5,10,22,0.0,0.0,0.045455,1,31,0.032258,0,19,-0.032258,0.011111,-0.011111
rec_c0b5e581fc04bf39,STU_129173,129173,SISWA_064,Kls 8_SISWA_052,2025-09-14,SEPTEMBER,Sunday,FALSE,,NO_EXCEPTION_RECORDED,0,0,1,5,10,21,0.0,0.0,0.047619,1,31,0.032258,0,20,-0.032258,0.011111,-0.011111
rec_0618d443dd12385a,STU_129173,129173,SISWA_064,Kls 8_SISWA_052,2025-09-15,SEPTEMBER,Monday,TRUE,,NO_EXCEPTION_RECORDED,0,0,1,5,10,20,0.0,0.0,0.05,1,31,0.032258,0,21,-0.032258,0.011111,-0.011111
rec_8661587949690d12,STU_129173,129173,SISWA_064,Kls 8_SISWA_052,2025-09-16,SEPTEMBER,Tuesday,TRUE,,NO_EXCEPTION_RECORDED,0,0,1,5,10,21,0.0,0.0,0.047619,1,32,0.03125,0,22,-0.03125,0.022222,-0.022222
rec_c817defceecec95a,STU_129173,129173,SISWA_064,Kls 8_SISWA_052,2025-09-17,SEPTEMBER,Wednesday,TRUE,,NO_EXCEPTION_RECORDED,0,0,1,5,10,22,0.0,0.0,0.045455,1,33,0.030303,0,23,-0.030303,0.011111,-0.011111
rec_bd910e159d70defd,STU_129173,129173,SISWA_064,Kls 8_SISWA_052,2025-09-18,SEPTEMBER,Thursday,TRUE,,NO_EXCEPTION_RECORDED,0,0,1,5,10,22,0.0,0.0,0.045455,1,34,0.029412,0,24,-0.029412,0.011111,-0.011111
rec_dce77b3639c0f50d,STU_129173,129173,SISWA_064,Kls 8_SISWA_052,2025-09-19,SEPTEMBER,Friday,TRUE,,NO_EXCEPTION_RECORDED,0,0,1,5,10,22,0.0,0.0,0.045455,1,35,0.028571,0,25,-0.028571,0.011111,-0.011111
rec_c17941d7e3fbd8f8,STU_129173,129173,SISWA_064,Kls 8_SISWA_052,2025-09-20,SEPTEMBER,Saturday,FALSE,,NO_EXCEPTION_RECORDED,0,0,1,5,10,22,0.0,0.0,0.045455,1,36,0.027778,0,26,-0.027778,0.011111,-0.011111
rec_cedacce66406c777,STU_129173,129173,SISWA_064,Kls 8_SISWA_052,2025-09-21,SEPTEMBER,Sunday,FALSE,,NO_EXCEPTION_RECORDED,0,0,1,5,10,21,0.0,0.0,0.047619,1,36,0.027778,0,27,-0.027778,0.011111,-0.011111
rec_bb856b6e7cdfecf9,STU_129173,129173,SISWA_064,Kls 8_SISWA_052,2025-09-22,SEPTEMBER,Monday,TRUE,,NO_EXCEPTION_RECORDED,0,0,1,5,10,20,0.0,0.0,0.05,1,36,0.027778,0,28,-0.027778,0.011111,-0.011111
rec_d91d969b53c09c95,STU_129173,129173,SISWA_064,Kls 8_SISWA_052,2025-09-23,SEPTEMBER,Tuesday,TRUE,,NO_EXCEPTION_RECORDED,0,0,1,5,10,21,0.0,0.0,0.047619,1,37,0.027027,0,29,-0.027027,0.011111,-0.011111
rec_714699a7efa3c3b5,STU_129173,129173,SISWA_064,Kls 8_SISWA_052,2025-09-24,SEPTEMBER,Wednesday,TRUE,,NO_EXCEPTION_RECORDED,0,0,1,5,10,22,0.0,0.0,0.045455,1,38,0.026316,0,30,-0.026316,0.011111,-0.011111
rec_e2f261592c918e4c,STU_129173,129173,SISWA_064,Kls 8_SISWA_052,2025-09-25,SEPTEMBER,Thursday,TRUE,s,SOURCE_MARK_S,0,0,0,5,10,22,0.0,0.0,0.0,1,39,0.025641,0,31,-0.025641,0.011111,-0.011111
rec_b31f2906ab8bdc06,STU_129173,129173,SISWA_064,Kls 8_SISWA_052,2025-09-26,SEPTEMBER,Friday,TRUE,,NO_EXCEPTION_RECORDED,1,1,1,5,10,22,0.2,0.1,0.045455,2,40,0.05,1,1,0.15,0.011111,0.188889
rec_1a6a2e706d714665,STU_129173,129173,SISWA_064,Kls 8_SISWA_052,2025-09-27,SEPTEMBER,Saturday,FALSE,,NO_EXCEPTION_RECORDED,1,1,1,5,10,22,0.2,0.1,0.045455,2,41,0.04878,0,2,0.15122,0.011111,0.188889
rec_c6765e4867210358,STU_129173,129173,SISWA_064,Kls 8_SISWA_052,2025-09-28,SEPTEMBER,Sunday,FALSE,,NO_EXCEPTION_RECORDED,1,1,1,5,10,21,0.2,0.1,0.047619,2,41,0.04878,0,3,0.15122,0.011111,0.188889
rec_bf4ec4a5d6b62982,STU_129173,129173,SISWA_064,Kls 8_SISWA_052,2025-09-29,SEPTEMBER,Monday,TRUE,,NO_EXCEPTION_RECORDED,1,1,1,5,10,20,0.2,0.1,0.05,2,41,0.04878,0,4,0.15122,0.011111,0.188889
rec_c682ec5a063ced8b,STU_129173,129173,SISWA_064,Kls 8_SISWA_052,2025-09-30,SEPTEMBER,Tuesday,UNKNOWN,,NO_EXCEPTION_RECORDED,1,1,1,5,10,21,0.2,0.1,0.047619,2,42,0.047619,0,5,0.152381,0.0,0.2
rec_9766f81448385a58,STU_131458,131458,SISWA_079,Kls 9_SISWA_072,2025-08-01,AGUSTUS,Friday,UNKNOWN,,NO_EXCEPTION_RECORDED,0,0,0,0,0,0,0.0,0.0,0.0,0,0,0.0,0,-1,0.0,0.0,0.0
rec_dfb20d5a5b026338,STU_131458,131458,SISWA_079,Kls 9_SISWA_072,2025-08-02,AGUSTUS,Saturday,FALSE,,NO_EXCEPTION_RECORDED,0,0,0,1,1,1,0.0,0.0,0.0,0,1,0.0,0,-1,0.0,0.0,0.0
rec_e61a2b9cbe5f271c,STU_131458,131458,SISWA_079,Kls 9_SISWA_072,2025-08-03,AGUSTUS,Sunday,FALSE,,NO_EXCEPTION_RECORDED,0,0,0,1,1,1,0.0,0.0,0.0,0,1,0.0,0,-1,0.0,0.0,0.0
rec_a02c8d3a13feb448,STU_131458,131458,SISWA_079,Kls 9_SISWA_072,2025-08-04,AGUSTUS,Monday,UNKNOWN,,NO_EXCEPTION_RECORDED,0,0,0,1,1,1,0.0,0.0,0.0,0,1,0.0,0,-1,0.0,0.0,0.0
rec_dded62e0a8554646,STU_131458,131458,SISWA_079,Kls 9_SISWA_072,2025-08-05,AGUSTUS,Tuesday,TRUE,,NO_EXCEPTION_RECORDED,0,0,0,2,2,2,0.0,0.0,0.0,0,2,0.0,0,-1,0.0,0.0,0.0
rec_172cd8aaec5f80b3,STU_131458,131458,SISWA_079,Kls 9_SISWA_072,2025-08-06,AGUSTUS,Wednesday,UNKNOWN,,NO_EXCEPTION_RECORDED,0,0,0,3,3,3,0.0,0.0,0.0,0,3,0.0,0,-1,0.0,0.0,0.0
rec_46fb620e3625fe85,STU_131458,131458,SISWA_079,Kls 9_SISWA_072,2025-08-07,AGUSTUS,Thursday,TRUE,,NO_EXCEPTION_RECORDED,0,0,0,4,4,4,0.0,0.0,0.0,0,4,0.0,0,-1,0.0,0.0,0.0
rec_0cac3241b10a58ae,STU_131458,131458,SISWA_079,Kls 9_SISWA_072,2025-08-08,AGUSTUS,Friday,TRUE,,NO_EXCEPTION_RECORDED,0,0,0,5,5,5,0.0,0.0,0.0,0,5,0.0,0,-1,0.0,0.0,0.0
rec_e65b6244d343b608,STU_131458,131458,SISWA_079,Kls 9_SISWA_072,2025-08-09,AGUSTUS,Saturday,FALSE,,NO_EXCEPTION_RECORDED,0,0,0,5,6,6,0.0,0.0,0.0,0,6,0.0,0,-1,0.0,0.0,0.0
rec_09bb7a0b7484137b,STU_131458,131458,SISWA_079,Kls 9_SISWA_072,2025-08-10,AGUSTUS,Sunday,FALSE,,NO_EXCEPTION_RECORDED,0,0,0,5,6,6,0.0,0.0,0.0,0,6,0.0,0,-1,0.0,0.0,0.0
rec_cbda58dd415f3f61,STU_131458,131458,SISWA_079,Kls 9_SISWA_072,2025-08-11,AGUSTUS,Monday,TRUE,,NO_EXCEPTION_RECORDED,0,0,0,5,6,6,0.0,0.0,0.0,0,6,0.0,0,-1,0.0,0.0,0.0
rec_efab85dddd5ca36f,STU_131458,131458,SISWA_079,Kls 9_SISWA_072,2025-08-12,AGUSTUS,Tuesday,TRUE,,NO_EXCEPTION_RECORDED,0,0,0,5,7,7,0.0,0.0,0.0,0,7,0.0,0,-1,0.0,0.0,0.0
rec_93907fdc1c000332,STU_131458,131458,SISWA_079,Kls 9_SISWA_072,2025-08-13,AGUSTUS,Wednesday,TRUE,,NO_EXCEPTION_RECORDED,0,0,0,5,8,8,0.0,0.0,0.0,0,8,0.0,0,-1,0.0,0.0,0.0
rec_474f3d63a29d2e17,STU_131458,131458,SISWA_079,Kls 9_SISWA_072,2025-08-14,AGUSTUS,Thursday,UNKNOWN,,NO_EXCEPTION_RECORDED,0,0,0,5,9,9,0.0,0.0,0.0,0,9,0.0,0,-1,0.0,0.0,0.0
rec_394cde9aad6ad31a,STU_131458,131458,SISWA_079,Kls 9_SISWA_072,2025-08-15,AGUSTUS,Friday,UNKNOWN,,NO_EXCEPTION_RECORDED,0,0,0,5,10,10,0.0,0.0,0.0,0,10,0.0,0,-1,0.0,0.0,0.0
rec_621a8e7fd19d0e14,STU_131458,131458,SISWA_079,Kls 9_SISWA_072,2025-08-16,AGUSTUS,Saturday,FALSE,,NO_EXCEPTION_RECORDED,0,0,0,5,10,11,0.0,0.0,0.0,0,11,0.0,0,-1,0.0,0.0,0.0
rec_5389e6d133fa3e23,STU_131458,131458,SISWA_079,Kls 9_SISWA_072,2025-08-17,AGUSTUS,Sunday,FALSE,,NO_EXCEPTION_RECORDED,0,0,0,5,10,11,0.0,0.0,0.0,0,11,0.0,0,-1,0.0,0.0,0.0
rec_c91ac86f77374d42,STU_131458,131458,SISWA_079,Kls 9_SISWA_072,2025-08-18,AGUSTUS,Monday,UNKNOWN,,NO_EXCEPTION_RECORDED,0,0,0,5,10,11,0.0,0.0,0.0,0,11,0.0,0,-1,0.0,0.0,0.0
rec_f3488bd718091d94,STU_131458,131458,SISWA_079,Kls 9_SISWA_072,2025-08-19,AGUSTUS,Tuesday,TRUE,,NO_EXCEPTION_RECORDED,0,0,0,5,10,12,0.0,0.0,0.0,0,12,0.0,0,-1,0.0,0.0,0.0
rec_0515d4bf10cc6502,STU_131458,131458,SISWA_079,Kls 9_SISWA_072,2025-08-20,AGUSTUS,Wednesday,TRUE,,NO_EXCEPTION_RECORDED,0,0,0,5,10,13,0.0,0.0,0.0,0,13,0.0,0,-1,0.0,0.0,0.0
rec_3b47b04de26b3d09,STU_131458,131458,SISWA_079,Kls 9_SISWA_072,2025-08-21,AGUSTUS,Thursday,TRUE,,NO_EXCEPTION_RECORDED,0,0,0,5,10,14,0.0,0.0,0.0,0,14,0.0,0,-1,0.0,0.0,0.0
rec_97450e3e947c20b5,STU_131458,131458,SISWA_079,Kls 9_SISWA_072,2025-08-22,AGUSTUS,Friday,UNKNOWN,,NO_EXCEPTION_RECORDED,0,0,0,5,10,15,0.0,0.0,0.0,0,15,0.0,0,-1,0.0,0.0,0.0
rec_39dd95f7847edbb8,STU_131458,131458,SISWA_079,Kls 9_SISWA_072,2025-08-23,AGUSTUS,Saturday,FALSE,,NO_EXCEPTION_RECORDED,0,0,0,5,10,16,0.0,0.0,0.0,0,16,0.0,0,-1,0.0,0.0,0.0
rec_7f2f2b07109ebede,STU_131458,131458,SISWA_079,Kls 9_SISWA_072,2025-08-24,AGUSTUS,Sunday,FALSE,,NO_EXCEPTION_RECORDED,0,0,0,5,10,16,0.0,0.0,0.0,0,16,0.0,0,-1,0.0,0.0,0.0
rec_060f26f7962c6aee,STU_131458,131458,SISWA_079,Kls 9_SISWA_072,2025-08-25,AGUSTUS,Monday,TRUE,,NO_EXCEPTION_RECORDED,0,0,0,5,10,16,0.0,0.0,0.0,0,16,0.0,0,-1,0.0,0.0,0.0
rec_49e672b9b216f3d6,STU_131458,131458,SISWA_079,Kls 9_SISWA_072,2025-08-26,AGUSTUS,Tuesday,TRUE,,NO_EXCEPTION_RECORDED,0,0,0,5,10,17,0.0,0.0,0.0,0,17,0.0,0,-1,0.0,0.0,0.0
rec_5518f44ef726327f,STU_131458,131458,SISWA_079,Kls 9_SISWA_072,2025-08-27,AGUSTUS,Wednesday,TRUE,,NO_EXCEPTION_RECORDED,0,0,0,5,10,18,0.0,0.0,0.0,0,18,0.0,0,-1,0.0,0.018182,-0.018182
rec_4f070496cb416ae1,STU_131458,131458,SISWA_079,Kls 9_SISWA_072,2025-08-28,AGUSTUS,Thursday,TRUE,,NO_EXCEPTION_RECORDED,0,0,0,5,10,19,0.0,0.0,0.0,0,19,0.0,0,-1,0.0,0.018182,-0.018182
rec_b477972f87670548,STU_131458,131458,SISWA_079,Kls 9_SISWA_072,2025-08-29,AGUSTUS,Friday,TRUE,,NO_EXCEPTION_RECORDED,0,0,0,5,10,20,0.0,0.0,0.0,0,20,0.0,0,-1,0.0,0.036364,-0.036364
rec_174df7e76e7f209e,STU_131458,131458,SISWA_079,Kls 9_SISWA_072,2025-08-30,AGUSTUS,Saturday,FALSE,,NO_EXCEPTION_RECORDED,0,0,0,5,10,21,0.0,0.0,0.0,0,21,0.0,0,-1,0.0,0.036364,-0.036364
rec_d70e3d7a1d5a46f7,STU_131458,131458,SISWA_079,Kls 9_SISWA_072,2025-08-31,AGUSTUS,Sunday,FALSE,,NO_EXCEPTION_RECORDED,0,0,0,5,10,21,0.0,0.0,0.0,0,21,0.0,0,-1,0.0,0.036364,-0.036364
rec_eb6dfd0bf3380641,STU_131458,131458,SISWA_079,Kls 9_SISWA_072,2025-09-01,SEPTEMBER,Monday,TRUE,,NO_EXCEPTION_RECORDED,0,0,0,5,10,20,0.0,0.0,0.0,0,21,0.0,0,-1,0.0,0.036364,-0.036364
rec_c225822125d059fe,STU_131458,131458,SISWA_079,Kls 9_SISWA_072,2025-09-02,SEPTEMBER,Tuesday,TRUE,,NO_EXCEPTION_RECORDED,0,0,0,5,10,21,0.0,0.0,0.0,0,22,0.0,0,-1,0.0,0.036364,-0.036364
rec_650c831c0ad3c138,STU_131458,131458,SISWA_079,Kls 9_SISWA_072,2025-09-03,SEPTEMBER,Wednesday,TRUE,,NO_EXCEPTION_RECORDED,0,0,0,5,10,22,0.0,0.0,0.0,0,23,0.0,0,-1,0.0,0.036364,-0.036364
rec_47b7d4fc9eba19b0,STU_131458,131458,SISWA_079,Kls 9_SISWA_072,2025-09-04,SEPTEMBER,Thursday,TRUE,,NO_EXCEPTION_RECORDED,0,0,0,5,10,22,0.0,0.0,0.0,0,24,0.0,0,-1,0.0,0.054545,-0.054545
rec_fa9ed8726fedc2e7,STU_131458,131458,SISWA_079,Kls 9_SISWA_072,2025-09-05,SEPTEMBER,Friday,UNKNOWN,,NO_EXCEPTION_RECORDED,0,0,0,5,10,22,0.0,0.0,0.0,0,25,0.0,0,-1,0.0,0.072727,-0.072727
rec_5c06e7bdbcb9463f,STU_131458,131458,SISWA_079,Kls 9_SISWA_072,2025-09-06,SEPTEMBER,Saturday,FALSE,,NO_EXCEPTION_RECORDED,0,0,0,5,10,22,0.0,0.0,0.0,0,26,0.0,0,-1,0.0,0.072727,-0.072727
rec_a2505856dec2575c,STU_131458,131458,SISWA_079,Kls 9_SISWA_072,2025-09-07,SEPTEMBER,Sunday,FALSE,,NO_EXCEPTION_RECORDED,0,0,0,5,10,21,0.0,0.0,0.0,0,26,0.0,0,-1,0.0,0.072727,-0.072727
rec_98812cdf6f19a7b6,STU_131458,131458,SISWA_079,Kls 9_SISWA_072,2025-09-08,SEPTEMBER,Monday,TRUE,,NO_EXCEPTION_RECORDED,0,0,0,5,10,20,0.0,0.0,0.0,0,26,0.0,0,-1,0.0,0.072727,-0.072727
rec_f8849cfdec412974,STU_131458,131458,SISWA_079,Kls 9_SISWA_072,2025-09-09,SEPTEMBER,Tuesday,TRUE,,NO_EXCEPTION_RECORDED,0,0,0,5,10,21,0.0,0.0,0.0,0,27,0.0,0,-1,0.0,0.072727,-0.072727
rec_c4f02d4f3a788180,STU_131458,131458,SISWA_079,Kls 9_SISWA_072,2025-09-10,SEPTEMBER,Wednesday,TRUE,,NO_EXCEPTION_RECORDED,0,0,0,5,10,22,0.0,0.0,0.0,0,28,0.0,0,-1,0.0,0.090909,-0.090909
rec_f5977f1b8913aa5c,STU_131458,131458,SISWA_079,Kls 9_SISWA_072,2025-09-11,SEPTEMBER,Thursday,TRUE,,NO_EXCEPTION_RECORDED,0,0,0,5,10,22,0.0,0.0,0.0,0,29,0.0,0,-1,0.0,0.090909,-0.090909
rec_d3e5b99165744c35,STU_131458,131458,SISWA_079,Kls 9_SISWA_072,2025-09-12,SEPTEMBER,Friday,TRUE,,NO_EXCEPTION_RECORDED,0,0,0,5,10,22,0.0,0.0,0.0,0,30,0.0,0,-1,0.0,0.072727,-0.072727
rec_dc953824f590eaad,STU_131458,131458,SISWA_079,Kls 9_SISWA_072,2025-09-13,SEPTEMBER,Saturday,FALSE,,NO_EXCEPTION_RECORDED,0,0,0,5,10,22,0.0,0.0,0.0,0,31,0.0,0,-1,0.0,0.072727,-0.072727
rec_3b1bcb8c594b3808,STU_131458,131458,SISWA_079,Kls 9_SISWA_072,2025-09-14,SEPTEMBER,Sunday,FALSE,,NO_EXCEPTION_RECORDED,0,0,0,5,10,21,0.0,0.0,0.0,0,31,0.0,0,-1,0.0,0.072727,-0.072727
rec_e6487c3f58bbf53b,STU_131458,131458,SISWA_079,Kls 9_SISWA_072,2025-09-15,SEPTEMBER,Monday,TRUE,,NO_EXCEPTION_RECORDED,0,0,0,5,10,20,0.0,0.0,0.0,0,31,0.0,0,-1,0.0,0.072727,-0.072727
rec_04fafec83dfbe1dd,STU_131458,131458,SISWA_079,Kls 9_SISWA_072,2025-09-16,SEPTEMBER,Tuesday,TRUE,,NO_EXCEPTION_RECORDED,0,0,0,5,10,21,0.0,0.0,0.0,0,32,0.0,0,-1,0.0,0.072727,-0.072727
rec_d8f1bedf765fd42f,STU_131458,131458,SISWA_079,Kls 9_SISWA_072,2025-09-17,SEPTEMBER,Wednesday,TRUE,s,SOURCE_MARK_S,0,0,0,5,10,22,0.0,0.0,0.0,0,33,0.0,0,-1,0.0,0.036364,-0.036364
rec_fe4da419846a1128,STU_131458,131458,SISWA_079,Kls 9_SISWA_072,2025-09-18,SEPTEMBER,Thursday,TRUE,s,SOURCE_MARK_S,1,1,1,5,10,22,0.2,0.1,0.045455,1,34,0.029412,1,1,0.170588,0.018182,0.181818
rec_1461e58715e5504c,STU_131458,131458,SISWA_079,Kls 9_SISWA_072,2025-09-19,SEPTEMBER,Friday,TRUE,s,SOURCE_MARK_S,2,2,2,5,10,22,0.4,0.2,0.090909,2,35,0.057143,2,1,0.342857,0.0,0.4
rec_e7d6ec76a8e922b9,STU_131458,131458,SISWA_079,Kls 9_SISWA_072,2025-09-20,SEPTEMBER,Saturday,FALSE,,NO_EXCEPTION_RECORDED,3,3,3,5,10,22,0.6,0.3,0.136364,3,36,0.083333,3,1,0.516667,0.0,0.6
rec_9622db0fb0730978,STU_131458,131458,SISWA_079,Kls 9_SISWA_072,2025-09-21,SEPTEMBER,Sunday,FALSE,,NO_EXCEPTION_RECORDED,3,3,3,5,10,21,0.6,0.3,0.142857,3,36,0.083333,3,2,0.516667,0.0,0.6
rec_8c5ca781e0320493,STU_131458,131458,SISWA_079,Kls 9_SISWA_072,2025-09-22,SEPTEMBER,Monday,TRUE,,NO_EXCEPTION_RECORDED,3,3,3,5,10,20,0.6,0.3,0.15,3,36,0.083333,3,3,0.516667,0.0,0.6
rec_e0899e035b641d0e,STU_131458,131458,SISWA_079,Kls 9_SISWA_072,2025-09-23,SEPTEMBER,Tuesday,TRUE,s,SOURCE_MARK_S,3,3,3,5,10,21,0.6,0.3,0.142857,3,37,0.081081,0,4,0.518919,0.090909,0.509091
rec_fc2d15d3fef0b806,STU_131458,131458,SISWA_079,Kls 9_SISWA_072,2025-09-24,SEPTEMBER,Wednesday,TRUE,,NO_EXCEPTION_RECORDED,4,4,4,5,10,22,0.8,0.4,0.181818,4,38,0.105263,1,1,0.694737,0.163636,0.636364
rec_cfa38e3286cc2cf6,STU_131458,131458,SISWA_079,Kls 9_SISWA_072,2025-09-25,SEPTEMBER,Thursday,TRUE,,NO_EXCEPTION_RECORDED,3,4,4,5,10,22,0.6,0.4,0.181818,4,39,0.102564,0,2,0.497436,0.254545,0.345455
rec_872abc4d51687912,STU_131458,131458,SISWA_079,Kls 9_SISWA_072,2025-09-26,SEPTEMBER,Friday,TRUE,,NO_EXCEPTION_RECORDED,2,4,4,5,10,22,0.4,0.4,0.181818,4,40,0.1,0,3,0.3,0.309091,0.090909
rec_fb2f61b604cca24f,STU_131458,131458,SISWA_079,Kls 9_SISWA_072,2025-09-27,SEPTEMBER,Saturday,FALSE,,NO_EXCEPTION_RECORDED,1,4,4,5,10,22,0.2,0.4,0.181818,4,41,0.097561,0,4,0.102439,0.345455,-0.145455
rec_eae88f5f05f5c938,STU_131458,131458,SISWA_079,Kls 9_SISWA_072,2025-09-28,SEPTEMBER,Sunday,FALSE,,NO_EXCEPTION_RECORDED,1,4,4,5,10,21,0.2,0.4,0.190476,4,41,0.097561,0,5,0.102439,0.345455,-0.145455
rec_8dd21baf76e9aaac,STU_131458,131458,SISWA_079,Kls 9_SISWA_072,2025-09-29,SEPTEMBER,Monday,TRUE,,NO_EXCEPTION_RECORDED,1,4,4,5,10,20,0.2,0.4,0.2,4,41,0.097561,0,6,0.102439,0.345455,-0.145455
rec_e3b094b24f088b90,STU_131458,131458,SISWA_079,Kls 9_SISWA_072,2025-09-30,SEPTEMBER,Tuesday,UNKNOWN,,NO_EXCEPTION_RECORDED,1,4,4,5,10,21,0.2,0.4,0.190476,4,42,0.095238,0,7,0.104762,0.272727,-0.072727
rec_58b262be0abd3831,STU_132430,132430,SISWA_069,Kls 8_SISWA_052,2025-08-01,AGUSTUS,Friday,UNKNOWN,,NO_EXCEPTION_RECORDED,0,0,0,0,0,0,0.0,0.0,0.0,0,0,0.0,0,-1,0.0,0.0,0.0
rec_2e08a567c689adc1,STU_132430,132430,SISWA_069,Kls 8_SISWA_052,2025-08-02,AGUSTUS,Saturday,FALSE,,NO_EXCEPTION_RECORDED,0,0,0,1,1,1,0.0,0.0,0.0,0,1,0.0,0,-1,0.0,0.0,0.0
rec_090bd5acbef78b10,STU_132430,132430,SISWA_069,Kls 8_SISWA_052,2025-08-03,AGUSTUS,Sunday,FALSE,,NO_EXCEPTION_RECORDED,0,0,0,1,1,1,0.0,0.0,0.0,0,1,0.0,0,-1,0.0,0.0,0.0
rec_834d73d9178bdf3d,STU_132430,132430,SISWA_069,Kls 8_SISWA_052,2025-08-04,AGUSTUS,Monday,UNKNOWN,,NO_EXCEPTION_RECORDED,0,0,0,1,1,1,0.0,0.0,0.0,0,1,0.0,0,-1,0.0,0.0,0.0
rec_308265f0d16f2b57,STU_132430,132430,SISWA_069,Kls 8_SISWA_052,2025-08-05,AGUSTUS,Tuesday,TRUE,,NO_EXCEPTION_RECORDED,0,0,0,2,2,2,0.0,0.0,0.0,0,2,0.0,0,-1,0.0,0.0,0.0
rec_7ba234cbe16f708b,STU_132430,132430,SISWA_069,Kls 8_SISWA_052,2025-08-06,AGUSTUS,Wednesday,UNKNOWN,,NO_EXCEPTION_RECORDED,0,0,0,3,3,3,0.0,0.0,0.0,0,3,0.0,0,-1,0.0,0.0,0.0
rec_58ef80ef704e73c5,STU_132430,132430,SISWA_069,Kls 8_SISWA_052,2025-08-07,AGUSTUS,Thursday,TRUE,,NO_EXCEPTION_RECORDED,0,0,0,4,4,4,0.0,0.0,0.0,0,4,0.0,0,-1,0.0,0.0,0.0
rec_03eed23b10f71cfe,STU_132430,132430,SISWA_069,Kls 8_SISWA_052,2025-08-08,AGUSTUS,Friday,TRUE,,NO_EXCEPTION_RECORDED,0,0,0,5,5,5,0.0,0.0,0.0,0,5,0.0,0,-1,0.0,0.011111,-0.011111
rec_2e1f6a51ea24d795,STU_132430,132430,SISWA_069,Kls 8_SISWA_052,2025-08-09,AGUSTUS,Saturday,FALSE,,NO_EXCEPTION_RECORDED,0,0,0,5,6,6,0.0,0.0,0.0,0,6,0.0,0,-1,0.0,0.011111,-0.011111
rec_66afa8a4f409a1a4,STU_132430,132430,SISWA_069,Kls 8_SISWA_052,2025-08-10,AGUSTUS,Sunday,FALSE,,NO_EXCEPTION_RECORDED,0,0,0,5,6,6,0.0,0.0,0.0,0,6,0.0,0,-1,0.0,0.011111,-0.011111
rec_3f7e4a84adaa851e,STU_132430,132430,SISWA_069,Kls 8_SISWA_052,2025-08-11,AGUSTUS,Monday,TRUE,,NO_EXCEPTION_RECORDED,0,0,0,5,6,6,0.0,0.0,0.0,0,6,0.0,0,-1,0.0,0.011111,-0.011111
rec_1ff3920f5702622e,STU_132430,132430,SISWA_069,Kls 8_SISWA_052,2025-08-12,AGUSTUS,Tuesday,TRUE,,NO_EXCEPTION_RECORDED,0,0,0,5,7,7,0.0,0.0,0.0,0,7,0.0,0,-1,0.0,0.011111,-0.011111
rec_653502b0213e736d,STU_132430,132430,SISWA_069,Kls 8_SISWA_052,2025-08-13,AGUSTUS,Wednesday,TRUE,,NO_EXCEPTION_RECORDED,0,0,0,5,8,8,0.0,0.0,0.0,0,8,0.0,0,-1,0.0,0.022222,-0.022222
rec_27f5db2d505c53a5,STU_132430,132430,SISWA_069,Kls 8_SISWA_052,2025-08-14,AGUSTUS,Thursday,UNKNOWN,,NO_EXCEPTION_RECORDED,0,0,0,5,9,9,0.0,0.0,0.0,0,9,0.0,0,-1,0.0,0.033333,-0.033333
rec_eaf8705e0892da7a,STU_132430,132430,SISWA_069,Kls 8_SISWA_052,2025-08-15,AGUSTUS,Friday,UNKNOWN,,NO_EXCEPTION_RECORDED,0,0,0,5,10,10,0.0,0.0,0.0,0,10,0.0,0,-1,0.0,0.022222,-0.022222
rec_30b1ea41f2d06e4a,STU_132430,132430,SISWA_069,Kls 8_SISWA_052,2025-08-16,AGUSTUS,Saturday,FALSE,,NO_EXCEPTION_RECORDED,0,0,0,5,10,11,0.0,0.0,0.0,0,11,0.0,0,-1,0.0,0.022222,-0.022222
rec_b11506a5e8d9a8d4,STU_132430,132430,SISWA_069,Kls 8_SISWA_052,2025-08-17,AGUSTUS,Sunday,FALSE,,NO_EXCEPTION_RECORDED,0,0,0,5,10,11,0.0,0.0,0.0,0,11,0.0,0,-1,0.0,0.022222,-0.022222
rec_d3366d5059539229,STU_132430,132430,SISWA_069,Kls 8_SISWA_052,2025-08-18,AGUSTUS,Monday,UNKNOWN,,NO_EXCEPTION_RECORDED,0,0,0,5,10,11,0.0,0.0,0.0,0,11,0.0,0,-1,0.0,0.022222,-0.022222
rec_0443f3b3e7ee11cf,STU_132430,132430,SISWA_069,Kls 8_SISWA_052,2025-08-19,AGUSTUS,Tuesday,TRUE,,NO_EXCEPTION_RECORDED,0,0,0,5,10,12,0.0,0.0,0.0,0,12,0.0,0,-1,0.0,0.022222,-0.022222
rec_6e1db243ff9ed385,STU_132430,132430,SISWA_069,Kls 8_SISWA_052,2025-08-20,AGUSTUS,Wednesday,TRUE,,NO_EXCEPTION_RECORDED,0,0,0,5,10,13,0.0,0.0,0.0,0,13,0.0,0,-1,0.0,0.022222,-0.022222
rec_1ab1d85c15790716,STU_132430,132430,SISWA_069,Kls 8_SISWA_052,2025-08-21,AGUSTUS,Thursday,TRUE,,NO_EXCEPTION_RECORDED,0,0,0,5,10,14,0.0,0.0,0.0,0,14,0.0,0,-1,0.0,0.022222,-0.022222
rec_56b1915eaa956f44,STU_132430,132430,SISWA_069,Kls 8_SISWA_052,2025-08-22,AGUSTUS,Friday,UNKNOWN,,NO_EXCEPTION_RECORDED,0,0,0,5,10,15,0.0,0.0,0.0,0,15,0.0,0,-1,0.0,0.022222,-0.022222
rec_2dbdd4143ba0a588,STU_132430,132430,SISWA_069,Kls 8_SISWA_052,2025-08-23,AGUSTUS,Saturday,FALSE,,NO_EXCEPTION_RECORDED,0,0,0,5,10,16,0.0,0.0,0.0,0,16,0.0,0,-1,0.0,0.022222,-0.022222
rec_fa91ddb814fc6e2d,STU_132430,132430,SISWA_069,Kls 8_SISWA_052,2025-08-24,AGUSTUS,Sunday,FALSE,,NO_EXCEPTION_RECORDED,0,0,0,5,10,16,0.0,0.0,0.0,0,16,0.0,0,-1,0.0,0.022222,-0.022222
rec_a0b828448aa11653,STU_132430,132430,SISWA_069,Kls 8_SISWA_052,2025-08-25,AGUSTUS,Monday,TRUE,,NO_EXCEPTION_RECORDED,0,0,0,5,10,16,0.0,0.0,0.0,0,16,0.0,0,-1,0.0,0.022222,-0.022222
rec_d50d4ea36d267309,STU_132430,132430,SISWA_069,Kls 8_SISWA_052,2025-08-26,AGUSTUS,Tuesday,TRUE,,NO_EXCEPTION_RECORDED,0,0,0,5,10,17,0.0,0.0,0.0,0,17,0.0,0,-1,0.0,0.033333,-0.033333
rec_ea8f60b29ec61978,STU_132430,132430,SISWA_069,Kls 8_SISWA_052,2025-08-27,AGUSTUS,Wednesday,TRUE,,NO_EXCEPTION_RECORDED,0,0,0,5,10,18,0.0,0.0,0.0,0,18,0.0,0,-1,0.0,0.022222,-0.022222
rec_3566dedd3e80d2e2,STU_132430,132430,SISWA_069,Kls 8_SISWA_052,2025-08-28,AGUSTUS,Thursday,TRUE,,NO_EXCEPTION_RECORDED,0,0,0,5,10,19,0.0,0.0,0.0,0,19,0.0,0,-1,0.0,0.011111,-0.011111
rec_26b88c844b922bc3,STU_132430,132430,SISWA_069,Kls 8_SISWA_052,2025-08-29,AGUSTUS,Friday,TRUE,,NO_EXCEPTION_RECORDED,0,0,0,5,10,20,0.0,0.0,0.0,0,20,0.0,0,-1,0.0,0.011111,-0.011111
rec_7c2e5646445f2bfe,STU_132430,132430,SISWA_069,Kls 8_SISWA_052,2025-08-30,AGUSTUS,Saturday,FALSE,,NO_EXCEPTION_RECORDED,0,0,0,5,10,21,0.0,0.0,0.0,0,21,0.0,0,-1,0.0,0.011111,-0.011111
rec_6e91ff6e5d4efc2a,STU_132430,132430,SISWA_069,Kls 8_SISWA_052,2025-08-31,AGUSTUS,Sunday,FALSE,,NO_EXCEPTION_RECORDED,0,0,0,5,10,21,0.0,0.0,0.0,0,21,0.0,0,-1,0.0,0.011111,-0.011111
rec_0732228b6dea8043,STU_132430,132430,SISWA_069,Kls 8_SISWA_052,2025-09-01,SEPTEMBER,Monday,TRUE,,NO_EXCEPTION_RECORDED,0,0,0,5,10,20,0.0,0.0,0.0,0,21,0.0,0,-1,0.0,0.011111,-0.011111
rec_7e50f941b300dd95,STU_132430,132430,SISWA_069,Kls 8_SISWA_052,2025-09-02,SEPTEMBER,Tuesday,TRUE,,NO_EXCEPTION_RECORDED,0,0,0,5,10,21,0.0,0.0,0.0,0,22,0.0,0,-1,0.0,0.011111,-0.011111
rec_4cc9b6a24ca4d0b2,STU_132430,132430,SISWA_069,Kls 8_SISWA_052,2025-09-03,SEPTEMBER,Wednesday,TRUE,,NO_EXCEPTION_RECORDED,0,0,0,5,10,22,0.0,0.0,0.0,0,23,0.0,0,-1,0.0,0.022222,-0.022222
rec_5ceb4b17d66bfa7a,STU_132430,132430,SISWA_069,Kls 8_SISWA_052,2025-09-04,SEPTEMBER,Thursday,TRUE,,NO_EXCEPTION_RECORDED,0,0,0,5,10,22,0.0,0.0,0.0,0,24,0.0,0,-1,0.0,0.022222,-0.022222
rec_274eae5f958b6940,STU_132430,132430,SISWA_069,Kls 8_SISWA_052,2025-09-05,SEPTEMBER,Friday,UNKNOWN,,NO_EXCEPTION_RECORDED,0,0,0,5,10,22,0.0,0.0,0.0,0,25,0.0,0,-1,0.0,0.022222,-0.022222
rec_dedcc08c4e1c000e,STU_132430,132430,SISWA_069,Kls 8_SISWA_052,2025-09-06,SEPTEMBER,Saturday,FALSE,,NO_EXCEPTION_RECORDED,0,0,0,5,10,22,0.0,0.0,0.0,0,26,0.0,0,-1,0.0,0.022222,-0.022222
rec_b8a6099b25ee05f4,STU_132430,132430,SISWA_069,Kls 8_SISWA_052,2025-09-07,SEPTEMBER,Sunday,FALSE,,NO_EXCEPTION_RECORDED,0,0,0,5,10,21,0.0,0.0,0.0,0,26,0.0,0,-1,0.0,0.022222,-0.022222
rec_24bf3f486adb15c1,STU_132430,132430,SISWA_069,Kls 8_SISWA_052,2025-09-08,SEPTEMBER,Monday,TRUE,,NO_EXCEPTION_RECORDED,0,0,0,5,10,20,0.0,0.0,0.0,0,26,0.0,0,-1,0.0,0.022222,-0.022222
rec_44fb9a77951bc448,STU_132430,132430,SISWA_069,Kls 8_SISWA_052,2025-09-09,SEPTEMBER,Tuesday,TRUE,,NO_EXCEPTION_RECORDED,0,0,0,5,10,21,0.0,0.0,0.0,0,27,0.0,0,-1,0.0,0.011111,-0.011111
rec_f5208cba6717392b,STU_132430,132430,SISWA_069,Kls 8_SISWA_052,2025-09-10,SEPTEMBER,Wednesday,TRUE,,NO_EXCEPTION_RECORDED,0,0,0,5,10,22,0.0,0.0,0.0,0,28,0.0,0,-1,0.0,0.011111,-0.011111
rec_84eeb572f62fb468,STU_132430,132430,SISWA_069,Kls 8_SISWA_052,2025-09-11,SEPTEMBER,Thursday,TRUE,,NO_EXCEPTION_RECORDED,0,0,0,5,10,22,0.0,0.0,0.0,0,29,0.0,0,-1,0.0,0.011111,-0.011111
rec_059ad4cdb086882e,STU_132430,132430,SISWA_069,Kls 8_SISWA_052,2025-09-12,SEPTEMBER,Friday,TRUE,,NO_EXCEPTION_RECORDED,0,0,0,5,10,22,0.0,0.0,0.0,0,30,0.0,0,-1,0.0,0.011111,-0.011111
rec_baa0c19a48bdc3f7,STU_132430,132430,SISWA_069,Kls 8_SISWA_052,2025-09-13,SEPTEMBER,Saturday,FALSE,,NO_EXCEPTION_RECORDED,0,0,0,5,10,22,0.0,0.0,0.0,0,31,0.0,0,-1,0.0,0.011111,-0.011111
rec_ab3feadb14222084,STU_132430,132430,SISWA_069,Kls 8_SISWA_052,2025-09-14,SEPTEMBER,Sunday,FALSE,,NO_EXCEPTION_RECORDED,0,0,0,5,10,21,0.0,0.0,0.0,0,31,0.0,0,-1,0.0,0.011111,-0.011111
rec_7c5c4ea3dcf5ddf9,STU_132430,132430,SISWA_069,Kls 8_SISWA_052,2025-09-15,SEPTEMBER,Monday,TRUE,,NO_EXCEPTION_RECORDED,0,0,0,5,10,20,0.0,0.0,0.0,0,31,0.0,0,-1,0.0,0.011111,-0.011111
rec_c695149bb4f744b4,STU_132430,132430,SISWA_069,Kls 8_SISWA_052,2025-09-16,SEPTEMBER,Tuesday,TRUE,,NO_EXCEPTION_RECORDED,0,0,0,5,10,21,0.0,0.0,0.0,0,32,0.0,0,-1,0.0,0.022222,-0.022222
rec_37ec1c3ddbf8d22f,STU_132430,132430,SISWA_069,Kls 8_SISWA_052,2025-09-17,SEPTEMBER,Wednesday,TRUE,,NO_EXCEPTION_RECORDED,0,0,0,5,10,22,0.0,0.0,0.0,0,33,0.0,0,-1,0.0,0.011111,-0.011111
rec_56cb6563c32627bf,STU_132430,132430,SISWA_069,Kls 8_SISWA_052,2025-09-18,SEPTEMBER,Thursday,TRUE,,NO_EXCEPTION_RECORDED,0,0,0,5,10,22,0.0,0.0,0.0,0,34,0.0,0,-1,0.0,0.011111,-0.011111
rec_e5b596ddd30e0414,STU_132430,132430,SISWA_069,Kls 8_SISWA_052,2025-09-19,SEPTEMBER,Friday,TRUE,,NO_EXCEPTION_RECORDED,0,0,0,5,10,22,0.0,0.0,0.0,0,35,0.0,0,-1,0.0,0.011111,-0.011111
rec_5035ac98548e4c5f,STU_132430,132430,SISWA_069,Kls 8_SISWA_052,2025-09-20,SEPTEMBER,Saturday,FALSE,,NO_EXCEPTION_RECORDED,0,0,0,5,10,22,0.0,0.0,0.0,0,36,0.0,0,-1,0.0,0.011111,-0.011111
rec_aa02a7cdbcc76ed4,STU_132430,132430,SISWA_069,Kls 8_SISWA_052,2025-09-21,SEPTEMBER,Sunday,FALSE,,NO_EXCEPTION_RECORDED,0,0,0,5,10,21,0.0,0.0,0.0,0,36,0.0,0,-1,0.0,0.011111,-0.011111
rec_478d04d2b57eb848,STU_132430,132430,SISWA_069,Kls 8_SISWA_052,2025-09-22,SEPTEMBER,Monday,TRUE,,NO_EXCEPTION_RECORDED,0,0,0,5,10,20,0.0,0.0,0.0,0,36,0.0,0,-1,0.0,0.011111,-0.011111
rec_711bf9e8f79a151c,STU_132430,132430,SISWA_069,Kls 8_SISWA_052,2025-09-23,SEPTEMBER,Tuesday,TRUE,,NO_EXCEPTION_RECORDED,0,0,0,5,10,21,0.0,0.0,0.0,0,37,0.0,0,-1,0.0,0.011111,-0.011111
rec_955e21b19d2524d8,STU_132430,132430,SISWA_069,Kls 8_SISWA_052,2025-09-24,SEPTEMBER,Wednesday,TRUE,,NO_EXCEPTION_RECORDED,0,0,0,5,10,22,0.0,0.0,0.0,0,38,0.0,0,-1,0.0,0.011111,-0.011111
rec_cc5742961b3f0dc4,STU_132430,132430,SISWA_069,Kls 8_SISWA_052,2025-09-25,SEPTEMBER,Thursday,TRUE,,NO_EXCEPTION_RECORDED,0,0,0,5,10,22,0.0,0.0,0.0,0,39,0.0,0,-1,0.0,0.011111,-0.011111
rec_63e4ffed38e57143,STU_132430,132430,SISWA_069,Kls 8_SISWA_052,2025-09-26,SEPTEMBER,Friday,TRUE,,NO_EXCEPTION_RECORDED,0,0,0,5,10,22,0.0,0.0,0.0,0,40,0.0,0,-1,0.0,0.022222,-0.022222
rec_59f08b67076d5d67,STU_132430,132430,SISWA_069,Kls 8_SISWA_052,2025-09-27,SEPTEMBER,Saturday,FALSE,,NO_EXCEPTION_RECORDED,0,0,0,5,10,22,0.0,0.0,0.0,0,41,0.0,0,-1,0.0,0.022222,-0.022222
rec_cfb69f4459d248b5,STU_132430,132430,SISWA_069,Kls 8_SISWA_052,2025-09-28,SEPTEMBER,Sunday,FALSE,,NO_EXCEPTION_RECORDED,0,0,0,5,10,21,0.0,0.0,0.0,0,41,0.0,0,-1,0.0,0.022222,-0.022222
rec_ea5752522f1087f3,STU_132430,132430,SISWA_069,Kls 8_SISWA_052,2025-09-29,SEPTEMBER,Monday,TRUE,,NO_EXCEPTION_RECORDED,0,0,0,5,10,20,0.0,0.0,0.0,0,41,0.0,0,-1,0.0,0.022222,-0.022222
rec_996562eef216893f,STU_132430,132430,SISWA_069,Kls 8_SISWA_052,2025-09-30,SEPTEMBER,Tuesday,UNKNOWN,,NO_EXCEPTION_RECORDED,0,0,0,5,10,21,0.0,0.0,0.0,0,42,0.0,0,-1,0.0,0.011111,-0.011111
rec_d667eae25d65d559,STU_133005,133005,SISWA_040,Kls 8_SISWA_032,2025-08-01,AGUSTUS,Friday,UNKNOWN,,NO_EXCEPTION_RECORDED,0,0,0,0,0,0,0.0,0.0,0.0,0,0,0.0,0,-1,0.0,0.0,0.0
rec_4a6e3b65e55c64eb,STU_133005,133005,SISWA_040,Kls 8_SISWA_032,2025-08-02,AGUSTUS,Saturday,FALSE,,NO_EXCEPTION_RECORDED,0,0,0,1,1,1,0.0,0.0,0.0,0,1,0.0,0,-1,0.0,0.0,0.0
rec_8322bd2fe2e8e0e2,STU_133005,133005,SISWA_040,Kls 8_SISWA_032,2025-08-03,AGUSTUS,Sunday,FALSE,,NO_EXCEPTION_RECORDED,0,0,0,1,1,1,0.0,0.0,0.0,0,1,0.0,0,-1,0.0,0.0,0.0
rec_1176eef9e5d632af,STU_133005,133005,SISWA_040,Kls 8_SISWA_032,2025-08-04,AGUSTUS,Monday,UNKNOWN,,NO_EXCEPTION_RECORDED,0,0,0,1,1,1,0.0,0.0,0.0,0,1,0.0,0,-1,0.0,0.0,0.0
rec_41013f74b47412a5,STU_133005,133005,SISWA_040,Kls 8_SISWA_032,2025-08-05,AGUSTUS,Tuesday,TRUE,,NO_EXCEPTION_RECORDED,0,0,0,2,2,2,0.0,0.0,0.0,0,2,0.0,0,-1,0.0,0.0,0.0
rec_7212ad9d2208af99,STU_133005,133005,SISWA_040,Kls 8_SISWA_032,2025-08-06,AGUSTUS,Wednesday,UNKNOWN,,NO_EXCEPTION_RECORDED,0,0,0,3,3,3,0.0,0.0,0.0,0,3,0.0,0,-1,0.0,0.0,0.0
rec_d1282b124398e30a,STU_133005,133005,SISWA_040,Kls 8_SISWA_032,2025-08-07,AGUSTUS,Thursday,TRUE,,NO_EXCEPTION_RECORDED,0,0,0,4,4,4,0.0,0.0,0.0,0,4,0.0,0,-1,0.0,0.0,0.0
rec_0586a73b7b68005b,STU_133005,133005,SISWA_040,Kls 8_SISWA_032,2025-08-08,AGUSTUS,Friday,TRUE,,NO_EXCEPTION_RECORDED,0,0,0,5,5,5,0.0,0.0,0.0,0,5,0.0,0,-1,0.0,0.0,0.0
rec_3ee31143abd5bf14,STU_133005,133005,SISWA_040,Kls 8_SISWA_032,2025-08-09,AGUSTUS,Saturday,FALSE,,NO_EXCEPTION_RECORDED,0,0,0,5,6,6,0.0,0.0,0.0,0,6,0.0,0,-1,0.0,0.0,0.0
rec_0a5cd3093d0f9423,STU_133005,133005,SISWA_040,Kls 8_SISWA_032,2025-08-10,AGUSTUS,Sunday,FALSE,,NO_EXCEPTION_RECORDED,0,0,0,5,6,6,0.0,0.0,0.0,0,6,0.0,0,-1,0.0,0.0,0.0
rec_6b9205a4330e6628,STU_133005,133005,SISWA_040,Kls 8_SISWA_032,2025-08-11,AGUSTUS,Monday,TRUE,,NO_EXCEPTION_RECORDED,0,0,0,5,6,6,0.0,0.0,0.0,0,6,0.0,0,-1,0.0,0.0,0.0
rec_ecbfe879b4164b2d,STU_133005,133005,SISWA_040,Kls 8_SISWA_032,2025-08-12,AGUSTUS,Tuesday,TRUE,,NO_EXCEPTION_RECORDED,0,0,0,5,7,7,0.0,0.0,0.0,0,7,0.0,0,-1,0.0,0.011111,-0.011111
rec_50ac5c7eb1f5dbf1,STU_133005,133005,SISWA_040,Kls 8_SISWA_032,2025-08-13,AGUSTUS,Wednesday,TRUE,,NO_EXCEPTION_RECORDED,0,0,0,5,8,8,0.0,0.0,0.0,0,8,0.0,0,-1,0.0,0.011111,-0.011111
rec_afafbf7a5b827028,STU_133005,133005,SISWA_040,Kls 8_SISWA_032,2025-08-14,AGUSTUS,Thursday,UNKNOWN,,NO_EXCEPTION_RECORDED,0,0,0,5,9,9,0.0,0.0,0.0,0,9,0.0,0,-1,0.0,0.011111,-0.011111
rec_977001460b9c0426,STU_133005,133005,SISWA_040,Kls 8_SISWA_032,2025-08-15,AGUSTUS,Friday,UNKNOWN,,NO_EXCEPTION_RECORDED,0,0,0,5,10,10,0.0,0.0,0.0,0,10,0.0,0,-1,0.0,0.011111,-0.011111
rec_a48483a3639e8351,STU_133005,133005,SISWA_040,Kls 8_SISWA_032,2025-08-16,AGUSTUS,Saturday,FALSE,,NO_EXCEPTION_RECORDED,0,0,0,5,10,11,0.0,0.0,0.0,0,11,0.0,0,-1,0.0,0.011111,-0.011111
rec_6d1331adb9764db9,STU_133005,133005,SISWA_040,Kls 8_SISWA_032,2025-08-17,AGUSTUS,Sunday,FALSE,,NO_EXCEPTION_RECORDED,0,0,0,5,10,11,0.0,0.0,0.0,0,11,0.0,0,-1,0.0,0.011111,-0.011111
rec_f6905d7fb28f437b,STU_133005,133005,SISWA_040,Kls 8_SISWA_032,2025-08-18,AGUSTUS,Monday,UNKNOWN,,NO_EXCEPTION_RECORDED,0,0,0,5,10,11,0.0,0.0,0.0,0,11,0.0,0,-1,0.0,0.011111,-0.011111
rec_a864d5146fa931b2,STU_133005,133005,SISWA_040,Kls 8_SISWA_032,2025-08-19,AGUSTUS,Tuesday,TRUE,,NO_EXCEPTION_RECORDED,0,0,0,5,10,12,0.0,0.0,0.0,0,12,0.0,0,-1,0.0,0.0,0.0
rec_5d5ae1c0c7c33e0d,STU_133005,133005,SISWA_040,Kls 8_SISWA_032,2025-08-20,AGUSTUS,Wednesday,TRUE,,NO_EXCEPTION_RECORDED,0,0,0,5,10,13,0.0,0.0,0.0,0,13,0.0,0,-1,0.0,0.011111,-0.011111
rec_890a607700f43cbf,STU_133005,133005,SISWA_040,Kls 8_SISWA_032,2025-08-21,AGUSTUS,Thursday,TRUE,,NO_EXCEPTION_RECORDED,0,0,0,5,10,14,0.0,0.0,0.0,0,14,0.0,0,-1,0.0,0.011111,-0.011111
rec_889237cce5b86dfb,STU_133005,133005,SISWA_040,Kls 8_SISWA_032,2025-08-22,AGUSTUS,Friday,UNKNOWN,,NO_EXCEPTION_RECORDED,0,0,0,5,10,15,0.0,0.0,0.0,0,15,0.0,0,-1,0.0,0.011111,-0.011111
rec_a450aecf43c922fe,STU_133005,133005,SISWA_040,Kls 8_SISWA_032,2025-08-23,AGUSTUS,Saturday,FALSE,,NO_EXCEPTION_RECORDED,0,0,0,5,10,16,0.0,0.0,0.0,0,16,0.0,0,-1,0.0,0.011111,-0.011111
rec_0b1760ec2ab3a7fc,STU_133005,133005,SISWA_040,Kls 8_SISWA_032,2025-08-24,AGUSTUS,Sunday,FALSE,,NO_EXCEPTION_RECORDED,0,0,0,5,10,16,0.0,0.0,0.0,0,16,0.0,0,-1,0.0,0.011111,-0.011111
rec_bdd5257dc0b2dd6b,STU_133005,133005,SISWA_040,Kls 8_SISWA_032,2025-08-25,AGUSTUS,Monday,TRUE,,NO_EXCEPTION_RECORDED,0,0,0,5,10,16,0.0,0.0,0.0,0,16,0.0,0,-1,0.0,0.011111,-0.011111
rec_19a83464d02345fa,STU_133005,133005,SISWA_040,Kls 8_SISWA_032,2025-08-26,AGUSTUS,Tuesday,TRUE,,NO_EXCEPTION_RECORDED,0,0,0,5,10,17,0.0,0.0,0.0,0,17,0.0,0,-1,0.0,0.011111,-0.011111
rec_a9195ed779d9499a,STU_133005,133005,SISWA_040,Kls 8_SISWA_032,2025-08-27,AGUSTUS,Wednesday,TRUE,,NO_EXCEPTION_RECORDED,0,0,0,5,10,18,0.0,0.0,0.0,0,18,0.0,0,-1,0.0,0.011111,-0.011111
rec_0e209a968cb599c1,STU_133005,133005,SISWA_040,Kls 8_SISWA_032,2025-08-28,AGUSTUS,Thursday,TRUE,,NO_EXCEPTION_RECORDED,0,0,0,5,10,19,0.0,0.0,0.0,0,19,0.0,0,-1,0.0,0.011111,-0.011111
rec_249d16fae0dde9cd,STU_133005,133005,SISWA_040,Kls 8_SISWA_032,2025-08-29,AGUSTUS,Friday,TRUE,,NO_EXCEPTION_RECORDED,0,0,0,5,10,20,0.0,0.0,0.0,0,20,0.0,0,-1,0.0,0.022222,-0.022222
rec_328938f3060dfeea,STU_133005,133005,SISWA_040,Kls 8_SISWA_032,2025-08-30,AGUSTUS,Saturday,FALSE,,NO_EXCEPTION_RECORDED,0,0,0,5,10,21,0.0,0.0,0.0,0,21,0.0,0,-1,0.0,0.022222,-0.022222
rec_9c57b660105a4205,STU_133005,133005,SISWA_040,Kls 8_SISWA_032,2025-08-31,AGUSTUS,Sunday,FALSE,,NO_EXCEPTION_RECORDED,0,0,0,5,10,21,0.0,0.0,0.0,0,21,0.0,0,-1,0.0,0.022222,-0.022222
rec_16b0589f037218f5,STU_133005,133005,SISWA_040,Kls 8_SISWA_032,2025-09-01,SEPTEMBER,Monday,TRUE,,NO_EXCEPTION_RECORDED,0,0,0,5,10,20,0.0,0.0,0.0,0,21,0.0,0,-1,0.0,0.022222,-0.022222
rec_16f71eee1e88771f,STU_133005,133005,SISWA_040,Kls 8_SISWA_032,2025-09-02,SEPTEMBER,Tuesday,TRUE,,NO_EXCEPTION_RECORDED,0,0,0,5,10,21,0.0,0.0,0.0,0,22,0.0,0,-1,0.0,0.022222,-0.022222
rec_fd4878374cc002d3,STU_133005,133005,SISWA_040,Kls 8_SISWA_032,2025-09-03,SEPTEMBER,Wednesday,TRUE,,NO_EXCEPTION_RECORDED,0,0,0,5,10,22,0.0,0.0,0.0,0,23,0.0,0,-1,0.0,0.011111,-0.011111
rec_63b4b4c3957b5ef9,STU_133005,133005,SISWA_040,Kls 8_SISWA_032,2025-09-04,SEPTEMBER,Thursday,TRUE,,NO_EXCEPTION_RECORDED,0,0,0,5,10,22,0.0,0.0,0.0,0,24,0.0,0,-1,0.0,0.011111,-0.011111
rec_a5ccf81ee7033c10,STU_133005,133005,SISWA_040,Kls 8_SISWA_032,2025-09-05,SEPTEMBER,Friday,UNKNOWN,,NO_EXCEPTION_RECORDED,0,0,0,5,10,22,0.0,0.0,0.0,0,25,0.0,0,-1,0.0,0.0,0.0
rec_8dbe139a1af3b150,STU_133005,133005,SISWA_040,Kls 8_SISWA_032,2025-09-06,SEPTEMBER,Saturday,FALSE,,NO_EXCEPTION_RECORDED,0,0,0,5,10,22,0.0,0.0,0.0,0,26,0.0,0,-1,0.0,0.0,0.0
rec_a3807259564615d1,STU_133005,133005,SISWA_040,Kls 8_SISWA_032,2025-09-07,SEPTEMBER,Sunday,FALSE,,NO_EXCEPTION_RECORDED,0,0,0,5,10,21,0.0,0.0,0.0,0,26,0.0,0,-1,0.0,0.0,0.0
rec_5b3d4d1458d3596d,STU_133005,133005,SISWA_040,Kls 8_SISWA_032,2025-09-08,SEPTEMBER,Monday,TRUE,,NO_EXCEPTION_RECORDED,0,0,0,5,10,20,0.0,0.0,0.0,0,26,0.0,0,-1,0.0,0.0,0.0
rec_bf4b0f5ee5eb09f4,STU_133005,133005,SISWA_040,Kls 8_SISWA_032,2025-09-09,SEPTEMBER,Tuesday,TRUE,,NO_EXCEPTION_RECORDED,0,0,0,5,10,21,0.0,0.0,0.0,0,27,0.0,0,-1,0.0,0.0,0.0
rec_5bca0f765520a3ff,STU_133005,133005,SISWA_040,Kls 8_SISWA_032,2025-09-10,SEPTEMBER,Wednesday,TRUE,,NO_EXCEPTION_RECORDED,0,0,0,5,10,22,0.0,0.0,0.0,0,28,0.0,0,-1,0.0,0.0,0.0
rec_67be12e60e385636,STU_133005,133005,SISWA_040,Kls 8_SISWA_032,2025-09-11,SEPTEMBER,Thursday,TRUE,,NO_EXCEPTION_RECORDED,0,0,0,5,10,22,0.0,0.0,0.0,0,29,0.0,0,-1,0.0,0.011111,-0.011111
rec_376efe5ac2dadf5a,STU_133005,133005,SISWA_040,Kls 8_SISWA_032,2025-09-12,SEPTEMBER,Friday,TRUE,,NO_EXCEPTION_RECORDED,0,0,0,5,10,22,0.0,0.0,0.0,0,30,0.0,0,-1,0.0,0.011111,-0.011111
rec_83bd3ac8a2ebee1d,STU_133005,133005,SISWA_040,Kls 8_SISWA_032,2025-09-13,SEPTEMBER,Saturday,FALSE,,NO_EXCEPTION_RECORDED,0,0,0,5,10,22,0.0,0.0,0.0,0,31,0.0,0,-1,0.0,0.022222,-0.022222
rec_b7f1c93298c29b46,STU_133005,133005,SISWA_040,Kls 8_SISWA_032,2025-09-14,SEPTEMBER,Sunday,FALSE,,NO_EXCEPTION_RECORDED,0,0,0,5,10,21,0.0,0.0,0.0,0,31,0.0,0,-1,0.0,0.022222,-0.022222
rec_e5d8373a76a378a8,STU_133005,133005,SISWA_040,Kls 8_SISWA_032,2025-09-15,SEPTEMBER,Monday,TRUE,,NO_EXCEPTION_RECORDED,0,0,0,5,10,20,0.0,0.0,0.0,0,31,0.0,0,-1,0.0,0.022222,-0.022222
rec_23d2aa86824252f0,STU_133005,133005,SISWA_040,Kls 8_SISWA_032,2025-09-16,SEPTEMBER,Tuesday,TRUE,,NO_EXCEPTION_RECORDED,0,0,0,5,10,21,0.0,0.0,0.0,0,32,0.0,0,-1,0.0,0.044444,-0.044444
rec_b8dd2a115cc005be,STU_133005,133005,SISWA_040,Kls 8_SISWA_032,2025-09-17,SEPTEMBER,Wednesday,TRUE,,NO_EXCEPTION_RECORDED,0,0,0,5,10,22,0.0,0.0,0.0,0,33,0.0,0,-1,0.0,0.055556,-0.055556
rec_087a1340766f6f2e,STU_133005,133005,SISWA_040,Kls 8_SISWA_032,2025-09-18,SEPTEMBER,Thursday,TRUE,,NO_EXCEPTION_RECORDED,0,0,0,5,10,22,0.0,0.0,0.0,0,34,0.0,0,-1,0.0,0.044444,-0.044444
rec_75312b61c7f1145f,STU_133005,133005,SISWA_040,Kls 8_SISWA_032,2025-09-19,SEPTEMBER,Friday,TRUE,,NO_EXCEPTION_RECORDED,0,0,0,5,10,22,0.0,0.0,0.0,0,35,0.0,0,-1,0.0,0.044444,-0.044444
rec_70ac92461a2dec33,STU_133005,133005,SISWA_040,Kls 8_SISWA_032,2025-09-20,SEPTEMBER,Saturday,FALSE,,NO_EXCEPTION_RECORDED,0,0,0,5,10,22,0.0,0.0,0.0,0,36,0.0,0,-1,0.0,0.033333,-0.033333
rec_1a5fcf80ec52639a,STU_133005,133005,SISWA_040,Kls 8_SISWA_032,2025-09-21,SEPTEMBER,Sunday,FALSE,,NO_EXCEPTION_RECORDED,0,0,0,5,10,21,0.0,0.0,0.0,0,36,0.0,0,-1,0.0,0.033333,-0.033333
rec_7f2674c2c1b12d2b,STU_133005,133005,SISWA_040,Kls 8_SISWA_032,2025-09-22,SEPTEMBER,Monday,TRUE,,NO_EXCEPTION_RECORDED,0,0,0,5,10,20,0.0,0.0,0.0,0,36,0.0,0,-1,0.0,0.033333,-0.033333
rec_229819a4d08cb231,STU_133005,133005,SISWA_040,Kls 8_SISWA_032,2025-09-23,SEPTEMBER,Tuesday,TRUE,,NO_EXCEPTION_RECORDED,0,0,0,5,10,21,0.0,0.0,0.0,0,37,0.0,0,-1,0.0,0.011111,-0.011111
rec_590b9c2553773a50,STU_133005,133005,SISWA_040,Kls 8_SISWA_032,2025-09-24,SEPTEMBER,Wednesday,TRUE,,NO_EXCEPTION_RECORDED,0,0,0,5,10,22,0.0,0.0,0.0,0,38,0.0,0,-1,0.0,0.0,0.0
rec_c7378c64816e1b64,STU_133005,133005,SISWA_040,Kls 8_SISWA_032,2025-09-25,SEPTEMBER,Thursday,TRUE,,NO_EXCEPTION_RECORDED,0,0,0,5,10,22,0.0,0.0,0.0,0,39,0.0,0,-1,0.0,0.0,0.0
rec_4815f0f21f0f27e4,STU_133005,133005,SISWA_040,Kls 8_SISWA_032,2025-09-26,SEPTEMBER,Friday,TRUE,,NO_EXCEPTION_RECORDED,0,0,0,5,10,22,0.0,0.0,0.0,0,40,0.0,0,-1,0.0,0.0,0.0
rec_d1ff8d53911d3e82,STU_133005,133005,SISWA_040,Kls 8_SISWA_032,2025-09-27,SEPTEMBER,Saturday,FALSE,,NO_EXCEPTION_RECORDED,0,0,0,5,10,22,0.0,0.0,0.0,0,41,0.0,0,-1,0.0,0.011111,-0.011111
rec_0ca00b26141cae55,STU_133005,133005,SISWA_040,Kls 8_SISWA_032,2025-09-28,SEPTEMBER,Sunday,FALSE,,NO_EXCEPTION_RECORDED,0,0,0,5,10,21,0.0,0.0,0.0,0,41,0.0,0,-1,0.0,0.011111,-0.011111
rec_dac60e2678f94a75,STU_133005,133005,SISWA_040,Kls 8_SISWA_032,2025-09-29,SEPTEMBER,Monday,TRUE,,NO_EXCEPTION_RECORDED,0,0,0,5,10,20,0.0,0.0,0.0,0,41,0.0,0,-1,0.0,0.011111,-0.011111
rec_c3143e80cd97ccb7,STU_133005,133005,SISWA_040,Kls 8_SISWA_032,2025-09-30,SEPTEMBER,Tuesday,UNKNOWN,,NO_EXCEPTION_RECORDED,0,0,0,5,10,21,0.0,0.0,0.0,0,42,0.0,0,-1,0.0,0.022222,-0.022222
rec_9d245612688c79d8,STU_138163,138163,SISWA_071,Kls 8_SISWA_052,2025-08-01,AGUSTUS,Friday,UNKNOWN,,NO_EXCEPTION_RECORDED,0,0,0,0,0,0,0.0,0.0,0.0,0,0,0.0,0,-1,0.0,0.0,0.0
rec_b6918ff75b5f04f1,STU_138163,138163,SISWA_071,Kls 8_SISWA_052,2025-08-02,AGUSTUS,Saturday,FALSE,,NO_EXCEPTION_RECORDED,0,0,0,1,1,1,0.0,0.0,0.0,0,1,0.0,0,-1,0.0,0.0,0.0
rec_788b4eb6f32315f9,STU_138163,138163,SISWA_071,Kls 8_SISWA_052,2025-08-03,AGUSTUS,Sunday,FALSE,,NO_EXCEPTION_RECORDED,0,0,0,1,1,1,0.0,0.0,0.0,0,1,0.0,0,-1,0.0,0.0,0.0
rec_5e388a3c98dad04b,STU_138163,138163,SISWA_071,Kls 8_SISWA_052,2025-08-04,AGUSTUS,Monday,UNKNOWN,,NO_EXCEPTION_RECORDED,0,0,0,1,1,1,0.0,0.0,0.0,0,1,0.0,0,-1,0.0,0.0,0.0
rec_a62e723721504c37,STU_138163,138163,SISWA_071,Kls 8_SISWA_052,2025-08-05,AGUSTUS,Tuesday,TRUE,,NO_EXCEPTION_RECORDED,0,0,0,2,2,2,0.0,0.0,0.0,0,2,0.0,0,-1,0.0,0.0,0.0
rec_093568dcb6e0bb7d,STU_138163,138163,SISWA_071,Kls 8_SISWA_052,2025-08-06,AGUSTUS,Wednesday,UNKNOWN,,NO_EXCEPTION_RECORDED,0,0,0,3,3,3,0.0,0.0,0.0,0,3,0.0,0,-1,0.0,0.0,0.0
rec_860dfaa6a70c180e,STU_138163,138163,SISWA_071,Kls 8_SISWA_052,2025-08-07,AGUSTUS,Thursday,TRUE,,NO_EXCEPTION_RECORDED,0,0,0,4,4,4,0.0,0.0,0.0,0,4,0.0,0,-1,0.0,0.0,0.0
rec_03a50db24c291d10,STU_138163,138163,SISWA_071,Kls 8_SISWA_052,2025-08-08,AGUSTUS,Friday,TRUE,,NO_EXCEPTION_RECORDED,0,0,0,5,5,5,0.0,0.0,0.0,0,5,0.0,0,-1,0.0,0.011111,-0.011111
rec_68e517c707e7a6ca,STU_138163,138163,SISWA_071,Kls 8_SISWA_052,2025-08-09,AGUSTUS,Saturday,FALSE,,NO_EXCEPTION_RECORDED,0,0,0,5,6,6,0.0,0.0,0.0,0,6,0.0,0,-1,0.0,0.011111,-0.011111
rec_1a20cc4df3cd9f7c,STU_138163,138163,SISWA_071,Kls 8_SISWA_052,2025-08-10,AGUSTUS,Sunday,FALSE,,NO_EXCEPTION_RECORDED,0,0,0,5,6,6,0.0,0.0,0.0,0,6,0.0,0,-1,0.0,0.011111,-0.011111
rec_28c1f9f2d40e1f35,STU_138163,138163,SISWA_071,Kls 8_SISWA_052,2025-08-11,AGUSTUS,Monday,TRUE,,NO_EXCEPTION_RECORDED,0,0,0,5,6,6,0.0,0.0,0.0,0,6,0.0,0,-1,0.0,0.011111,-0.011111
rec_685a216ba92b5019,STU_138163,138163,SISWA_071,Kls 8_SISWA_052,2025-08-12,AGUSTUS,Tuesday,TRUE,,NO_EXCEPTION_RECORDED,0,0,0,5,7,7,0.0,0.0,0.0,0,7,0.0,0,-1,0.0,0.011111,-0.011111
rec_bc57a10fd1b34517,STU_138163,138163,SISWA_071,Kls 8_SISWA_052,2025-08-13,AGUSTUS,Wednesday,TRUE,,NO_EXCEPTION_RECORDED,0,0,0,5,8,8,0.0,0.0,0.0,0,8,0.0,0,-1,0.0,0.022222,-0.022222
rec_1241e8279085021f,STU_138163,138163,SISWA_071,Kls 8_SISWA_052,2025-08-14,AGUSTUS,Thursday,UNKNOWN,,NO_EXCEPTION_RECORDED,0,0,0,5,9,9,0.0,0.0,0.0,0,9,0.0,0,-1,0.0,0.033333,-0.033333
rec_13b8ebe7ba108c3b,STU_138163,138163,SISWA_071,Kls 8_SISWA_052,2025-08-15,AGUSTUS,Friday,UNKNOWN,,NO_EXCEPTION_RECORDED,0,0,0,5,10,10,0.0,0.0,0.0,0,10,0.0,0,-1,0.0,0.022222,-0.022222
rec_0bd0758409d592f4,STU_138163,138163,SISWA_071,Kls 8_SISWA_052,2025-08-16,AGUSTUS,Saturday,FALSE,,NO_EXCEPTION_RECORDED,0,0,0,5,10,11,0.0,0.0,0.0,0,11,0.0,0,-1,0.0,0.022222,-0.022222
rec_47f9ce4717037622,STU_138163,138163,SISWA_071,Kls 8_SISWA_052,2025-08-17,AGUSTUS,Sunday,FALSE,,NO_EXCEPTION_RECORDED,0,0,0,5,10,11,0.0,0.0,0.0,0,11,0.0,0,-1,0.0,0.022222,-0.022222
rec_14ba3f731eabf5d2,STU_138163,138163,SISWA_071,Kls 8_SISWA_052,2025-08-18,AGUSTUS,Monday,UNKNOWN,,NO_EXCEPTION_RECORDED,0,0,0,5,10,11,0.0,0.0,0.0,0,11,0.0,0,-1,0.0,0.022222,-0.022222
rec_9528a9310ad22ec5,STU_138163,138163,SISWA_071,Kls 8_SISWA_052,2025-08-19,AGUSTUS,Tuesday,TRUE,,NO_EXCEPTION_RECORDED,0,0,0,5,10,12,0.0,0.0,0.0,0,12,0.0,0,-1,0.0,0.022222,-0.022222
rec_faf2a81ef2752ac7,STU_138163,138163,SISWA_071,Kls 8_SISWA_052,2025-08-20,AGUSTUS,Wednesday,TRUE,,NO_EXCEPTION_RECORDED,0,0,0,5,10,13,0.0,0.0,0.0,0,13,0.0,0,-1,0.0,0.022222,-0.022222
rec_87bb0ea1be040793,STU_138163,138163,SISWA_071,Kls 8_SISWA_052,2025-08-21,AGUSTUS,Thursday,TRUE,,NO_EXCEPTION_RECORDED,0,0,0,5,10,14,0.0,0.0,0.0,0,14,0.0,0,-1,0.0,0.022222,-0.022222
rec_db781ba0bada51c1,STU_138163,138163,SISWA_071,Kls 8_SISWA_052,2025-08-22,AGUSTUS,Friday,UNKNOWN,,NO_EXCEPTION_RECORDED,0,0,0,5,10,15,0.0,0.0,0.0,0,15,0.0,0,-1,0.0,0.022222,-0.022222
rec_edfe9cdc8dbf1502,STU_138163,138163,SISWA_071,Kls 8_SISWA_052,2025-08-23,AGUSTUS,Saturday,FALSE,,NO_EXCEPTION_RECORDED,0,0,0,5,10,16,0.0,0.0,0.0,0,16,0.0,0,-1,0.0,0.022222,-0.022222
rec_f87323f523930bcb,STU_138163,138163,SISWA_071,Kls 8_SISWA_052,2025-08-24,AGUSTUS,Sunday,FALSE,,NO_EXCEPTION_RECORDED,0,0,0,5,10,16,0.0,0.0,0.0,0,16,0.0,0,-1,0.0,0.022222,-0.022222
rec_fdd0026b44f44ee9,STU_138163,138163,SISWA_071,Kls 8_SISWA_052,2025-08-25,AGUSTUS,Monday,TRUE,,NO_EXCEPTION_RECORDED,0,0,0,5,10,16,0.0,0.0,0.0,0,16,0.0,0,-1,0.0,0.022222,-0.022222
rec_0c6b146d38f354b1,STU_138163,138163,SISWA_071,Kls 8_SISWA_052,2025-08-26,AGUSTUS,Tuesday,TRUE,,NO_EXCEPTION_RECORDED,0,0,0,5,10,17,0.0,0.0,0.0,0,17,0.0,0,-1,0.0,0.033333,-0.033333
rec_a045cc387c0fe308,STU_138163,138163,SISWA_071,Kls 8_SISWA_052,2025-08-27,AGUSTUS,Wednesday,TRUE,,NO_EXCEPTION_RECORDED,0,0,0,5,10,18,0.0,0.0,0.0,0,18,0.0,0,-1,0.0,0.022222,-0.022222
rec_1bc44483c026aa90,STU_138163,138163,SISWA_071,Kls 8_SISWA_052,2025-08-28,AGUSTUS,Thursday,TRUE,,NO_EXCEPTION_RECORDED,0,0,0,5,10,19,0.0,0.0,0.0,0,19,0.0,0,-1,0.0,0.011111,-0.011111
rec_d3898bf101692a6b,STU_138163,138163,SISWA_071,Kls 8_SISWA_052,2025-08-29,AGUSTUS,Friday,TRUE,,NO_EXCEPTION_RECORDED,0,0,0,5,10,20,0.0,0.0,0.0,0,20,0.0,0,-1,0.0,0.011111,-0.011111
rec_f9ce8ff6bc10be0c,STU_138163,138163,SISWA_071,Kls 8_SISWA_052,2025-08-30,AGUSTUS,Saturday,FALSE,,NO_EXCEPTION_RECORDED,0,0,0,5,10,21,0.0,0.0,0.0,0,21,0.0,0,-1,0.0,0.011111,-0.011111
rec_5ed7c8809a21105d,STU_138163,138163,SISWA_071,Kls 8_SISWA_052,2025-08-31,AGUSTUS,Sunday,FALSE,,NO_EXCEPTION_RECORDED,0,0,0,5,10,21,0.0,0.0,0.0,0,21,0.0,0,-1,0.0,0.011111,-0.011111
rec_61a989b80389a9ab,STU_138163,138163,SISWA_071,Kls 8_SISWA_052,2025-09-01,SEPTEMBER,Monday,TRUE,,NO_EXCEPTION_RECORDED,0,0,0,5,10,20,0.0,0.0,0.0,0,21,0.0,0,-1,0.0,0.011111,-0.011111
rec_a8f210caff597c1b,STU_138163,138163,SISWA_071,Kls 8_SISWA_052,2025-09-02,SEPTEMBER,Tuesday,TRUE,,NO_EXCEPTION_RECORDED,0,0,0,5,10,21,0.0,0.0,0.0,0,22,0.0,0,-1,0.0,0.011111,-0.011111
rec_3e68fd0c65c7f7a2,STU_138163,138163,SISWA_071,Kls 8_SISWA_052,2025-09-03,SEPTEMBER,Wednesday,TRUE,,NO_EXCEPTION_RECORDED,0,0,0,5,10,22,0.0,0.0,0.0,0,23,0.0,0,-1,0.0,0.022222,-0.022222
rec_c1e347aa090623d8,STU_138163,138163,SISWA_071,Kls 8_SISWA_052,2025-09-04,SEPTEMBER,Thursday,TRUE,,NO_EXCEPTION_RECORDED,0,0,0,5,10,22,0.0,0.0,0.0,0,24,0.0,0,-1,0.0,0.022222,-0.022222
rec_05ab02c685c13ddf,STU_138163,138163,SISWA_071,Kls 8_SISWA_052,2025-09-05,SEPTEMBER,Friday,UNKNOWN,,NO_EXCEPTION_RECORDED,0,0,0,5,10,22,0.0,0.0,0.0,0,25,0.0,0,-1,0.0,0.022222,-0.022222
rec_c0ca4b0647064266,STU_138163,138163,SISWA_071,Kls 8_SISWA_052,2025-09-06,SEPTEMBER,Saturday,FALSE,,NO_EXCEPTION_RECORDED,0,0,0,5,10,22,0.0,0.0,0.0,0,26,0.0,0,-1,0.0,0.022222,-0.022222
rec_7f2f7e755f30ce85,STU_138163,138163,SISWA_071,Kls 8_SISWA_052,2025-09-07,SEPTEMBER,Sunday,FALSE,,NO_EXCEPTION_RECORDED,0,0,0,5,10,21,0.0,0.0,0.0,0,26,0.0,0,-1,0.0,0.022222,-0.022222
rec_00be8508352cfe43,STU_138163,138163,SISWA_071,Kls 8_SISWA_052,2025-09-08,SEPTEMBER,Monday,TRUE,,NO_EXCEPTION_RECORDED,0,0,0,5,10,20,0.0,0.0,0.0,0,26,0.0,0,-1,0.0,0.022222,-0.022222
rec_fe1986e25ff3e485,STU_138163,138163,SISWA_071,Kls 8_SISWA_052,2025-09-09,SEPTEMBER,Tuesday,TRUE,,NO_EXCEPTION_RECORDED,0,0,0,5,10,21,0.0,0.0,0.0,0,27,0.0,0,-1,0.0,0.011111,-0.011111
rec_e7aefc5a399e4b0c,STU_138163,138163,SISWA_071,Kls 8_SISWA_052,2025-09-10,SEPTEMBER,Wednesday,TRUE,,NO_EXCEPTION_RECORDED,0,0,0,5,10,22,0.0,0.0,0.0,0,28,0.0,0,-1,0.0,0.011111,-0.011111
rec_6e4333fef192f356,STU_138163,138163,SISWA_071,Kls 8_SISWA_052,2025-09-11,SEPTEMBER,Thursday,TRUE,,NO_EXCEPTION_RECORDED,0,0,0,5,10,22,0.0,0.0,0.0,0,29,0.0,0,-1,0.0,0.011111,-0.011111
rec_03e66b5771274a54,STU_138163,138163,SISWA_071,Kls 8_SISWA_052,2025-09-12,SEPTEMBER,Friday,TRUE,,NO_EXCEPTION_RECORDED,0,0,0,5,10,22,0.0,0.0,0.0,0,30,0.0,0,-1,0.0,0.011111,-0.011111
rec_f902c2b89df78bf3,STU_138163,138163,SISWA_071,Kls 8_SISWA_052,2025-09-13,SEPTEMBER,Saturday,FALSE,,NO_EXCEPTION_RECORDED,0,0,0,5,10,22,0.0,0.0,0.0,0,31,0.0,0,-1,0.0,0.011111,-0.011111
rec_55923aa40a98500f,STU_138163,138163,SISWA_071,Kls 8_SISWA_052,2025-09-14,SEPTEMBER,Sunday,FALSE,,NO_EXCEPTION_RECORDED,0,0,0,5,10,21,0.0,0.0,0.0,0,31,0.0,0,-1,0.0,0.011111,-0.011111
rec_f12fd6a352216309,STU_138163,138163,SISWA_071,Kls 8_SISWA_052,2025-09-15,SEPTEMBER,Monday,TRUE,,NO_EXCEPTION_RECORDED,0,0,0,5,10,20,0.0,0.0,0.0,0,31,0.0,0,-1,0.0,0.011111,-0.011111
rec_598bbb3f5b69dcd7,STU_138163,138163,SISWA_071,Kls 8_SISWA_052,2025-09-16,SEPTEMBER,Tuesday,TRUE,,NO_EXCEPTION_RECORDED,0,0,0,5,10,21,0.0,0.0,0.0,0,32,0.0,0,-1,0.0,0.022222,-0.022222
rec_97ce16cb69f15932,STU_138163,138163,SISWA_071,Kls 8_SISWA_052,2025-09-17,SEPTEMBER,Wednesday,TRUE,,NO_EXCEPTION_RECORDED,0,0,0,5,10,22,0.0,0.0,0.0,0,33,0.0,0,-1,0.0,0.011111,-0.011111
rec_524a3034eba52e73,STU_138163,138163,SISWA_071,Kls 8_SISWA_052,2025-09-18,SEPTEMBER,Thursday,TRUE,,NO_EXCEPTION_RECORDED,0,0,0,5,10,22,0.0,0.0,0.0,0,34,0.0,0,-1,0.0,0.011111,-0.011111
rec_eb7e5c465cfb14d1,STU_138163,138163,SISWA_071,Kls 8_SISWA_052,2025-09-19,SEPTEMBER,Friday,TRUE,,NO_EXCEPTION_RECORDED,0,0,0,5,10,22,0.0,0.0,0.0,0,35,0.0,0,-1,0.0,0.011111,-0.011111
rec_d8d9d1ba86ea3d94,STU_138163,138163,SISWA_071,Kls 8_SISWA_052,2025-09-20,SEPTEMBER,Saturday,FALSE,,NO_EXCEPTION_RECORDED,0,0,0,5,10,22,0.0,0.0,0.0,0,36,0.0,0,-1,0.0,0.011111,-0.011111
rec_2de3ab334a645dd5,STU_138163,138163,SISWA_071,Kls 8_SISWA_052,2025-09-21,SEPTEMBER,Sunday,FALSE,,NO_EXCEPTION_RECORDED,0,0,0,5,10,21,0.0,0.0,0.0,0,36,0.0,0,-1,0.0,0.011111,-0.011111
rec_186dbb86c997c656,STU_138163,138163,SISWA_071,Kls 8_SISWA_052,2025-09-22,SEPTEMBER,Monday,TRUE,,NO_EXCEPTION_RECORDED,0,0,0,5,10,20,0.0,0.0,0.0,0,36,0.0,0,-1,0.0,0.011111,-0.011111
rec_777724525c483591,STU_138163,138163,SISWA_071,Kls 8_SISWA_052,2025-09-23,SEPTEMBER,Tuesday,TRUE,,NO_EXCEPTION_RECORDED,0,0,0,5,10,21,0.0,0.0,0.0,0,37,0.0,0,-1,0.0,0.011111,-0.011111
rec_ec52e8a56ee7a4ab,STU_138163,138163,SISWA_071,Kls 8_SISWA_052,2025-09-24,SEPTEMBER,Wednesday,TRUE,,NO_EXCEPTION_RECORDED,0,0,0,5,10,22,0.0,0.0,0.0,0,38,0.0,0,-1,0.0,0.011111,-0.011111
rec_8781fa8ae3161f39,STU_138163,138163,SISWA_071,Kls 8_SISWA_052,2025-09-25,SEPTEMBER,Thursday,TRUE,,NO_EXCEPTION_RECORDED,0,0,0,5,10,22,0.0,0.0,0.0,0,39,0.0,0,-1,0.0,0.011111,-0.011111
rec_e9cc9991c9fff29e,STU_138163,138163,SISWA_071,Kls 8_SISWA_052,2025-09-26,SEPTEMBER,Friday,TRUE,,NO_EXCEPTION_RECORDED,0,0,0,5,10,22,0.0,0.0,0.0,0,40,0.0,0,-1,0.0,0.022222,-0.022222
rec_9b42966ea8a70603,STU_138163,138163,SISWA_071,Kls 8_SISWA_052,2025-09-27,SEPTEMBER,Saturday,FALSE,,NO_EXCEPTION_RECORDED,0,0,0,5,10,22,0.0,0.0,0.0,0,41,0.0,0,-1,0.0,0.022222,-0.022222
rec_a37b470aab94eb52,STU_138163,138163,SISWA_071,Kls 8_SISWA_052,2025-09-28,SEPTEMBER,Sunday,FALSE,,NO_EXCEPTION_RECORDED,0,0,0,5,10,21,0.0,0.0,0.0,0,41,0.0,0,-1,0.0,0.022222,-0.022222
rec_0cbe0341ac980bd1,STU_138163,138163,SISWA_071,Kls 8_SISWA_052,2025-09-29,SEPTEMBER,Monday,TRUE,,NO_EXCEPTION_RECORDED,0,0,0,5,10,20,0.0,0.0,0.0,0,41,0.0,0,-1,0.0,0.022222,-0.022222
rec_ac983afe59a2199e,STU_138163,138163,SISWA_071,Kls 8_SISWA_052,2025-09-30,SEPTEMBER,Tuesday,UNKNOWN,,NO_EXCEPTION_RECORDED,0,0,0,5,10,21,0.0,0.0,0.0,0,42,0.0,0,-1,0.0,0.011111,-0.011111
rec_d8c9d5c05fc416f9,STU_139313,139313,SISWA_094,Kls 9_SISWA_085,2025-08-01,AGUSTUS,Friday,UNKNOWN,,NO_EXCEPTION_RECORDED,0,0,0,0,0,0,0.0,0.0,0.0,0,0,0.0,0,-1,0.0,0.0,0.0
rec_3f044fcfa930f794,STU_139313,139313,SISWA_094,Kls 9_SISWA_085,2025-08-02,AGUSTUS,Saturday,FALSE,,NO_EXCEPTION_RECORDED,0,0,0,1,1,1,0.0,0.0,0.0,0,1,0.0,0,-1,0.0,0.0,0.0
rec_ec526934707afa4a,STU_139313,139313,SISWA_094,Kls 9_SISWA_085,2025-08-03,AGUSTUS,Sunday,FALSE,,NO_EXCEPTION_RECORDED,0,0,0,1,1,1,0.0,0.0,0.0,0,1,0.0,0,-1,0.0,0.0,0.0
rec_ad6db8b8ed90f9d8,STU_139313,139313,SISWA_094,Kls 9_SISWA_085,2025-08-04,AGUSTUS,Monday,UNKNOWN,,NO_EXCEPTION_RECORDED,0,0,0,1,1,1,0.0,0.0,0.0,0,1,0.0,0,-1,0.0,0.0,0.0
rec_c15feeb466c87dd5,STU_139313,139313,SISWA_094,Kls 9_SISWA_085,2025-08-05,AGUSTUS,Tuesday,TRUE,,NO_EXCEPTION_RECORDED,0,0,0,2,2,2,0.0,0.0,0.0,0,2,0.0,0,-1,0.0,0.0,0.0
rec_4ca98208af9fd931,STU_139313,139313,SISWA_094,Kls 9_SISWA_085,2025-08-06,AGUSTUS,Wednesday,UNKNOWN,,NO_EXCEPTION_RECORDED,0,0,0,3,3,3,0.0,0.0,0.0,0,3,0.0,0,-1,0.0,0.033333,-0.033333
rec_3b4739e75ea73933,STU_139313,139313,SISWA_094,Kls 9_SISWA_085,2025-08-07,AGUSTUS,Thursday,TRUE,,NO_EXCEPTION_RECORDED,0,0,0,4,4,4,0.0,0.0,0.0,0,4,0.0,0,-1,0.0,0.025,-0.025
rec_ce80f00e208dadfd,STU_139313,139313,SISWA_094,Kls 9_SISWA_085,2025-08-08,AGUSTUS,Friday,TRUE,,NO_EXCEPTION_RECORDED,0,0,0,5,5,5,0.0,0.0,0.0,0,5,0.0,0,-1,0.0,0.04,-0.04
rec_25a43e939ed63908,STU_139313,139313,SISWA_094,Kls 9_SISWA_085,2025-08-09,AGUSTUS,Saturday,FALSE,,NO_EXCEPTION_RECORDED,0,0,0,5,6,6,0.0,0.0,0.0,0,6,0.0,0,-1,0.0,0.06,-0.06
rec_78fe6542bbb8e249,STU_139313,139313,SISWA_094,Kls 9_SISWA_085,2025-08-10,AGUSTUS,Sunday,FALSE,,NO_EXCEPTION_RECORDED,0,0,0,5,6,6,0.0,0.0,0.0,0,6,0.0,0,-1,0.0,0.06,-0.06
rec_fa472526f8b16f56,STU_139313,139313,SISWA_094,Kls 9_SISWA_085,2025-08-11,AGUSTUS,Monday,TRUE,,NO_EXCEPTION_RECORDED,0,0,0,5,6,6,0.0,0.0,0.0,0,6,0.0,0,-1,0.0,0.06,-0.06
rec_7ee36e75aea7ed81,STU_139313,139313,SISWA_094,Kls 9_SISWA_085,2025-08-12,AGUSTUS,Tuesday,TRUE,,NO_EXCEPTION_RECORDED,0,0,0,5,7,7,0.0,0.0,0.0,0,7,0.0,0,-1,0.0,0.06,-0.06
rec_b7dfda55eb9f9c2a,STU_139313,139313,SISWA_094,Kls 9_SISWA_085,2025-08-13,AGUSTUS,Wednesday,TRUE,,NO_EXCEPTION_RECORDED,0,0,0,5,8,8,0.0,0.0,0.0,0,8,0.0,0,-1,0.0,0.04,-0.04
rec_c7076e8d10edd4f3,STU_139313,139313,SISWA_094,Kls 9_SISWA_085,2025-08-14,AGUSTUS,Thursday,UNKNOWN,,NO_EXCEPTION_RECORDED,0,0,0,5,9,9,0.0,0.0,0.0,0,9,0.0,0,-1,0.0,0.04,-0.04
rec_45ef51da39e9f50c,STU_139313,139313,SISWA_094,Kls 9_SISWA_085,2025-08-15,AGUSTUS,Friday,UNKNOWN,,NO_EXCEPTION_RECORDED,0,0,0,5,10,10,0.0,0.0,0.0,0,10,0.0,0,-1,0.0,0.02,-0.02
rec_794b848251de4fa0,STU_139313,139313,SISWA_094,Kls 9_SISWA_085,2025-08-16,AGUSTUS,Saturday,FALSE,,NO_EXCEPTION_RECORDED,0,0,0,5,10,11,0.0,0.0,0.0,0,11,0.0,0,-1,0.0,0.0,0.0
rec_0c11ad4af6405942,STU_139313,139313,SISWA_094,Kls 9_SISWA_085,2025-08-17,AGUSTUS,Sunday,FALSE,,NO_EXCEPTION_RECORDED,0,0,0,5,10,11,0.0,0.0,0.0,0,11,0.0,0,-1,0.0,0.0,0.0
rec_4f7d1e121277ba1e,STU_139313,139313,SISWA_094,Kls 9_SISWA_085,2025-08-18,AGUSTUS,Monday,UNKNOWN,,NO_EXCEPTION_RECORDED,0,0,0,5,10,11,0.0,0.0,0.0,0,11,0.0,0,-1,0.0,0.0,0.0
rec_b02e4da9c0f785f2,STU_139313,139313,SISWA_094,Kls 9_SISWA_085,2025-08-19,AGUSTUS,Tuesday,TRUE,,NO_EXCEPTION_RECORDED,0,0,0,5,10,12,0.0,0.0,0.0,0,12,0.0,0,-1,0.0,0.0,0.0
rec_99c206497bcc0e4b,STU_139313,139313,SISWA_094,Kls 9_SISWA_085,2025-08-20,AGUSTUS,Wednesday,TRUE,,NO_EXCEPTION_RECORDED,0,0,0,5,10,13,0.0,0.0,0.0,0,13,0.0,0,-1,0.0,0.0,0.0
rec_2c22504684193090,STU_139313,139313,SISWA_094,Kls 9_SISWA_085,2025-08-21,AGUSTUS,Thursday,TRUE,s,SOURCE_MARK_S,0,0,0,5,10,14,0.0,0.0,0.0,0,14,0.0,0,-1,0.0,0.0,0.0
rec_e60e4117cd46866c,STU_139313,139313,SISWA_094,Kls 9_SISWA_085,2025-08-22,AGUSTUS,Friday,UNKNOWN,,NO_EXCEPTION_RECORDED,1,1,1,5,10,15,0.2,0.1,0.066667,1,15,0.066667,1,1,0.133333,0.02,0.18
rec_cc4e249a0d6cd5d3,STU_139313,139313,SISWA_094,Kls 9_SISWA_085,2025-08-23,AGUSTUS,Saturday,FALSE,,NO_EXCEPTION_RECORDED,1,1,1,5,10,16,0.2,0.1,0.0625,1,16,0.0625,0,2,0.1375,0.02,0.18
rec_0204367a79c62309,STU_139313,139313,SISWA_094,Kls 9_SISWA_085,2025-08-24,AGUSTUS,Sunday,FALSE,,NO_EXCEPTION_RECORDED,1,1,1,5,10,16,0.2,0.1,0.0625,1,16,0.0625,0,3,0.1375,0.02,0.18
rec_f92e090a5a8747e9,STU_139313,139313,SISWA_094,Kls 9_SISWA_085,2025-08-25,AGUSTUS,Monday,TRUE,,NO_EXCEPTION_RECORDED,1,1,1,5,10,16,0.2,0.1,0.0625,1,16,0.0625,0,4,0.1375,0.02,0.18
rec_6872033bb2dd2a06,STU_139313,139313,SISWA_094,Kls 9_SISWA_085,2025-08-26,AGUSTUS,Tuesday,TRUE,,NO_EXCEPTION_RECORDED,1,1,1,5,10,17,0.2,0.1,0.058824,1,17,0.058824,0,5,0.141176,0.02,0.18
rec_9eb6b73006dcb5ce,STU_139313,139313,SISWA_094,Kls 9_SISWA_085,2025-08-27,AGUSTUS,Wednesday,TRUE,,NO_EXCEPTION_RECORDED,1,1,1,5,10,18,0.2,0.1,0.055556,1,18,0.055556,0,6,0.144444,0.02,0.18
rec_2160ac509c7b4fa4,STU_139313,139313,SISWA_094,Kls 9_SISWA_085,2025-08-28,AGUSTUS,Thursday,TRUE,,NO_EXCEPTION_RECORDED,1,1,1,5,10,19,0.2,0.1,0.052632,1,19,0.052632,0,7,0.147368,0.02,0.18
rec_cef0deee291fec25,STU_139313,139313,SISWA_094,Kls 9_SISWA_085,2025-08-29,AGUSTUS,Friday,TRUE,,NO_EXCEPTION_RECORDED,0,1,1,5,10,20,0.0,0.1,0.05,1,20,0.05,0,8,-0.05,0.0,0.0
rec_5b358ad7e2924785,STU_139313,139313,SISWA_094,Kls 9_SISWA_085,2025-08-30,AGUSTUS,Saturday,FALSE,,NO_EXCEPTION_RECORDED,0,1,1,5,10,21,0.0,0.1,0.047619,1,21,0.047619,0,9,-0.047619,0.0,0.0
rec_5002127f088571a4,STU_139313,139313,SISWA_094,Kls 9_SISWA_085,2025-08-31,AGUSTUS,Sunday,FALSE,,NO_EXCEPTION_RECORDED,0,1,1,5,10,21,0.0,0.1,0.047619,1,21,0.047619,0,10,-0.047619,0.0,0.0
rec_cb08cce17be712da,STU_139313,139313,SISWA_094,Kls 9_SISWA_085,2025-09-01,SEPTEMBER,Monday,TRUE,,NO_EXCEPTION_RECORDED,0,1,1,5,10,20,0.0,0.1,0.05,1,21,0.047619,0,11,-0.047619,0.0,0.0
rec_d9d68579948df3ab,STU_139313,139313,SISWA_094,Kls 9_SISWA_085,2025-09-02,SEPTEMBER,Tuesday,TRUE,,NO_EXCEPTION_RECORDED,0,1,1,5,10,21,0.0,0.1,0.047619,1,22,0.045455,0,12,-0.045455,0.020408,-0.020408
rec_c5edbd5ffff8efe0,STU_139313,139313,SISWA_094,Kls 9_SISWA_085,2025-09-03,SEPTEMBER,Wednesday,TRUE,,NO_EXCEPTION_RECORDED,0,1,1,5,10,22,0.0,0.1,0.045455,1,23,0.043478,0,13,-0.043478,0.020833,-0.020833
rec_1b52cfe302fc59c0,STU_139313,139313,SISWA_094,Kls 9_SISWA_085,2025-09-04,SEPTEMBER,Thursday,TRUE,,NO_EXCEPTION_RECORDED,0,1,1,5,10,22,0.0,0.1,0.045455,1,24,0.041667,0,14,-0.041667,0.021277,-0.021277
rec_b0ce627fa62f03fa,STU_139313,139313,SISWA_094,Kls 9_SISWA_085,2025-09-05,SEPTEMBER,Friday,UNKNOWN,,NO_EXCEPTION_RECORDED,0,0,1,5,10,22,0.0,0.0,0.045455,1,25,0.04,0,15,-0.04,0.021739,-0.021739
rec_62717781ba67c3d9,STU_139313,139313,SISWA_094,Kls 9_SISWA_085,2025-09-06,SEPTEMBER,Saturday,FALSE,,NO_EXCEPTION_RECORDED,0,0,1,5,10,22,0.0,0.0,0.045455,1,26,0.038462,0,16,-0.038462,0.022222,-0.022222
rec_aad7898a9a80f25c,STU_139313,139313,SISWA_094,Kls 9_SISWA_085,2025-09-07,SEPTEMBER,Sunday,FALSE,,NO_EXCEPTION_RECORDED,0,0,1,5,10,21,0.0,0.0,0.047619,1,26,0.038462,0,17,-0.038462,0.022222,-0.022222
rec_d87f2dc755767534,STU_139313,139313,SISWA_094,Kls 9_SISWA_085,2025-09-08,SEPTEMBER,Monday,TRUE,s,SOURCE_MARK_S,0,0,1,5,10,20,0.0,0.0,0.05,1,26,0.038462,0,18,-0.038462,0.022222,-0.022222
rec_3174ff687a0af4c1,STU_139313,139313,SISWA_094,Kls 9_SISWA_085,2025-09-09,SEPTEMBER,Tuesday,TRUE,,NO_EXCEPTION_RECORDED,1,1,2,5,10,21,0.2,0.1,0.095238,2,27,0.074074,1,1,0.125926,0.022222,0.177778
rec_4a627057020f851f,STU_139313,139313,SISWA_094,Kls 9_SISWA_085,2025-09-10,SEPTEMBER,Wednesday,TRUE,,NO_EXCEPTION_RECORDED,1,1,2,5,10,22,0.2,0.1,0.090909,2,28,0.071429,0,2,0.128571,0.022222,0.177778
rec_6633f6b7afb8570e,STU_139313,139313,SISWA_094,Kls 9_SISWA_085,2025-09-11,SEPTEMBER,Thursday,TRUE,,NO_EXCEPTION_RECORDED,1,1,2,5,10,22,0.2,0.1,0.090909,2,29,0.068966,0,3,0.131034,0.022222,0.177778
rec_1ac9f1b10a959f7a,STU_139313,139313,SISWA_094,Kls 9_SISWA_085,2025-09-12,SEPTEMBER,Friday,TRUE,,NO_EXCEPTION_RECORDED,1,1,2,5,10,22,0.2,0.1,0.090909,2,30,0.066667,0,4,0.133333,0.022222,0.177778
rec_3a6dbd1fd6908fa7,STU_139313,139313,SISWA_094,Kls 9_SISWA_085,2025-09-13,SEPTEMBER,Saturday,FALSE,,NO_EXCEPTION_RECORDED,1,1,2,5,10,22,0.2,0.1,0.090909,2,31,0.064516,0,5,0.135484,0.022222,0.177778
rec_a3fa4ab198baeaa4,STU_139313,139313,SISWA_094,Kls 9_SISWA_085,2025-09-14,SEPTEMBER,Sunday,FALSE,,NO_EXCEPTION_RECORDED,1,1,2,5,10,21,0.2,0.1,0.095238,2,31,0.064516,0,6,0.135484,0.022222,0.177778
rec_9cdb0cf55c8dc766,STU_139313,139313,SISWA_094,Kls 9_SISWA_085,2025-09-15,SEPTEMBER,Monday,TRUE,,NO_EXCEPTION_RECORDED,1,1,2,5,10,20,0.2,0.1,0.1,2,31,0.064516,0,7,0.135484,0.022222,0.177778
rec_a8b276e0051fadb4,STU_139313,139313,SISWA_094,Kls 9_SISWA_085,2025-09-16,SEPTEMBER,Tuesday,TRUE,,NO_EXCEPTION_RECORDED,0,1,2,5,10,21,0.0,0.1,0.095238,2,32,0.0625,0,8,-0.0625,0.0,0.0
rec_72546ee42d441cd0,STU_139313,139313,SISWA_094,Kls 9_SISWA_085,2025-09-17,SEPTEMBER,Wednesday,TRUE,,NO_EXCEPTION_RECORDED,0,1,2,5,10,22,0.0,0.1,0.090909,2,33,0.060606,0,9,-0.060606,0.0,0.0
rec_c40e1d1f3b52addc,STU_139313,139313,SISWA_094,Kls 9_SISWA_085,2025-09-18,SEPTEMBER,Thursday,TRUE,,NO_EXCEPTION_RECORDED,0,1,2,5,10,22,0.0,0.1,0.090909,2,34,0.058824,0,10,-0.058824,0.0,0.0
rec_457d522966219350,STU_139313,139313,SISWA_094,Kls 9_SISWA_085,2025-09-19,SEPTEMBER,Friday,TRUE,,NO_EXCEPTION_RECORDED,0,1,2,5,10,22,0.0,0.1,0.090909,2,35,0.057143,0,11,-0.057143,0.0,0.0
rec_5d5b8b1c961c1654,STU_139313,139313,SISWA_094,Kls 9_SISWA_085,2025-09-20,SEPTEMBER,Saturday,FALSE,,NO_EXCEPTION_RECORDED,0,1,2,5,10,22,0.0,0.1,0.090909,2,36,0.055556,0,12,-0.055556,0.0,0.0
rec_4577d0421a43af70,STU_139313,139313,SISWA_094,Kls 9_SISWA_085,2025-09-21,SEPTEMBER,Sunday,FALSE,,NO_EXCEPTION_RECORDED,0,1,1,5,10,21,0.0,0.1,0.047619,2,36,0.055556,0,13,-0.055556,0.0,0.0
rec_4613209bba75f5bc,STU_139313,139313,SISWA_094,Kls 9_SISWA_085,2025-09-22,SEPTEMBER,Monday,TRUE,,NO_EXCEPTION_RECORDED,0,1,1,5,10,20,0.0,0.1,0.05,2,36,0.055556,0,14,-0.055556,0.0,0.0
rec_b08c992e2d0ea53c,STU_139313,139313,SISWA_094,Kls 9_SISWA_085,2025-09-23,SEPTEMBER,Tuesday,TRUE,s,SOURCE_MARK_S,0,0,1,5,10,21,0.0,0.0,0.047619,2,37,0.054054,0,15,-0.054054,0.0,0.0
rec_8658a9691031a335,STU_139313,139313,SISWA_094,Kls 9_SISWA_085,2025-09-24,SEPTEMBER,Wednesday,TRUE,,NO_EXCEPTION_RECORDED,1,1,2,5,10,22,0.2,0.1,0.090909,3,38,0.078947,1,1,0.121053,0.022222,0.177778
rec_589e5fabdf674dbe,STU_139313,139313,SISWA_094,Kls 9_SISWA_085,2025-09-25,SEPTEMBER,Thursday,TRUE,,NO_EXCEPTION_RECORDED,1,1,2,5,10,22,0.2,0.1,0.090909,3,39,0.076923,0,2,0.123077,0.044444,0.155556
rec_69397d246006a0f8,STU_139313,139313,SISWA_094,Kls 9_SISWA_085,2025-09-26,SEPTEMBER,Friday,TRUE,,NO_EXCEPTION_RECORDED,1,1,2,5,10,22,0.2,0.1,0.090909,3,40,0.075,0,3,0.125,0.088889,0.111111
rec_d1fd1126c455b134,STU_139313,139313,SISWA_094,Kls 9_SISWA_085,2025-09-27,SEPTEMBER,Saturday,FALSE,,NO_EXCEPTION_RECORDED,1,1,2,5,10,22,0.2,0.1,0.090909,3,41,0.073171,0,4,0.126829,0.111111,0.088889
rec_110e0be8d400fab3,STU_139313,139313,SISWA_094,Kls 9_SISWA_085,2025-09-28,SEPTEMBER,Sunday,FALSE,,NO_EXCEPTION_RECORDED,1,1,2,5,10,21,0.2,0.1,0.095238,3,41,0.073171,0,5,0.126829,0.111111,0.088889
rec_340762307905fecf,STU_139313,139313,SISWA_094,Kls 9_SISWA_085,2025-09-29,SEPTEMBER,Monday,TRUE,,NO_EXCEPTION_RECORDED,1,1,2,5,10,20,0.2,0.1,0.1,3,41,0.073171,0,6,0.126829,0.111111,0.088889
rec_a6ee0ecb25820288,STU_139313,139313,SISWA_094,Kls 9_SISWA_085,2025-09-30,SEPTEMBER,Tuesday,UNKNOWN,,NO_EXCEPTION_RECORDED,1,1,2,5,10,21,0.2,0.1,0.095238,3,42,0.071429,0,7,0.128571,0.111111,0.088889
rec_13c44758dd2978df,STU_140242,140242,SISWA_013,Kls 7_SISWA_001,2025-08-01,AGUSTUS,Friday,UNKNOWN,,NO_EXCEPTION_RECORDED,0,0,0,0,0,0,0.0,0.0,0.0,0,0,0.0,0,-1,0.0,0.0,0.0
rec_3189ce360641dda8,STU_140242,140242,SISWA_013,Kls 7_SISWA_001,2025-08-02,AGUSTUS,Saturday,FALSE,,NO_EXCEPTION_RECORDED,0,0,0,1,1,1,0.0,0.0,0.0,0,1,0.0,0,-1,0.0,0.0,0.0
rec_243ded36b89dafd1,STU_140242,140242,SISWA_013,Kls 7_SISWA_001,2025-08-03,AGUSTUS,Sunday,FALSE,,NO_EXCEPTION_RECORDED,0,0,0,1,1,1,0.0,0.0,0.0,0,1,0.0,0,-1,0.0,0.0,0.0
rec_a536d0c60b55c86f,STU_140242,140242,SISWA_013,Kls 7_SISWA_001,2025-08-04,AGUSTUS,Monday,UNKNOWN,,NO_EXCEPTION_RECORDED,0,0,0,1,1,1,0.0,0.0,0.0,0,1,0.0,0,-1,0.0,0.0,0.0
rec_0cecdbae123154a2,STU_140242,140242,SISWA_013,Kls 7_SISWA_001,2025-08-05,AGUSTUS,Tuesday,TRUE,,NO_EXCEPTION_RECORDED,0,0,0,2,2,2,0.0,0.0,0.0,0,2,0.0,0,-1,0.0,0.0,0.0
rec_c56aa9f6ba778702,STU_140242,140242,SISWA_013,Kls 7_SISWA_001,2025-08-06,AGUSTUS,Wednesday,UNKNOWN,,NO_EXCEPTION_RECORDED,0,0,0,3,3,3,0.0,0.0,0.0,0,3,0.0,0,-1,0.0,0.0,0.0
rec_c0e6956043374c4c,STU_140242,140242,SISWA_013,Kls 7_SISWA_001,2025-08-07,AGUSTUS,Thursday,TRUE,,NO_EXCEPTION_RECORDED,0,0,0,4,4,4,0.0,0.0,0.0,0,4,0.0,0,-1,0.0,0.0,0.0
rec_4da9ee309402e171,STU_140242,140242,SISWA_013,Kls 7_SISWA_001,2025-08-08,AGUSTUS,Friday,TRUE,,NO_EXCEPTION_RECORDED,0,0,0,5,5,5,0.0,0.0,0.0,0,5,0.0,0,-1,0.0,0.0,0.0
rec_b23c8e7360e9e423,STU_140242,140242,SISWA_013,Kls 7_SISWA_001,2025-08-09,AGUSTUS,Saturday,FALSE,,NO_EXCEPTION_RECORDED,0,0,0,5,6,6,0.0,0.0,0.0,0,6,0.0,0,-1,0.0,0.0,0.0
rec_35ddc20cb3f1724c,STU_140242,140242,SISWA_013,Kls 7_SISWA_001,2025-08-10,AGUSTUS,Sunday,FALSE,,NO_EXCEPTION_RECORDED,0,0,0,5,6,6,0.0,0.0,0.0,0,6,0.0,0,-1,0.0,0.0,0.0
rec_ec9ce506adae4a6b,STU_140242,140242,SISWA_013,Kls 7_SISWA_001,2025-08-11,AGUSTUS,Monday,TRUE,,NO_EXCEPTION_RECORDED,0,0,0,5,6,6,0.0,0.0,0.0,0,6,0.0,0,-1,0.0,0.0,0.0
rec_13634ca9eb34ac25,STU_140242,140242,SISWA_013,Kls 7_SISWA_001,2025-08-12,AGUSTUS,Tuesday,TRUE,,NO_EXCEPTION_RECORDED,0,0,0,5,7,7,0.0,0.0,0.0,0,7,0.0,0,-1,0.0,0.0,0.0
rec_b66ece6c02c4bb11,STU_140242,140242,SISWA_013,Kls 7_SISWA_001,2025-08-13,AGUSTUS,Wednesday,TRUE,,NO_EXCEPTION_RECORDED,0,0,0,5,8,8,0.0,0.0,0.0,0,8,0.0,0,-1,0.0,0.015385,-0.015385
rec_b7b37490ce026d84,STU_140242,140242,SISWA_013,Kls 7_SISWA_001,2025-08-14,AGUSTUS,Thursday,UNKNOWN,,NO_EXCEPTION_RECORDED,0,0,0,5,9,9,0.0,0.0,0.0,0,9,0.0,0,-1,0.0,0.015385,-0.015385
rec_b4e3c5013dece203,STU_140242,140242,SISWA_013,Kls 7_SISWA_001,2025-08-15,AGUSTUS,Friday,UNKNOWN,,NO_EXCEPTION_RECORDED,0,0,0,5,10,10,0.0,0.0,0.0,0,10,0.0,0,-1,0.0,0.015385,-0.015385
rec_0667c4bc21d98732,STU_140242,140242,SISWA_013,Kls 7_SISWA_001,2025-08-16,AGUSTUS,Saturday,FALSE,,NO_EXCEPTION_RECORDED,0,0,0,5,10,11,0.0,0.0,0.0,0,11,0.0,0,-1,0.0,0.015385,-0.015385
rec_88fcecd3da8afa74,STU_140242,140242,SISWA_013,Kls 7_SISWA_001,2025-08-17,AGUSTUS,Sunday,FALSE,,NO_EXCEPTION_RECORDED,0,0,0,5,10,11,0.0,0.0,0.0,0,11,0.0,0,-1,0.0,0.015385,-0.015385
rec_fe6f3afc05440d79,STU_140242,140242,SISWA_013,Kls 7_SISWA_001,2025-08-18,AGUSTUS,Monday,UNKNOWN,,NO_EXCEPTION_RECORDED,0,0,0,5,10,11,0.0,0.0,0.0,0,11,0.0,0,-1,0.0,0.015385,-0.015385
rec_a786eeccf7829b3f,STU_140242,140242,SISWA_013,Kls 7_SISWA_001,2025-08-19,AGUSTUS,Tuesday,TRUE,,NO_EXCEPTION_RECORDED,0,0,0,5,10,12,0.0,0.0,0.0,0,12,0.0,0,-1,0.0,0.015385,-0.015385
rec_1adc8968fd65ddb7,STU_140242,140242,SISWA_013,Kls 7_SISWA_001,2025-08-20,AGUSTUS,Wednesday,TRUE,,NO_EXCEPTION_RECORDED,0,0,0,5,10,13,0.0,0.0,0.0,0,13,0.0,0,-1,0.0,0.0,0.0
rec_431252d8a14b90fe,STU_140242,140242,SISWA_013,Kls 7_SISWA_001,2025-08-21,AGUSTUS,Thursday,TRUE,,NO_EXCEPTION_RECORDED,0,0,0,5,10,14,0.0,0.0,0.0,0,14,0.0,0,-1,0.0,0.0,0.0
rec_01c43be7af9c75b7,STU_140242,140242,SISWA_013,Kls 7_SISWA_001,2025-08-22,AGUSTUS,Friday,UNKNOWN,,NO_EXCEPTION_RECORDED,0,0,0,5,10,15,0.0,0.0,0.0,0,15,0.0,0,-1,0.0,0.0,0.0
rec_41a4ddab4185fcc4,STU_140242,140242,SISWA_013,Kls 7_SISWA_001,2025-08-23,AGUSTUS,Saturday,FALSE,,NO_EXCEPTION_RECORDED,0,0,0,5,10,16,0.0,0.0,0.0,0,16,0.0,0,-1,0.0,0.0,0.0
rec_01167fee0ef2c9da,STU_140242,140242,SISWA_013,Kls 7_SISWA_001,2025-08-24,AGUSTUS,Sunday,FALSE,,NO_EXCEPTION_RECORDED,0,0,0,5,10,16,0.0,0.0,0.0,0,16,0.0,0,-1,0.0,0.0,0.0
rec_26b8f858d5a65538,STU_140242,140242,SISWA_013,Kls 7_SISWA_001,2025-08-25,AGUSTUS,Monday,TRUE,,NO_EXCEPTION_RECORDED,0,0,0,5,10,16,0.0,0.0,0.0,0,16,0.0,0,-1,0.0,0.0,0.0
rec_f16efc3c9ac7c388,STU_140242,140242,SISWA_013,Kls 7_SISWA_001,2025-08-26,AGUSTUS,Tuesday,TRUE,,NO_EXCEPTION_RECORDED,0,0,0,5,10,17,0.0,0.0,0.0,0,17,0.0,0,-1,0.0,0.015385,-0.015385
rec_2ad23ae4146fc692,STU_140242,140242,SISWA_013,Kls 7_SISWA_001,2025-08-27,AGUSTUS,Wednesday,TRUE,,NO_EXCEPTION_RECORDED,0,0,0,5,10,18,0.0,0.0,0.0,0,18,0.0,0,-1,0.0,0.015385,-0.015385
rec_85499b18dd5b664b,STU_140242,140242,SISWA_013,Kls 7_SISWA_001,2025-08-28,AGUSTUS,Thursday,TRUE,,NO_EXCEPTION_RECORDED,0,0,0,5,10,19,0.0,0.0,0.0,0,19,0.0,0,-1,0.0,0.015385,-0.015385
rec_8325dd787f7ff936,STU_140242,140242,SISWA_013,Kls 7_SISWA_001,2025-08-29,AGUSTUS,Friday,TRUE,,NO_EXCEPTION_RECORDED,0,0,0,5,10,20,0.0,0.0,0.0,0,20,0.0,0,-1,0.0,0.015385,-0.015385
rec_e11ef35295c89eca,STU_140242,140242,SISWA_013,Kls 7_SISWA_001,2025-08-30,AGUSTUS,Saturday,FALSE,,NO_EXCEPTION_RECORDED,0,0,0,5,10,21,0.0,0.0,0.0,0,21,0.0,0,-1,0.0,0.015385,-0.015385
rec_8a360da464ef3f8b,STU_140242,140242,SISWA_013,Kls 7_SISWA_001,2025-08-31,AGUSTUS,Sunday,FALSE,,NO_EXCEPTION_RECORDED,0,0,0,5,10,21,0.0,0.0,0.0,0,21,0.0,0,-1,0.0,0.015385,-0.015385
rec_ae5a1e6e7eb0c39d,STU_140242,140242,SISWA_013,Kls 7_SISWA_001,2025-09-01,SEPTEMBER,Monday,TRUE,,NO_EXCEPTION_RECORDED,0,0,0,5,10,20,0.0,0.0,0.0,0,21,0.0,0,-1,0.0,0.015385,-0.015385
rec_0ff2999e8d31e00d,STU_140242,140242,SISWA_013,Kls 7_SISWA_001,2025-09-02,SEPTEMBER,Tuesday,TRUE,,NO_EXCEPTION_RECORDED,0,0,0,5,10,21,0.0,0.0,0.0,0,22,0.0,0,-1,0.0,0.0,0.0
rec_3c6f333aa3fac3d7,STU_140242,140242,SISWA_013,Kls 7_SISWA_001,2025-09-03,SEPTEMBER,Wednesday,TRUE,,NO_EXCEPTION_RECORDED,0,0,0,5,10,22,0.0,0.0,0.0,0,23,0.0,0,-1,0.0,0.0,0.0
rec_e0c3a2962407f04d,STU_140242,140242,SISWA_013,Kls 7_SISWA_001,2025-09-04,SEPTEMBER,Thursday,TRUE,,NO_EXCEPTION_RECORDED,0,0,0,5,10,22,0.0,0.0,0.0,0,24,0.0,0,-1,0.0,0.0,0.0
rec_c604508d73b052a9,STU_140242,140242,SISWA_013,Kls 7_SISWA_001,2025-09-05,SEPTEMBER,Friday,UNKNOWN,,NO_EXCEPTION_RECORDED,0,0,0,5,10,22,0.0,0.0,0.0,0,25,0.0,0,-1,0.0,0.0,0.0
rec_d8999cb907afc29f,STU_140242,140242,SISWA_013,Kls 7_SISWA_001,2025-09-06,SEPTEMBER,Saturday,FALSE,,NO_EXCEPTION_RECORDED,0,0,0,5,10,22,0.0,0.0,0.0,0,26,0.0,0,-1,0.0,0.0,0.0
rec_ee44411d554308ec,STU_140242,140242,SISWA_013,Kls 7_SISWA_001,2025-09-07,SEPTEMBER,Sunday,FALSE,,NO_EXCEPTION_RECORDED,0,0,0,5,10,21,0.0,0.0,0.0,0,26,0.0,0,-1,0.0,0.0,0.0
rec_ad224764b1a591c0,STU_140242,140242,SISWA_013,Kls 7_SISWA_001,2025-09-08,SEPTEMBER,Monday,TRUE,,NO_EXCEPTION_RECORDED,0,0,0,5,10,20,0.0,0.0,0.0,0,26,0.0,0,-1,0.0,0.0,0.0
rec_57860e5e2027bd6a,STU_140242,140242,SISWA_013,Kls 7_SISWA_001,2025-09-09,SEPTEMBER,Tuesday,TRUE,,NO_EXCEPTION_RECORDED,0,0,0,5,10,21,0.0,0.0,0.0,0,27,0.0,0,-1,0.0,0.0,0.0
rec_efe1b4482abf4650,STU_140242,140242,SISWA_013,Kls 7_SISWA_001,2025-09-10,SEPTEMBER,Wednesday,TRUE,,NO_EXCEPTION_RECORDED,0,0,0,5,10,22,0.0,0.0,0.0,0,28,0.0,0,-1,0.0,0.0,0.0
rec_ca3a730611d32f4e,STU_140242,140242,SISWA_013,Kls 7_SISWA_001,2025-09-11,SEPTEMBER,Thursday,TRUE,,NO_EXCEPTION_RECORDED,0,0,0,5,10,22,0.0,0.0,0.0,0,29,0.0,0,-1,0.0,0.0,0.0
rec_16e3cd0e4846b171,STU_140242,140242,SISWA_013,Kls 7_SISWA_001,2025-09-12,SEPTEMBER,Friday,TRUE,,NO_EXCEPTION_RECORDED,0,0,0,5,10,22,0.0,0.0,0.0,0,30,0.0,0,-1,0.0,0.015385,-0.015385
rec_8bd4a8a0dd06b639,STU_140242,140242,SISWA_013,Kls 7_SISWA_001,2025-09-13,SEPTEMBER,Saturday,FALSE,,NO_EXCEPTION_RECORDED,0,0,0,5,10,22,0.0,0.0,0.0,0,31,0.0,0,-1,0.0,0.015385,-0.015385
rec_16085098339b79c2,STU_140242,140242,SISWA_013,Kls 7_SISWA_001,2025-09-14,SEPTEMBER,Sunday,FALSE,,NO_EXCEPTION_RECORDED,0,0,0,5,10,21,0.0,0.0,0.0,0,31,0.0,0,-1,0.0,0.015385,-0.015385
rec_f022beb69351a857,STU_140242,140242,SISWA_013,Kls 7_SISWA_001,2025-09-15,SEPTEMBER,Monday,TRUE,,NO_EXCEPTION_RECORDED,0,0,0,5,10,20,0.0,0.0,0.0,0,31,0.0,0,-1,0.0,0.015385,-0.015385
rec_547a053e88de6f8b,STU_140242,140242,SISWA_013,Kls 7_SISWA_001,2025-09-16,SEPTEMBER,Tuesday,TRUE,,NO_EXCEPTION_RECORDED,0,0,0,5,10,21,0.0,0.0,0.0,0,32,0.0,0,-1,0.0,0.015385,-0.015385
rec_cdf75fe178d5d9a3,STU_140242,140242,SISWA_013,Kls 7_SISWA_001,2025-09-17,SEPTEMBER,Wednesday,TRUE,,NO_EXCEPTION_RECORDED,0,0,0,5,10,22,0.0,0.0,0.0,0,33,0.0,0,-1,0.0,0.015385,-0.015385
rec_a9117d6f32fa343c,STU_140242,140242,SISWA_013,Kls 7_SISWA_001,2025-09-18,SEPTEMBER,Thursday,TRUE,,NO_EXCEPTION_RECORDED,0,0,0,5,10,22,0.0,0.0,0.0,0,34,0.0,0,-1,0.0,0.015385,-0.015385
rec_82ed212dbb0cac60,STU_140242,140242,SISWA_013,Kls 7_SISWA_001,2025-09-19,SEPTEMBER,Friday,TRUE,,NO_EXCEPTION_RECORDED,0,0,0,5,10,22,0.0,0.0,0.0,0,35,0.0,0,-1,0.0,0.0,0.0
rec_3e54d17a3d69b8ca,STU_140242,140242,SISWA_013,Kls 7_SISWA_001,2025-09-20,SEPTEMBER,Saturday,FALSE,,NO_EXCEPTION_RECORDED,0,0,0,5,10,22,0.0,0.0,0.0,0,36,0.0,0,-1,0.0,0.0,0.0
rec_dc9b0cab8ece972d,STU_140242,140242,SISWA_013,Kls 7_SISWA_001,2025-09-21,SEPTEMBER,Sunday,FALSE,,NO_EXCEPTION_RECORDED,0,0,0,5,10,21,0.0,0.0,0.0,0,36,0.0,0,-1,0.0,0.0,0.0
rec_d1eb85b3b8306665,STU_140242,140242,SISWA_013,Kls 7_SISWA_001,2025-09-22,SEPTEMBER,Monday,TRUE,,NO_EXCEPTION_RECORDED,0,0,0,5,10,20,0.0,0.0,0.0,0,36,0.0,0,-1,0.0,0.0,0.0
rec_f647ed905e19ae14,STU_140242,140242,SISWA_013,Kls 7_SISWA_001,2025-09-23,SEPTEMBER,Tuesday,TRUE,,NO_EXCEPTION_RECORDED,0,0,0,5,10,21,0.0,0.0,0.0,0,37,0.0,0,-1,0.0,0.0,0.0
rec_e425f075857ad590,STU_140242,140242,SISWA_013,Kls 7_SISWA_001,2025-09-24,SEPTEMBER,Wednesday,TRUE,s,SOURCE_MARK_S,0,0,0,5,10,22,0.0,0.0,0.0,0,38,0.0,0,-1,0.0,0.015385,-0.015385
rec_120ed3d32852f59f,STU_140242,140242,SISWA_013,Kls 7_SISWA_001,2025-09-25,SEPTEMBER,Thursday,TRUE,,NO_EXCEPTION_RECORDED,1,1,1,5,10,22,0.2,0.1,0.045455,1,39,0.025641,1,1,0.174359,0.030769,0.169231
rec_445d441662f232f6,STU_140242,140242,SISWA_013,Kls 7_SISWA_001,2025-09-26,SEPTEMBER,Friday,TRUE,,NO_EXCEPTION_RECORDED,1,1,1,5,10,22,0.2,0.1,0.045455,1,40,0.025,0,2,0.175,0.046154,0.153846
rec_9a3141674a4b2255,STU_140242,140242,SISWA_013,Kls 7_SISWA_001,2025-09-27,SEPTEMBER,Saturday,FALSE,,NO_EXCEPTION_RECORDED,1,1,1,5,10,22,0.2,0.1,0.045455,1,41,0.02439,0,3,0.17561,0.046154,0.153846
rec_fd1573b88d866bbd,STU_140242,140242,SISWA_013,Kls 7_SISWA_001,2025-09-28,SEPTEMBER,Sunday,FALSE,,NO_EXCEPTION_RECORDED,1,1,1,5,10,21,0.2,0.1,0.047619,1,41,0.02439,0,4,0.17561,0.046154,0.153846
rec_ee2881c01593f2b3,STU_140242,140242,SISWA_013,Kls 7_SISWA_001,2025-09-29,SEPTEMBER,Monday,TRUE,,NO_EXCEPTION_RECORDED,1,1,1,5,10,20,0.2,0.1,0.05,1,41,0.02439,0,5,0.17561,0.046154,0.153846
rec_a39686548f23f97b,STU_140242,140242,SISWA_013,Kls 7_SISWA_001,2025-09-30,SEPTEMBER,Tuesday,UNKNOWN,,NO_EXCEPTION_RECORDED,1,1,1,5,10,21,0.2,0.1,0.047619,1,42,0.02381,0,6,0.17619,0.061538,0.138462
rec_fb21b92689edd9bc,STU_147311,147311,SISWA_059,Kls 8_SISWA_052,2025-08-01,AGUSTUS,Friday,UNKNOWN,,NO_EXCEPTION_RECORDED,0,0,0,0,0,0,0.0,0.0,0.0,0,0,0.0,0,-1,0.0,0.0,0.0
rec_75a791bde911cbbb,STU_147311,147311,SISWA_059,Kls 8_SISWA_052,2025-08-02,AGUSTUS,Saturday,FALSE,,NO_EXCEPTION_RECORDED,0,0,0,1,1,1,0.0,0.0,0.0,0,1,0.0,0,-1,0.0,0.0,0.0
rec_6bc11d1217e38089,STU_147311,147311,SISWA_059,Kls 8_SISWA_052,2025-08-03,AGUSTUS,Sunday,FALSE,,NO_EXCEPTION_RECORDED,0,0,0,1,1,1,0.0,0.0,0.0,0,1,0.0,0,-1,0.0,0.0,0.0
rec_738bbbc87d0dfa06,STU_147311,147311,SISWA_059,Kls 8_SISWA_052,2025-08-04,AGUSTUS,Monday,UNKNOWN,,NO_EXCEPTION_RECORDED,0,0,0,1,1,1,0.0,0.0,0.0,0,1,0.0,0,-1,0.0,0.0,0.0
rec_b8426c5101df6e3e,STU_147311,147311,SISWA_059,Kls 8_SISWA_052,2025-08-05,AGUSTUS,Tuesday,TRUE,,NO_EXCEPTION_RECORDED,0,0,0,2,2,2,0.0,0.0,0.0,0,2,0.0,0,-1,0.0,0.0,0.0
rec_1c54002e10200e11,STU_147311,147311,SISWA_059,Kls 8_SISWA_052,2025-08-06,AGUSTUS,Wednesday,UNKNOWN,,NO_EXCEPTION_RECORDED,0,0,0,3,3,3,0.0,0.0,0.0,0,3,0.0,0,-1,0.0,0.0,0.0
rec_5740dda21da7371c,STU_147311,147311,SISWA_059,Kls 8_SISWA_052,2025-08-07,AGUSTUS,Thursday,TRUE,,NO_EXCEPTION_RECORDED,0,0,0,4,4,4,0.0,0.0,0.0,0,4,0.0,0,-1,0.0,0.0,0.0
rec_58f4c359cc7e1481,STU_147311,147311,SISWA_059,Kls 8_SISWA_052,2025-08-08,AGUSTUS,Friday,TRUE,,NO_EXCEPTION_RECORDED,0,0,0,5,5,5,0.0,0.0,0.0,0,5,0.0,0,-1,0.0,0.011111,-0.011111
rec_baf20bfea3901b74,STU_147311,147311,SISWA_059,Kls 8_SISWA_052,2025-08-09,AGUSTUS,Saturday,FALSE,,NO_EXCEPTION_RECORDED,0,0,0,5,6,6,0.0,0.0,0.0,0,6,0.0,0,-1,0.0,0.011111,-0.011111
rec_ab8fe7825bf0559e,STU_147311,147311,SISWA_059,Kls 8_SISWA_052,2025-08-10,AGUSTUS,Sunday,FALSE,,NO_EXCEPTION_RECORDED,0,0,0,5,6,6,0.0,0.0,0.0,0,6,0.0,0,-1,0.0,0.011111,-0.011111
rec_3bd020db20b2b88e,STU_147311,147311,SISWA_059,Kls 8_SISWA_052,2025-08-11,AGUSTUS,Monday,TRUE,,NO_EXCEPTION_RECORDED,0,0,0,5,6,6,0.0,0.0,0.0,0,6,0.0,0,-1,0.0,0.011111,-0.011111
rec_b79ec8249a69ecaf,STU_147311,147311,SISWA_059,Kls 8_SISWA_052,2025-08-12,AGUSTUS,Tuesday,TRUE,,NO_EXCEPTION_RECORDED,0,0,0,5,7,7,0.0,0.0,0.0,0,7,0.0,0,-1,0.0,0.011111,-0.011111
rec_299678ca46bdc2d9,STU_147311,147311,SISWA_059,Kls 8_SISWA_052,2025-08-13,AGUSTUS,Wednesday,TRUE,,NO_EXCEPTION_RECORDED,0,0,0,5,8,8,0.0,0.0,0.0,0,8,0.0,0,-1,0.0,0.022222,-0.022222
rec_567e316adbe54497,STU_147311,147311,SISWA_059,Kls 8_SISWA_052,2025-08-14,AGUSTUS,Thursday,UNKNOWN,,NO_EXCEPTION_RECORDED,0,0,0,5,9,9,0.0,0.0,0.0,0,9,0.0,0,-1,0.0,0.033333,-0.033333
rec_4f043f9df28b68a5,STU_147311,147311,SISWA_059,Kls 8_SISWA_052,2025-08-15,AGUSTUS,Friday,UNKNOWN,,NO_EXCEPTION_RECORDED,0,0,0,5,10,10,0.0,0.0,0.0,0,10,0.0,0,-1,0.0,0.022222,-0.022222
rec_17715aaaab2477e7,STU_147311,147311,SISWA_059,Kls 8_SISWA_052,2025-08-16,AGUSTUS,Saturday,FALSE,,NO_EXCEPTION_RECORDED,0,0,0,5,10,11,0.0,0.0,0.0,0,11,0.0,0,-1,0.0,0.022222,-0.022222
rec_27b1e582d2380add,STU_147311,147311,SISWA_059,Kls 8_SISWA_052,2025-08-17,AGUSTUS,Sunday,FALSE,,NO_EXCEPTION_RECORDED,0,0,0,5,10,11,0.0,0.0,0.0,0,11,0.0,0,-1,0.0,0.022222,-0.022222
rec_452b0cc706b6aa71,STU_147311,147311,SISWA_059,Kls 8_SISWA_052,2025-08-18,AGUSTUS,Monday,UNKNOWN,,NO_EXCEPTION_RECORDED,0,0,0,5,10,11,0.0,0.0,0.0,0,11,0.0,0,-1,0.0,0.022222,-0.022222
rec_f3a715616d0f6202,STU_147311,147311,SISWA_059,Kls 8_SISWA_052,2025-08-19,AGUSTUS,Tuesday,TRUE,,NO_EXCEPTION_RECORDED,0,0,0,5,10,12,0.0,0.0,0.0,0,12,0.0,0,-1,0.0,0.022222,-0.022222
rec_e97217eb5e7887e0,STU_147311,147311,SISWA_059,Kls 8_SISWA_052,2025-08-20,AGUSTUS,Wednesday,TRUE,,NO_EXCEPTION_RECORDED,0,0,0,5,10,13,0.0,0.0,0.0,0,13,0.0,0,-1,0.0,0.022222,-0.022222
rec_40a2b4b54bf1f915,STU_147311,147311,SISWA_059,Kls 8_SISWA_052,2025-08-21,AGUSTUS,Thursday,TRUE,,NO_EXCEPTION_RECORDED,0,0,0,5,10,14,0.0,0.0,0.0,0,14,0.0,0,-1,0.0,0.022222,-0.022222
rec_2d9efc32966a99d6,STU_147311,147311,SISWA_059,Kls 8_SISWA_052,2025-08-22,AGUSTUS,Friday,UNKNOWN,,NO_EXCEPTION_RECORDED,0,0,0,5,10,15,0.0,0.0,0.0,0,15,0.0,0,-1,0.0,0.022222,-0.022222
rec_81cc72aa4c7e605a,STU_147311,147311,SISWA_059,Kls 8_SISWA_052,2025-08-23,AGUSTUS,Saturday,FALSE,,NO_EXCEPTION_RECORDED,0,0,0,5,10,16,0.0,0.0,0.0,0,16,0.0,0,-1,0.0,0.022222,-0.022222
rec_10d7caaa935f308b,STU_147311,147311,SISWA_059,Kls 8_SISWA_052,2025-08-24,AGUSTUS,Sunday,FALSE,,NO_EXCEPTION_RECORDED,0,0,0,5,10,16,0.0,0.0,0.0,0,16,0.0,0,-1,0.0,0.022222,-0.022222
rec_f24744bd149f6fbf,STU_147311,147311,SISWA_059,Kls 8_SISWA_052,2025-08-25,AGUSTUS,Monday,TRUE,,NO_EXCEPTION_RECORDED,0,0,0,5,10,16,0.0,0.0,0.0,0,16,0.0,0,-1,0.0,0.022222,-0.022222
rec_2c573791502542c2,STU_147311,147311,SISWA_059,Kls 8_SISWA_052,2025-08-26,AGUSTUS,Tuesday,TRUE,,NO_EXCEPTION_RECORDED,0,0,0,5,10,17,0.0,0.0,0.0,0,17,0.0,0,-1,0.0,0.033333,-0.033333
rec_8e09a75b4bed6770,STU_147311,147311,SISWA_059,Kls 8_SISWA_052,2025-08-27,AGUSTUS,Wednesday,TRUE,,NO_EXCEPTION_RECORDED,0,0,0,5,10,18,0.0,0.0,0.0,0,18,0.0,0,-1,0.0,0.022222,-0.022222
rec_bd6ca21c09a57dae,STU_147311,147311,SISWA_059,Kls 8_SISWA_052,2025-08-28,AGUSTUS,Thursday,TRUE,,NO_EXCEPTION_RECORDED,0,0,0,5,10,19,0.0,0.0,0.0,0,19,0.0,0,-1,0.0,0.011111,-0.011111
rec_893bd52e996e49e7,STU_147311,147311,SISWA_059,Kls 8_SISWA_052,2025-08-29,AGUSTUS,Friday,TRUE,,NO_EXCEPTION_RECORDED,0,0,0,5,10,20,0.0,0.0,0.0,0,20,0.0,0,-1,0.0,0.011111,-0.011111
rec_bdd1883e65374b20,STU_147311,147311,SISWA_059,Kls 8_SISWA_052,2025-08-30,AGUSTUS,Saturday,FALSE,,NO_EXCEPTION_RECORDED,0,0,0,5,10,21,0.0,0.0,0.0,0,21,0.0,0,-1,0.0,0.011111,-0.011111
rec_5f3b95c6cec0c7dc,STU_147311,147311,SISWA_059,Kls 8_SISWA_052,2025-08-31,AGUSTUS,Sunday,FALSE,,NO_EXCEPTION_RECORDED,0,0,0,5,10,21,0.0,0.0,0.0,0,21,0.0,0,-1,0.0,0.011111,-0.011111
rec_30cd02152013bc32,STU_147311,147311,SISWA_059,Kls 8_SISWA_052,2025-09-01,SEPTEMBER,Monday,TRUE,,NO_EXCEPTION_RECORDED,0,0,0,5,10,20,0.0,0.0,0.0,0,21,0.0,0,-1,0.0,0.011111,-0.011111
rec_fefb8c7c30721087,STU_147311,147311,SISWA_059,Kls 8_SISWA_052,2025-09-02,SEPTEMBER,Tuesday,TRUE,,NO_EXCEPTION_RECORDED,0,0,0,5,10,21,0.0,0.0,0.0,0,22,0.0,0,-1,0.0,0.011111,-0.011111
rec_25da1ac5c5275391,STU_147311,147311,SISWA_059,Kls 8_SISWA_052,2025-09-03,SEPTEMBER,Wednesday,TRUE,,NO_EXCEPTION_RECORDED,0,0,0,5,10,22,0.0,0.0,0.0,0,23,0.0,0,-1,0.0,0.022222,-0.022222
rec_e59a497063ced0a3,STU_147311,147311,SISWA_059,Kls 8_SISWA_052,2025-09-04,SEPTEMBER,Thursday,TRUE,,NO_EXCEPTION_RECORDED,0,0,0,5,10,22,0.0,0.0,0.0,0,24,0.0,0,-1,0.0,0.022222,-0.022222
rec_f973ad106e6a05ca,STU_147311,147311,SISWA_059,Kls 8_SISWA_052,2025-09-05,SEPTEMBER,Friday,UNKNOWN,,NO_EXCEPTION_RECORDED,0,0,0,5,10,22,0.0,0.0,0.0,0,25,0.0,0,-1,0.0,0.022222,-0.022222
rec_29a6f455d4b8da40,STU_147311,147311,SISWA_059,Kls 8_SISWA_052,2025-09-06,SEPTEMBER,Saturday,FALSE,,NO_EXCEPTION_RECORDED,0,0,0,5,10,22,0.0,0.0,0.0,0,26,0.0,0,-1,0.0,0.022222,-0.022222
rec_529a820ae19a3cfc,STU_147311,147311,SISWA_059,Kls 8_SISWA_052,2025-09-07,SEPTEMBER,Sunday,FALSE,,NO_EXCEPTION_RECORDED,0,0,0,5,10,21,0.0,0.0,0.0,0,26,0.0,0,-1,0.0,0.022222,-0.022222
rec_5d3613fc0db995eb,STU_147311,147311,SISWA_059,Kls 8_SISWA_052,2025-09-08,SEPTEMBER,Monday,TRUE,,NO_EXCEPTION_RECORDED,0,0,0,5,10,20,0.0,0.0,0.0,0,26,0.0,0,-1,0.0,0.022222,-0.022222
rec_2683d0af9a4cb057,STU_147311,147311,SISWA_059,Kls 8_SISWA_052,2025-09-09,SEPTEMBER,Tuesday,TRUE,,NO_EXCEPTION_RECORDED,0,0,0,5,10,21,0.0,0.0,0.0,0,27,0.0,0,-1,0.0,0.011111,-0.011111
rec_0d9bf3dd8ab50413,STU_147311,147311,SISWA_059,Kls 8_SISWA_052,2025-09-10,SEPTEMBER,Wednesday,TRUE,,NO_EXCEPTION_RECORDED,0,0,0,5,10,22,0.0,0.0,0.0,0,28,0.0,0,-1,0.0,0.011111,-0.011111
rec_de4af71dfceb838b,STU_147311,147311,SISWA_059,Kls 8_SISWA_052,2025-09-11,SEPTEMBER,Thursday,TRUE,,NO_EXCEPTION_RECORDED,0,0,0,5,10,22,0.0,0.0,0.0,0,29,0.0,0,-1,0.0,0.011111,-0.011111
rec_79067821398f5b6c,STU_147311,147311,SISWA_059,Kls 8_SISWA_052,2025-09-12,SEPTEMBER,Friday,TRUE,,NO_EXCEPTION_RECORDED,0,0,0,5,10,22,0.0,0.0,0.0,0,30,0.0,0,-1,0.0,0.011111,-0.011111
rec_d6e018963f624adb,STU_147311,147311,SISWA_059,Kls 8_SISWA_052,2025-09-13,SEPTEMBER,Saturday,FALSE,,NO_EXCEPTION_RECORDED,0,0,0,5,10,22,0.0,0.0,0.0,0,31,0.0,0,-1,0.0,0.011111,-0.011111
rec_487f0f4bedf05900,STU_147311,147311,SISWA_059,Kls 8_SISWA_052,2025-09-14,SEPTEMBER,Sunday,FALSE,,NO_EXCEPTION_RECORDED,0,0,0,5,10,21,0.0,0.0,0.0,0,31,0.0,0,-1,0.0,0.011111,-0.011111
rec_a30b5c8923a97d46,STU_147311,147311,SISWA_059,Kls 8_SISWA_052,2025-09-15,SEPTEMBER,Monday,TRUE,,NO_EXCEPTION_RECORDED,0,0,0,5,10,20,0.0,0.0,0.0,0,31,0.0,0,-1,0.0,0.011111,-0.011111
rec_4f20f812d45242bf,STU_147311,147311,SISWA_059,Kls 8_SISWA_052,2025-09-16,SEPTEMBER,Tuesday,TRUE,,NO_EXCEPTION_RECORDED,0,0,0,5,10,21,0.0,0.0,0.0,0,32,0.0,0,-1,0.0,0.022222,-0.022222
rec_ca101b929496d207,STU_147311,147311,SISWA_059,Kls 8_SISWA_052,2025-09-17,SEPTEMBER,Wednesday,TRUE,,NO_EXCEPTION_RECORDED,0,0,0,5,10,22,0.0,0.0,0.0,0,33,0.0,0,-1,0.0,0.011111,-0.011111
rec_0bb8302d92f68921,STU_147311,147311,SISWA_059,Kls 8_SISWA_052,2025-09-18,SEPTEMBER,Thursday,TRUE,,NO_EXCEPTION_RECORDED,0,0,0,5,10,22,0.0,0.0,0.0,0,34,0.0,0,-1,0.0,0.011111,-0.011111
rec_d60d0e4ab7dcdf60,STU_147311,147311,SISWA_059,Kls 8_SISWA_052,2025-09-19,SEPTEMBER,Friday,TRUE,,NO_EXCEPTION_RECORDED,0,0,0,5,10,22,0.0,0.0,0.0,0,35,0.0,0,-1,0.0,0.011111,-0.011111
rec_517924830ab3b7b2,STU_147311,147311,SISWA_059,Kls 8_SISWA_052,2025-09-20,SEPTEMBER,Saturday,FALSE,,NO_EXCEPTION_RECORDED,0,0,0,5,10,22,0.0,0.0,0.0,0,36,0.0,0,-1,0.0,0.011111,-0.011111
rec_ce41b1fe91abc947,STU_147311,147311,SISWA_059,Kls 8_SISWA_052,2025-09-21,SEPTEMBER,Sunday,FALSE,,NO_EXCEPTION_RECORDED,0,0,0,5,10,21,0.0,0.0,0.0,0,36,0.0,0,-1,0.0,0.011111,-0.011111
rec_d2a04088fc5cb088,STU_147311,147311,SISWA_059,Kls 8_SISWA_052,2025-09-22,SEPTEMBER,Monday,TRUE,,NO_EXCEPTION_RECORDED,0,0,0,5,10,20,0.0,0.0,0.0,0,36,0.0,0,-1,0.0,0.011111,-0.011111
rec_551b8c441e54b79f,STU_147311,147311,SISWA_059,Kls 8_SISWA_052,2025-09-23,SEPTEMBER,Tuesday,TRUE,,NO_EXCEPTION_RECORDED,0,0,0,5,10,21,0.0,0.0,0.0,0,37,0.0,0,-1,0.0,0.011111,-0.011111
rec_728d65d4244b03d7,STU_147311,147311,SISWA_059,Kls 8_SISWA_052,2025-09-24,SEPTEMBER,Wednesday,TRUE,,NO_EXCEPTION_RECORDED,0,0,0,5,10,22,0.0,0.0,0.0,0,38,0.0,0,-1,0.0,0.011111,-0.011111
rec_12505e22e0dab871,STU_147311,147311,SISWA_059,Kls 8_SISWA_052,2025-09-25,SEPTEMBER,Thursday,TRUE,,NO_EXCEPTION_RECORDED,0,0,0,5,10,22,0.0,0.0,0.0,0,39,0.0,0,-1,0.0,0.011111,-0.011111
rec_29acff13cfdc5820,STU_147311,147311,SISWA_059,Kls 8_SISWA_052,2025-09-26,SEPTEMBER,Friday,TRUE,,NO_EXCEPTION_RECORDED,0,0,0,5,10,22,0.0,0.0,0.0,0,40,0.0,0,-1,0.0,0.022222,-0.022222
rec_0333b2a6815349b1,STU_147311,147311,SISWA_059,Kls 8_SISWA_052,2025-09-27,SEPTEMBER,Saturday,FALSE,,NO_EXCEPTION_RECORDED,0,0,0,5,10,22,0.0,0.0,0.0,0,41,0.0,0,-1,0.0,0.022222,-0.022222
rec_f4cd08463200bbe6,STU_147311,147311,SISWA_059,Kls 8_SISWA_052,2025-09-28,SEPTEMBER,Sunday,FALSE,,NO_EXCEPTION_RECORDED,0,0,0,5,10,21,0.0,0.0,0.0,0,41,0.0,0,-1,0.0,0.022222,-0.022222
rec_5c6c71d17aee78ec,STU_147311,147311,SISWA_059,Kls 8_SISWA_052,2025-09-29,SEPTEMBER,Monday,TRUE,,NO_EXCEPTION_RECORDED,0,0,0,5,10,20,0.0,0.0,0.0,0,41,0.0,0,-1,0.0,0.022222,-0.022222
rec_9c67ecbf3a22adb0,STU_147311,147311,SISWA_059,Kls 8_SISWA_052,2025-09-30,SEPTEMBER,Tuesday,UNKNOWN,,NO_EXCEPTION_RECORDED,0,0,0,5,10,21,0.0,0.0,0.0,0,42,0.0,0,-1,0.0,0.011111,-0.011111
rec_4094fd5d780cc6b6,STU_148671,148671,SISWA_070,Kls 8_SISWA_052,2025-08-01,AGUSTUS,Friday,UNKNOWN,,NO_EXCEPTION_RECORDED,0,0,0,0,0,0,0.0,0.0,0.0,0,0,0.0,0,-1,0.0,0.0,0.0
rec_b10ae0d822639977,STU_148671,148671,SISWA_070,Kls 8_SISWA_052,2025-08-02,AGUSTUS,Saturday,FALSE,,NO_EXCEPTION_RECORDED,0,0,0,1,1,1,0.0,0.0,0.0,0,1,0.0,0,-1,0.0,0.0,0.0
rec_9845717f376154cc,STU_148671,148671,SISWA_070,Kls 8_SISWA_052,2025-08-03,AGUSTUS,Sunday,FALSE,,NO_EXCEPTION_RECORDED,0,0,0,1,1,1,0.0,0.0,0.0,0,1,0.0,0,-1,0.0,0.0,0.0
rec_9fc6ca9d3196c638,STU_148671,148671,SISWA_070,Kls 8_SISWA_052,2025-08-04,AGUSTUS,Monday,UNKNOWN,,NO_EXCEPTION_RECORDED,0,0,0,1,1,1,0.0,0.0,0.0,0,1,0.0,0,-1,0.0,0.0,0.0
rec_278acccd6a592aab,STU_148671,148671,SISWA_070,Kls 8_SISWA_052,2025-08-05,AGUSTUS,Tuesday,TRUE,,NO_EXCEPTION_RECORDED,0,0,0,2,2,2,0.0,0.0,0.0,0,2,0.0,0,-1,0.0,0.0,0.0
rec_2637a5871fa577da,STU_148671,148671,SISWA_070,Kls 8_SISWA_052,2025-08-06,AGUSTUS,Wednesday,UNKNOWN,,NO_EXCEPTION_RECORDED,0,0,0,3,3,3,0.0,0.0,0.0,0,3,0.0,0,-1,0.0,0.0,0.0
rec_918ba3b3973856e8,STU_148671,148671,SISWA_070,Kls 8_SISWA_052,2025-08-07,AGUSTUS,Thursday,TRUE,,NO_EXCEPTION_RECORDED,0,0,0,4,4,4,0.0,0.0,0.0,0,4,0.0,0,-1,0.0,0.0,0.0
rec_7906840d024dc0a5,STU_148671,148671,SISWA_070,Kls 8_SISWA_052,2025-08-08,AGUSTUS,Friday,TRUE,,NO_EXCEPTION_RECORDED,0,0,0,5,5,5,0.0,0.0,0.0,0,5,0.0,0,-1,0.0,0.011111,-0.011111
rec_f9047b130838d1e6,STU_148671,148671,SISWA_070,Kls 8_SISWA_052,2025-08-09,AGUSTUS,Saturday,FALSE,,NO_EXCEPTION_RECORDED,0,0,0,5,6,6,0.0,0.0,0.0,0,6,0.0,0,-1,0.0,0.011111,-0.011111
rec_89b7b81a3cd50b74,STU_148671,148671,SISWA_070,Kls 8_SISWA_052,2025-08-10,AGUSTUS,Sunday,FALSE,,NO_EXCEPTION_RECORDED,0,0,0,5,6,6,0.0,0.0,0.0,0,6,0.0,0,-1,0.0,0.011111,-0.011111
rec_03353e26e12de32b,STU_148671,148671,SISWA_070,Kls 8_SISWA_052,2025-08-11,AGUSTUS,Monday,TRUE,,NO_EXCEPTION_RECORDED,0,0,0,5,6,6,0.0,0.0,0.0,0,6,0.0,0,-1,0.0,0.011111,-0.011111
rec_b7962792bca2bf29,STU_148671,148671,SISWA_070,Kls 8_SISWA_052,2025-08-12,AGUSTUS,Tuesday,TRUE,,NO_EXCEPTION_RECORDED,0,0,0,5,7,7,0.0,0.0,0.0,0,7,0.0,0,-1,0.0,0.011111,-0.011111
rec_9c2f5297d18573c5,STU_148671,148671,SISWA_070,Kls 8_SISWA_052,2025-08-13,AGUSTUS,Wednesday,TRUE,,NO_EXCEPTION_RECORDED,0,0,0,5,8,8,0.0,0.0,0.0,0,8,0.0,0,-1,0.0,0.022222,-0.022222
rec_2048f36bf4092469,STU_148671,148671,SISWA_070,Kls 8_SISWA_052,2025-08-14,AGUSTUS,Thursday,UNKNOWN,,NO_EXCEPTION_RECORDED,0,0,0,5,9,9,0.0,0.0,0.0,0,9,0.0,0,-1,0.0,0.033333,-0.033333
rec_5ab2b7176c3d613c,STU_148671,148671,SISWA_070,Kls 8_SISWA_052,2025-08-15,AGUSTUS,Friday,UNKNOWN,,NO_EXCEPTION_RECORDED,0,0,0,5,10,10,0.0,0.0,0.0,0,10,0.0,0,-1,0.0,0.022222,-0.022222
rec_9538621a67c46399,STU_148671,148671,SISWA_070,Kls 8_SISWA_052,2025-08-16,AGUSTUS,Saturday,FALSE,,NO_EXCEPTION_RECORDED,0,0,0,5,10,11,0.0,0.0,0.0,0,11,0.0,0,-1,0.0,0.022222,-0.022222
rec_91c0db71d70d0570,STU_148671,148671,SISWA_070,Kls 8_SISWA_052,2025-08-17,AGUSTUS,Sunday,FALSE,,NO_EXCEPTION_RECORDED,0,0,0,5,10,11,0.0,0.0,0.0,0,11,0.0,0,-1,0.0,0.022222,-0.022222
rec_b64b91b515220645,STU_148671,148671,SISWA_070,Kls 8_SISWA_052,2025-08-18,AGUSTUS,Monday,UNKNOWN,,NO_EXCEPTION_RECORDED,0,0,0,5,10,11,0.0,0.0,0.0,0,11,0.0,0,-1,0.0,0.022222,-0.022222
rec_c56a3f61bd834577,STU_148671,148671,SISWA_070,Kls 8_SISWA_052,2025-08-19,AGUSTUS,Tuesday,TRUE,,NO_EXCEPTION_RECORDED,0,0,0,5,10,12,0.0,0.0,0.0,0,12,0.0,0,-1,0.0,0.022222,-0.022222
rec_4d57cc77538f9ca9,STU_148671,148671,SISWA_070,Kls 8_SISWA_052,2025-08-20,AGUSTUS,Wednesday,TRUE,,NO_EXCEPTION_RECORDED,0,0,0,5,10,13,0.0,0.0,0.0,0,13,0.0,0,-1,0.0,0.022222,-0.022222
rec_cdfe50a648356908,STU_148671,148671,SISWA_070,Kls 8_SISWA_052,2025-08-21,AGUSTUS,Thursday,TRUE,,NO_EXCEPTION_RECORDED,0,0,0,5,10,14,0.0,0.0,0.0,0,14,0.0,0,-1,0.0,0.022222,-0.022222
rec_b1000758613e67c3,STU_148671,148671,SISWA_070,Kls 8_SISWA_052,2025-08-22,AGUSTUS,Friday,UNKNOWN,,NO_EXCEPTION_RECORDED,0,0,0,5,10,15,0.0,0.0,0.0,0,15,0.0,0,-1,0.0,0.022222,-0.022222
rec_0fad9617c940f8b1,STU_148671,148671,SISWA_070,Kls 8_SISWA_052,2025-08-23,AGUSTUS,Saturday,FALSE,,NO_EXCEPTION_RECORDED,0,0,0,5,10,16,0.0,0.0,0.0,0,16,0.0,0,-1,0.0,0.022222,-0.022222
rec_e0c1d36273c6b471,STU_148671,148671,SISWA_070,Kls 8_SISWA_052,2025-08-24,AGUSTUS,Sunday,FALSE,,NO_EXCEPTION_RECORDED,0,0,0,5,10,16,0.0,0.0,0.0,0,16,0.0,0,-1,0.0,0.022222,-0.022222
rec_c904ed9c39c8d8ae,STU_148671,148671,SISWA_070,Kls 8_SISWA_052,2025-08-25,AGUSTUS,Monday,TRUE,,NO_EXCEPTION_RECORDED,0,0,0,5,10,16,0.0,0.0,0.0,0,16,0.0,0,-1,0.0,0.022222,-0.022222
rec_0b46adea088f536b,STU_148671,148671,SISWA_070,Kls 8_SISWA_052,2025-08-26,AGUSTUS,Tuesday,TRUE,,NO_EXCEPTION_RECORDED,0,0,0,5,10,17,0.0,0.0,0.0,0,17,0.0,0,-1,0.0,0.033333,-0.033333
rec_d5b9edd5ceed86ec,STU_148671,148671,SISWA_070,Kls 8_SISWA_052,2025-08-27,AGUSTUS,Wednesday,TRUE,,NO_EXCEPTION_RECORDED,0,0,0,5,10,18,0.0,0.0,0.0,0,18,0.0,0,-1,0.0,0.022222,-0.022222
rec_adc9c643693798e0,STU_148671,148671,SISWA_070,Kls 8_SISWA_052,2025-08-28,AGUSTUS,Thursday,TRUE,,NO_EXCEPTION_RECORDED,0,0,0,5,10,19,0.0,0.0,0.0,0,19,0.0,0,-1,0.0,0.011111,-0.011111
rec_530fdf628bafd384,STU_148671,148671,SISWA_070,Kls 8_SISWA_052,2025-08-29,AGUSTUS,Friday,TRUE,,NO_EXCEPTION_RECORDED,0,0,0,5,10,20,0.0,0.0,0.0,0,20,0.0,0,-1,0.0,0.011111,-0.011111
rec_7204de74285642b6,STU_148671,148671,SISWA_070,Kls 8_SISWA_052,2025-08-30,AGUSTUS,Saturday,FALSE,,NO_EXCEPTION_RECORDED,0,0,0,5,10,21,0.0,0.0,0.0,0,21,0.0,0,-1,0.0,0.011111,-0.011111
rec_087a6148594d6c72,STU_148671,148671,SISWA_070,Kls 8_SISWA_052,2025-08-31,AGUSTUS,Sunday,FALSE,,NO_EXCEPTION_RECORDED,0,0,0,5,10,21,0.0,0.0,0.0,0,21,0.0,0,-1,0.0,0.011111,-0.011111
rec_6c3e08641c827b76,STU_148671,148671,SISWA_070,Kls 8_SISWA_052,2025-09-01,SEPTEMBER,Monday,TRUE,,NO_EXCEPTION_RECORDED,0,0,0,5,10,20,0.0,0.0,0.0,0,21,0.0,0,-1,0.0,0.011111,-0.011111
rec_35259c0d19f337c9,STU_148671,148671,SISWA_070,Kls 8_SISWA_052,2025-09-02,SEPTEMBER,Tuesday,TRUE,,NO_EXCEPTION_RECORDED,0,0,0,5,10,21,0.0,0.0,0.0,0,22,0.0,0,-1,0.0,0.011111,-0.011111
rec_68b28d03aea96475,STU_148671,148671,SISWA_070,Kls 8_SISWA_052,2025-09-03,SEPTEMBER,Wednesday,TRUE,,NO_EXCEPTION_RECORDED,0,0,0,5,10,22,0.0,0.0,0.0,0,23,0.0,0,-1,0.0,0.022222,-0.022222
rec_8a0a6003b512e4aa,STU_148671,148671,SISWA_070,Kls 8_SISWA_052,2025-09-04,SEPTEMBER,Thursday,TRUE,,NO_EXCEPTION_RECORDED,0,0,0,5,10,22,0.0,0.0,0.0,0,24,0.0,0,-1,0.0,0.022222,-0.022222
rec_e5f204df39bf1668,STU_148671,148671,SISWA_070,Kls 8_SISWA_052,2025-09-05,SEPTEMBER,Friday,UNKNOWN,,NO_EXCEPTION_RECORDED,0,0,0,5,10,22,0.0,0.0,0.0,0,25,0.0,0,-1,0.0,0.022222,-0.022222
rec_8c114e013e89e8b9,STU_148671,148671,SISWA_070,Kls 8_SISWA_052,2025-09-06,SEPTEMBER,Saturday,FALSE,,NO_EXCEPTION_RECORDED,0,0,0,5,10,22,0.0,0.0,0.0,0,26,0.0,0,-1,0.0,0.022222,-0.022222
rec_1b0dae0d72dfd014,STU_148671,148671,SISWA_070,Kls 8_SISWA_052,2025-09-07,SEPTEMBER,Sunday,FALSE,,NO_EXCEPTION_RECORDED,0,0,0,5,10,21,0.0,0.0,0.0,0,26,0.0,0,-1,0.0,0.022222,-0.022222
rec_ce8318eff59353cf,STU_148671,148671,SISWA_070,Kls 8_SISWA_052,2025-09-08,SEPTEMBER,Monday,TRUE,,NO_EXCEPTION_RECORDED,0,0,0,5,10,20,0.0,0.0,0.0,0,26,0.0,0,-1,0.0,0.022222,-0.022222
rec_e3f93cf47e2cf8ec,STU_148671,148671,SISWA_070,Kls 8_SISWA_052,2025-09-09,SEPTEMBER,Tuesday,TRUE,,NO_EXCEPTION_RECORDED,0,0,0,5,10,21,0.0,0.0,0.0,0,27,0.0,0,-1,0.0,0.011111,-0.011111
rec_53309a5e8c423090,STU_148671,148671,SISWA_070,Kls 8_SISWA_052,2025-09-10,SEPTEMBER,Wednesday,TRUE,,NO_EXCEPTION_RECORDED,0,0,0,5,10,22,0.0,0.0,0.0,0,28,0.0,0,-1,0.0,0.011111,-0.011111
rec_e8c46aced3b76ff0,STU_148671,148671,SISWA_070,Kls 8_SISWA_052,2025-09-11,SEPTEMBER,Thursday,TRUE,,NO_EXCEPTION_RECORDED,0,0,0,5,10,22,0.0,0.0,0.0,0,29,0.0,0,-1,0.0,0.011111,-0.011111
rec_c2b7d2b080bf539a,STU_148671,148671,SISWA_070,Kls 8_SISWA_052,2025-09-12,SEPTEMBER,Friday,TRUE,,NO_EXCEPTION_RECORDED,0,0,0,5,10,22,0.0,0.0,0.0,0,30,0.0,0,-1,0.0,0.011111,-0.011111
rec_098d59acf2203799,STU_148671,148671,SISWA_070,Kls 8_SISWA_052,2025-09-13,SEPTEMBER,Saturday,FALSE,,NO_EXCEPTION_RECORDED,0,0,0,5,10,22,0.0,0.0,0.0,0,31,0.0,0,-1,0.0,0.011111,-0.011111
rec_15351225be429f50,STU_148671,148671,SISWA_070,Kls 8_SISWA_052,2025-09-14,SEPTEMBER,Sunday,FALSE,,NO_EXCEPTION_RECORDED,0,0,0,5,10,21,0.0,0.0,0.0,0,31,0.0,0,-1,0.0,0.011111,-0.011111
rec_d307c2c8ab5d72dd,STU_148671,148671,SISWA_070,Kls 8_SISWA_052,2025-09-15,SEPTEMBER,Monday,TRUE,s,SOURCE_MARK_S,0,0,0,5,10,20,0.0,0.0,0.0,0,31,0.0,0,-1,0.0,0.011111,-0.011111
rec_dfcbfaaeb2647f40,STU_148671,148671,SISWA_070,Kls 8_SISWA_052,2025-09-16,SEPTEMBER,Tuesday,TRUE,,NO_EXCEPTION_RECORDED,1,1,1,5,10,21,0.2,0.1,0.047619,1,32,0.03125,1,1,0.16875,0.011111,0.188889
rec_69d163a9d1b66b12,STU_148671,148671,SISWA_070,Kls 8_SISWA_052,2025-09-17,SEPTEMBER,Wednesday,TRUE,,NO_EXCEPTION_RECORDED,1,1,1,5,10,22,0.2,0.1,0.045455,1,33,0.030303,0,2,0.169697,0.0,0.2
rec_ccd7389ad6094e6a,STU_148671,148671,SISWA_070,Kls 8_SISWA_052,2025-09-18,SEPTEMBER,Thursday,TRUE,,NO_EXCEPTION_RECORDED,1,1,1,5,10,22,0.2,0.1,0.045455,1,34,0.029412,0,3,0.170588,0.0,0.2
rec_7165669bfa688f66,STU_148671,148671,SISWA_070,Kls 8_SISWA_052,2025-09-19,SEPTEMBER,Friday,TRUE,,NO_EXCEPTION_RECORDED,1,1,1,5,10,22,0.2,0.1,0.045455,1,35,0.028571,0,4,0.171429,0.0,0.2
rec_eaa81110fbfaf318,STU_148671,148671,SISWA_070,Kls 8_SISWA_052,2025-09-20,SEPTEMBER,Saturday,FALSE,,NO_EXCEPTION_RECORDED,1,1,1,5,10,22,0.2,0.1,0.045455,1,36,0.027778,0,5,0.172222,0.0,0.2
rec_1c633c62e5ea68f8,STU_148671,148671,SISWA_070,Kls 8_SISWA_052,2025-09-21,SEPTEMBER,Sunday,FALSE,,NO_EXCEPTION_RECORDED,1,1,1,5,10,21,0.2,0.1,0.047619,1,36,0.027778,0,6,0.172222,0.0,0.2
rec_e35353f2d02e3661,STU_148671,148671,SISWA_070,Kls 8_SISWA_052,2025-09-22,SEPTEMBER,Monday,TRUE,s,SOURCE_MARK_S,1,1,1,5,10,20,0.2,0.1,0.05,1,36,0.027778,0,7,0.172222,0.0,0.2
rec_e28a755f963860db,STU_148671,148671,SISWA_070,Kls 8_SISWA_052,2025-09-23,SEPTEMBER,Tuesday,TRUE,,NO_EXCEPTION_RECORDED,1,2,2,5,10,21,0.2,0.2,0.095238,2,37,0.054054,1,1,0.145946,0.0,0.2
rec_29d8479109b6a7e8,STU_148671,148671,SISWA_070,Kls 8_SISWA_052,2025-09-24,SEPTEMBER,Wednesday,TRUE,,NO_EXCEPTION_RECORDED,1,2,2,5,10,22,0.2,0.2,0.090909,2,38,0.052632,0,2,0.147368,0.0,0.2
rec_7d069655078e90fc,STU_148671,148671,SISWA_070,Kls 8_SISWA_052,2025-09-25,SEPTEMBER,Thursday,TRUE,,NO_EXCEPTION_RECORDED,1,2,2,5,10,22,0.2,0.2,0.090909,2,39,0.051282,0,3,0.148718,0.0,0.2
rec_efb057c70b1d7f54,STU_148671,148671,SISWA_070,Kls 8_SISWA_052,2025-09-26,SEPTEMBER,Friday,TRUE,,NO_EXCEPTION_RECORDED,1,2,2,5,10,22,0.2,0.2,0.090909,2,40,0.05,0,4,0.15,0.011111,0.188889
rec_97708ce90332c1de,STU_148671,148671,SISWA_070,Kls 8_SISWA_052,2025-09-27,SEPTEMBER,Saturday,FALSE,,NO_EXCEPTION_RECORDED,1,2,2,5,10,22,0.2,0.2,0.090909,2,41,0.04878,0,5,0.15122,0.011111,0.188889
rec_4b022db32685d14f,STU_148671,148671,SISWA_070,Kls 8_SISWA_052,2025-09-28,SEPTEMBER,Sunday,FALSE,,NO_EXCEPTION_RECORDED,1,2,2,5,10,21,0.2,0.2,0.095238,2,41,0.04878,0,6,0.15122,0.011111,0.188889
rec_dc2c4f8fd5fc894b,STU_148671,148671,SISWA_070,Kls 8_SISWA_052,2025-09-29,SEPTEMBER,Monday,TRUE,,NO_EXCEPTION_RECORDED,1,2,2,5,10,20,0.2,0.2,0.1,2,41,0.04878,0,7,0.15122,0.011111,0.188889
rec_28f353a8d6d4dc91,STU_148671,148671,SISWA_070,Kls 8_SISWA_052,2025-09-30,SEPTEMBER,Tuesday,UNKNOWN,,NO_EXCEPTION_RECORDED,0,1,2,5,10,21,0.0,0.1,0.095238,2,42,0.047619,0,8,-0.047619,0.011111,-0.011111
rec_89e2f2d4b87302b5,STU_154456,154456,SISWA_062,Kls 8_SISWA_052,2025-08-01,AGUSTUS,Friday,UNKNOWN,,NO_EXCEPTION_RECORDED,0,0,0,0,0,0,0.0,0.0,0.0,0,0,0.0,0,-1,0.0,0.0,0.0
rec_365bc4fb6a29d6a2,STU_154456,154456,SISWA_062,Kls 8_SISWA_052,2025-08-02,AGUSTUS,Saturday,FALSE,,NO_EXCEPTION_RECORDED,0,0,0,1,1,1,0.0,0.0,0.0,0,1,0.0,0,-1,0.0,0.0,0.0
rec_bba32d39fef33937,STU_154456,154456,SISWA_062,Kls 8_SISWA_052,2025-08-03,AGUSTUS,Sunday,FALSE,,NO_EXCEPTION_RECORDED,0,0,0,1,1,1,0.0,0.0,0.0,0,1,0.0,0,-1,0.0,0.0,0.0
rec_46152c40027288a6,STU_154456,154456,SISWA_062,Kls 8_SISWA_052,2025-08-04,AGUSTUS,Monday,UNKNOWN,,NO_EXCEPTION_RECORDED,0,0,0,1,1,1,0.0,0.0,0.0,0,1,0.0,0,-1,0.0,0.0,0.0
rec_da69b0d3df856e54,STU_154456,154456,SISWA_062,Kls 8_SISWA_052,2025-08-05,AGUSTUS,Tuesday,TRUE,,NO_EXCEPTION_RECORDED,0,0,0,2,2,2,0.0,0.0,0.0,0,2,0.0,0,-1,0.0,0.0,0.0
rec_89e3fcd53d13db1a,STU_154456,154456,SISWA_062,Kls 8_SISWA_052,2025-08-06,AGUSTUS,Wednesday,UNKNOWN,,NO_EXCEPTION_RECORDED,0,0,0,3,3,3,0.0,0.0,0.0,0,3,0.0,0,-1,0.0,0.0,0.0
rec_a864aa3826e3c274,STU_154456,154456,SISWA_062,Kls 8_SISWA_052,2025-08-07,AGUSTUS,Thursday,TRUE,s,SOURCE_MARK_S,0,0,0,4,4,4,0.0,0.0,0.0,0,4,0.0,0,-1,0.0,0.0,0.0
rec_0d51feb3d7b0c9f9,STU_154456,154456,SISWA_062,Kls 8_SISWA_052,2025-08-08,AGUSTUS,Friday,TRUE,,NO_EXCEPTION_RECORDED,1,1,1,5,5,5,0.2,0.2,0.2,1,5,0.2,1,1,0.0,0.0,0.2
rec_4e584e9bb34cf666,STU_154456,154456,SISWA_062,Kls 8_SISWA_052,2025-08-09,AGUSTUS,Saturday,FALSE,,NO_EXCEPTION_RECORDED,1,1,1,5,6,6,0.2,0.166667,0.166667,1,6,0.166667,0,2,0.033333,0.0,0.2
rec_ad8d6f51b049c329,STU_154456,154456,SISWA_062,Kls 8_SISWA_052,2025-08-10,AGUSTUS,Sunday,FALSE,,NO_EXCEPTION_RECORDED,1,1,1,5,6,6,0.2,0.166667,0.166667,1,6,0.166667,0,3,0.033333,0.0,0.2
rec_cb0bc994eed2669c,STU_154456,154456,SISWA_062,Kls 8_SISWA_052,2025-08-11,AGUSTUS,Monday,TRUE,,NO_EXCEPTION_RECORDED,1,1,1,5,6,6,0.2,0.166667,0.166667,1,6,0.166667,0,4,0.033333,0.0,0.2
rec_8f1872a2e458a94b,STU_154456,154456,SISWA_062,Kls 8_SISWA_052,2025-08-12,AGUSTUS,Tuesday,TRUE,,NO_EXCEPTION_RECORDED,1,1,1,5,7,7,0.2,0.142857,0.142857,1,7,0.142857,0,5,0.057143,0.0,0.2
rec_c69afdf8ca580f1f,STU_154456,154456,SISWA_062,Kls 8_SISWA_052,2025-08-13,AGUSTUS,Wednesday,TRUE,,NO_EXCEPTION_RECORDED,1,1,1,5,8,8,0.2,0.125,0.125,1,8,0.125,0,6,0.075,0.011111,0.188889
rec_1ce872a4bb3920f7,STU_154456,154456,SISWA_062,Kls 8_SISWA_052,2025-08-14,AGUSTUS,Thursday,UNKNOWN,,NO_EXCEPTION_RECORDED,1,1,1,5,9,9,0.2,0.111111,0.111111,1,9,0.111111,0,7,0.088889,0.022222,0.177778
rec_6022dddf21c75561,STU_154456,154456,SISWA_062,Kls 8_SISWA_052,2025-08-15,AGUSTUS,Friday,UNKNOWN,,NO_EXCEPTION_RECORDED,0,1,1,5,10,10,0.0,0.1,0.1,1,10,0.1,0,8,-0.1,0.022222,-0.022222
rec_da1b060a572f28e2,STU_154456,154456,SISWA_062,Kls 8_SISWA_052,2025-08-16,AGUSTUS,Saturday,FALSE,,NO_EXCEPTION_RECORDED,0,1,1,5,10,11,0.0,0.1,0.090909,1,11,0.090909,0,9,-0.090909,0.022222,-0.022222
rec_a6e68792973d2a0e,STU_154456,154456,SISWA_062,Kls 8_SISWA_052,2025-08-17,AGUSTUS,Sunday,FALSE,,NO_EXCEPTION_RECORDED,0,1,1,5,10,11,0.0,0.1,0.090909,1,11,0.090909,0,10,-0.090909,0.022222,-0.022222
rec_4e08e4b46b78977f,STU_154456,154456,SISWA_062,Kls 8_SISWA_052,2025-08-18,AGUSTUS,Monday,UNKNOWN,,NO_EXCEPTION_RECORDED,0,1,1,5,10,11,0.0,0.1,0.090909,1,11,0.090909,0,11,-0.090909,0.022222,-0.022222
rec_478c8451b83b9598,STU_154456,154456,SISWA_062,Kls 8_SISWA_052,2025-08-19,AGUSTUS,Tuesday,TRUE,,NO_EXCEPTION_RECORDED,0,1,1,5,10,12,0.0,0.1,0.083333,1,12,0.083333,0,12,-0.083333,0.022222,-0.022222
rec_cc21367ed5f421e5,STU_154456,154456,SISWA_062,Kls 8_SISWA_052,2025-08-20,AGUSTUS,Wednesday,TRUE,,NO_EXCEPTION_RECORDED,0,1,1,5,10,13,0.0,0.1,0.076923,1,13,0.076923,0,13,-0.076923,0.022222,-0.022222
rec_412a20b98018cdfe,STU_154456,154456,SISWA_062,Kls 8_SISWA_052,2025-08-21,AGUSTUS,Thursday,TRUE,,NO_EXCEPTION_RECORDED,0,1,1,5,10,14,0.0,0.1,0.071429,1,14,0.071429,0,14,-0.071429,0.022222,-0.022222
rec_983e24d0c724e2e0,STU_154456,154456,SISWA_062,Kls 8_SISWA_052,2025-08-22,AGUSTUS,Friday,UNKNOWN,,NO_EXCEPTION_RECORDED,0,0,1,5,10,15,0.0,0.0,0.066667,1,15,0.066667,0,15,-0.066667,0.022222,-0.022222
rec_d9ff43633eaa11a9,STU_154456,154456,SISWA_062,Kls 8_SISWA_052,2025-08-23,AGUSTUS,Saturday,FALSE,,NO_EXCEPTION_RECORDED,0,0,1,5,10,16,0.0,0.0,0.0625,1,16,0.0625,0,16,-0.0625,0.022222,-0.022222
rec_9ba2127799e72b7f,STU_154456,154456,SISWA_062,Kls 8_SISWA_052,2025-08-24,AGUSTUS,Sunday,FALSE,,NO_EXCEPTION_RECORDED,0,0,1,5,10,16,0.0,0.0,0.0625,1,16,0.0625,0,17,-0.0625,0.022222,-0.022222
rec_05b0fd62b8aeb4a0,STU_154456,154456,SISWA_062,Kls 8_SISWA_052,2025-08-25,AGUSTUS,Monday,TRUE,,NO_EXCEPTION_RECORDED,0,0,1,5,10,16,0.0,0.0,0.0625,1,16,0.0625,0,18,-0.0625,0.022222,-0.022222
rec_cfe72080d9d4b00d,STU_154456,154456,SISWA_062,Kls 8_SISWA_052,2025-08-26,AGUSTUS,Tuesday,TRUE,,NO_EXCEPTION_RECORDED,0,0,1,5,10,17,0.0,0.0,0.058824,1,17,0.058824,0,19,-0.058824,0.033333,-0.033333
rec_143fcb19ad683ab0,STU_154456,154456,SISWA_062,Kls 8_SISWA_052,2025-08-27,AGUSTUS,Wednesday,TRUE,,NO_EXCEPTION_RECORDED,0,0,1,5,10,18,0.0,0.0,0.055556,1,18,0.055556,0,20,-0.055556,0.022222,-0.022222
rec_55e73b5df796f88b,STU_154456,154456,SISWA_062,Kls 8_SISWA_052,2025-08-28,AGUSTUS,Thursday,TRUE,,NO_EXCEPTION_RECORDED,0,0,1,5,10,19,0.0,0.0,0.052632,1,19,0.052632,0,21,-0.052632,0.011111,-0.011111
rec_d91627cfd6dca554,STU_154456,154456,SISWA_062,Kls 8_SISWA_052,2025-08-29,AGUSTUS,Friday,TRUE,,NO_EXCEPTION_RECORDED,0,0,1,5,10,20,0.0,0.0,0.05,1,20,0.05,0,22,-0.05,0.011111,-0.011111
rec_c9481e9cb900d44d,STU_154456,154456,SISWA_062,Kls 8_SISWA_052,2025-08-30,AGUSTUS,Saturday,FALSE,,NO_EXCEPTION_RECORDED,0,0,1,5,10,21,0.0,0.0,0.047619,1,21,0.047619,0,23,-0.047619,0.011111,-0.011111
rec_cb98630861cb6119,STU_154456,154456,SISWA_062,Kls 8_SISWA_052,2025-08-31,AGUSTUS,Sunday,FALSE,,NO_EXCEPTION_RECORDED,0,0,1,5,10,21,0.0,0.0,0.047619,1,21,0.047619,0,24,-0.047619,0.011111,-0.011111
rec_24e2d8bb0ed1cab6,STU_154456,154456,SISWA_062,Kls 8_SISWA_052,2025-09-01,SEPTEMBER,Monday,TRUE,,NO_EXCEPTION_RECORDED,0,0,1,5,10,20,0.0,0.0,0.05,1,21,0.047619,0,25,-0.047619,0.011111,-0.011111
rec_4800f0d5f28ed6d0,STU_154456,154456,SISWA_062,Kls 8_SISWA_052,2025-09-02,SEPTEMBER,Tuesday,TRUE,,NO_EXCEPTION_RECORDED,0,0,1,5,10,21,0.0,0.0,0.047619,1,22,0.045455,0,26,-0.045455,0.011111,-0.011111
rec_2cc5ff8137367016,STU_154456,154456,SISWA_062,Kls 8_SISWA_052,2025-09-03,SEPTEMBER,Wednesday,TRUE,,NO_EXCEPTION_RECORDED,0,0,1,5,10,22,0.0,0.0,0.045455,1,23,0.043478,0,27,-0.043478,0.022222,-0.022222
rec_ead87ee83234d696,STU_154456,154456,SISWA_062,Kls 8_SISWA_052,2025-09-04,SEPTEMBER,Thursday,TRUE,,NO_EXCEPTION_RECORDED,0,0,1,5,10,22,0.0,0.0,0.045455,1,24,0.041667,0,28,-0.041667,0.022222,-0.022222
rec_0ab365681513a809,STU_154456,154456,SISWA_062,Kls 8_SISWA_052,2025-09-05,SEPTEMBER,Friday,UNKNOWN,,NO_EXCEPTION_RECORDED,0,0,1,5,10,22,0.0,0.0,0.045455,1,25,0.04,0,29,-0.04,0.022222,-0.022222
rec_3c775db0e598632e,STU_154456,154456,SISWA_062,Kls 8_SISWA_052,2025-09-06,SEPTEMBER,Saturday,FALSE,,NO_EXCEPTION_RECORDED,0,0,1,5,10,22,0.0,0.0,0.045455,1,26,0.038462,0,30,-0.038462,0.022222,-0.022222
rec_44b00e78e99a9675,STU_154456,154456,SISWA_062,Kls 8_SISWA_052,2025-09-07,SEPTEMBER,Sunday,FALSE,,NO_EXCEPTION_RECORDED,0,0,0,5,10,21,0.0,0.0,0.0,1,26,0.038462,0,31,-0.038462,0.022222,-0.022222
rec_8727145ade3868f6,STU_154456,154456,SISWA_062,Kls 8_SISWA_052,2025-09-08,SEPTEMBER,Monday,TRUE,,NO_EXCEPTION_RECORDED,0,0,0,5,10,20,0.0,0.0,0.0,1,26,0.038462,0,32,-0.038462,0.022222,-0.022222
rec_9e10b9bfb0b91a93,STU_154456,154456,SISWA_062,Kls 8_SISWA_052,2025-09-09,SEPTEMBER,Tuesday,TRUE,,NO_EXCEPTION_RECORDED,0,0,0,5,10,21,0.0,0.0,0.0,1,27,0.037037,0,33,-0.037037,0.011111,-0.011111
rec_0b100407d61b0c8a,STU_154456,154456,SISWA_062,Kls 8_SISWA_052,2025-09-10,SEPTEMBER,Wednesday,TRUE,,NO_EXCEPTION_RECORDED,0,0,0,5,10,22,0.0,0.0,0.0,1,28,0.035714,0,34,-0.035714,0.011111,-0.011111
rec_1518917cd3bc31db,STU_154456,154456,SISWA_062,Kls 8_SISWA_052,2025-09-11,SEPTEMBER,Thursday,TRUE,,NO_EXCEPTION_RECORDED,0,0,0,5,10,22,0.0,0.0,0.0,1,29,0.034483,0,35,-0.034483,0.011111,-0.011111
rec_40525b3198a46dce,STU_154456,154456,SISWA_062,Kls 8_SISWA_052,2025-09-12,SEPTEMBER,Friday,TRUE,,NO_EXCEPTION_RECORDED,0,0,0,5,10,22,0.0,0.0,0.0,1,30,0.033333,0,36,-0.033333,0.011111,-0.011111
rec_70212e56074ea664,STU_154456,154456,SISWA_062,Kls 8_SISWA_052,2025-09-13,SEPTEMBER,Saturday,FALSE,,NO_EXCEPTION_RECORDED,0,0,0,5,10,22,0.0,0.0,0.0,1,31,0.032258,0,37,-0.032258,0.011111,-0.011111
rec_e5b4e74d88c0ae31,STU_154456,154456,SISWA_062,Kls 8_SISWA_052,2025-09-14,SEPTEMBER,Sunday,FALSE,,NO_EXCEPTION_RECORDED,0,0,0,5,10,21,0.0,0.0,0.0,1,31,0.032258,0,38,-0.032258,0.011111,-0.011111
rec_e3b65566fa67b182,STU_154456,154456,SISWA_062,Kls 8_SISWA_052,2025-09-15,SEPTEMBER,Monday,TRUE,,NO_EXCEPTION_RECORDED,0,0,0,5,10,20,0.0,0.0,0.0,1,31,0.032258,0,39,-0.032258,0.011111,-0.011111
rec_7d17c035a7ea308c,STU_154456,154456,SISWA_062,Kls 8_SISWA_052,2025-09-16,SEPTEMBER,Tuesday,TRUE,,NO_EXCEPTION_RECORDED,0,0,0,5,10,21,0.0,0.0,0.0,1,32,0.03125,0,40,-0.03125,0.022222,-0.022222
rec_492970280ed6b3b7,STU_154456,154456,SISWA_062,Kls 8_SISWA_052,2025-09-17,SEPTEMBER,Wednesday,TRUE,,NO_EXCEPTION_RECORDED,0,0,0,5,10,22,0.0,0.0,0.0,1,33,0.030303,0,41,-0.030303,0.011111,-0.011111
rec_2b636f489d79ba3c,STU_154456,154456,SISWA_062,Kls 8_SISWA_052,2025-09-18,SEPTEMBER,Thursday,TRUE,,NO_EXCEPTION_RECORDED,0,0,0,5,10,22,0.0,0.0,0.0,1,34,0.029412,0,42,-0.029412,0.011111,-0.011111
rec_7a0a4d246aff7456,STU_154456,154456,SISWA_062,Kls 8_SISWA_052,2025-09-19,SEPTEMBER,Friday,TRUE,,NO_EXCEPTION_RECORDED,0,0,0,5,10,22,0.0,0.0,0.0,1,35,0.028571,0,43,-0.028571,0.011111,-0.011111
rec_e53ddf6115d5fb1d,STU_154456,154456,SISWA_062,Kls 8_SISWA_052,2025-09-20,SEPTEMBER,Saturday,FALSE,,NO_EXCEPTION_RECORDED,0,0,0,5,10,22,0.0,0.0,0.0,1,36,0.027778,0,44,-0.027778,0.011111,-0.011111
rec_a87b3dc0cf672e7c,STU_154456,154456,SISWA_062,Kls 8_SISWA_052,2025-09-21,SEPTEMBER,Sunday,FALSE,,NO_EXCEPTION_RECORDED,0,0,0,5,10,21,0.0,0.0,0.0,1,36,0.027778,0,45,-0.027778,0.011111,-0.011111
rec_df987a39a29df65d,STU_154456,154456,SISWA_062,Kls 8_SISWA_052,2025-09-22,SEPTEMBER,Monday,TRUE,,NO_EXCEPTION_RECORDED,0,0,0,5,10,20,0.0,0.0,0.0,1,36,0.027778,0,46,-0.027778,0.011111,-0.011111
rec_e4f5ef2d1611d567,STU_154456,154456,SISWA_062,Kls 8_SISWA_052,2025-09-23,SEPTEMBER,Tuesday,TRUE,,NO_EXCEPTION_RECORDED,0,0,0,5,10,21,0.0,0.0,0.0,1,37,0.027027,0,47,-0.027027,0.011111,-0.011111
rec_584db56b97d03f57,STU_154456,154456,SISWA_062,Kls 8_SISWA_052,2025-09-24,SEPTEMBER,Wednesday,TRUE,,NO_EXCEPTION_RECORDED,0,0,0,5,10,22,0.0,0.0,0.0,1,38,0.026316,0,48,-0.026316,0.011111,-0.011111
rec_c55acf6da4c4f1e3,STU_154456,154456,SISWA_062,Kls 8_SISWA_052,2025-09-25,SEPTEMBER,Thursday,TRUE,,NO_EXCEPTION_RECORDED,0,0,0,5,10,22,0.0,0.0,0.0,1,39,0.025641,0,49,-0.025641,0.011111,-0.011111
rec_e3626aaf85fbb93c,STU_154456,154456,SISWA_062,Kls 8_SISWA_052,2025-09-26,SEPTEMBER,Friday,TRUE,,NO_EXCEPTION_RECORDED,0,0,0,5,10,22,0.0,0.0,0.0,1,40,0.025,0,50,-0.025,0.022222,-0.022222
rec_9eed55164cb0c6a2,STU_154456,154456,SISWA_062,Kls 8_SISWA_052,2025-09-27,SEPTEMBER,Saturday,FALSE,,NO_EXCEPTION_RECORDED,0,0,0,5,10,22,0.0,0.0,0.0,1,41,0.02439,0,51,-0.02439,0.022222,-0.022222
rec_0a223b803318950f,STU_154456,154456,SISWA_062,Kls 8_SISWA_052,2025-09-28,SEPTEMBER,Sunday,FALSE,,NO_EXCEPTION_RECORDED,0,0,0,5,10,21,0.0,0.0,0.0,1,41,0.02439,0,52,-0.02439,0.022222,-0.022222
rec_dd4c80ee17c2cd8e,STU_154456,154456,SISWA_062,Kls 8_SISWA_052,2025-09-29,SEPTEMBER,Monday,TRUE,,NO_EXCEPTION_RECORDED,0,0,0,5,10,20,0.0,0.0,0.0,1,41,0.02439,0,53,-0.02439,0.022222,-0.022222
rec_f6bdc9790b45ab63,STU_154456,154456,SISWA_062,Kls 8_SISWA_052,2025-09-30,SEPTEMBER,Tuesday,UNKNOWN,,NO_EXCEPTION_RECORDED,0,0,0,5,10,21,0.0,0.0,0.0,1,42,0.02381,0,54,-0.02381,0.011111,-0.011111
rec_0ed608eb4424db17,STU_159160,159160,SISWA_054,Kls 8_SISWA_052,2025-08-01,AGUSTUS,Friday,UNKNOWN,,NO_EXCEPTION_RECORDED,0,0,0,0,0,0,0.0,0.0,0.0,0,0,0.0,0,-1,0.0,0.0,0.0
rec_e627cf735960267d,STU_159160,159160,SISWA_054,Kls 8_SISWA_052,2025-08-02,AGUSTUS,Saturday,FALSE,,NO_EXCEPTION_RECORDED,0,0,0,1,1,1,0.0,0.0,0.0,0,1,0.0,0,-1,0.0,0.0,0.0
rec_b812c0e236f9d32a,STU_159160,159160,SISWA_054,Kls 8_SISWA_052,2025-08-03,AGUSTUS,Sunday,FALSE,,NO_EXCEPTION_RECORDED,0,0,0,1,1,1,0.0,0.0,0.0,0,1,0.0,0,-1,0.0,0.0,0.0
rec_89774f2dece1f61d,STU_159160,159160,SISWA_054,Kls 8_SISWA_052,2025-08-04,AGUSTUS,Monday,UNKNOWN,,NO_EXCEPTION_RECORDED,0,0,0,1,1,1,0.0,0.0,0.0,0,1,0.0,0,-1,0.0,0.0,0.0
rec_2db306bff640a8d7,STU_159160,159160,SISWA_054,Kls 8_SISWA_052,2025-08-05,AGUSTUS,Tuesday,TRUE,,NO_EXCEPTION_RECORDED,0,0,0,2,2,2,0.0,0.0,0.0,0,2,0.0,0,-1,0.0,0.0,0.0
rec_7fb6b3e767a93489,STU_159160,159160,SISWA_054,Kls 8_SISWA_052,2025-08-06,AGUSTUS,Wednesday,UNKNOWN,,NO_EXCEPTION_RECORDED,0,0,0,3,3,3,0.0,0.0,0.0,0,3,0.0,0,-1,0.0,0.0,0.0
rec_345b21dd3d87c5cb,STU_159160,159160,SISWA_054,Kls 8_SISWA_052,2025-08-07,AGUSTUS,Thursday,TRUE,,NO_EXCEPTION_RECORDED,0,0,0,4,4,4,0.0,0.0,0.0,0,4,0.0,0,-1,0.0,0.0,0.0
rec_7bf7c35eefb76a74,STU_159160,159160,SISWA_054,Kls 8_SISWA_052,2025-08-08,AGUSTUS,Friday,TRUE,,NO_EXCEPTION_RECORDED,0,0,0,5,5,5,0.0,0.0,0.0,0,5,0.0,0,-1,0.0,0.011111,-0.011111
rec_6712263423cbff0a,STU_159160,159160,SISWA_054,Kls 8_SISWA_052,2025-08-09,AGUSTUS,Saturday,FALSE,,NO_EXCEPTION_RECORDED,0,0,0,5,6,6,0.0,0.0,0.0,0,6,0.0,0,-1,0.0,0.011111,-0.011111
rec_2dd4ba86530ff18e,STU_159160,159160,SISWA_054,Kls 8_SISWA_052,2025-08-10,AGUSTUS,Sunday,FALSE,,NO_EXCEPTION_RECORDED,0,0,0,5,6,6,0.0,0.0,0.0,0,6,0.0,0,-1,0.0,0.011111,-0.011111
rec_47198c772ec764e3,STU_159160,159160,SISWA_054,Kls 8_SISWA_052,2025-08-11,AGUSTUS,Monday,TRUE,,NO_EXCEPTION_RECORDED,0,0,0,5,6,6,0.0,0.0,0.0,0,6,0.0,0,-1,0.0,0.011111,-0.011111
rec_55da7faee8d32b82,STU_159160,159160,SISWA_054,Kls 8_SISWA_052,2025-08-12,AGUSTUS,Tuesday,TRUE,,NO_EXCEPTION_RECORDED,0,0,0,5,7,7,0.0,0.0,0.0,0,7,0.0,0,-1,0.0,0.011111,-0.011111
rec_246a2a65967ba925,STU_159160,159160,SISWA_054,Kls 8_SISWA_052,2025-08-13,AGUSTUS,Wednesday,TRUE,,NO_EXCEPTION_RECORDED,0,0,0,5,8,8,0.0,0.0,0.0,0,8,0.0,0,-1,0.0,0.022222,-0.022222
rec_8e6191d19bbf91e8,STU_159160,159160,SISWA_054,Kls 8_SISWA_052,2025-08-14,AGUSTUS,Thursday,UNKNOWN,,NO_EXCEPTION_RECORDED,0,0,0,5,9,9,0.0,0.0,0.0,0,9,0.0,0,-1,0.0,0.033333,-0.033333
rec_191d12b7a05e9aea,STU_159160,159160,SISWA_054,Kls 8_SISWA_052,2025-08-15,AGUSTUS,Friday,UNKNOWN,,NO_EXCEPTION_RECORDED,0,0,0,5,10,10,0.0,0.0,0.0,0,10,0.0,0,-1,0.0,0.022222,-0.022222
rec_4078eaad604af16d,STU_159160,159160,SISWA_054,Kls 8_SISWA_052,2025-08-16,AGUSTUS,Saturday,FALSE,,NO_EXCEPTION_RECORDED,0,0,0,5,10,11,0.0,0.0,0.0,0,11,0.0,0,-1,0.0,0.022222,-0.022222
rec_fff9c69037eca8cf,STU_159160,159160,SISWA_054,Kls 8_SISWA_052,2025-08-17,AGUSTUS,Sunday,FALSE,,NO_EXCEPTION_RECORDED,0,0,0,5,10,11,0.0,0.0,0.0,0,11,0.0,0,-1,0.0,0.022222,-0.022222
rec_28229f5999abc8b7,STU_159160,159160,SISWA_054,Kls 8_SISWA_052,2025-08-18,AGUSTUS,Monday,UNKNOWN,,NO_EXCEPTION_RECORDED,0,0,0,5,10,11,0.0,0.0,0.0,0,11,0.0,0,-1,0.0,0.022222,-0.022222
rec_25a59071e8502435,STU_159160,159160,SISWA_054,Kls 8_SISWA_052,2025-08-19,AGUSTUS,Tuesday,TRUE,,NO_EXCEPTION_RECORDED,0,0,0,5,10,12,0.0,0.0,0.0,0,12,0.0,0,-1,0.0,0.022222,-0.022222
rec_245318d9602d8aef,STU_159160,159160,SISWA_054,Kls 8_SISWA_052,2025-08-20,AGUSTUS,Wednesday,TRUE,,NO_EXCEPTION_RECORDED,0,0,0,5,10,13,0.0,0.0,0.0,0,13,0.0,0,-1,0.0,0.022222,-0.022222
rec_bce25dbf00092f98,STU_159160,159160,SISWA_054,Kls 8_SISWA_052,2025-08-21,AGUSTUS,Thursday,TRUE,,NO_EXCEPTION_RECORDED,0,0,0,5,10,14,0.0,0.0,0.0,0,14,0.0,0,-1,0.0,0.022222,-0.022222
rec_bbf6a0f338c6ef13,STU_159160,159160,SISWA_054,Kls 8_SISWA_052,2025-08-22,AGUSTUS,Friday,UNKNOWN,,NO_EXCEPTION_RECORDED,0,0,0,5,10,15,0.0,0.0,0.0,0,15,0.0,0,-1,0.0,0.022222,-0.022222
rec_6129a254f8be5aa9,STU_159160,159160,SISWA_054,Kls 8_SISWA_052,2025-08-23,AGUSTUS,Saturday,FALSE,,NO_EXCEPTION_RECORDED,0,0,0,5,10,16,0.0,0.0,0.0,0,16,0.0,0,-1,0.0,0.022222,-0.022222
rec_64f3d41d6866b06a,STU_159160,159160,SISWA_054,Kls 8_SISWA_052,2025-08-24,AGUSTUS,Sunday,FALSE,,NO_EXCEPTION_RECORDED,0,0,0,5,10,16,0.0,0.0,0.0,0,16,0.0,0,-1,0.0,0.022222,-0.022222
rec_e2dfa2c0bc23dffe,STU_159160,159160,SISWA_054,Kls 8_SISWA_052,2025-08-25,AGUSTUS,Monday,TRUE,,NO_EXCEPTION_RECORDED,0,0,0,5,10,16,0.0,0.0,0.0,0,16,0.0,0,-1,0.0,0.022222,-0.022222
rec_80f80e9019d5eb8b,STU_159160,159160,SISWA_054,Kls 8_SISWA_052,2025-08-26,AGUSTUS,Tuesday,TRUE,,NO_EXCEPTION_RECORDED,0,0,0,5,10,17,0.0,0.0,0.0,0,17,0.0,0,-1,0.0,0.033333,-0.033333
rec_55f7715608b2fd56,STU_159160,159160,SISWA_054,Kls 8_SISWA_052,2025-08-27,AGUSTUS,Wednesday,TRUE,,NO_EXCEPTION_RECORDED,0,0,0,5,10,18,0.0,0.0,0.0,0,18,0.0,0,-1,0.0,0.022222,-0.022222
rec_3f0126b561d7219b,STU_159160,159160,SISWA_054,Kls 8_SISWA_052,2025-08-28,AGUSTUS,Thursday,TRUE,,NO_EXCEPTION_RECORDED,0,0,0,5,10,19,0.0,0.0,0.0,0,19,0.0,0,-1,0.0,0.011111,-0.011111
rec_de5e2467209ece5a,STU_159160,159160,SISWA_054,Kls 8_SISWA_052,2025-08-29,AGUSTUS,Friday,TRUE,,NO_EXCEPTION_RECORDED,0,0,0,5,10,20,0.0,0.0,0.0,0,20,0.0,0,-1,0.0,0.011111,-0.011111
rec_1a2d23f4dc4852c6,STU_159160,159160,SISWA_054,Kls 8_SISWA_052,2025-08-30,AGUSTUS,Saturday,FALSE,,NO_EXCEPTION_RECORDED,0,0,0,5,10,21,0.0,0.0,0.0,0,21,0.0,0,-1,0.0,0.011111,-0.011111
rec_374706ed30f4187b,STU_159160,159160,SISWA_054,Kls 8_SISWA_052,2025-08-31,AGUSTUS,Sunday,FALSE,,NO_EXCEPTION_RECORDED,0,0,0,5,10,21,0.0,0.0,0.0,0,21,0.0,0,-1,0.0,0.011111,-0.011111
rec_51add53bfb8179db,STU_159160,159160,SISWA_054,Kls 8_SISWA_052,2025-09-01,SEPTEMBER,Monday,TRUE,,NO_EXCEPTION_RECORDED,0,0,0,5,10,20,0.0,0.0,0.0,0,21,0.0,0,-1,0.0,0.011111,-0.011111
rec_2531505c308c9bd3,STU_159160,159160,SISWA_054,Kls 8_SISWA_052,2025-09-02,SEPTEMBER,Tuesday,TRUE,,NO_EXCEPTION_RECORDED,0,0,0,5,10,21,0.0,0.0,0.0,0,22,0.0,0,-1,0.0,0.011111,-0.011111
rec_01c8c4f9b9852e12,STU_159160,159160,SISWA_054,Kls 8_SISWA_052,2025-09-03,SEPTEMBER,Wednesday,TRUE,,NO_EXCEPTION_RECORDED,0,0,0,5,10,22,0.0,0.0,0.0,0,23,0.0,0,-1,0.0,0.022222,-0.022222
rec_3c9f19a10e447bb9,STU_159160,159160,SISWA_054,Kls 8_SISWA_052,2025-09-04,SEPTEMBER,Thursday,TRUE,,NO_EXCEPTION_RECORDED,0,0,0,5,10,22,0.0,0.0,0.0,0,24,0.0,0,-1,0.0,0.022222,-0.022222
rec_9729d16dde87cd29,STU_159160,159160,SISWA_054,Kls 8_SISWA_052,2025-09-05,SEPTEMBER,Friday,UNKNOWN,,NO_EXCEPTION_RECORDED,0,0,0,5,10,22,0.0,0.0,0.0,0,25,0.0,0,-1,0.0,0.022222,-0.022222
rec_0e61aaee49be350b,STU_159160,159160,SISWA_054,Kls 8_SISWA_052,2025-09-06,SEPTEMBER,Saturday,FALSE,,NO_EXCEPTION_RECORDED,0,0,0,5,10,22,0.0,0.0,0.0,0,26,0.0,0,-1,0.0,0.022222,-0.022222
rec_56b3627c3124122f,STU_159160,159160,SISWA_054,Kls 8_SISWA_052,2025-09-07,SEPTEMBER,Sunday,FALSE,,NO_EXCEPTION_RECORDED,0,0,0,5,10,21,0.0,0.0,0.0,0,26,0.0,0,-1,0.0,0.022222,-0.022222
rec_bb6af3a2c30deb27,STU_159160,159160,SISWA_054,Kls 8_SISWA_052,2025-09-08,SEPTEMBER,Monday,TRUE,,NO_EXCEPTION_RECORDED,0,0,0,5,10,20,0.0,0.0,0.0,0,26,0.0,0,-1,0.0,0.022222,-0.022222
rec_2586762ae787ec38,STU_159160,159160,SISWA_054,Kls 8_SISWA_052,2025-09-09,SEPTEMBER,Tuesday,TRUE,,NO_EXCEPTION_RECORDED,0,0,0,5,10,21,0.0,0.0,0.0,0,27,0.0,0,-1,0.0,0.011111,-0.011111
rec_112a322d100230fe,STU_159160,159160,SISWA_054,Kls 8_SISWA_052,2025-09-10,SEPTEMBER,Wednesday,TRUE,,NO_EXCEPTION_RECORDED,0,0,0,5,10,22,0.0,0.0,0.0,0,28,0.0,0,-1,0.0,0.011111,-0.011111
rec_db90a9643d02e18d,STU_159160,159160,SISWA_054,Kls 8_SISWA_052,2025-09-11,SEPTEMBER,Thursday,TRUE,,NO_EXCEPTION_RECORDED,0,0,0,5,10,22,0.0,0.0,0.0,0,29,0.0,0,-1,0.0,0.011111,-0.011111
rec_44282aba4140e046,STU_159160,159160,SISWA_054,Kls 8_SISWA_052,2025-09-12,SEPTEMBER,Friday,TRUE,,NO_EXCEPTION_RECORDED,0,0,0,5,10,22,0.0,0.0,0.0,0,30,0.0,0,-1,0.0,0.011111,-0.011111
rec_f213d8037f632fff,STU_159160,159160,SISWA_054,Kls 8_SISWA_052,2025-09-13,SEPTEMBER,Saturday,FALSE,,NO_EXCEPTION_RECORDED,0,0,0,5,10,22,0.0,0.0,0.0,0,31,0.0,0,-1,0.0,0.011111,-0.011111
rec_cbbd239a15314c89,STU_159160,159160,SISWA_054,Kls 8_SISWA_052,2025-09-14,SEPTEMBER,Sunday,FALSE,,NO_EXCEPTION_RECORDED,0,0,0,5,10,21,0.0,0.0,0.0,0,31,0.0,0,-1,0.0,0.011111,-0.011111
rec_9d9ea89e4d1333ae,STU_159160,159160,SISWA_054,Kls 8_SISWA_052,2025-09-15,SEPTEMBER,Monday,TRUE,,NO_EXCEPTION_RECORDED,0,0,0,5,10,20,0.0,0.0,0.0,0,31,0.0,0,-1,0.0,0.011111,-0.011111
rec_b41678ba745a2a18,STU_159160,159160,SISWA_054,Kls 8_SISWA_052,2025-09-16,SEPTEMBER,Tuesday,TRUE,,NO_EXCEPTION_RECORDED,0,0,0,5,10,21,0.0,0.0,0.0,0,32,0.0,0,-1,0.0,0.022222,-0.022222
rec_caf57caf35beb4b1,STU_159160,159160,SISWA_054,Kls 8_SISWA_052,2025-09-17,SEPTEMBER,Wednesday,TRUE,,NO_EXCEPTION_RECORDED,0,0,0,5,10,22,0.0,0.0,0.0,0,33,0.0,0,-1,0.0,0.011111,-0.011111
rec_75aa6a575792d895,STU_159160,159160,SISWA_054,Kls 8_SISWA_052,2025-09-18,SEPTEMBER,Thursday,TRUE,,NO_EXCEPTION_RECORDED,0,0,0,5,10,22,0.0,0.0,0.0,0,34,0.0,0,-1,0.0,0.011111,-0.011111
rec_9ada62b32ecd9468,STU_159160,159160,SISWA_054,Kls 8_SISWA_052,2025-09-19,SEPTEMBER,Friday,TRUE,,NO_EXCEPTION_RECORDED,0,0,0,5,10,22,0.0,0.0,0.0,0,35,0.0,0,-1,0.0,0.011111,-0.011111
rec_d55a41ae340738bc,STU_159160,159160,SISWA_054,Kls 8_SISWA_052,2025-09-20,SEPTEMBER,Saturday,FALSE,,NO_EXCEPTION_RECORDED,0,0,0,5,10,22,0.0,0.0,0.0,0,36,0.0,0,-1,0.0,0.011111,-0.011111
rec_4e08f233e94bf2b0,STU_159160,159160,SISWA_054,Kls 8_SISWA_052,2025-09-21,SEPTEMBER,Sunday,FALSE,,NO_EXCEPTION_RECORDED,0,0,0,5,10,21,0.0,0.0,0.0,0,36,0.0,0,-1,0.0,0.011111,-0.011111
rec_8fbad0c901e5652a,STU_159160,159160,SISWA_054,Kls 8_SISWA_052,2025-09-22,SEPTEMBER,Monday,TRUE,,NO_EXCEPTION_RECORDED,0,0,0,5,10,20,0.0,0.0,0.0,0,36,0.0,0,-1,0.0,0.011111,-0.011111
rec_b0e3d63a3fba5ad3,STU_159160,159160,SISWA_054,Kls 8_SISWA_052,2025-09-23,SEPTEMBER,Tuesday,TRUE,,NO_EXCEPTION_RECORDED,0,0,0,5,10,21,0.0,0.0,0.0,0,37,0.0,0,-1,0.0,0.011111,-0.011111
rec_031d0c3cae79c55a,STU_159160,159160,SISWA_054,Kls 8_SISWA_052,2025-09-24,SEPTEMBER,Wednesday,TRUE,,NO_EXCEPTION_RECORDED,0,0,0,5,10,22,0.0,0.0,0.0,0,38,0.0,0,-1,0.0,0.011111,-0.011111
rec_6e0e25b4e2acd88d,STU_159160,159160,SISWA_054,Kls 8_SISWA_052,2025-09-25,SEPTEMBER,Thursday,TRUE,,NO_EXCEPTION_RECORDED,0,0,0,5,10,22,0.0,0.0,0.0,0,39,0.0,0,-1,0.0,0.011111,-0.011111
rec_458d6919b870bbb5,STU_159160,159160,SISWA_054,Kls 8_SISWA_052,2025-09-26,SEPTEMBER,Friday,TRUE,,NO_EXCEPTION_RECORDED,0,0,0,5,10,22,0.0,0.0,0.0,0,40,0.0,0,-1,0.0,0.022222,-0.022222
rec_137288fa5e6d3abe,STU_159160,159160,SISWA_054,Kls 8_SISWA_052,2025-09-27,SEPTEMBER,Saturday,FALSE,,NO_EXCEPTION_RECORDED,0,0,0,5,10,22,0.0,0.0,0.0,0,41,0.0,0,-1,0.0,0.022222,-0.022222
rec_97540a3943617200,STU_159160,159160,SISWA_054,Kls 8_SISWA_052,2025-09-28,SEPTEMBER,Sunday,FALSE,,NO_EXCEPTION_RECORDED,0,0,0,5,10,21,0.0,0.0,0.0,0,41,0.0,0,-1,0.0,0.022222,-0.022222
rec_f3fb4b2ed9701a61,STU_159160,159160,SISWA_054,Kls 8_SISWA_052,2025-09-29,SEPTEMBER,Monday,TRUE,,NO_EXCEPTION_RECORDED,0,0,0,5,10,20,0.0,0.0,0.0,0,41,0.0,0,-1,0.0,0.022222,-0.022222
rec_4b56eb577571727c,STU_159160,159160,SISWA_054,Kls 8_SISWA_052,2025-09-30,SEPTEMBER,Tuesday,UNKNOWN,,NO_EXCEPTION_RECORDED,0,0,0,5,10,21,0.0,0.0,0.0,0,42,0.0,0,-1,0.0,0.011111,-0.011111
rec_1e3abe6991bd9f9a,STU_161565,161565,SISWA_039,Kls 8_SISWA_032,2025-08-01,AGUSTUS,Friday,UNKNOWN,,NO_EXCEPTION_RECORDED,0,0,0,0,0,0,0.0,0.0,0.0,0,0,0.0,0,-1,0.0,0.0,0.0
rec_35a39fad2388ecf3,STU_161565,161565,SISWA_039,Kls 8_SISWA_032,2025-08-02,AGUSTUS,Saturday,FALSE,,NO_EXCEPTION_RECORDED,0,0,0,1,1,1,0.0,0.0,0.0,0,1,0.0,0,-1,0.0,0.0,0.0
rec_825d59269d22cd63,STU_161565,161565,SISWA_039,Kls 8_SISWA_032,2025-08-03,AGUSTUS,Sunday,FALSE,,NO_EXCEPTION_RECORDED,0,0,0,1,1,1,0.0,0.0,0.0,0,1,0.0,0,-1,0.0,0.0,0.0
rec_ea1e57da5e21747d,STU_161565,161565,SISWA_039,Kls 8_SISWA_032,2025-08-04,AGUSTUS,Monday,UNKNOWN,,NO_EXCEPTION_RECORDED,0,0,0,1,1,1,0.0,0.0,0.0,0,1,0.0,0,-1,0.0,0.0,0.0
rec_6031a5ec389aed43,STU_161565,161565,SISWA_039,Kls 8_SISWA_032,2025-08-05,AGUSTUS,Tuesday,TRUE,,NO_EXCEPTION_RECORDED,0,0,0,2,2,2,0.0,0.0,0.0,0,2,0.0,0,-1,0.0,0.0,0.0
rec_306ed8546500d1c2,STU_161565,161565,SISWA_039,Kls 8_SISWA_032,2025-08-06,AGUSTUS,Wednesday,UNKNOWN,,NO_EXCEPTION_RECORDED,0,0,0,3,3,3,0.0,0.0,0.0,0,3,0.0,0,-1,0.0,0.0,0.0
rec_1329f5cda4d7da43,STU_161565,161565,SISWA_039,Kls 8_SISWA_032,2025-08-07,AGUSTUS,Thursday,TRUE,,NO_EXCEPTION_RECORDED,0,0,0,4,4,4,0.0,0.0,0.0,0,4,0.0,0,-1,0.0,0.0,0.0
rec_1265d1729d6149dc,STU_161565,161565,SISWA_039,Kls 8_SISWA_032,2025-08-08,AGUSTUS,Friday,TRUE,,NO_EXCEPTION_RECORDED,0,0,0,5,5,5,0.0,0.0,0.0,0,5,0.0,0,-1,0.0,0.0,0.0
rec_a54d45762881e539,STU_161565,161565,SISWA_039,Kls 8_SISWA_032,2025-08-09,AGUSTUS,Saturday,FALSE,,NO_EXCEPTION_RECORDED,0,0,0,5,6,6,0.0,0.0,0.0,0,6,0.0,0,-1,0.0,0.0,0.0
rec_338392dabbee2ec0,STU_161565,161565,SISWA_039,Kls 8_SISWA_032,2025-08-10,AGUSTUS,Sunday,FALSE,,NO_EXCEPTION_RECORDED,0,0,0,5,6,6,0.0,0.0,0.0,0,6,0.0,0,-1,0.0,0.0,0.0
rec_289029af99ab1c76,STU_161565,161565,SISWA_039,Kls 8_SISWA_032,2025-08-11,AGUSTUS,Monday,TRUE,,NO_EXCEPTION_RECORDED,0,0,0,5,6,6,0.0,0.0,0.0,0,6,0.0,0,-1,0.0,0.0,0.0
rec_96d3661f4bb4ee73,STU_161565,161565,SISWA_039,Kls 8_SISWA_032,2025-08-12,AGUSTUS,Tuesday,TRUE,,NO_EXCEPTION_RECORDED,0,0,0,5,7,7,0.0,0.0,0.0,0,7,0.0,0,-1,0.0,0.011111,-0.011111
rec_995ea97157f11b22,STU_161565,161565,SISWA_039,Kls 8_SISWA_032,2025-08-13,AGUSTUS,Wednesday,TRUE,,NO_EXCEPTION_RECORDED,0,0,0,5,8,8,0.0,0.0,0.0,0,8,0.0,0,-1,0.0,0.011111,-0.011111
rec_1a677a0fa569bb67,STU_161565,161565,SISWA_039,Kls 8_SISWA_032,2025-08-14,AGUSTUS,Thursday,UNKNOWN,,NO_EXCEPTION_RECORDED,0,0,0,5,9,9,0.0,0.0,0.0,0,9,0.0,0,-1,0.0,0.011111,-0.011111
rec_9bd2430d8ba4ed95,STU_161565,161565,SISWA_039,Kls 8_SISWA_032,2025-08-15,AGUSTUS,Friday,UNKNOWN,,NO_EXCEPTION_RECORDED,0,0,0,5,10,10,0.0,0.0,0.0,0,10,0.0,0,-1,0.0,0.011111,-0.011111
rec_9a6d66173853b222,STU_161565,161565,SISWA_039,Kls 8_SISWA_032,2025-08-16,AGUSTUS,Saturday,FALSE,,NO_EXCEPTION_RECORDED,0,0,0,5,10,11,0.0,0.0,0.0,0,11,0.0,0,-1,0.0,0.011111,-0.011111
rec_52ab0d07c5f41c87,STU_161565,161565,SISWA_039,Kls 8_SISWA_032,2025-08-17,AGUSTUS,Sunday,FALSE,,NO_EXCEPTION_RECORDED,0,0,0,5,10,11,0.0,0.0,0.0,0,11,0.0,0,-1,0.0,0.011111,-0.011111
rec_6207e54b94018875,STU_161565,161565,SISWA_039,Kls 8_SISWA_032,2025-08-18,AGUSTUS,Monday,UNKNOWN,,NO_EXCEPTION_RECORDED,0,0,0,5,10,11,0.0,0.0,0.0,0,11,0.0,0,-1,0.0,0.011111,-0.011111
rec_9bf2e47836706a21,STU_161565,161565,SISWA_039,Kls 8_SISWA_032,2025-08-19,AGUSTUS,Tuesday,TRUE,,NO_EXCEPTION_RECORDED,0,0,0,5,10,12,0.0,0.0,0.0,0,12,0.0,0,-1,0.0,0.0,0.0
rec_2d6cb40780479c17,STU_161565,161565,SISWA_039,Kls 8_SISWA_032,2025-08-20,AGUSTUS,Wednesday,TRUE,,NO_EXCEPTION_RECORDED,0,0,0,5,10,13,0.0,0.0,0.0,0,13,0.0,0,-1,0.0,0.011111,-0.011111
rec_bb3894e0f9cb5624,STU_161565,161565,SISWA_039,Kls 8_SISWA_032,2025-08-21,AGUSTUS,Thursday,TRUE,,NO_EXCEPTION_RECORDED,0,0,0,5,10,14,0.0,0.0,0.0,0,14,0.0,0,-1,0.0,0.011111,-0.011111
rec_20eb03f03c2c180b,STU_161565,161565,SISWA_039,Kls 8_SISWA_032,2025-08-22,AGUSTUS,Friday,UNKNOWN,,NO_EXCEPTION_RECORDED,0,0,0,5,10,15,0.0,0.0,0.0,0,15,0.0,0,-1,0.0,0.011111,-0.011111
rec_bbb123ebba17768c,STU_161565,161565,SISWA_039,Kls 8_SISWA_032,2025-08-23,AGUSTUS,Saturday,FALSE,,NO_EXCEPTION_RECORDED,0,0,0,5,10,16,0.0,0.0,0.0,0,16,0.0,0,-1,0.0,0.011111,-0.011111
rec_4b86330c8ee7a3f6,STU_161565,161565,SISWA_039,Kls 8_SISWA_032,2025-08-24,AGUSTUS,Sunday,FALSE,,NO_EXCEPTION_RECORDED,0,0,0,5,10,16,0.0,0.0,0.0,0,16,0.0,0,-1,0.0,0.011111,-0.011111
rec_dfb6fdd711f6df43,STU_161565,161565,SISWA_039,Kls 8_SISWA_032,2025-08-25,AGUSTUS,Monday,TRUE,,NO_EXCEPTION_RECORDED,0,0,0,5,10,16,0.0,0.0,0.0,0,16,0.0,0,-1,0.0,0.011111,-0.011111
rec_bf523e2308d1c9c3,STU_161565,161565,SISWA_039,Kls 8_SISWA_032,2025-08-26,AGUSTUS,Tuesday,TRUE,,NO_EXCEPTION_RECORDED,0,0,0,5,10,17,0.0,0.0,0.0,0,17,0.0,0,-1,0.0,0.011111,-0.011111
rec_ec3a0de9d8c61d53,STU_161565,161565,SISWA_039,Kls 8_SISWA_032,2025-08-27,AGUSTUS,Wednesday,TRUE,,NO_EXCEPTION_RECORDED,0,0,0,5,10,18,0.0,0.0,0.0,0,18,0.0,0,-1,0.0,0.011111,-0.011111
rec_1668ce6191da14bb,STU_161565,161565,SISWA_039,Kls 8_SISWA_032,2025-08-28,AGUSTUS,Thursday,TRUE,,NO_EXCEPTION_RECORDED,0,0,0,5,10,19,0.0,0.0,0.0,0,19,0.0,0,-1,0.0,0.011111,-0.011111
rec_3eb73c5a9054094c,STU_161565,161565,SISWA_039,Kls 8_SISWA_032,2025-08-29,AGUSTUS,Friday,TRUE,,NO_EXCEPTION_RECORDED,0,0,0,5,10,20,0.0,0.0,0.0,0,20,0.0,0,-1,0.0,0.022222,-0.022222
rec_f657d2a495c4e3b4,STU_161565,161565,SISWA_039,Kls 8_SISWA_032,2025-08-30,AGUSTUS,Saturday,FALSE,,NO_EXCEPTION_RECORDED,0,0,0,5,10,21,0.0,0.0,0.0,0,21,0.0,0,-1,0.0,0.022222,-0.022222
rec_106775184ba56f1f,STU_161565,161565,SISWA_039,Kls 8_SISWA_032,2025-08-31,AGUSTUS,Sunday,FALSE,,NO_EXCEPTION_RECORDED,0,0,0,5,10,21,0.0,0.0,0.0,0,21,0.0,0,-1,0.0,0.022222,-0.022222
rec_28da14e67c41749d,STU_161565,161565,SISWA_039,Kls 8_SISWA_032,2025-09-01,SEPTEMBER,Monday,TRUE,,NO_EXCEPTION_RECORDED,0,0,0,5,10,20,0.0,0.0,0.0,0,21,0.0,0,-1,0.0,0.022222,-0.022222
rec_3fed4d765cfe6e76,STU_161565,161565,SISWA_039,Kls 8_SISWA_032,2025-09-02,SEPTEMBER,Tuesday,TRUE,,NO_EXCEPTION_RECORDED,0,0,0,5,10,21,0.0,0.0,0.0,0,22,0.0,0,-1,0.0,0.022222,-0.022222
rec_726c20a628d2cde7,STU_161565,161565,SISWA_039,Kls 8_SISWA_032,2025-09-03,SEPTEMBER,Wednesday,TRUE,,NO_EXCEPTION_RECORDED,0,0,0,5,10,22,0.0,0.0,0.0,0,23,0.0,0,-1,0.0,0.011111,-0.011111
rec_4db7bc5a1a4bdcad,STU_161565,161565,SISWA_039,Kls 8_SISWA_032,2025-09-04,SEPTEMBER,Thursday,TRUE,,NO_EXCEPTION_RECORDED,0,0,0,5,10,22,0.0,0.0,0.0,0,24,0.0,0,-1,0.0,0.011111,-0.011111
rec_a01ac4e8c4033d6b,STU_161565,161565,SISWA_039,Kls 8_SISWA_032,2025-09-05,SEPTEMBER,Friday,UNKNOWN,,NO_EXCEPTION_RECORDED,0,0,0,5,10,22,0.0,0.0,0.0,0,25,0.0,0,-1,0.0,0.0,0.0
rec_b014d77295366222,STU_161565,161565,SISWA_039,Kls 8_SISWA_032,2025-09-06,SEPTEMBER,Saturday,FALSE,,NO_EXCEPTION_RECORDED,0,0,0,5,10,22,0.0,0.0,0.0,0,26,0.0,0,-1,0.0,0.0,0.0
rec_80b9384b7b72db4f,STU_161565,161565,SISWA_039,Kls 8_SISWA_032,2025-09-07,SEPTEMBER,Sunday,FALSE,,NO_EXCEPTION_RECORDED,0,0,0,5,10,21,0.0,0.0,0.0,0,26,0.0,0,-1,0.0,0.0,0.0
rec_f4446a13097e7cc6,STU_161565,161565,SISWA_039,Kls 8_SISWA_032,2025-09-08,SEPTEMBER,Monday,TRUE,,NO_EXCEPTION_RECORDED,0,0,0,5,10,20,0.0,0.0,0.0,0,26,0.0,0,-1,0.0,0.0,0.0
rec_da011a1494ac1dc0,STU_161565,161565,SISWA_039,Kls 8_SISWA_032,2025-09-09,SEPTEMBER,Tuesday,TRUE,,NO_EXCEPTION_RECORDED,0,0,0,5,10,21,0.0,0.0,0.0,0,27,0.0,0,-1,0.0,0.0,0.0
rec_832849f9b4976a5c,STU_161565,161565,SISWA_039,Kls 8_SISWA_032,2025-09-10,SEPTEMBER,Wednesday,TRUE,,NO_EXCEPTION_RECORDED,0,0,0,5,10,22,0.0,0.0,0.0,0,28,0.0,0,-1,0.0,0.0,0.0
rec_e5c953ef44a8aa4f,STU_161565,161565,SISWA_039,Kls 8_SISWA_032,2025-09-11,SEPTEMBER,Thursday,TRUE,,NO_EXCEPTION_RECORDED,0,0,0,5,10,22,0.0,0.0,0.0,0,29,0.0,0,-1,0.0,0.011111,-0.011111
rec_5fc616d43955afa9,STU_161565,161565,SISWA_039,Kls 8_SISWA_032,2025-09-12,SEPTEMBER,Friday,TRUE,,NO_EXCEPTION_RECORDED,0,0,0,5,10,22,0.0,0.0,0.0,0,30,0.0,0,-1,0.0,0.011111,-0.011111
rec_6dd7bfebfadaf77a,STU_161565,161565,SISWA_039,Kls 8_SISWA_032,2025-09-13,SEPTEMBER,Saturday,FALSE,,NO_EXCEPTION_RECORDED,0,0,0,5,10,22,0.0,0.0,0.0,0,31,0.0,0,-1,0.0,0.022222,-0.022222
rec_f74571037a275ec9,STU_161565,161565,SISWA_039,Kls 8_SISWA_032,2025-09-14,SEPTEMBER,Sunday,FALSE,,NO_EXCEPTION_RECORDED,0,0,0,5,10,21,0.0,0.0,0.0,0,31,0.0,0,-1,0.0,0.022222,-0.022222
rec_161f47ed505f02e2,STU_161565,161565,SISWA_039,Kls 8_SISWA_032,2025-09-15,SEPTEMBER,Monday,TRUE,,NO_EXCEPTION_RECORDED,0,0,0,5,10,20,0.0,0.0,0.0,0,31,0.0,0,-1,0.0,0.022222,-0.022222
rec_e8994493543f7ef1,STU_161565,161565,SISWA_039,Kls 8_SISWA_032,2025-09-16,SEPTEMBER,Tuesday,TRUE,,NO_EXCEPTION_RECORDED,0,0,0,5,10,21,0.0,0.0,0.0,0,32,0.0,0,-1,0.0,0.044444,-0.044444
rec_49a8fe715fdb87d8,STU_161565,161565,SISWA_039,Kls 8_SISWA_032,2025-09-17,SEPTEMBER,Wednesday,TRUE,,NO_EXCEPTION_RECORDED,0,0,0,5,10,22,0.0,0.0,0.0,0,33,0.0,0,-1,0.0,0.055556,-0.055556
rec_630471f725f4e2c9,STU_161565,161565,SISWA_039,Kls 8_SISWA_032,2025-09-18,SEPTEMBER,Thursday,TRUE,,NO_EXCEPTION_RECORDED,0,0,0,5,10,22,0.0,0.0,0.0,0,34,0.0,0,-1,0.0,0.044444,-0.044444
rec_453e1761cab3f3f5,STU_161565,161565,SISWA_039,Kls 8_SISWA_032,2025-09-19,SEPTEMBER,Friday,TRUE,,NO_EXCEPTION_RECORDED,0,0,0,5,10,22,0.0,0.0,0.0,0,35,0.0,0,-1,0.0,0.044444,-0.044444
rec_405760cbf0e31d53,STU_161565,161565,SISWA_039,Kls 8_SISWA_032,2025-09-20,SEPTEMBER,Saturday,FALSE,,NO_EXCEPTION_RECORDED,0,0,0,5,10,22,0.0,0.0,0.0,0,36,0.0,0,-1,0.0,0.033333,-0.033333
rec_f319443a9c2bd6e3,STU_161565,161565,SISWA_039,Kls 8_SISWA_032,2025-09-21,SEPTEMBER,Sunday,FALSE,,NO_EXCEPTION_RECORDED,0,0,0,5,10,21,0.0,0.0,0.0,0,36,0.0,0,-1,0.0,0.033333,-0.033333
rec_1904f75694ce74fc,STU_161565,161565,SISWA_039,Kls 8_SISWA_032,2025-09-22,SEPTEMBER,Monday,TRUE,,NO_EXCEPTION_RECORDED,0,0,0,5,10,20,0.0,0.0,0.0,0,36,0.0,0,-1,0.0,0.033333,-0.033333
rec_1038f5462532d2d6,STU_161565,161565,SISWA_039,Kls 8_SISWA_032,2025-09-23,SEPTEMBER,Tuesday,TRUE,,NO_EXCEPTION_RECORDED,0,0,0,5,10,21,0.0,0.0,0.0,0,37,0.0,0,-1,0.0,0.011111,-0.011111
rec_c732f0661df35a04,STU_161565,161565,SISWA_039,Kls 8_SISWA_032,2025-09-24,SEPTEMBER,Wednesday,TRUE,,NO_EXCEPTION_RECORDED,0,0,0,5,10,22,0.0,0.0,0.0,0,38,0.0,0,-1,0.0,0.0,0.0
rec_a0bac18933ff734e,STU_161565,161565,SISWA_039,Kls 8_SISWA_032,2025-09-25,SEPTEMBER,Thursday,TRUE,,NO_EXCEPTION_RECORDED,0,0,0,5,10,22,0.0,0.0,0.0,0,39,0.0,0,-1,0.0,0.0,0.0
rec_baf536092623f516,STU_161565,161565,SISWA_039,Kls 8_SISWA_032,2025-09-26,SEPTEMBER,Friday,TRUE,,NO_EXCEPTION_RECORDED,0,0,0,5,10,22,0.0,0.0,0.0,0,40,0.0,0,-1,0.0,0.0,0.0
rec_21ba032536d1fe01,STU_161565,161565,SISWA_039,Kls 8_SISWA_032,2025-09-27,SEPTEMBER,Saturday,FALSE,,NO_EXCEPTION_RECORDED,0,0,0,5,10,22,0.0,0.0,0.0,0,41,0.0,0,-1,0.0,0.011111,-0.011111
rec_c7a232f1d07fb14f,STU_161565,161565,SISWA_039,Kls 8_SISWA_032,2025-09-28,SEPTEMBER,Sunday,FALSE,,NO_EXCEPTION_RECORDED,0,0,0,5,10,21,0.0,0.0,0.0,0,41,0.0,0,-1,0.0,0.011111,-0.011111
rec_97a5092bc9cb01f4,STU_161565,161565,SISWA_039,Kls 8_SISWA_032,2025-09-29,SEPTEMBER,Monday,TRUE,,NO_EXCEPTION_RECORDED,0,0,0,5,10,20,0.0,0.0,0.0,0,41,0.0,0,-1,0.0,0.011111,-0.011111
rec_be4b53a54dc87d8f,STU_161565,161565,SISWA_039,Kls 8_SISWA_032,2025-09-30,SEPTEMBER,Tuesday,UNKNOWN,,NO_EXCEPTION_RECORDED,0,0,0,5,10,21,0.0,0.0,0.0,0,42,0.0,0,-1,0.0,0.022222,-0.022222
rec_ddcc47ea9d805a97,STU_167780,167780,SISWA_061,Kls 8_SISWA_052,2025-08-01,AGUSTUS,Friday,UNKNOWN,,NO_EXCEPTION_RECORDED,0,0,0,0,0,0,0.0,0.0,0.0,0,0,0.0,0,-1,0.0,0.0,0.0
rec_e39d9a93e8e34cfd,STU_167780,167780,SISWA_061,Kls 8_SISWA_052,2025-08-02,AGUSTUS,Saturday,FALSE,,NO_EXCEPTION_RECORDED,0,0,0,1,1,1,0.0,0.0,0.0,0,1,0.0,0,-1,0.0,0.0,0.0
rec_1f971be901b771ef,STU_167780,167780,SISWA_061,Kls 8_SISWA_052,2025-08-03,AGUSTUS,Sunday,FALSE,,NO_EXCEPTION_RECORDED,0,0,0,1,1,1,0.0,0.0,0.0,0,1,0.0,0,-1,0.0,0.0,0.0
rec_4fe088bb99842001,STU_167780,167780,SISWA_061,Kls 8_SISWA_052,2025-08-04,AGUSTUS,Monday,UNKNOWN,,NO_EXCEPTION_RECORDED,0,0,0,1,1,1,0.0,0.0,0.0,0,1,0.0,0,-1,0.0,0.0,0.0
rec_4fe26de6414ab9e3,STU_167780,167780,SISWA_061,Kls 8_SISWA_052,2025-08-05,AGUSTUS,Tuesday,TRUE,,NO_EXCEPTION_RECORDED,0,0,0,2,2,2,0.0,0.0,0.0,0,2,0.0,0,-1,0.0,0.0,0.0
rec_3c639e1e6b23b61b,STU_167780,167780,SISWA_061,Kls 8_SISWA_052,2025-08-06,AGUSTUS,Wednesday,UNKNOWN,,NO_EXCEPTION_RECORDED,0,0,0,3,3,3,0.0,0.0,0.0,0,3,0.0,0,-1,0.0,0.0,0.0
rec_81fda6bf612bb3cf,STU_167780,167780,SISWA_061,Kls 8_SISWA_052,2025-08-07,AGUSTUS,Thursday,TRUE,,NO_EXCEPTION_RECORDED,0,0,0,4,4,4,0.0,0.0,0.0,0,4,0.0,0,-1,0.0,0.0,0.0
rec_fc4bd0328f1900ac,STU_167780,167780,SISWA_061,Kls 8_SISWA_052,2025-08-08,AGUSTUS,Friday,TRUE,,NO_EXCEPTION_RECORDED,0,0,0,5,5,5,0.0,0.0,0.0,0,5,0.0,0,-1,0.0,0.011111,-0.011111
rec_74598e09ad4a4dcb,STU_167780,167780,SISWA_061,Kls 8_SISWA_052,2025-08-09,AGUSTUS,Saturday,FALSE,,NO_EXCEPTION_RECORDED,0,0,0,5,6,6,0.0,0.0,0.0,0,6,0.0,0,-1,0.0,0.011111,-0.011111
rec_cfa0ca56ddea973c,STU_167780,167780,SISWA_061,Kls 8_SISWA_052,2025-08-10,AGUSTUS,Sunday,FALSE,,NO_EXCEPTION_RECORDED,0,0,0,5,6,6,0.0,0.0,0.0,0,6,0.0,0,-1,0.0,0.011111,-0.011111
rec_cf46f3c987690d95,STU_167780,167780,SISWA_061,Kls 8_SISWA_052,2025-08-11,AGUSTUS,Monday,TRUE,,NO_EXCEPTION_RECORDED,0,0,0,5,6,6,0.0,0.0,0.0,0,6,0.0,0,-1,0.0,0.011111,-0.011111
rec_22dca0dc48fc9bd7,STU_167780,167780,SISWA_061,Kls 8_SISWA_052,2025-08-12,AGUSTUS,Tuesday,TRUE,,NO_EXCEPTION_RECORDED,0,0,0,5,7,7,0.0,0.0,0.0,0,7,0.0,0,-1,0.0,0.011111,-0.011111
rec_37da82c0919724aa,STU_167780,167780,SISWA_061,Kls 8_SISWA_052,2025-08-13,AGUSTUS,Wednesday,TRUE,,NO_EXCEPTION_RECORDED,0,0,0,5,8,8,0.0,0.0,0.0,0,8,0.0,0,-1,0.0,0.022222,-0.022222
rec_80809d483b52c404,STU_167780,167780,SISWA_061,Kls 8_SISWA_052,2025-08-14,AGUSTUS,Thursday,UNKNOWN,,NO_EXCEPTION_RECORDED,0,0,0,5,9,9,0.0,0.0,0.0,0,9,0.0,0,-1,0.0,0.033333,-0.033333
rec_266467f58c90eb1e,STU_167780,167780,SISWA_061,Kls 8_SISWA_052,2025-08-15,AGUSTUS,Friday,UNKNOWN,,NO_EXCEPTION_RECORDED,0,0,0,5,10,10,0.0,0.0,0.0,0,10,0.0,0,-1,0.0,0.022222,-0.022222
rec_688b5e506c11e187,STU_167780,167780,SISWA_061,Kls 8_SISWA_052,2025-08-16,AGUSTUS,Saturday,FALSE,,NO_EXCEPTION_RECORDED,0,0,0,5,10,11,0.0,0.0,0.0,0,11,0.0,0,-1,0.0,0.022222,-0.022222
rec_e2e9dce6a067d640,STU_167780,167780,SISWA_061,Kls 8_SISWA_052,2025-08-17,AGUSTUS,Sunday,FALSE,,NO_EXCEPTION_RECORDED,0,0,0,5,10,11,0.0,0.0,0.0,0,11,0.0,0,-1,0.0,0.022222,-0.022222
rec_2b125c5d662f229e,STU_167780,167780,SISWA_061,Kls 8_SISWA_052,2025-08-18,AGUSTUS,Monday,UNKNOWN,,NO_EXCEPTION_RECORDED,0,0,0,5,10,11,0.0,0.0,0.0,0,11,0.0,0,-1,0.0,0.022222,-0.022222
rec_90617c983a26bbc5,STU_167780,167780,SISWA_061,Kls 8_SISWA_052,2025-08-19,AGUSTUS,Tuesday,TRUE,s,SOURCE_MARK_S,0,0,0,5,10,12,0.0,0.0,0.0,0,12,0.0,0,-1,0.0,0.022222,-0.022222
rec_8f37f97937ea1c72,STU_167780,167780,SISWA_061,Kls 8_SISWA_052,2025-08-20,AGUSTUS,Wednesday,TRUE,s,SOURCE_MARK_S,1,1,1,5,10,13,0.2,0.1,0.076923,1,13,0.076923,1,1,0.123077,0.011111,0.188889
rec_98114e8200b144a9,STU_167780,167780,SISWA_061,Kls 8_SISWA_052,2025-08-21,AGUSTUS,Thursday,TRUE,,NO_EXCEPTION_RECORDED,2,2,2,5,10,14,0.4,0.2,0.142857,2,14,0.142857,2,1,0.257143,0.0,0.4
rec_d5c366f93c1974ef,STU_167780,167780,SISWA_061,Kls 8_SISWA_052,2025-08-22,AGUSTUS,Friday,UNKNOWN,,NO_EXCEPTION_RECORDED,2,2,2,5,10,15,0.4,0.2,0.133333,2,15,0.133333,0,2,0.266667,0.0,0.4
rec_6bed3d4b3905205c,STU_167780,167780,SISWA_061,Kls 8_SISWA_052,2025-08-23,AGUSTUS,Saturday,FALSE,,NO_EXCEPTION_RECORDED,2,2,2,5,10,16,0.4,0.2,0.125,2,16,0.125,0,3,0.275,0.0,0.4
rec_70b2a7692a196a79,STU_167780,167780,SISWA_061,Kls 8_SISWA_052,2025-08-24,AGUSTUS,Sunday,FALSE,,NO_EXCEPTION_RECORDED,2,2,2,5,10,16,0.4,0.2,0.125,2,16,0.125,0,4,0.275,0.0,0.4
rec_745d6bf6b20e0018,STU_167780,167780,SISWA_061,Kls 8_SISWA_052,2025-08-25,AGUSTUS,Monday,TRUE,,NO_EXCEPTION_RECORDED,2,2,2,5,10,16,0.4,0.2,0.125,2,16,0.125,0,5,0.275,0.0,0.4
rec_b3a9bb0dc2e7a501,STU_167780,167780,SISWA_061,Kls 8_SISWA_052,2025-08-26,AGUSTUS,Tuesday,TRUE,,NO_EXCEPTION_RECORDED,2,2,2,5,10,17,0.4,0.2,0.117647,2,17,0.117647,0,6,0.282353,0.011111,0.388889
rec_8f30db0f81553dbb,STU_167780,167780,SISWA_061,Kls 8_SISWA_052,2025-08-27,AGUSTUS,Wednesday,TRUE,,NO_EXCEPTION_RECORDED,1,2,2,5,10,18,0.2,0.2,0.111111,2,18,0.111111,0,7,0.088889,0.011111,0.188889
rec_3617ee71550bb22f,STU_167780,167780,SISWA_061,Kls 8_SISWA_052,2025-08-28,AGUSTUS,Thursday,TRUE,,NO_EXCEPTION_RECORDED,0,2,2,5,10,19,0.0,0.2,0.105263,2,19,0.105263,0,8,-0.105263,0.011111,-0.011111
rec_ad4bd58df628cebb,STU_167780,167780,SISWA_061,Kls 8_SISWA_052,2025-08-29,AGUSTUS,Friday,TRUE,,NO_EXCEPTION_RECORDED,0,2,2,5,10,20,0.0,0.2,0.1,2,20,0.1,0,9,-0.1,0.011111,-0.011111
rec_97a10433770a4ffd,STU_167780,167780,SISWA_061,Kls 8_SISWA_052,2025-08-30,AGUSTUS,Saturday,FALSE,,NO_EXCEPTION_RECORDED,0,2,2,5,10,21,0.0,0.2,0.095238,2,21,0.095238,0,10,-0.095238,0.011111,-0.011111
rec_98b7acf4717464df,STU_167780,167780,SISWA_061,Kls 8_SISWA_052,2025-08-31,AGUSTUS,Sunday,FALSE,,NO_EXCEPTION_RECORDED,0,2,2,5,10,21,0.0,0.2,0.095238,2,21,0.095238,0,11,-0.095238,0.011111,-0.011111
rec_0ddff734cb09666c,STU_167780,167780,SISWA_061,Kls 8_SISWA_052,2025-09-01,SEPTEMBER,Monday,TRUE,,NO_EXCEPTION_RECORDED,0,2,2,5,10,20,0.0,0.2,0.1,2,21,0.095238,0,12,-0.095238,0.011111,-0.011111
rec_a26a256f95efbaa8,STU_167780,167780,SISWA_061,Kls 8_SISWA_052,2025-09-02,SEPTEMBER,Tuesday,TRUE,,NO_EXCEPTION_RECORDED,0,2,2,5,10,21,0.0,0.2,0.095238,2,22,0.090909,0,13,-0.090909,0.011111,-0.011111
rec_281e7725e2fc8cef,STU_167780,167780,SISWA_061,Kls 8_SISWA_052,2025-09-03,SEPTEMBER,Wednesday,TRUE,,NO_EXCEPTION_RECORDED,0,1,2,5,10,22,0.0,0.1,0.090909,2,23,0.086957,0,14,-0.086957,0.022222,-0.022222
rec_5de7fe5842d69b6f,STU_167780,167780,SISWA_061,Kls 8_SISWA_052,2025-09-04,SEPTEMBER,Thursday,TRUE,,NO_EXCEPTION_RECORDED,0,0,2,5,10,22,0.0,0.0,0.090909,2,24,0.083333,0,15,-0.083333,0.022222,-0.022222
rec_2ce7b9e76b5721f6,STU_167780,167780,SISWA_061,Kls 8_SISWA_052,2025-09-05,SEPTEMBER,Friday,UNKNOWN,,NO_EXCEPTION_RECORDED,0,0,2,5,10,22,0.0,0.0,0.090909,2,25,0.08,0,16,-0.08,0.022222,-0.022222
rec_700ac30d8c4f6384,STU_167780,167780,SISWA_061,Kls 8_SISWA_052,2025-09-06,SEPTEMBER,Saturday,FALSE,,NO_EXCEPTION_RECORDED,0,0,2,5,10,22,0.0,0.0,0.090909,2,26,0.076923,0,17,-0.076923,0.022222,-0.022222
rec_5d1d3b163af9d82b,STU_167780,167780,SISWA_061,Kls 8_SISWA_052,2025-09-07,SEPTEMBER,Sunday,FALSE,,NO_EXCEPTION_RECORDED,0,0,2,5,10,21,0.0,0.0,0.095238,2,26,0.076923,0,18,-0.076923,0.022222,-0.022222
rec_3aa5bd31159d9b48,STU_167780,167780,SISWA_061,Kls 8_SISWA_052,2025-09-08,SEPTEMBER,Monday,TRUE,,NO_EXCEPTION_RECORDED,0,0,2,5,10,20,0.0,0.0,0.1,2,26,0.076923,0,19,-0.076923,0.022222,-0.022222
rec_1feb02586c0e7c06,STU_167780,167780,SISWA_061,Kls 8_SISWA_052,2025-09-09,SEPTEMBER,Tuesday,TRUE,,NO_EXCEPTION_RECORDED,0,0,2,5,10,21,0.0,0.0,0.095238,2,27,0.074074,0,20,-0.074074,0.011111,-0.011111
rec_9d07e0dddb3399f6,STU_167780,167780,SISWA_061,Kls 8_SISWA_052,2025-09-10,SEPTEMBER,Wednesday,TRUE,,NO_EXCEPTION_RECORDED,0,0,2,5,10,22,0.0,0.0,0.090909,2,28,0.071429,0,21,-0.071429,0.011111,-0.011111
rec_81ff467de259d34a,STU_167780,167780,SISWA_061,Kls 8_SISWA_052,2025-09-11,SEPTEMBER,Thursday,TRUE,,NO_EXCEPTION_RECORDED,0,0,2,5,10,22,0.0,0.0,0.090909,2,29,0.068966,0,22,-0.068966,0.011111,-0.011111
rec_8bdffea5f1d196be,STU_167780,167780,SISWA_061,Kls 8_SISWA_052,2025-09-12,SEPTEMBER,Friday,TRUE,,NO_EXCEPTION_RECORDED,0,0,2,5,10,22,0.0,0.0,0.090909,2,30,0.066667,0,23,-0.066667,0.011111,-0.011111
rec_e33c606723082a9b,STU_167780,167780,SISWA_061,Kls 8_SISWA_052,2025-09-13,SEPTEMBER,Saturday,FALSE,,NO_EXCEPTION_RECORDED,0,0,2,5,10,22,0.0,0.0,0.090909,2,31,0.064516,0,24,-0.064516,0.011111,-0.011111
rec_a1d6b2179930943a,STU_167780,167780,SISWA_061,Kls 8_SISWA_052,2025-09-14,SEPTEMBER,Sunday,FALSE,,NO_EXCEPTION_RECORDED,0,0,2,5,10,21,0.0,0.0,0.095238,2,31,0.064516,0,25,-0.064516,0.011111,-0.011111
rec_ab8ef7a1b7bd3c0a,STU_167780,167780,SISWA_061,Kls 8_SISWA_052,2025-09-15,SEPTEMBER,Monday,TRUE,,NO_EXCEPTION_RECORDED,0,0,2,5,10,20,0.0,0.0,0.1,2,31,0.064516,0,26,-0.064516,0.011111,-0.011111
rec_fc16e380cc2f210d,STU_167780,167780,SISWA_061,Kls 8_SISWA_052,2025-09-16,SEPTEMBER,Tuesday,TRUE,,NO_EXCEPTION_RECORDED,0,0,2,5,10,21,0.0,0.0,0.095238,2,32,0.0625,0,27,-0.0625,0.022222,-0.022222
rec_121024814a9caaaf,STU_167780,167780,SISWA_061,Kls 8_SISWA_052,2025-09-17,SEPTEMBER,Wednesday,TRUE,,NO_EXCEPTION_RECORDED,0,0,2,5,10,22,0.0,0.0,0.090909,2,33,0.060606,0,28,-0.060606,0.011111,-0.011111
rec_cd3510b7023cd171,STU_167780,167780,SISWA_061,Kls 8_SISWA_052,2025-09-18,SEPTEMBER,Thursday,TRUE,,NO_EXCEPTION_RECORDED,0,0,2,5,10,22,0.0,0.0,0.090909,2,34,0.058824,0,29,-0.058824,0.011111,-0.011111
rec_c2a99fa09e1bb97a,STU_167780,167780,SISWA_061,Kls 8_SISWA_052,2025-09-19,SEPTEMBER,Friday,TRUE,,NO_EXCEPTION_RECORDED,0,0,1,5,10,22,0.0,0.0,0.045455,2,35,0.057143,0,30,-0.057143,0.011111,-0.011111
rec_a444a1475b13c6c8,STU_167780,167780,SISWA_061,Kls 8_SISWA_052,2025-09-20,SEPTEMBER,Saturday,FALSE,,NO_EXCEPTION_RECORDED,0,0,0,5,10,22,0.0,0.0,0.0,2,36,0.055556,0,31,-0.055556,0.011111,-0.011111
rec_fa64f0362d106b9e,STU_167780,167780,SISWA_061,Kls 8_SISWA_052,2025-09-21,SEPTEMBER,Sunday,FALSE,,NO_EXCEPTION_RECORDED,0,0,0,5,10,21,0.0,0.0,0.0,2,36,0.055556,0,32,-0.055556,0.011111,-0.011111
rec_6c685a7a047fb9e8,STU_167780,167780,SISWA_061,Kls 8_SISWA_052,2025-09-22,SEPTEMBER,Monday,TRUE,,NO_EXCEPTION_RECORDED,0,0,0,5,10,20,0.0,0.0,0.0,2,36,0.055556,0,33,-0.055556,0.011111,-0.011111
rec_c16e98944b189b31,STU_167780,167780,SISWA_061,Kls 8_SISWA_052,2025-09-23,SEPTEMBER,Tuesday,TRUE,,NO_EXCEPTION_RECORDED,0,0,0,5,10,21,0.0,0.0,0.0,2,37,0.054054,0,34,-0.054054,0.011111,-0.011111
rec_cca95afbcbbc3c0e,STU_167780,167780,SISWA_061,Kls 8_SISWA_052,2025-09-24,SEPTEMBER,Wednesday,TRUE,,NO_EXCEPTION_RECORDED,0,0,0,5,10,22,0.0,0.0,0.0,2,38,0.052632,0,35,-0.052632,0.011111,-0.011111
rec_ff24a3766479fee0,STU_167780,167780,SISWA_061,Kls 8_SISWA_052,2025-09-25,SEPTEMBER,Thursday,TRUE,,NO_EXCEPTION_RECORDED,0,0,0,5,10,22,0.0,0.0,0.0,2,39,0.051282,0,36,-0.051282,0.011111,-0.011111
rec_1c1e69ce2e9c3fe1,STU_167780,167780,SISWA_061,Kls 8_SISWA_052,2025-09-26,SEPTEMBER,Friday,TRUE,,NO_EXCEPTION_RECORDED,0,0,0,5,10,22,0.0,0.0,0.0,2,40,0.05,0,37,-0.05,0.022222,-0.022222
rec_120c4883009bd202,STU_167780,167780,SISWA_061,Kls 8_SISWA_052,2025-09-27,SEPTEMBER,Saturday,FALSE,,NO_EXCEPTION_RECORDED,0,0,0,5,10,22,0.0,0.0,0.0,2,41,0.04878,0,38,-0.04878,0.022222,-0.022222
rec_bb87769a05f62f1f,STU_167780,167780,SISWA_061,Kls 8_SISWA_052,2025-09-28,SEPTEMBER,Sunday,FALSE,,NO_EXCEPTION_RECORDED,0,0,0,5,10,21,0.0,0.0,0.0,2,41,0.04878,0,39,-0.04878,0.022222,-0.022222
rec_729acd0cbd1a8bfe,STU_167780,167780,SISWA_061,Kls 8_SISWA_052,2025-09-29,SEPTEMBER,Monday,TRUE,,NO_EXCEPTION_RECORDED,0,0,0,5,10,20,0.0,0.0,0.0,2,41,0.04878,0,40,-0.04878,0.022222,-0.022222
rec_c4e2176c71674d63,STU_167780,167780,SISWA_061,Kls 8_SISWA_052,2025-09-30,SEPTEMBER,Tuesday,UNKNOWN,,NO_EXCEPTION_RECORDED,0,0,0,5,10,21,0.0,0.0,0.0,2,42,0.047619,0,41,-0.047619,0.011111,-0.011111
rec_a275e81a893a2f92,STU_168620,168620,SISWA_051,Kls 8_SISWA_032,2025-08-01,AGUSTUS,Friday,UNKNOWN,,NO_EXCEPTION_RECORDED,0,0,0,0,0,0,0.0,0.0,0.0,0,0,0.0,0,-1,0.0,0.0,0.0
rec_6ed7e76a12d2c293,STU_168620,168620,SISWA_051,Kls 8_SISWA_032,2025-08-02,AGUSTUS,Saturday,FALSE,,NO_EXCEPTION_RECORDED,0,0,0,1,1,1,0.0,0.0,0.0,0,1,0.0,0,-1,0.0,0.0,0.0
rec_470113c51b4dac93,STU_168620,168620,SISWA_051,Kls 8_SISWA_032,2025-08-03,AGUSTUS,Sunday,FALSE,,NO_EXCEPTION_RECORDED,0,0,0,1,1,1,0.0,0.0,0.0,0,1,0.0,0,-1,0.0,0.0,0.0
rec_c77564d9de5e6dd0,STU_168620,168620,SISWA_051,Kls 8_SISWA_032,2025-08-04,AGUSTUS,Monday,UNKNOWN,,NO_EXCEPTION_RECORDED,0,0,0,1,1,1,0.0,0.0,0.0,0,1,0.0,0,-1,0.0,0.0,0.0
rec_8ac5436959137f8c,STU_168620,168620,SISWA_051,Kls 8_SISWA_032,2025-08-05,AGUSTUS,Tuesday,TRUE,,NO_EXCEPTION_RECORDED,0,0,0,2,2,2,0.0,0.0,0.0,0,2,0.0,0,-1,0.0,0.0,0.0
rec_eb01241fa50b59db,STU_168620,168620,SISWA_051,Kls 8_SISWA_032,2025-08-06,AGUSTUS,Wednesday,UNKNOWN,,NO_EXCEPTION_RECORDED,0,0,0,3,3,3,0.0,0.0,0.0,0,3,0.0,0,-1,0.0,0.0,0.0
rec_dc2b7fe09eb6447c,STU_168620,168620,SISWA_051,Kls 8_SISWA_032,2025-08-07,AGUSTUS,Thursday,TRUE,,NO_EXCEPTION_RECORDED,0,0,0,4,4,4,0.0,0.0,0.0,0,4,0.0,0,-1,0.0,0.0,0.0
rec_335e595ff8edb884,STU_168620,168620,SISWA_051,Kls 8_SISWA_032,2025-08-08,AGUSTUS,Friday,TRUE,,NO_EXCEPTION_RECORDED,0,0,0,5,5,5,0.0,0.0,0.0,0,5,0.0,0,-1,0.0,0.0,0.0
rec_6a7c1dfea1ae6a88,STU_168620,168620,SISWA_051,Kls 8_SISWA_032,2025-08-09,AGUSTUS,Saturday,FALSE,,NO_EXCEPTION_RECORDED,0,0,0,5,6,6,0.0,0.0,0.0,0,6,0.0,0,-1,0.0,0.0,0.0
rec_087e24711636a225,STU_168620,168620,SISWA_051,Kls 8_SISWA_032,2025-08-10,AGUSTUS,Sunday,FALSE,,NO_EXCEPTION_RECORDED,0,0,0,5,6,6,0.0,0.0,0.0,0,6,0.0,0,-1,0.0,0.0,0.0
rec_ea965932f607d282,STU_168620,168620,SISWA_051,Kls 8_SISWA_032,2025-08-11,AGUSTUS,Monday,TRUE,,NO_EXCEPTION_RECORDED,0,0,0,5,6,6,0.0,0.0,0.0,0,6,0.0,0,-1,0.0,0.0,0.0
rec_5927b8b64d69f79b,STU_168620,168620,SISWA_051,Kls 8_SISWA_032,2025-08-12,AGUSTUS,Tuesday,TRUE,,NO_EXCEPTION_RECORDED,0,0,0,5,7,7,0.0,0.0,0.0,0,7,0.0,0,-1,0.0,0.011111,-0.011111
rec_8055bdb2e92cb493,STU_168620,168620,SISWA_051,Kls 8_SISWA_032,2025-08-13,AGUSTUS,Wednesday,TRUE,,NO_EXCEPTION_RECORDED,0,0,0,5,8,8,0.0,0.0,0.0,0,8,0.0,0,-1,0.0,0.011111,-0.011111
rec_f73ed174149be697,STU_168620,168620,SISWA_051,Kls 8_SISWA_032,2025-08-14,AGUSTUS,Thursday,UNKNOWN,,NO_EXCEPTION_RECORDED,0,0,0,5,9,9,0.0,0.0,0.0,0,9,0.0,0,-1,0.0,0.011111,-0.011111
rec_f8bfc6aa2540efa2,STU_168620,168620,SISWA_051,Kls 8_SISWA_032,2025-08-15,AGUSTUS,Friday,UNKNOWN,,NO_EXCEPTION_RECORDED,0,0,0,5,10,10,0.0,0.0,0.0,0,10,0.0,0,-1,0.0,0.011111,-0.011111
rec_0792712fb610e1f9,STU_168620,168620,SISWA_051,Kls 8_SISWA_032,2025-08-16,AGUSTUS,Saturday,FALSE,,NO_EXCEPTION_RECORDED,0,0,0,5,10,11,0.0,0.0,0.0,0,11,0.0,0,-1,0.0,0.011111,-0.011111
rec_711b459cff8cd68b,STU_168620,168620,SISWA_051,Kls 8_SISWA_032,2025-08-17,AGUSTUS,Sunday,FALSE,,NO_EXCEPTION_RECORDED,0,0,0,5,10,11,0.0,0.0,0.0,0,11,0.0,0,-1,0.0,0.011111,-0.011111
rec_f34ad4c0674a7798,STU_168620,168620,SISWA_051,Kls 8_SISWA_032,2025-08-18,AGUSTUS,Monday,UNKNOWN,,NO_EXCEPTION_RECORDED,0,0,0,5,10,11,0.0,0.0,0.0,0,11,0.0,0,-1,0.0,0.011111,-0.011111
rec_9df511a63ed44ff8,STU_168620,168620,SISWA_051,Kls 8_SISWA_032,2025-08-19,AGUSTUS,Tuesday,TRUE,,NO_EXCEPTION_RECORDED,0,0,0,5,10,12,0.0,0.0,0.0,0,12,0.0,0,-1,0.0,0.0,0.0
rec_2689b90bae514e32,STU_168620,168620,SISWA_051,Kls 8_SISWA_032,2025-08-20,AGUSTUS,Wednesday,TRUE,,NO_EXCEPTION_RECORDED,0,0,0,5,10,13,0.0,0.0,0.0,0,13,0.0,0,-1,0.0,0.011111,-0.011111
rec_695dbdf4d17e3624,STU_168620,168620,SISWA_051,Kls 8_SISWA_032,2025-08-21,AGUSTUS,Thursday,TRUE,,NO_EXCEPTION_RECORDED,0,0,0,5,10,14,0.0,0.0,0.0,0,14,0.0,0,-1,0.0,0.011111,-0.011111
rec_439a3d06585d1951,STU_168620,168620,SISWA_051,Kls 8_SISWA_032,2025-08-22,AGUSTUS,Friday,UNKNOWN,,NO_EXCEPTION_RECORDED,0,0,0,5,10,15,0.0,0.0,0.0,0,15,0.0,0,-1,0.0,0.011111,-0.011111
rec_cefd992f7346ecd3,STU_168620,168620,SISWA_051,Kls 8_SISWA_032,2025-08-23,AGUSTUS,Saturday,FALSE,,NO_EXCEPTION_RECORDED,0,0,0,5,10,16,0.0,0.0,0.0,0,16,0.0,0,-1,0.0,0.011111,-0.011111
rec_b2c80f2bd3cdc2b4,STU_168620,168620,SISWA_051,Kls 8_SISWA_032,2025-08-24,AGUSTUS,Sunday,FALSE,,NO_EXCEPTION_RECORDED,0,0,0,5,10,16,0.0,0.0,0.0,0,16,0.0,0,-1,0.0,0.011111,-0.011111
rec_48ff63a04432d55f,STU_168620,168620,SISWA_051,Kls 8_SISWA_032,2025-08-25,AGUSTUS,Monday,TRUE,,NO_EXCEPTION_RECORDED,0,0,0,5,10,16,0.0,0.0,0.0,0,16,0.0,0,-1,0.0,0.011111,-0.011111
rec_025d02f0d5e415bd,STU_168620,168620,SISWA_051,Kls 8_SISWA_032,2025-08-26,AGUSTUS,Tuesday,TRUE,,NO_EXCEPTION_RECORDED,0,0,0,5,10,17,0.0,0.0,0.0,0,17,0.0,0,-1,0.0,0.011111,-0.011111
rec_46b91421ce76eda4,STU_168620,168620,SISWA_051,Kls 8_SISWA_032,2025-08-27,AGUSTUS,Wednesday,TRUE,,NO_EXCEPTION_RECORDED,0,0,0,5,10,18,0.0,0.0,0.0,0,18,0.0,0,-1,0.0,0.011111,-0.011111
rec_56ae0e99ec7d52a5,STU_168620,168620,SISWA_051,Kls 8_SISWA_032,2025-08-28,AGUSTUS,Thursday,TRUE,,NO_EXCEPTION_RECORDED,0,0,0,5,10,19,0.0,0.0,0.0,0,19,0.0,0,-1,0.0,0.011111,-0.011111
rec_d3fee4ae5195a100,STU_168620,168620,SISWA_051,Kls 8_SISWA_032,2025-08-29,AGUSTUS,Friday,TRUE,,NO_EXCEPTION_RECORDED,0,0,0,5,10,20,0.0,0.0,0.0,0,20,0.0,0,-1,0.0,0.022222,-0.022222
rec_e2ca77eb2e78ea38,STU_168620,168620,SISWA_051,Kls 8_SISWA_032,2025-08-30,AGUSTUS,Saturday,FALSE,,NO_EXCEPTION_RECORDED,0,0,0,5,10,21,0.0,0.0,0.0,0,21,0.0,0,-1,0.0,0.022222,-0.022222
rec_f4eefbcbb3f25b5a,STU_168620,168620,SISWA_051,Kls 8_SISWA_032,2025-08-31,AGUSTUS,Sunday,FALSE,,NO_EXCEPTION_RECORDED,0,0,0,5,10,21,0.0,0.0,0.0,0,21,0.0,0,-1,0.0,0.022222,-0.022222
rec_08ba02409732d417,STU_168620,168620,SISWA_051,Kls 8_SISWA_032,2025-09-01,SEPTEMBER,Monday,TRUE,,NO_EXCEPTION_RECORDED,0,0,0,5,10,20,0.0,0.0,0.0,0,21,0.0,0,-1,0.0,0.022222,-0.022222
rec_36b098822d4286dc,STU_168620,168620,SISWA_051,Kls 8_SISWA_032,2025-09-02,SEPTEMBER,Tuesday,TRUE,,NO_EXCEPTION_RECORDED,0,0,0,5,10,21,0.0,0.0,0.0,0,22,0.0,0,-1,0.0,0.022222,-0.022222
rec_f795e02366493a79,STU_168620,168620,SISWA_051,Kls 8_SISWA_032,2025-09-03,SEPTEMBER,Wednesday,TRUE,,NO_EXCEPTION_RECORDED,0,0,0,5,10,22,0.0,0.0,0.0,0,23,0.0,0,-1,0.0,0.011111,-0.011111
rec_5dccc4b786d00b7c,STU_168620,168620,SISWA_051,Kls 8_SISWA_032,2025-09-04,SEPTEMBER,Thursday,TRUE,,NO_EXCEPTION_RECORDED,0,0,0,5,10,22,0.0,0.0,0.0,0,24,0.0,0,-1,0.0,0.011111,-0.011111
rec_8f4446abb42892df,STU_168620,168620,SISWA_051,Kls 8_SISWA_032,2025-09-05,SEPTEMBER,Friday,UNKNOWN,,NO_EXCEPTION_RECORDED,0,0,0,5,10,22,0.0,0.0,0.0,0,25,0.0,0,-1,0.0,0.0,0.0
rec_fbc9da1cd1bd6775,STU_168620,168620,SISWA_051,Kls 8_SISWA_032,2025-09-06,SEPTEMBER,Saturday,FALSE,,NO_EXCEPTION_RECORDED,0,0,0,5,10,22,0.0,0.0,0.0,0,26,0.0,0,-1,0.0,0.0,0.0
rec_6d3aa7bca0d1db27,STU_168620,168620,SISWA_051,Kls 8_SISWA_032,2025-09-07,SEPTEMBER,Sunday,FALSE,,NO_EXCEPTION_RECORDED,0,0,0,5,10,21,0.0,0.0,0.0,0,26,0.0,0,-1,0.0,0.0,0.0
rec_7c989440f7ac3009,STU_168620,168620,SISWA_051,Kls 8_SISWA_032,2025-09-08,SEPTEMBER,Monday,TRUE,,NO_EXCEPTION_RECORDED,0,0,0,5,10,20,0.0,0.0,0.0,0,26,0.0,0,-1,0.0,0.0,0.0
rec_f65d59b87318f34a,STU_168620,168620,SISWA_051,Kls 8_SISWA_032,2025-09-09,SEPTEMBER,Tuesday,TRUE,,NO_EXCEPTION_RECORDED,0,0,0,5,10,21,0.0,0.0,0.0,0,27,0.0,0,-1,0.0,0.0,0.0
rec_1317f296888307bb,STU_168620,168620,SISWA_051,Kls 8_SISWA_032,2025-09-10,SEPTEMBER,Wednesday,TRUE,,NO_EXCEPTION_RECORDED,0,0,0,5,10,22,0.0,0.0,0.0,0,28,0.0,0,-1,0.0,0.0,0.0
rec_e63f3abd642e9ee9,STU_168620,168620,SISWA_051,Kls 8_SISWA_032,2025-09-11,SEPTEMBER,Thursday,TRUE,,NO_EXCEPTION_RECORDED,0,0,0,5,10,22,0.0,0.0,0.0,0,29,0.0,0,-1,0.0,0.011111,-0.011111
rec_5e09dd13102c51a2,STU_168620,168620,SISWA_051,Kls 8_SISWA_032,2025-09-12,SEPTEMBER,Friday,TRUE,,NO_EXCEPTION_RECORDED,0,0,0,5,10,22,0.0,0.0,0.0,0,30,0.0,0,-1,0.0,0.011111,-0.011111
rec_0848bcec40072d7f,STU_168620,168620,SISWA_051,Kls 8_SISWA_032,2025-09-13,SEPTEMBER,Saturday,FALSE,,NO_EXCEPTION_RECORDED,0,0,0,5,10,22,0.0,0.0,0.0,0,31,0.0,0,-1,0.0,0.022222,-0.022222
rec_d479bb9faa92d26a,STU_168620,168620,SISWA_051,Kls 8_SISWA_032,2025-09-14,SEPTEMBER,Sunday,FALSE,,NO_EXCEPTION_RECORDED,0,0,0,5,10,21,0.0,0.0,0.0,0,31,0.0,0,-1,0.0,0.022222,-0.022222
rec_a296a6f89cbaa01e,STU_168620,168620,SISWA_051,Kls 8_SISWA_032,2025-09-15,SEPTEMBER,Monday,TRUE,,NO_EXCEPTION_RECORDED,0,0,0,5,10,20,0.0,0.0,0.0,0,31,0.0,0,-1,0.0,0.022222,-0.022222
rec_a38c5587f4dbb322,STU_168620,168620,SISWA_051,Kls 8_SISWA_032,2025-09-16,SEPTEMBER,Tuesday,TRUE,,NO_EXCEPTION_RECORDED,0,0,0,5,10,21,0.0,0.0,0.0,0,32,0.0,0,-1,0.0,0.044444,-0.044444
rec_7b932c443c742a00,STU_168620,168620,SISWA_051,Kls 8_SISWA_032,2025-09-17,SEPTEMBER,Wednesday,TRUE,,NO_EXCEPTION_RECORDED,0,0,0,5,10,22,0.0,0.0,0.0,0,33,0.0,0,-1,0.0,0.055556,-0.055556
rec_2077540b4bab6b86,STU_168620,168620,SISWA_051,Kls 8_SISWA_032,2025-09-18,SEPTEMBER,Thursday,TRUE,,NO_EXCEPTION_RECORDED,0,0,0,5,10,22,0.0,0.0,0.0,0,34,0.0,0,-1,0.0,0.044444,-0.044444
rec_759c0d47590917b1,STU_168620,168620,SISWA_051,Kls 8_SISWA_032,2025-09-19,SEPTEMBER,Friday,TRUE,,NO_EXCEPTION_RECORDED,0,0,0,5,10,22,0.0,0.0,0.0,0,35,0.0,0,-1,0.0,0.044444,-0.044444
rec_6e60f66fe38cbb2a,STU_168620,168620,SISWA_051,Kls 8_SISWA_032,2025-09-20,SEPTEMBER,Saturday,FALSE,,NO_EXCEPTION_RECORDED,0,0,0,5,10,22,0.0,0.0,0.0,0,36,0.0,0,-1,0.0,0.033333,-0.033333
rec_99c9f8bffc63e822,STU_168620,168620,SISWA_051,Kls 8_SISWA_032,2025-09-21,SEPTEMBER,Sunday,FALSE,,NO_EXCEPTION_RECORDED,0,0,0,5,10,21,0.0,0.0,0.0,0,36,0.0,0,-1,0.0,0.033333,-0.033333
rec_cf1f15de5d6a9b4c,STU_168620,168620,SISWA_051,Kls 8_SISWA_032,2025-09-22,SEPTEMBER,Monday,TRUE,,NO_EXCEPTION_RECORDED,0,0,0,5,10,20,0.0,0.0,0.0,0,36,0.0,0,-1,0.0,0.033333,-0.033333
rec_4c3bf019116f68b7,STU_168620,168620,SISWA_051,Kls 8_SISWA_032,2025-09-23,SEPTEMBER,Tuesday,TRUE,,NO_EXCEPTION_RECORDED,0,0,0,5,10,21,0.0,0.0,0.0,0,37,0.0,0,-1,0.0,0.011111,-0.011111
rec_07475506eed52e97,STU_168620,168620,SISWA_051,Kls 8_SISWA_032,2025-09-24,SEPTEMBER,Wednesday,TRUE,,NO_EXCEPTION_RECORDED,0,0,0,5,10,22,0.0,0.0,0.0,0,38,0.0,0,-1,0.0,0.0,0.0
rec_ac3c5093e648a734,STU_168620,168620,SISWA_051,Kls 8_SISWA_032,2025-09-25,SEPTEMBER,Thursday,TRUE,,NO_EXCEPTION_RECORDED,0,0,0,5,10,22,0.0,0.0,0.0,0,39,0.0,0,-1,0.0,0.0,0.0
rec_df100fa7be8155ae,STU_168620,168620,SISWA_051,Kls 8_SISWA_032,2025-09-26,SEPTEMBER,Friday,TRUE,,NO_EXCEPTION_RECORDED,0,0,0,5,10,22,0.0,0.0,0.0,0,40,0.0,0,-1,0.0,0.0,0.0
rec_b0b0911ad0f4dcf2,STU_168620,168620,SISWA_051,Kls 8_SISWA_032,2025-09-27,SEPTEMBER,Saturday,FALSE,,NO_EXCEPTION_RECORDED,0,0,0,5,10,22,0.0,0.0,0.0,0,41,0.0,0,-1,0.0,0.011111,-0.011111
rec_6a402a199d1bd9eb,STU_168620,168620,SISWA_051,Kls 8_SISWA_032,2025-09-28,SEPTEMBER,Sunday,FALSE,,NO_EXCEPTION_RECORDED,0,0,0,5,10,21,0.0,0.0,0.0,0,41,0.0,0,-1,0.0,0.011111,-0.011111
rec_0a45acad01da8e00,STU_168620,168620,SISWA_051,Kls 8_SISWA_032,2025-09-29,SEPTEMBER,Monday,TRUE,,NO_EXCEPTION_RECORDED,0,0,0,5,10,20,0.0,0.0,0.0,0,41,0.0,0,-1,0.0,0.011111,-0.011111
rec_bc30332a772ca4a5,STU_168620,168620,SISWA_051,Kls 8_SISWA_032,2025-09-30,SEPTEMBER,Tuesday,UNKNOWN,,NO_EXCEPTION_RECORDED,0,0,0,5,10,21,0.0,0.0,0.0,0,42,0.0,0,-1,0.0,0.022222,-0.022222
rec_32f23bb812722d3e,STU_172399,172399,SISWA_038,Kls 8_SISWA_032,2025-08-01,AGUSTUS,Friday,UNKNOWN,,NO_EXCEPTION_RECORDED,0,0,0,0,0,0,0.0,0.0,0.0,0,0,0.0,0,-1,0.0,0.0,0.0
rec_e51081028b5799c5,STU_172399,172399,SISWA_038,Kls 8_SISWA_032,2025-08-02,AGUSTUS,Saturday,FALSE,,NO_EXCEPTION_RECORDED,0,0,0,1,1,1,0.0,0.0,0.0,0,1,0.0,0,-1,0.0,0.0,0.0
rec_8b6a6088da8882f3,STU_172399,172399,SISWA_038,Kls 8_SISWA_032,2025-08-03,AGUSTUS,Sunday,FALSE,,NO_EXCEPTION_RECORDED,0,0,0,1,1,1,0.0,0.0,0.0,0,1,0.0,0,-1,0.0,0.0,0.0
rec_46269b3c04c3adcf,STU_172399,172399,SISWA_038,Kls 8_SISWA_032,2025-08-04,AGUSTUS,Monday,UNKNOWN,,NO_EXCEPTION_RECORDED,0,0,0,1,1,1,0.0,0.0,0.0,0,1,0.0,0,-1,0.0,0.0,0.0
rec_58aa9e68f7265d4c,STU_172399,172399,SISWA_038,Kls 8_SISWA_032,2025-08-05,AGUSTUS,Tuesday,TRUE,,NO_EXCEPTION_RECORDED,0,0,0,2,2,2,0.0,0.0,0.0,0,2,0.0,0,-1,0.0,0.0,0.0
rec_011ae7e85387fee5,STU_172399,172399,SISWA_038,Kls 8_SISWA_032,2025-08-06,AGUSTUS,Wednesday,UNKNOWN,,NO_EXCEPTION_RECORDED,0,0,0,3,3,3,0.0,0.0,0.0,0,3,0.0,0,-1,0.0,0.0,0.0
rec_0186a1ef97be6dab,STU_172399,172399,SISWA_038,Kls 8_SISWA_032,2025-08-07,AGUSTUS,Thursday,TRUE,,NO_EXCEPTION_RECORDED,0,0,0,4,4,4,0.0,0.0,0.0,0,4,0.0,0,-1,0.0,0.0,0.0
rec_deddf3a80f823d60,STU_172399,172399,SISWA_038,Kls 8_SISWA_032,2025-08-08,AGUSTUS,Friday,TRUE,,NO_EXCEPTION_RECORDED,0,0,0,5,5,5,0.0,0.0,0.0,0,5,0.0,0,-1,0.0,0.0,0.0
rec_4c2031ff7ae45c57,STU_172399,172399,SISWA_038,Kls 8_SISWA_032,2025-08-09,AGUSTUS,Saturday,FALSE,,NO_EXCEPTION_RECORDED,0,0,0,5,6,6,0.0,0.0,0.0,0,6,0.0,0,-1,0.0,0.0,0.0
rec_76af15dca69ea1f9,STU_172399,172399,SISWA_038,Kls 8_SISWA_032,2025-08-10,AGUSTUS,Sunday,FALSE,,NO_EXCEPTION_RECORDED,0,0,0,5,6,6,0.0,0.0,0.0,0,6,0.0,0,-1,0.0,0.0,0.0
rec_056207acbcdd3e67,STU_172399,172399,SISWA_038,Kls 8_SISWA_032,2025-08-11,AGUSTUS,Monday,TRUE,,NO_EXCEPTION_RECORDED,0,0,0,5,6,6,0.0,0.0,0.0,0,6,0.0,0,-1,0.0,0.0,0.0
rec_e7a8ee5a56042c0b,STU_172399,172399,SISWA_038,Kls 8_SISWA_032,2025-08-12,AGUSTUS,Tuesday,TRUE,,NO_EXCEPTION_RECORDED,0,0,0,5,7,7,0.0,0.0,0.0,0,7,0.0,0,-1,0.0,0.011111,-0.011111
rec_7ca875e1d2dd6893,STU_172399,172399,SISWA_038,Kls 8_SISWA_032,2025-08-13,AGUSTUS,Wednesday,TRUE,,NO_EXCEPTION_RECORDED,0,0,0,5,8,8,0.0,0.0,0.0,0,8,0.0,0,-1,0.0,0.011111,-0.011111
rec_91cf02b8b610d59d,STU_172399,172399,SISWA_038,Kls 8_SISWA_032,2025-08-14,AGUSTUS,Thursday,UNKNOWN,,NO_EXCEPTION_RECORDED,0,0,0,5,9,9,0.0,0.0,0.0,0,9,0.0,0,-1,0.0,0.011111,-0.011111
rec_36a0e22db1245235,STU_172399,172399,SISWA_038,Kls 8_SISWA_032,2025-08-15,AGUSTUS,Friday,UNKNOWN,,NO_EXCEPTION_RECORDED,0,0,0,5,10,10,0.0,0.0,0.0,0,10,0.0,0,-1,0.0,0.011111,-0.011111
rec_24d83a5b02e73f80,STU_172399,172399,SISWA_038,Kls 8_SISWA_032,2025-08-16,AGUSTUS,Saturday,FALSE,,NO_EXCEPTION_RECORDED,0,0,0,5,10,11,0.0,0.0,0.0,0,11,0.0,0,-1,0.0,0.011111,-0.011111
rec_5cf3315058c8cd32,STU_172399,172399,SISWA_038,Kls 8_SISWA_032,2025-08-17,AGUSTUS,Sunday,FALSE,,NO_EXCEPTION_RECORDED,0,0,0,5,10,11,0.0,0.0,0.0,0,11,0.0,0,-1,0.0,0.011111,-0.011111
rec_44679ca8502662c2,STU_172399,172399,SISWA_038,Kls 8_SISWA_032,2025-08-18,AGUSTUS,Monday,UNKNOWN,,NO_EXCEPTION_RECORDED,0,0,0,5,10,11,0.0,0.0,0.0,0,11,0.0,0,-1,0.0,0.011111,-0.011111
rec_5ff1db4150a6bbd9,STU_172399,172399,SISWA_038,Kls 8_SISWA_032,2025-08-19,AGUSTUS,Tuesday,TRUE,,NO_EXCEPTION_RECORDED,0,0,0,5,10,12,0.0,0.0,0.0,0,12,0.0,0,-1,0.0,0.0,0.0
rec_182fc1ccf8972815,STU_172399,172399,SISWA_038,Kls 8_SISWA_032,2025-08-20,AGUSTUS,Wednesday,TRUE,,NO_EXCEPTION_RECORDED,0,0,0,5,10,13,0.0,0.0,0.0,0,13,0.0,0,-1,0.0,0.011111,-0.011111
rec_f84a2062ca5bb19b,STU_172399,172399,SISWA_038,Kls 8_SISWA_032,2025-08-21,AGUSTUS,Thursday,TRUE,,NO_EXCEPTION_RECORDED,0,0,0,5,10,14,0.0,0.0,0.0,0,14,0.0,0,-1,0.0,0.011111,-0.011111
rec_c814f5d31039ec8b,STU_172399,172399,SISWA_038,Kls 8_SISWA_032,2025-08-22,AGUSTUS,Friday,UNKNOWN,,NO_EXCEPTION_RECORDED,0,0,0,5,10,15,0.0,0.0,0.0,0,15,0.0,0,-1,0.0,0.011111,-0.011111
rec_e2c346f3ff172159,STU_172399,172399,SISWA_038,Kls 8_SISWA_032,2025-08-23,AGUSTUS,Saturday,FALSE,,NO_EXCEPTION_RECORDED,0,0,0,5,10,16,0.0,0.0,0.0,0,16,0.0,0,-1,0.0,0.011111,-0.011111
rec_58ad799409988bf3,STU_172399,172399,SISWA_038,Kls 8_SISWA_032,2025-08-24,AGUSTUS,Sunday,FALSE,,NO_EXCEPTION_RECORDED,0,0,0,5,10,16,0.0,0.0,0.0,0,16,0.0,0,-1,0.0,0.011111,-0.011111
rec_dbc03841bbc06964,STU_172399,172399,SISWA_038,Kls 8_SISWA_032,2025-08-25,AGUSTUS,Monday,TRUE,,NO_EXCEPTION_RECORDED,0,0,0,5,10,16,0.0,0.0,0.0,0,16,0.0,0,-1,0.0,0.011111,-0.011111
rec_daa264d4b5d4528f,STU_172399,172399,SISWA_038,Kls 8_SISWA_032,2025-08-26,AGUSTUS,Tuesday,TRUE,,NO_EXCEPTION_RECORDED,0,0,0,5,10,17,0.0,0.0,0.0,0,17,0.0,0,-1,0.0,0.011111,-0.011111
rec_93b90d7455eec52c,STU_172399,172399,SISWA_038,Kls 8_SISWA_032,2025-08-27,AGUSTUS,Wednesday,TRUE,,NO_EXCEPTION_RECORDED,0,0,0,5,10,18,0.0,0.0,0.0,0,18,0.0,0,-1,0.0,0.011111,-0.011111
rec_6a62963582c621ea,STU_172399,172399,SISWA_038,Kls 8_SISWA_032,2025-08-28,AGUSTUS,Thursday,TRUE,,NO_EXCEPTION_RECORDED,0,0,0,5,10,19,0.0,0.0,0.0,0,19,0.0,0,-1,0.0,0.011111,-0.011111
rec_9fb5cdbc817acd8e,STU_172399,172399,SISWA_038,Kls 8_SISWA_032,2025-08-29,AGUSTUS,Friday,TRUE,,NO_EXCEPTION_RECORDED,0,0,0,5,10,20,0.0,0.0,0.0,0,20,0.0,0,-1,0.0,0.022222,-0.022222
rec_67936d59ef00ff71,STU_172399,172399,SISWA_038,Kls 8_SISWA_032,2025-08-30,AGUSTUS,Saturday,FALSE,,NO_EXCEPTION_RECORDED,0,0,0,5,10,21,0.0,0.0,0.0,0,21,0.0,0,-1,0.0,0.022222,-0.022222
rec_f6225833333ceaad,STU_172399,172399,SISWA_038,Kls 8_SISWA_032,2025-08-31,AGUSTUS,Sunday,FALSE,,NO_EXCEPTION_RECORDED,0,0,0,5,10,21,0.0,0.0,0.0,0,21,0.0,0,-1,0.0,0.022222,-0.022222
rec_8046a93b677a5fa3,STU_172399,172399,SISWA_038,Kls 8_SISWA_032,2025-09-01,SEPTEMBER,Monday,TRUE,,NO_EXCEPTION_RECORDED,0,0,0,5,10,20,0.0,0.0,0.0,0,21,0.0,0,-1,0.0,0.022222,-0.022222
rec_e9de357283f737e7,STU_172399,172399,SISWA_038,Kls 8_SISWA_032,2025-09-02,SEPTEMBER,Tuesday,TRUE,,NO_EXCEPTION_RECORDED,0,0,0,5,10,21,0.0,0.0,0.0,0,22,0.0,0,-1,0.0,0.022222,-0.022222
rec_e480053dc53810de,STU_172399,172399,SISWA_038,Kls 8_SISWA_032,2025-09-03,SEPTEMBER,Wednesday,TRUE,,NO_EXCEPTION_RECORDED,0,0,0,5,10,22,0.0,0.0,0.0,0,23,0.0,0,-1,0.0,0.011111,-0.011111
rec_6cbdcea9f77e3458,STU_172399,172399,SISWA_038,Kls 8_SISWA_032,2025-09-04,SEPTEMBER,Thursday,TRUE,,NO_EXCEPTION_RECORDED,0,0,0,5,10,22,0.0,0.0,0.0,0,24,0.0,0,-1,0.0,0.011111,-0.011111
rec_9267c09b8ea1af21,STU_172399,172399,SISWA_038,Kls 8_SISWA_032,2025-09-05,SEPTEMBER,Friday,UNKNOWN,,NO_EXCEPTION_RECORDED,0,0,0,5,10,22,0.0,0.0,0.0,0,25,0.0,0,-1,0.0,0.0,0.0
rec_cf32988d54fc3fd4,STU_172399,172399,SISWA_038,Kls 8_SISWA_032,2025-09-06,SEPTEMBER,Saturday,FALSE,,NO_EXCEPTION_RECORDED,0,0,0,5,10,22,0.0,0.0,0.0,0,26,0.0,0,-1,0.0,0.0,0.0
rec_ab5b39182c393af2,STU_172399,172399,SISWA_038,Kls 8_SISWA_032,2025-09-07,SEPTEMBER,Sunday,FALSE,,NO_EXCEPTION_RECORDED,0,0,0,5,10,21,0.0,0.0,0.0,0,26,0.0,0,-1,0.0,0.0,0.0
rec_c2979e26100b234c,STU_172399,172399,SISWA_038,Kls 8_SISWA_032,2025-09-08,SEPTEMBER,Monday,TRUE,,NO_EXCEPTION_RECORDED,0,0,0,5,10,20,0.0,0.0,0.0,0,26,0.0,0,-1,0.0,0.0,0.0
rec_f95e52fbd883e91e,STU_172399,172399,SISWA_038,Kls 8_SISWA_032,2025-09-09,SEPTEMBER,Tuesday,TRUE,,NO_EXCEPTION_RECORDED,0,0,0,5,10,21,0.0,0.0,0.0,0,27,0.0,0,-1,0.0,0.0,0.0
rec_561595753a472fa6,STU_172399,172399,SISWA_038,Kls 8_SISWA_032,2025-09-10,SEPTEMBER,Wednesday,TRUE,,NO_EXCEPTION_RECORDED,0,0,0,5,10,22,0.0,0.0,0.0,0,28,0.0,0,-1,0.0,0.0,0.0
rec_b1017266856dc082,STU_172399,172399,SISWA_038,Kls 8_SISWA_032,2025-09-11,SEPTEMBER,Thursday,TRUE,,NO_EXCEPTION_RECORDED,0,0,0,5,10,22,0.0,0.0,0.0,0,29,0.0,0,-1,0.0,0.011111,-0.011111
rec_806794e6b36dbd4c,STU_172399,172399,SISWA_038,Kls 8_SISWA_032,2025-09-12,SEPTEMBER,Friday,TRUE,,NO_EXCEPTION_RECORDED,0,0,0,5,10,22,0.0,0.0,0.0,0,30,0.0,0,-1,0.0,0.011111,-0.011111
rec_eb43b01ef3328d6f,STU_172399,172399,SISWA_038,Kls 8_SISWA_032,2025-09-13,SEPTEMBER,Saturday,FALSE,,NO_EXCEPTION_RECORDED,0,0,0,5,10,22,0.0,0.0,0.0,0,31,0.0,0,-1,0.0,0.022222,-0.022222
rec_12d33cac11af3209,STU_172399,172399,SISWA_038,Kls 8_SISWA_032,2025-09-14,SEPTEMBER,Sunday,FALSE,,NO_EXCEPTION_RECORDED,0,0,0,5,10,21,0.0,0.0,0.0,0,31,0.0,0,-1,0.0,0.022222,-0.022222
rec_e718a18b2bcea94f,STU_172399,172399,SISWA_038,Kls 8_SISWA_032,2025-09-15,SEPTEMBER,Monday,TRUE,,NO_EXCEPTION_RECORDED,0,0,0,5,10,20,0.0,0.0,0.0,0,31,0.0,0,-1,0.0,0.022222,-0.022222
rec_c832353cc88e6d9d,STU_172399,172399,SISWA_038,Kls 8_SISWA_032,2025-09-16,SEPTEMBER,Tuesday,TRUE,,NO_EXCEPTION_RECORDED,0,0,0,5,10,21,0.0,0.0,0.0,0,32,0.0,0,-1,0.0,0.044444,-0.044444
rec_c01341506c608365,STU_172399,172399,SISWA_038,Kls 8_SISWA_032,2025-09-17,SEPTEMBER,Wednesday,TRUE,,NO_EXCEPTION_RECORDED,0,0,0,5,10,22,0.0,0.0,0.0,0,33,0.0,0,-1,0.0,0.055556,-0.055556
rec_e13bd9d19d3e7f79,STU_172399,172399,SISWA_038,Kls 8_SISWA_032,2025-09-18,SEPTEMBER,Thursday,TRUE,,NO_EXCEPTION_RECORDED,0,0,0,5,10,22,0.0,0.0,0.0,0,34,0.0,0,-1,0.0,0.044444,-0.044444
rec_fd5e25c7fad63981,STU_172399,172399,SISWA_038,Kls 8_SISWA_032,2025-09-19,SEPTEMBER,Friday,TRUE,,NO_EXCEPTION_RECORDED,0,0,0,5,10,22,0.0,0.0,0.0,0,35,0.0,0,-1,0.0,0.044444,-0.044444
rec_6d413b7884ba9bb4,STU_172399,172399,SISWA_038,Kls 8_SISWA_032,2025-09-20,SEPTEMBER,Saturday,FALSE,,NO_EXCEPTION_RECORDED,0,0,0,5,10,22,0.0,0.0,0.0,0,36,0.0,0,-1,0.0,0.033333,-0.033333
rec_50ef3b555518bbcb,STU_172399,172399,SISWA_038,Kls 8_SISWA_032,2025-09-21,SEPTEMBER,Sunday,FALSE,,NO_EXCEPTION_RECORDED,0,0,0,5,10,21,0.0,0.0,0.0,0,36,0.0,0,-1,0.0,0.033333,-0.033333
rec_18fa42be874fa35f,STU_172399,172399,SISWA_038,Kls 8_SISWA_032,2025-09-22,SEPTEMBER,Monday,TRUE,,NO_EXCEPTION_RECORDED,0,0,0,5,10,20,0.0,0.0,0.0,0,36,0.0,0,-1,0.0,0.033333,-0.033333
rec_7b2be07358e9054a,STU_172399,172399,SISWA_038,Kls 8_SISWA_032,2025-09-23,SEPTEMBER,Tuesday,TRUE,,NO_EXCEPTION_RECORDED,0,0,0,5,10,21,0.0,0.0,0.0,0,37,0.0,0,-1,0.0,0.011111,-0.011111
rec_e46b87e56477d637,STU_172399,172399,SISWA_038,Kls 8_SISWA_032,2025-09-24,SEPTEMBER,Wednesday,TRUE,,NO_EXCEPTION_RECORDED,0,0,0,5,10,22,0.0,0.0,0.0,0,38,0.0,0,-1,0.0,0.0,0.0
rec_af6d098cbdcaf1d6,STU_172399,172399,SISWA_038,Kls 8_SISWA_032,2025-09-25,SEPTEMBER,Thursday,TRUE,,NO_EXCEPTION_RECORDED,0,0,0,5,10,22,0.0,0.0,0.0,0,39,0.0,0,-1,0.0,0.0,0.0
rec_a39b653ea69840a7,STU_172399,172399,SISWA_038,Kls 8_SISWA_032,2025-09-26,SEPTEMBER,Friday,TRUE,,NO_EXCEPTION_RECORDED,0,0,0,5,10,22,0.0,0.0,0.0,0,40,0.0,0,-1,0.0,0.0,0.0
rec_ed121752e5c0d9e3,STU_172399,172399,SISWA_038,Kls 8_SISWA_032,2025-09-27,SEPTEMBER,Saturday,FALSE,,NO_EXCEPTION_RECORDED,0,0,0,5,10,22,0.0,0.0,0.0,0,41,0.0,0,-1,0.0,0.011111,-0.011111
rec_daed8114a292bd6f,STU_172399,172399,SISWA_038,Kls 8_SISWA_032,2025-09-28,SEPTEMBER,Sunday,FALSE,,NO_EXCEPTION_RECORDED,0,0,0,5,10,21,0.0,0.0,0.0,0,41,0.0,0,-1,0.0,0.011111,-0.011111
rec_d112089d00440cf0,STU_172399,172399,SISWA_038,Kls 8_SISWA_032,2025-09-29,SEPTEMBER,Monday,TRUE,,NO_EXCEPTION_RECORDED,0,0,0,5,10,20,0.0,0.0,0.0,0,41,0.0,0,-1,0.0,0.011111,-0.011111
rec_69cc44199dd553b8,STU_172399,172399,SISWA_038,Kls 8_SISWA_032,2025-09-30,SEPTEMBER,Tuesday,UNKNOWN,,NO_EXCEPTION_RECORDED,0,0,0,5,10,21,0.0,0.0,0.0,0,42,0.0,0,-1,0.0,0.022222,-0.022222
rec_9899697ad0266771,STU_172550,172550,SISWA_078,Kls 9_SISWA_072,2025-08-01,AGUSTUS,Friday,UNKNOWN,,NO_EXCEPTION_RECORDED,0,0,0,0,0,0,0.0,0.0,0.0,0,0,0.0,0,-1,0.0,0.0,0.0
rec_65c772cc968d7bd6,STU_172550,172550,SISWA_078,Kls 9_SISWA_072,2025-08-02,AGUSTUS,Saturday,FALSE,,NO_EXCEPTION_RECORDED,0,0,0,1,1,1,0.0,0.0,0.0,0,1,0.0,0,-1,0.0,0.0,0.0
rec_44351cc32e6ad8fb,STU_172550,172550,SISWA_078,Kls 9_SISWA_072,2025-08-03,AGUSTUS,Sunday,FALSE,,NO_EXCEPTION_RECORDED,0,0,0,1,1,1,0.0,0.0,0.0,0,1,0.0,0,-1,0.0,0.0,0.0
rec_aa15602fd0cce4b7,STU_172550,172550,SISWA_078,Kls 9_SISWA_072,2025-08-04,AGUSTUS,Monday,UNKNOWN,,NO_EXCEPTION_RECORDED,0,0,0,1,1,1,0.0,0.0,0.0,0,1,0.0,0,-1,0.0,0.0,0.0
rec_2036c4e31309e973,STU_172550,172550,SISWA_078,Kls 9_SISWA_072,2025-08-05,AGUSTUS,Tuesday,TRUE,,NO_EXCEPTION_RECORDED,0,0,0,2,2,2,0.0,0.0,0.0,0,2,0.0,0,-1,0.0,0.0,0.0
rec_c90e604164ca0e4b,STU_172550,172550,SISWA_078,Kls 9_SISWA_072,2025-08-06,AGUSTUS,Wednesday,UNKNOWN,,NO_EXCEPTION_RECORDED,0,0,0,3,3,3,0.0,0.0,0.0,0,3,0.0,0,-1,0.0,0.0,0.0
rec_3941fb04c2b442e7,STU_172550,172550,SISWA_078,Kls 9_SISWA_072,2025-08-07,AGUSTUS,Thursday,TRUE,,NO_EXCEPTION_RECORDED,0,0,0,4,4,4,0.0,0.0,0.0,0,4,0.0,0,-1,0.0,0.0,0.0
rec_adfc7278a3455a1e,STU_172550,172550,SISWA_078,Kls 9_SISWA_072,2025-08-08,AGUSTUS,Friday,TRUE,,NO_EXCEPTION_RECORDED,0,0,0,5,5,5,0.0,0.0,0.0,0,5,0.0,0,-1,0.0,0.0,0.0
rec_b4cb4fd701715a2f,STU_172550,172550,SISWA_078,Kls 9_SISWA_072,2025-08-09,AGUSTUS,Saturday,FALSE,,NO_EXCEPTION_RECORDED,0,0,0,5,6,6,0.0,0.0,0.0,0,6,0.0,0,-1,0.0,0.0,0.0
rec_bca5e9f08426c962,STU_172550,172550,SISWA_078,Kls 9_SISWA_072,2025-08-10,AGUSTUS,Sunday,FALSE,,NO_EXCEPTION_RECORDED,0,0,0,5,6,6,0.0,0.0,0.0,0,6,0.0,0,-1,0.0,0.0,0.0
rec_24f8bee167b2a094,STU_172550,172550,SISWA_078,Kls 9_SISWA_072,2025-08-11,AGUSTUS,Monday,TRUE,,NO_EXCEPTION_RECORDED,0,0,0,5,6,6,0.0,0.0,0.0,0,6,0.0,0,-1,0.0,0.0,0.0
rec_1711a96cf9a67185,STU_172550,172550,SISWA_078,Kls 9_SISWA_072,2025-08-12,AGUSTUS,Tuesday,TRUE,,NO_EXCEPTION_RECORDED,0,0,0,5,7,7,0.0,0.0,0.0,0,7,0.0,0,-1,0.0,0.0,0.0
rec_6d4a4daa67711fb6,STU_172550,172550,SISWA_078,Kls 9_SISWA_072,2025-08-13,AGUSTUS,Wednesday,TRUE,,NO_EXCEPTION_RECORDED,0,0,0,5,8,8,0.0,0.0,0.0,0,8,0.0,0,-1,0.0,0.0,0.0
rec_07e92d1cf52acff9,STU_172550,172550,SISWA_078,Kls 9_SISWA_072,2025-08-14,AGUSTUS,Thursday,UNKNOWN,,NO_EXCEPTION_RECORDED,0,0,0,5,9,9,0.0,0.0,0.0,0,9,0.0,0,-1,0.0,0.0,0.0
rec_b8cbecae6328ece4,STU_172550,172550,SISWA_078,Kls 9_SISWA_072,2025-08-15,AGUSTUS,Friday,UNKNOWN,,NO_EXCEPTION_RECORDED,0,0,0,5,10,10,0.0,0.0,0.0,0,10,0.0,0,-1,0.0,0.0,0.0
rec_d8a31e13d4c411ee,STU_172550,172550,SISWA_078,Kls 9_SISWA_072,2025-08-16,AGUSTUS,Saturday,FALSE,,NO_EXCEPTION_RECORDED,0,0,0,5,10,11,0.0,0.0,0.0,0,11,0.0,0,-1,0.0,0.0,0.0
rec_88d5c9661495e61a,STU_172550,172550,SISWA_078,Kls 9_SISWA_072,2025-08-17,AGUSTUS,Sunday,FALSE,,NO_EXCEPTION_RECORDED,0,0,0,5,10,11,0.0,0.0,0.0,0,11,0.0,0,-1,0.0,0.0,0.0
rec_649415c2d44f74e4,STU_172550,172550,SISWA_078,Kls 9_SISWA_072,2025-08-18,AGUSTUS,Monday,UNKNOWN,,NO_EXCEPTION_RECORDED,0,0,0,5,10,11,0.0,0.0,0.0,0,11,0.0,0,-1,0.0,0.0,0.0
rec_87bc8824639f41da,STU_172550,172550,SISWA_078,Kls 9_SISWA_072,2025-08-19,AGUSTUS,Tuesday,TRUE,,NO_EXCEPTION_RECORDED,0,0,0,5,10,12,0.0,0.0,0.0,0,12,0.0,0,-1,0.0,0.0,0.0
rec_1e8a078821c31222,STU_172550,172550,SISWA_078,Kls 9_SISWA_072,2025-08-20,AGUSTUS,Wednesday,TRUE,,NO_EXCEPTION_RECORDED,0,0,0,5,10,13,0.0,0.0,0.0,0,13,0.0,0,-1,0.0,0.0,0.0
rec_6a5944eee4b7c27d,STU_172550,172550,SISWA_078,Kls 9_SISWA_072,2025-08-21,AGUSTUS,Thursday,TRUE,,NO_EXCEPTION_RECORDED,0,0,0,5,10,14,0.0,0.0,0.0,0,14,0.0,0,-1,0.0,0.0,0.0
rec_5bb7b55d61e90817,STU_172550,172550,SISWA_078,Kls 9_SISWA_072,2025-08-22,AGUSTUS,Friday,UNKNOWN,,NO_EXCEPTION_RECORDED,0,0,0,5,10,15,0.0,0.0,0.0,0,15,0.0,0,-1,0.0,0.0,0.0
rec_dfece3626dca5758,STU_172550,172550,SISWA_078,Kls 9_SISWA_072,2025-08-23,AGUSTUS,Saturday,FALSE,,NO_EXCEPTION_RECORDED,0,0,0,5,10,16,0.0,0.0,0.0,0,16,0.0,0,-1,0.0,0.0,0.0
rec_d7be778673697455,STU_172550,172550,SISWA_078,Kls 9_SISWA_072,2025-08-24,AGUSTUS,Sunday,FALSE,,NO_EXCEPTION_RECORDED,0,0,0,5,10,16,0.0,0.0,0.0,0,16,0.0,0,-1,0.0,0.0,0.0
rec_00e7f5b8bfb69217,STU_172550,172550,SISWA_078,Kls 9_SISWA_072,2025-08-25,AGUSTUS,Monday,TRUE,,NO_EXCEPTION_RECORDED,0,0,0,5,10,16,0.0,0.0,0.0,0,16,0.0,0,-1,0.0,0.0,0.0
rec_0c627b027c628a8a,STU_172550,172550,SISWA_078,Kls 9_SISWA_072,2025-08-26,AGUSTUS,Tuesday,TRUE,,NO_EXCEPTION_RECORDED,0,0,0,5,10,17,0.0,0.0,0.0,0,17,0.0,0,-1,0.0,0.0,0.0
rec_1f10b89e907dc45f,STU_172550,172550,SISWA_078,Kls 9_SISWA_072,2025-08-27,AGUSTUS,Wednesday,TRUE,,NO_EXCEPTION_RECORDED,0,0,0,5,10,18,0.0,0.0,0.0,0,18,0.0,0,-1,0.0,0.018182,-0.018182
rec_3e662d5fb5e683e7,STU_172550,172550,SISWA_078,Kls 9_SISWA_072,2025-08-28,AGUSTUS,Thursday,TRUE,s,SOURCE_MARK_S,0,0,0,5,10,19,0.0,0.0,0.0,0,19,0.0,0,-1,0.0,0.018182,-0.018182
rec_edc571f56dc095a7,STU_172550,172550,SISWA_078,Kls 9_SISWA_072,2025-08-29,AGUSTUS,Friday,TRUE,,NO_EXCEPTION_RECORDED,1,1,1,5,10,20,0.2,0.1,0.05,1,20,0.05,1,1,0.15,0.018182,0.181818
rec_4e227fd78672ab4e,STU_172550,172550,SISWA_078,Kls 9_SISWA_072,2025-08-30,AGUSTUS,Saturday,FALSE,,NO_EXCEPTION_RECORDED,1,1,1,5,10,21,0.2,0.1,0.047619,1,21,0.047619,0,2,0.152381,0.018182,0.181818
rec_81a34b602c008913,STU_172550,172550,SISWA_078,Kls 9_SISWA_072,2025-08-31,AGUSTUS,Sunday,FALSE,,NO_EXCEPTION_RECORDED,1,1,1,5,10,21,0.2,0.1,0.047619,1,21,0.047619,0,3,0.152381,0.018182,0.181818
rec_66d74d0b8d7f1e52,STU_172550,172550,SISWA_078,Kls 9_SISWA_072,2025-09-01,SEPTEMBER,Monday,TRUE,,NO_EXCEPTION_RECORDED,1,1,1,5,10,20,0.2,0.1,0.05,1,21,0.047619,0,4,0.152381,0.018182,0.181818
rec_56a055650559b77a,STU_172550,172550,SISWA_078,Kls 9_SISWA_072,2025-09-02,SEPTEMBER,Tuesday,TRUE,,NO_EXCEPTION_RECORDED,1,1,1,5,10,21,0.2,0.1,0.047619,1,22,0.045455,0,5,0.154545,0.018182,0.181818
rec_6d7200cbffa14759,STU_172550,172550,SISWA_078,Kls 9_SISWA_072,2025-09-03,SEPTEMBER,Wednesday,TRUE,,NO_EXCEPTION_RECORDED,1,1,1,5,10,22,0.2,0.1,0.045455,1,23,0.043478,0,6,0.156522,0.018182,0.181818
rec_6fdda09e40677ea5,STU_172550,172550,SISWA_078,Kls 9_SISWA_072,2025-09-04,SEPTEMBER,Thursday,TRUE,,NO_EXCEPTION_RECORDED,1,1,1,5,10,22,0.2,0.1,0.045455,1,24,0.041667,0,7,0.158333,0.036364,0.163636
rec_07e0627710d7e9bf,STU_172550,172550,SISWA_078,Kls 9_SISWA_072,2025-09-05,SEPTEMBER,Friday,UNKNOWN,,NO_EXCEPTION_RECORDED,0,1,1,5,10,22,0.0,0.1,0.045455,1,25,0.04,0,8,-0.04,0.072727,-0.072727
rec_89dec9fa9071540d,STU_172550,172550,SISWA_078,Kls 9_SISWA_072,2025-09-06,SEPTEMBER,Saturday,FALSE,,NO_EXCEPTION_RECORDED,0,1,1,5,10,22,0.0,0.1,0.045455,1,26,0.038462,0,9,-0.038462,0.072727,-0.072727
rec_323f0dedec59c071,STU_172550,172550,SISWA_078,Kls 9_SISWA_072,2025-09-07,SEPTEMBER,Sunday,FALSE,,NO_EXCEPTION_RECORDED,0,1,1,5,10,21,0.0,0.1,0.047619,1,26,0.038462,0,10,-0.038462,0.072727,-0.072727
rec_86ccb5c310710b69,STU_172550,172550,SISWA_078,Kls 9_SISWA_072,2025-09-08,SEPTEMBER,Monday,TRUE,,NO_EXCEPTION_RECORDED,0,1,1,5,10,20,0.0,0.1,0.05,1,26,0.038462,0,11,-0.038462,0.072727,-0.072727
rec_aa9deb8cdf34e4a8,STU_172550,172550,SISWA_078,Kls 9_SISWA_072,2025-09-09,SEPTEMBER,Tuesday,TRUE,,NO_EXCEPTION_RECORDED,0,1,1,5,10,21,0.0,0.1,0.047619,1,27,0.037037,0,12,-0.037037,0.072727,-0.072727
rec_82e1dbef79a684aa,STU_172550,172550,SISWA_078,Kls 9_SISWA_072,2025-09-10,SEPTEMBER,Wednesday,TRUE,,NO_EXCEPTION_RECORDED,0,1,1,5,10,22,0.0,0.1,0.045455,1,28,0.035714,0,13,-0.035714,0.090909,-0.090909
rec_3639dfc915875a78,STU_172550,172550,SISWA_078,Kls 9_SISWA_072,2025-09-11,SEPTEMBER,Thursday,TRUE,,NO_EXCEPTION_RECORDED,0,1,1,5,10,22,0.0,0.1,0.045455,1,29,0.034483,0,14,-0.034483,0.090909,-0.090909
rec_3c921bf9063e3740,STU_172550,172550,SISWA_078,Kls 9_SISWA_072,2025-09-12,SEPTEMBER,Friday,TRUE,,NO_EXCEPTION_RECORDED,0,0,1,5,10,22,0.0,0.0,0.045455,1,30,0.033333,0,15,-0.033333,0.072727,-0.072727
rec_651d592de4497d04,STU_172550,172550,SISWA_078,Kls 9_SISWA_072,2025-09-13,SEPTEMBER,Saturday,FALSE,,NO_EXCEPTION_RECORDED,0,0,1,5,10,22,0.0,0.0,0.045455,1,31,0.032258,0,16,-0.032258,0.072727,-0.072727
rec_4f674d1cf52cc3b8,STU_172550,172550,SISWA_078,Kls 9_SISWA_072,2025-09-14,SEPTEMBER,Sunday,FALSE,,NO_EXCEPTION_RECORDED,0,0,1,5,10,21,0.0,0.0,0.047619,1,31,0.032258,0,17,-0.032258,0.072727,-0.072727
rec_4a3142cfbfbb011b,STU_172550,172550,SISWA_078,Kls 9_SISWA_072,2025-09-15,SEPTEMBER,Monday,TRUE,,NO_EXCEPTION_RECORDED,0,0,1,5,10,20,0.0,0.0,0.05,1,31,0.032258,0,18,-0.032258,0.072727,-0.072727
rec_8d41cbd705e7c3ca,STU_172550,172550,SISWA_078,Kls 9_SISWA_072,2025-09-16,SEPTEMBER,Tuesday,TRUE,,NO_EXCEPTION_RECORDED,0,0,1,5,10,21,0.0,0.0,0.047619,1,32,0.03125,0,19,-0.03125,0.072727,-0.072727
rec_6a30ebffc4c1dfcf,STU_172550,172550,SISWA_078,Kls 9_SISWA_072,2025-09-17,SEPTEMBER,Wednesday,TRUE,,NO_EXCEPTION_RECORDED,0,0,1,5,10,22,0.0,0.0,0.045455,1,33,0.030303,0,20,-0.030303,0.036364,-0.036364
rec_1ca954b72ffeec8b,STU_172550,172550,SISWA_078,Kls 9_SISWA_072,2025-09-18,SEPTEMBER,Thursday,TRUE,,NO_EXCEPTION_RECORDED,0,0,1,5,10,22,0.0,0.0,0.045455,1,34,0.029412,0,21,-0.029412,0.036364,-0.036364
rec_d1efe945a51ba875,STU_172550,172550,SISWA_078,Kls 9_SISWA_072,2025-09-19,SEPTEMBER,Friday,TRUE,,NO_EXCEPTION_RECORDED,0,0,1,5,10,22,0.0,0.0,0.045455,1,35,0.028571,0,22,-0.028571,0.036364,-0.036364
rec_8d6bde45f08c89fb,STU_172550,172550,SISWA_078,Kls 9_SISWA_072,2025-09-20,SEPTEMBER,Saturday,FALSE,,NO_EXCEPTION_RECORDED,0,0,1,5,10,22,0.0,0.0,0.045455,1,36,0.027778,0,23,-0.027778,0.054545,-0.054545
rec_a8d7f927631691e7,STU_172550,172550,SISWA_078,Kls 9_SISWA_072,2025-09-21,SEPTEMBER,Sunday,FALSE,,NO_EXCEPTION_RECORDED,0,0,1,5,10,21,0.0,0.0,0.047619,1,36,0.027778,0,24,-0.027778,0.054545,-0.054545
rec_e6a8666908503197,STU_172550,172550,SISWA_078,Kls 9_SISWA_072,2025-09-22,SEPTEMBER,Monday,TRUE,s,SOURCE_MARK_S,0,0,1,5,10,20,0.0,0.0,0.05,1,36,0.027778,0,25,-0.027778,0.054545,-0.054545
rec_e91b0806df738ba1,STU_172550,172550,SISWA_078,Kls 9_SISWA_072,2025-09-23,SEPTEMBER,Tuesday,TRUE,s,SOURCE_MARK_S,1,1,2,5,10,21,0.2,0.1,0.095238,2,37,0.054054,1,1,0.145946,0.127273,0.072727
rec_3c410e0a725bc09e,STU_172550,172550,SISWA_078,Kls 9_SISWA_072,2025-09-24,SEPTEMBER,Wednesday,TRUE,s,SOURCE_MARK_S,2,2,3,5,10,22,0.4,0.2,0.136364,3,38,0.078947,2,1,0.321053,0.2,0.2
rec_d0d24ac6d1e223e9,STU_172550,172550,SISWA_078,Kls 9_SISWA_072,2025-09-25,SEPTEMBER,Thursday,TRUE,s,SOURCE_MARK_S,3,3,4,5,10,22,0.6,0.3,0.181818,4,39,0.102564,3,1,0.497436,0.254545,0.345455
rec_ccb2e0d17888f3a3,STU_172550,172550,SISWA_078,Kls 9_SISWA_072,2025-09-26,SEPTEMBER,Friday,TRUE,,NO_EXCEPTION_RECORDED,4,4,5,5,10,22,0.8,0.4,0.227273,5,40,0.125,4,1,0.675,0.272727,0.527273
rec_7dc28a0cbddb6c55,STU_172550,172550,SISWA_078,Kls 9_SISWA_072,2025-09-27,SEPTEMBER,Saturday,FALSE,,NO_EXCEPTION_RECORDED,4,4,5,5,10,22,0.8,0.4,0.227273,5,41,0.121951,0,2,0.678049,0.290909,0.509091
rec_4a625e3b3acc1b4b,STU_172550,172550,SISWA_078,Kls 9_SISWA_072,2025-09-28,SEPTEMBER,Sunday,FALSE,,NO_EXCEPTION_RECORDED,4,4,4,5,10,21,0.8,0.4,0.190476,5,41,0.121951,0,3,0.678049,0.290909,0.509091
rec_7c791a99857e66a0,STU_172550,172550,SISWA_078,Kls 9_SISWA_072,2025-09-29,SEPTEMBER,Monday,TRUE,,NO_EXCEPTION_RECORDED,4,4,4,5,10,20,0.8,0.4,0.2,5,41,0.121951,0,4,0.678049,0.290909,0.509091
rec_c148b159a07ad473,STU_172550,172550,SISWA_078,Kls 9_SISWA_072,2025-09-30,SEPTEMBER,Tuesday,UNKNOWN,,NO_EXCEPTION_RECORDED,3,4,4,5,10,21,0.6,0.4,0.190476,5,42,0.119048,0,5,0.480952,0.236364,0.363636
rec_221294b3eed2b7f4,STU_173336,173336,SISWA_014,Kls 7_SISWA_001,2025-08-01,AGUSTUS,Friday,UNKNOWN,,NO_EXCEPTION_RECORDED,0,0,0,0,0,0,0.0,0.0,0.0,0,0,0.0,0,-1,0.0,0.0,0.0
rec_c7796c9a51ee9a4a,STU_173336,173336,SISWA_014,Kls 7_SISWA_001,2025-08-02,AGUSTUS,Saturday,FALSE,,NO_EXCEPTION_RECORDED,0,0,0,1,1,1,0.0,0.0,0.0,0,1,0.0,0,-1,0.0,0.0,0.0
rec_61ee276d049ee665,STU_173336,173336,SISWA_014,Kls 7_SISWA_001,2025-08-03,AGUSTUS,Sunday,FALSE,,NO_EXCEPTION_RECORDED,0,0,0,1,1,1,0.0,0.0,0.0,0,1,0.0,0,-1,0.0,0.0,0.0
rec_580ec71afa2bd760,STU_173336,173336,SISWA_014,Kls 7_SISWA_001,2025-08-04,AGUSTUS,Monday,UNKNOWN,,NO_EXCEPTION_RECORDED,0,0,0,1,1,1,0.0,0.0,0.0,0,1,0.0,0,-1,0.0,0.0,0.0
rec_e78acc5f68329535,STU_173336,173336,SISWA_014,Kls 7_SISWA_001,2025-08-05,AGUSTUS,Tuesday,TRUE,,NO_EXCEPTION_RECORDED,0,0,0,2,2,2,0.0,0.0,0.0,0,2,0.0,0,-1,0.0,0.0,0.0
rec_eb546eabfc87a078,STU_173336,173336,SISWA_014,Kls 7_SISWA_001,2025-08-06,AGUSTUS,Wednesday,UNKNOWN,,NO_EXCEPTION_RECORDED,0,0,0,3,3,3,0.0,0.0,0.0,0,3,0.0,0,-1,0.0,0.0,0.0
rec_a811aa449ff31966,STU_173336,173336,SISWA_014,Kls 7_SISWA_001,2025-08-07,AGUSTUS,Thursday,TRUE,,NO_EXCEPTION_RECORDED,0,0,0,4,4,4,0.0,0.0,0.0,0,4,0.0,0,-1,0.0,0.0,0.0
rec_9c3a7aa955aa3a6e,STU_173336,173336,SISWA_014,Kls 7_SISWA_001,2025-08-08,AGUSTUS,Friday,TRUE,,NO_EXCEPTION_RECORDED,0,0,0,5,5,5,0.0,0.0,0.0,0,5,0.0,0,-1,0.0,0.0,0.0
rec_cfd6a7a1ed979447,STU_173336,173336,SISWA_014,Kls 7_SISWA_001,2025-08-09,AGUSTUS,Saturday,FALSE,,NO_EXCEPTION_RECORDED,0,0,0,5,6,6,0.0,0.0,0.0,0,6,0.0,0,-1,0.0,0.0,0.0
rec_2a8e981178e85d13,STU_173336,173336,SISWA_014,Kls 7_SISWA_001,2025-08-10,AGUSTUS,Sunday,FALSE,,NO_EXCEPTION_RECORDED,0,0,0,5,6,6,0.0,0.0,0.0,0,6,0.0,0,-1,0.0,0.0,0.0
rec_8b476cc9583ee729,STU_173336,173336,SISWA_014,Kls 7_SISWA_001,2025-08-11,AGUSTUS,Monday,TRUE,,NO_EXCEPTION_RECORDED,0,0,0,5,6,6,0.0,0.0,0.0,0,6,0.0,0,-1,0.0,0.0,0.0
rec_51364aab97737a13,STU_173336,173336,SISWA_014,Kls 7_SISWA_001,2025-08-12,AGUSTUS,Tuesday,TRUE,,NO_EXCEPTION_RECORDED,0,0,0,5,7,7,0.0,0.0,0.0,0,7,0.0,0,-1,0.0,0.0,0.0
rec_21bd377fcc49be40,STU_173336,173336,SISWA_014,Kls 7_SISWA_001,2025-08-13,AGUSTUS,Wednesday,TRUE,,NO_EXCEPTION_RECORDED,0,0,0,5,8,8,0.0,0.0,0.0,0,8,0.0,0,-1,0.0,0.015385,-0.015385
rec_9ae3fbf0e0b42cdc,STU_173336,173336,SISWA_014,Kls 7_SISWA_001,2025-08-14,AGUSTUS,Thursday,UNKNOWN,,NO_EXCEPTION_RECORDED,0,0,0,5,9,9,0.0,0.0,0.0,0,9,0.0,0,-1,0.0,0.015385,-0.015385
rec_a5415f971cc2b767,STU_173336,173336,SISWA_014,Kls 7_SISWA_001,2025-08-15,AGUSTUS,Friday,UNKNOWN,,NO_EXCEPTION_RECORDED,0,0,0,5,10,10,0.0,0.0,0.0,0,10,0.0,0,-1,0.0,0.015385,-0.015385
rec_72a45cd55dd677f2,STU_173336,173336,SISWA_014,Kls 7_SISWA_001,2025-08-16,AGUSTUS,Saturday,FALSE,,NO_EXCEPTION_RECORDED,0,0,0,5,10,11,0.0,0.0,0.0,0,11,0.0,0,-1,0.0,0.015385,-0.015385
rec_3f0c28d1f849fa30,STU_173336,173336,SISWA_014,Kls 7_SISWA_001,2025-08-17,AGUSTUS,Sunday,FALSE,,NO_EXCEPTION_RECORDED,0,0,0,5,10,11,0.0,0.0,0.0,0,11,0.0,0,-1,0.0,0.015385,-0.015385
rec_e817ca6ded3a90da,STU_173336,173336,SISWA_014,Kls 7_SISWA_001,2025-08-18,AGUSTUS,Monday,UNKNOWN,,NO_EXCEPTION_RECORDED,0,0,0,5,10,11,0.0,0.0,0.0,0,11,0.0,0,-1,0.0,0.015385,-0.015385
rec_81c748aa53e3549c,STU_173336,173336,SISWA_014,Kls 7_SISWA_001,2025-08-19,AGUSTUS,Tuesday,TRUE,,NO_EXCEPTION_RECORDED,0,0,0,5,10,12,0.0,0.0,0.0,0,12,0.0,0,-1,0.0,0.015385,-0.015385
rec_e21335edba159f12,STU_173336,173336,SISWA_014,Kls 7_SISWA_001,2025-08-20,AGUSTUS,Wednesday,TRUE,,NO_EXCEPTION_RECORDED,0,0,0,5,10,13,0.0,0.0,0.0,0,13,0.0,0,-1,0.0,0.0,0.0
rec_d4fafd084ba80b1f,STU_173336,173336,SISWA_014,Kls 7_SISWA_001,2025-08-21,AGUSTUS,Thursday,TRUE,,NO_EXCEPTION_RECORDED,0,0,0,5,10,14,0.0,0.0,0.0,0,14,0.0,0,-1,0.0,0.0,0.0
rec_c5a22318c7d324b6,STU_173336,173336,SISWA_014,Kls 7_SISWA_001,2025-08-22,AGUSTUS,Friday,UNKNOWN,,NO_EXCEPTION_RECORDED,0,0,0,5,10,15,0.0,0.0,0.0,0,15,0.0,0,-1,0.0,0.0,0.0
rec_b1207f165eb3efd1,STU_173336,173336,SISWA_014,Kls 7_SISWA_001,2025-08-23,AGUSTUS,Saturday,FALSE,,NO_EXCEPTION_RECORDED,0,0,0,5,10,16,0.0,0.0,0.0,0,16,0.0,0,-1,0.0,0.0,0.0
rec_63ceb915b828f6b3,STU_173336,173336,SISWA_014,Kls 7_SISWA_001,2025-08-24,AGUSTUS,Sunday,FALSE,,NO_EXCEPTION_RECORDED,0,0,0,5,10,16,0.0,0.0,0.0,0,16,0.0,0,-1,0.0,0.0,0.0
rec_07b51edb628a7613,STU_173336,173336,SISWA_014,Kls 7_SISWA_001,2025-08-25,AGUSTUS,Monday,TRUE,s,SOURCE_MARK_S,0,0,0,5,10,16,0.0,0.0,0.0,0,16,0.0,0,-1,0.0,0.0,0.0
rec_3dfc71988930776e,STU_173336,173336,SISWA_014,Kls 7_SISWA_001,2025-08-26,AGUSTUS,Tuesday,TRUE,,NO_EXCEPTION_RECORDED,1,1,1,5,10,17,0.2,0.1,0.058824,1,17,0.058824,1,1,0.141176,0.0,0.2
rec_9179d4a7c4472d65,STU_173336,173336,SISWA_014,Kls 7_SISWA_001,2025-08-27,AGUSTUS,Wednesday,TRUE,,NO_EXCEPTION_RECORDED,1,1,1,5,10,18,0.2,0.1,0.055556,1,18,0.055556,0,2,0.144444,0.0,0.2
rec_86731778c6e9a76c,STU_173336,173336,SISWA_014,Kls 7_SISWA_001,2025-08-28,AGUSTUS,Thursday,TRUE,,NO_EXCEPTION_RECORDED,1,1,1,5,10,19,0.2,0.1,0.052632,1,19,0.052632,0,3,0.147368,0.0,0.2
rec_1fc28ddfedfb443a,STU_173336,173336,SISWA_014,Kls 7_SISWA_001,2025-08-29,AGUSTUS,Friday,TRUE,,NO_EXCEPTION_RECORDED,1,1,1,5,10,20,0.2,0.1,0.05,1,20,0.05,0,4,0.15,0.0,0.2
rec_107ea424de3a29e3,STU_173336,173336,SISWA_014,Kls 7_SISWA_001,2025-08-30,AGUSTUS,Saturday,FALSE,,NO_EXCEPTION_RECORDED,1,1,1,5,10,21,0.2,0.1,0.047619,1,21,0.047619,0,5,0.152381,0.0,0.2
rec_56c9147a85bd837d,STU_173336,173336,SISWA_014,Kls 7_SISWA_001,2025-08-31,AGUSTUS,Sunday,FALSE,,NO_EXCEPTION_RECORDED,1,1,1,5,10,21,0.2,0.1,0.047619,1,21,0.047619,0,6,0.152381,0.0,0.2
rec_11afb84cc0a99f23,STU_173336,173336,SISWA_014,Kls 7_SISWA_001,2025-09-01,SEPTEMBER,Monday,TRUE,,NO_EXCEPTION_RECORDED,1,1,1,5,10,20,0.2,0.1,0.05,1,21,0.047619,0,7,0.152381,0.0,0.2
rec_ccd60c707fd548f1,STU_173336,173336,SISWA_014,Kls 7_SISWA_001,2025-09-02,SEPTEMBER,Tuesday,TRUE,,NO_EXCEPTION_RECORDED,0,1,1,5,10,21,0.0,0.1,0.047619,1,22,0.045455,0,8,-0.045455,0.0,0.0
rec_08bcf0101e08a498,STU_173336,173336,SISWA_014,Kls 7_SISWA_001,2025-09-03,SEPTEMBER,Wednesday,TRUE,,NO_EXCEPTION_RECORDED,0,1,1,5,10,22,0.0,0.1,0.045455,1,23,0.043478,0,9,-0.043478,0.0,0.0
rec_3a8202cd8913aa2c,STU_173336,173336,SISWA_014,Kls 7_SISWA_001,2025-09-04,SEPTEMBER,Thursday,TRUE,,NO_EXCEPTION_RECORDED,0,1,1,5,10,22,0.0,0.1,0.045455,1,24,0.041667,0,10,-0.041667,0.0,0.0
rec_443de3817367c67e,STU_173336,173336,SISWA_014,Kls 7_SISWA_001,2025-09-05,SEPTEMBER,Friday,UNKNOWN,,NO_EXCEPTION_RECORDED,0,1,1,5,10,22,0.0,0.1,0.045455,1,25,0.04,0,11,-0.04,0.0,0.0
rec_7c538961d58e8022,STU_173336,173336,SISWA_014,Kls 7_SISWA_001,2025-09-06,SEPTEMBER,Saturday,FALSE,,NO_EXCEPTION_RECORDED,0,1,1,5,10,22,0.0,0.1,0.045455,1,26,0.038462,0,12,-0.038462,0.0,0.0
rec_72f7e24438799646,STU_173336,173336,SISWA_014,Kls 7_SISWA_001,2025-09-07,SEPTEMBER,Sunday,FALSE,,NO_EXCEPTION_RECORDED,0,1,1,5,10,21,0.0,0.1,0.047619,1,26,0.038462,0,13,-0.038462,0.0,0.0
rec_642826333ac7066f,STU_173336,173336,SISWA_014,Kls 7_SISWA_001,2025-09-08,SEPTEMBER,Monday,TRUE,,NO_EXCEPTION_RECORDED,0,1,1,5,10,20,0.0,0.1,0.05,1,26,0.038462,0,14,-0.038462,0.0,0.0
rec_8b7a26f174b5c275,STU_173336,173336,SISWA_014,Kls 7_SISWA_001,2025-09-09,SEPTEMBER,Tuesday,TRUE,,NO_EXCEPTION_RECORDED,0,0,1,5,10,21,0.0,0.0,0.047619,1,27,0.037037,0,15,-0.037037,0.0,0.0
rec_6bfc39e8279d1737,STU_173336,173336,SISWA_014,Kls 7_SISWA_001,2025-09-10,SEPTEMBER,Wednesday,TRUE,,NO_EXCEPTION_RECORDED,0,0,1,5,10,22,0.0,0.0,0.045455,1,28,0.035714,0,16,-0.035714,0.0,0.0
rec_1e9a371332d268ac,STU_173336,173336,SISWA_014,Kls 7_SISWA_001,2025-09-11,SEPTEMBER,Thursday,TRUE,,NO_EXCEPTION_RECORDED,0,0,1,5,10,22,0.0,0.0,0.045455,1,29,0.034483,0,17,-0.034483,0.0,0.0
rec_8bfc66daa77d2899,STU_173336,173336,SISWA_014,Kls 7_SISWA_001,2025-09-12,SEPTEMBER,Friday,TRUE,,NO_EXCEPTION_RECORDED,0,0,1,5,10,22,0.0,0.0,0.045455,1,30,0.033333,0,18,-0.033333,0.015385,-0.015385
rec_d03fb2542f695fad,STU_173336,173336,SISWA_014,Kls 7_SISWA_001,2025-09-13,SEPTEMBER,Saturday,FALSE,,NO_EXCEPTION_RECORDED,0,0,1,5,10,22,0.0,0.0,0.045455,1,31,0.032258,0,19,-0.032258,0.015385,-0.015385
rec_05299fccbc30c5ea,STU_173336,173336,SISWA_014,Kls 7_SISWA_001,2025-09-14,SEPTEMBER,Sunday,FALSE,,NO_EXCEPTION_RECORDED,0,0,1,5,10,21,0.0,0.0,0.047619,1,31,0.032258,0,20,-0.032258,0.015385,-0.015385
rec_eae6b1361102f829,STU_173336,173336,SISWA_014,Kls 7_SISWA_001,2025-09-15,SEPTEMBER,Monday,TRUE,,NO_EXCEPTION_RECORDED,0,0,1,5,10,20,0.0,0.0,0.05,1,31,0.032258,0,21,-0.032258,0.015385,-0.015385
rec_e54291e12534ad55,STU_173336,173336,SISWA_014,Kls 7_SISWA_001,2025-09-16,SEPTEMBER,Tuesday,TRUE,,NO_EXCEPTION_RECORDED,0,0,1,5,10,21,0.0,0.0,0.047619,1,32,0.03125,0,22,-0.03125,0.015385,-0.015385
rec_81f2c614b5a39725,STU_173336,173336,SISWA_014,Kls 7_SISWA_001,2025-09-17,SEPTEMBER,Wednesday,TRUE,,NO_EXCEPTION_RECORDED,0,0,1,5,10,22,0.0,0.0,0.045455,1,33,0.030303,0,23,-0.030303,0.015385,-0.015385
rec_d079690e350b16e3,STU_173336,173336,SISWA_014,Kls 7_SISWA_001,2025-09-18,SEPTEMBER,Thursday,TRUE,,NO_EXCEPTION_RECORDED,0,0,1,5,10,22,0.0,0.0,0.045455,1,34,0.029412,0,24,-0.029412,0.015385,-0.015385
rec_ba85a827adc574b7,STU_173336,173336,SISWA_014,Kls 7_SISWA_001,2025-09-19,SEPTEMBER,Friday,TRUE,,NO_EXCEPTION_RECORDED,0,0,1,5,10,22,0.0,0.0,0.045455,1,35,0.028571,0,25,-0.028571,0.0,0.0
rec_770ce6c0ecb582ee,STU_173336,173336,SISWA_014,Kls 7_SISWA_001,2025-09-20,SEPTEMBER,Saturday,FALSE,,NO_EXCEPTION_RECORDED,0,0,1,5,10,22,0.0,0.0,0.045455,1,36,0.027778,0,26,-0.027778,0.0,0.0
rec_6ac2d085f31f5d95,STU_173336,173336,SISWA_014,Kls 7_SISWA_001,2025-09-21,SEPTEMBER,Sunday,FALSE,,NO_EXCEPTION_RECORDED,0,0,1,5,10,21,0.0,0.0,0.047619,1,36,0.027778,0,27,-0.027778,0.0,0.0
rec_028b9b18207e6687,STU_173336,173336,SISWA_014,Kls 7_SISWA_001,2025-09-22,SEPTEMBER,Monday,TRUE,,NO_EXCEPTION_RECORDED,0,0,1,5,10,20,0.0,0.0,0.05,1,36,0.027778,0,28,-0.027778,0.0,0.0
rec_bff5e153491ffc67,STU_173336,173336,SISWA_014,Kls 7_SISWA_001,2025-09-23,SEPTEMBER,Tuesday,TRUE,,NO_EXCEPTION_RECORDED,0,0,1,5,10,21,0.0,0.0,0.047619,1,37,0.027027,0,29,-0.027027,0.0,0.0
rec_6e86eb0127eeea62,STU_173336,173336,SISWA_014,Kls 7_SISWA_001,2025-09-24,SEPTEMBER,Wednesday,TRUE,,NO_EXCEPTION_RECORDED,0,0,1,5,10,22,0.0,0.0,0.045455,1,38,0.026316,0,30,-0.026316,0.015385,-0.015385
rec_043e43f4dbfcd448,STU_173336,173336,SISWA_014,Kls 7_SISWA_001,2025-09-25,SEPTEMBER,Thursday,TRUE,,NO_EXCEPTION_RECORDED,0,0,0,5,10,22,0.0,0.0,0.0,1,39,0.025641,0,31,-0.025641,0.046154,-0.046154
rec_2f330ec56a5e336e,STU_173336,173336,SISWA_014,Kls 7_SISWA_001,2025-09-26,SEPTEMBER,Friday,TRUE,,NO_EXCEPTION_RECORDED,0,0,0,5,10,22,0.0,0.0,0.0,1,40,0.025,0,32,-0.025,0.061538,-0.061538
rec_de4783f6a70f029f,STU_173336,173336,SISWA_014,Kls 7_SISWA_001,2025-09-27,SEPTEMBER,Saturday,FALSE,,NO_EXCEPTION_RECORDED,0,0,0,5,10,22,0.0,0.0,0.0,1,41,0.02439,0,33,-0.02439,0.061538,-0.061538
rec_f0632411438ecbbd,STU_173336,173336,SISWA_014,Kls 7_SISWA_001,2025-09-28,SEPTEMBER,Sunday,FALSE,,NO_EXCEPTION_RECORDED,0,0,0,5,10,21,0.0,0.0,0.0,1,41,0.02439,0,34,-0.02439,0.061538,-0.061538
rec_5c562046aee9874c,STU_173336,173336,SISWA_014,Kls 7_SISWA_001,2025-09-29,SEPTEMBER,Monday,TRUE,s,SOURCE_MARK_S,0,0,0,5,10,20,0.0,0.0,0.0,1,41,0.02439,0,35,-0.02439,0.061538,-0.061538
rec_4249d5f66dad245d,STU_173336,173336,SISWA_014,Kls 7_SISWA_001,2025-09-30,SEPTEMBER,Tuesday,UNKNOWN,,NO_EXCEPTION_RECORDED,1,1,1,5,10,21,0.2,0.1,0.047619,2,42,0.047619,1,1,0.152381,0.061538,0.138462
rec_b4928a14262ba930,STU_184800,184800,SISWA_091,Kls 9_SISWA_085,2025-08-01,AGUSTUS,Friday,UNKNOWN,,NO_EXCEPTION_RECORDED,0,0,0,0,0,0,0.0,0.0,0.0,0,0,0.0,0,-1,0.0,0.0,0.0
rec_fa20e53543285c56,STU_184800,184800,SISWA_091,Kls 9_SISWA_085,2025-08-02,AGUSTUS,Saturday,FALSE,,NO_EXCEPTION_RECORDED,0,0,0,1,1,1,0.0,0.0,0.0,0,1,0.0,0,-1,0.0,0.0,0.0
rec_2200e63a64b8961a,STU_184800,184800,SISWA_091,Kls 9_SISWA_085,2025-08-03,AGUSTUS,Sunday,FALSE,,NO_EXCEPTION_RECORDED,0,0,0,1,1,1,0.0,0.0,0.0,0,1,0.0,0,-1,0.0,0.0,0.0
rec_fdab870ff8ae0c41,STU_184800,184800,SISWA_091,Kls 9_SISWA_085,2025-08-04,AGUSTUS,Monday,UNKNOWN,,NO_EXCEPTION_RECORDED,0,0,0,1,1,1,0.0,0.0,0.0,0,1,0.0,0,-1,0.0,0.0,0.0
rec_10b774c9da655ff2,STU_184800,184800,SISWA_091,Kls 9_SISWA_085,2025-08-05,AGUSTUS,Tuesday,TRUE,,NO_EXCEPTION_RECORDED,0,0,0,2,2,2,0.0,0.0,0.0,0,2,0.0,0,-1,0.0,0.0,0.0
rec_03566c7fde12c888,STU_184800,184800,SISWA_091,Kls 9_SISWA_085,2025-08-06,AGUSTUS,Wednesday,UNKNOWN,,NO_EXCEPTION_RECORDED,0,0,0,3,3,3,0.0,0.0,0.0,0,3,0.0,0,-1,0.0,0.033333,-0.033333
rec_a6ed6fb100a638c5,STU_184800,184800,SISWA_091,Kls 9_SISWA_085,2025-08-07,AGUSTUS,Thursday,TRUE,,NO_EXCEPTION_RECORDED,0,0,0,4,4,4,0.0,0.0,0.0,0,4,0.0,0,-1,0.0,0.025,-0.025
rec_f87ee2482d4d64f7,STU_184800,184800,SISWA_091,Kls 9_SISWA_085,2025-08-08,AGUSTUS,Friday,TRUE,,NO_EXCEPTION_RECORDED,0,0,0,5,5,5,0.0,0.0,0.0,0,5,0.0,0,-1,0.0,0.04,-0.04
rec_a8d7f15efd46954a,STU_184800,184800,SISWA_091,Kls 9_SISWA_085,2025-08-09,AGUSTUS,Saturday,FALSE,,NO_EXCEPTION_RECORDED,0,0,0,5,6,6,0.0,0.0,0.0,0,6,0.0,0,-1,0.0,0.06,-0.06
rec_c452cb4f2fc8c1be,STU_184800,184800,SISWA_091,Kls 9_SISWA_085,2025-08-10,AGUSTUS,Sunday,FALSE,,NO_EXCEPTION_RECORDED,0,0,0,5,6,6,0.0,0.0,0.0,0,6,0.0,0,-1,0.0,0.06,-0.06
rec_9aff77aab68bd59a,STU_184800,184800,SISWA_091,Kls 9_SISWA_085,2025-08-11,AGUSTUS,Monday,TRUE,,NO_EXCEPTION_RECORDED,0,0,0,5,6,6,0.0,0.0,0.0,0,6,0.0,0,-1,0.0,0.06,-0.06
rec_071adebff79cf494,STU_184800,184800,SISWA_091,Kls 9_SISWA_085,2025-08-12,AGUSTUS,Tuesday,TRUE,,NO_EXCEPTION_RECORDED,0,0,0,5,7,7,0.0,0.0,0.0,0,7,0.0,0,-1,0.0,0.06,-0.06
rec_b16bb3519b569591,STU_184800,184800,SISWA_091,Kls 9_SISWA_085,2025-08-13,AGUSTUS,Wednesday,TRUE,,NO_EXCEPTION_RECORDED,0,0,0,5,8,8,0.0,0.0,0.0,0,8,0.0,0,-1,0.0,0.04,-0.04
rec_682aac522eda9dfa,STU_184800,184800,SISWA_091,Kls 9_SISWA_085,2025-08-14,AGUSTUS,Thursday,UNKNOWN,,NO_EXCEPTION_RECORDED,0,0,0,5,9,9,0.0,0.0,0.0,0,9,0.0,0,-1,0.0,0.04,-0.04
rec_56f3904a9602b871,STU_184800,184800,SISWA_091,Kls 9_SISWA_085,2025-08-15,AGUSTUS,Friday,UNKNOWN,,NO_EXCEPTION_RECORDED,0,0,0,5,10,10,0.0,0.0,0.0,0,10,0.0,0,-1,0.0,0.02,-0.02
rec_faa85032e7dcf1e5,STU_184800,184800,SISWA_091,Kls 9_SISWA_085,2025-08-16,AGUSTUS,Saturday,FALSE,,NO_EXCEPTION_RECORDED,0,0,0,5,10,11,0.0,0.0,0.0,0,11,0.0,0,-1,0.0,0.0,0.0
rec_afc65dfee28d60b9,STU_184800,184800,SISWA_091,Kls 9_SISWA_085,2025-08-17,AGUSTUS,Sunday,FALSE,,NO_EXCEPTION_RECORDED,0,0,0,5,10,11,0.0,0.0,0.0,0,11,0.0,0,-1,0.0,0.0,0.0
rec_a7d6f2ef46868dab,STU_184800,184800,SISWA_091,Kls 9_SISWA_085,2025-08-18,AGUSTUS,Monday,UNKNOWN,,NO_EXCEPTION_RECORDED,0,0,0,5,10,11,0.0,0.0,0.0,0,11,0.0,0,-1,0.0,0.0,0.0
rec_d321891d8b2ad700,STU_184800,184800,SISWA_091,Kls 9_SISWA_085,2025-08-19,AGUSTUS,Tuesday,TRUE,,NO_EXCEPTION_RECORDED,0,0,0,5,10,12,0.0,0.0,0.0,0,12,0.0,0,-1,0.0,0.0,0.0
rec_8151a6443e7462ce,STU_184800,184800,SISWA_091,Kls 9_SISWA_085,2025-08-20,AGUSTUS,Wednesday,TRUE,,NO_EXCEPTION_RECORDED,0,0,0,5,10,13,0.0,0.0,0.0,0,13,0.0,0,-1,0.0,0.0,0.0
rec_3f3667e752f76d44,STU_184800,184800,SISWA_091,Kls 9_SISWA_085,2025-08-21,AGUSTUS,Thursday,TRUE,,NO_EXCEPTION_RECORDED,0,0,0,5,10,14,0.0,0.0,0.0,0,14,0.0,0,-1,0.0,0.0,0.0
rec_cee7dc75e9cc00f1,STU_184800,184800,SISWA_091,Kls 9_SISWA_085,2025-08-22,AGUSTUS,Friday,UNKNOWN,,NO_EXCEPTION_RECORDED,0,0,0,5,10,15,0.0,0.0,0.0,0,15,0.0,0,-1,0.0,0.04,-0.04
rec_ed09db63d481203e,STU_184800,184800,SISWA_091,Kls 9_SISWA_085,2025-08-23,AGUSTUS,Saturday,FALSE,,NO_EXCEPTION_RECORDED,0,0,0,5,10,16,0.0,0.0,0.0,0,16,0.0,0,-1,0.0,0.04,-0.04
rec_b09fb657a80b7126,STU_184800,184800,SISWA_091,Kls 9_SISWA_085,2025-08-24,AGUSTUS,Sunday,FALSE,,NO_EXCEPTION_RECORDED,0,0,0,5,10,16,0.0,0.0,0.0,0,16,0.0,0,-1,0.0,0.04,-0.04
rec_3ec4ae71cd174598,STU_184800,184800,SISWA_091,Kls 9_SISWA_085,2025-08-25,AGUSTUS,Monday,TRUE,,NO_EXCEPTION_RECORDED,0,0,0,5,10,16,0.0,0.0,0.0,0,16,0.0,0,-1,0.0,0.04,-0.04
rec_71c4a11227c3b869,STU_184800,184800,SISWA_091,Kls 9_SISWA_085,2025-08-26,AGUSTUS,Tuesday,TRUE,,NO_EXCEPTION_RECORDED,0,0,0,5,10,17,0.0,0.0,0.0,0,17,0.0,0,-1,0.0,0.04,-0.04
rec_482a4c3198fe0d39,STU_184800,184800,SISWA_091,Kls 9_SISWA_085,2025-08-27,AGUSTUS,Wednesday,TRUE,,NO_EXCEPTION_RECORDED,0,0,0,5,10,18,0.0,0.0,0.0,0,18,0.0,0,-1,0.0,0.04,-0.04
rec_ba266900f0c40e35,STU_184800,184800,SISWA_091,Kls 9_SISWA_085,2025-08-28,AGUSTUS,Thursday,TRUE,,NO_EXCEPTION_RECORDED,0,0,0,5,10,19,0.0,0.0,0.0,0,19,0.0,0,-1,0.0,0.04,-0.04
rec_9abda82c73999220,STU_184800,184800,SISWA_091,Kls 9_SISWA_085,2025-08-29,AGUSTUS,Friday,TRUE,,NO_EXCEPTION_RECORDED,0,0,0,5,10,20,0.0,0.0,0.0,0,20,0.0,0,-1,0.0,0.0,0.0
rec_76ba13e399ab5737,STU_184800,184800,SISWA_091,Kls 9_SISWA_085,2025-08-30,AGUSTUS,Saturday,FALSE,,NO_EXCEPTION_RECORDED,0,0,0,5,10,21,0.0,0.0,0.0,0,21,0.0,0,-1,0.0,0.0,0.0
rec_4600ec7bc6970976,STU_184800,184800,SISWA_091,Kls 9_SISWA_085,2025-08-31,AGUSTUS,Sunday,FALSE,,NO_EXCEPTION_RECORDED,0,0,0,5,10,21,0.0,0.0,0.0,0,21,0.0,0,-1,0.0,0.0,0.0
rec_00c79945186b2c13,STU_184800,184800,SISWA_091,Kls 9_SISWA_085,2025-09-01,SEPTEMBER,Monday,TRUE,,NO_EXCEPTION_RECORDED,0,0,0,5,10,20,0.0,0.0,0.0,0,21,0.0,0,-1,0.0,0.0,0.0
rec_fc3376c772745598,STU_184800,184800,SISWA_091,Kls 9_SISWA_085,2025-09-02,SEPTEMBER,Tuesday,TRUE,,NO_EXCEPTION_RECORDED,0,0,0,5,10,21,0.0,0.0,0.0,0,22,0.0,0,-1,0.0,0.020408,-0.020408
rec_6b6b81c293f1d840,STU_184800,184800,SISWA_091,Kls 9_SISWA_085,2025-09-03,SEPTEMBER,Wednesday,TRUE,,NO_EXCEPTION_RECORDED,0,0,0,5,10,22,0.0,0.0,0.0,0,23,0.0,0,-1,0.0,0.020833,-0.020833
rec_d9af14115ed47716,STU_184800,184800,SISWA_091,Kls 9_SISWA_085,2025-09-04,SEPTEMBER,Thursday,TRUE,,NO_EXCEPTION_RECORDED,0,0,0,5,10,22,0.0,0.0,0.0,0,24,0.0,0,-1,0.0,0.021277,-0.021277
rec_e7d8f04f45d89444,STU_184800,184800,SISWA_091,Kls 9_SISWA_085,2025-09-05,SEPTEMBER,Friday,UNKNOWN,,NO_EXCEPTION_RECORDED,0,0,0,5,10,22,0.0,0.0,0.0,0,25,0.0,0,-1,0.0,0.021739,-0.021739
rec_5795c730dde822b5,STU_184800,184800,SISWA_091,Kls 9_SISWA_085,2025-09-06,SEPTEMBER,Saturday,FALSE,,NO_EXCEPTION_RECORDED,0,0,0,5,10,22,0.0,0.0,0.0,0,26,0.0,0,-1,0.0,0.022222,-0.022222
rec_ab521790ad5c7860,STU_184800,184800,SISWA_091,Kls 9_SISWA_085,2025-09-07,SEPTEMBER,Sunday,FALSE,,NO_EXCEPTION_RECORDED,0,0,0,5,10,21,0.0,0.0,0.0,0,26,0.0,0,-1,0.0,0.022222,-0.022222
rec_b604070068bf6568,STU_184800,184800,SISWA_091,Kls 9_SISWA_085,2025-09-08,SEPTEMBER,Monday,TRUE,,NO_EXCEPTION_RECORDED,0,0,0,5,10,20,0.0,0.0,0.0,0,26,0.0,0,-1,0.0,0.022222,-0.022222
rec_344157a7781af02c,STU_184800,184800,SISWA_091,Kls 9_SISWA_085,2025-09-09,SEPTEMBER,Tuesday,TRUE,,NO_EXCEPTION_RECORDED,0,0,0,5,10,21,0.0,0.0,0.0,0,27,0.0,0,-1,0.0,0.044444,-0.044444
rec_9d71e0f191fa6148,STU_184800,184800,SISWA_091,Kls 9_SISWA_085,2025-09-10,SEPTEMBER,Wednesday,TRUE,,NO_EXCEPTION_RECORDED,0,0,0,5,10,22,0.0,0.0,0.0,0,28,0.0,0,-1,0.0,0.044444,-0.044444
rec_7ec0ad1a0bc35254,STU_184800,184800,SISWA_091,Kls 9_SISWA_085,2025-09-11,SEPTEMBER,Thursday,TRUE,,NO_EXCEPTION_RECORDED,0,0,0,5,10,22,0.0,0.0,0.0,0,29,0.0,0,-1,0.0,0.044444,-0.044444
rec_7c163047c9acda19,STU_184800,184800,SISWA_091,Kls 9_SISWA_085,2025-09-12,SEPTEMBER,Friday,TRUE,,NO_EXCEPTION_RECORDED,0,0,0,5,10,22,0.0,0.0,0.0,0,30,0.0,0,-1,0.0,0.044444,-0.044444
rec_89e7f9c472aea398,STU_184800,184800,SISWA_091,Kls 9_SISWA_085,2025-09-13,SEPTEMBER,Saturday,FALSE,,NO_EXCEPTION_RECORDED,0,0,0,5,10,22,0.0,0.0,0.0,0,31,0.0,0,-1,0.0,0.044444,-0.044444
rec_2b95203e9e376a5b,STU_184800,184800,SISWA_091,Kls 9_SISWA_085,2025-09-14,SEPTEMBER,Sunday,FALSE,,NO_EXCEPTION_RECORDED,0,0,0,5,10,21,0.0,0.0,0.0,0,31,0.0,0,-1,0.0,0.044444,-0.044444
rec_cee70cfb0771c0b4,STU_184800,184800,SISWA_091,Kls 9_SISWA_085,2025-09-15,SEPTEMBER,Monday,TRUE,,NO_EXCEPTION_RECORDED,0,0,0,5,10,20,0.0,0.0,0.0,0,31,0.0,0,-1,0.0,0.044444,-0.044444
rec_75308e5deee3f9b3,STU_184800,184800,SISWA_091,Kls 9_SISWA_085,2025-09-16,SEPTEMBER,Tuesday,TRUE,,NO_EXCEPTION_RECORDED,0,0,0,5,10,21,0.0,0.0,0.0,0,32,0.0,0,-1,0.0,0.0,0.0
rec_02557e9bbee90713,STU_184800,184800,SISWA_091,Kls 9_SISWA_085,2025-09-17,SEPTEMBER,Wednesday,TRUE,,NO_EXCEPTION_RECORDED,0,0,0,5,10,22,0.0,0.0,0.0,0,33,0.0,0,-1,0.0,0.0,0.0
rec_a3380c28a499d4ca,STU_184800,184800,SISWA_091,Kls 9_SISWA_085,2025-09-18,SEPTEMBER,Thursday,TRUE,,NO_EXCEPTION_RECORDED,0,0,0,5,10,22,0.0,0.0,0.0,0,34,0.0,0,-1,0.0,0.0,0.0
rec_a0f96cc858a4e07e,STU_184800,184800,SISWA_091,Kls 9_SISWA_085,2025-09-19,SEPTEMBER,Friday,TRUE,,NO_EXCEPTION_RECORDED,0,0,0,5,10,22,0.0,0.0,0.0,0,35,0.0,0,-1,0.0,0.0,0.0
rec_1b5264eff3de91a4,STU_184800,184800,SISWA_091,Kls 9_SISWA_085,2025-09-20,SEPTEMBER,Saturday,FALSE,,NO_EXCEPTION_RECORDED,0,0,0,5,10,22,0.0,0.0,0.0,0,36,0.0,0,-1,0.0,0.0,0.0
rec_f51dffc4a6721dba,STU_184800,184800,SISWA_091,Kls 9_SISWA_085,2025-09-21,SEPTEMBER,Sunday,FALSE,,NO_EXCEPTION_RECORDED,0,0,0,5,10,21,0.0,0.0,0.0,0,36,0.0,0,-1,0.0,0.0,0.0
rec_e839172fa55cbff5,STU_184800,184800,SISWA_091,Kls 9_SISWA_085,2025-09-22,SEPTEMBER,Monday,TRUE,,NO_EXCEPTION_RECORDED,0,0,0,5,10,20,0.0,0.0,0.0,0,36,0.0,0,-1,0.0,0.0,0.0
rec_33c281974559beaa,STU_184800,184800,SISWA_091,Kls 9_SISWA_085,2025-09-23,SEPTEMBER,Tuesday,TRUE,,NO_EXCEPTION_RECORDED,0,0,0,5,10,21,0.0,0.0,0.0,0,37,0.0,0,-1,0.0,0.0,0.0
rec_00b6a50504120850,STU_184800,184800,SISWA_091,Kls 9_SISWA_085,2025-09-24,SEPTEMBER,Wednesday,TRUE,,NO_EXCEPTION_RECORDED,0,0,0,5,10,22,0.0,0.0,0.0,0,38,0.0,0,-1,0.0,0.044444,-0.044444
rec_1a0f4b04fba370b0,STU_184800,184800,SISWA_091,Kls 9_SISWA_085,2025-09-25,SEPTEMBER,Thursday,TRUE,,NO_EXCEPTION_RECORDED,0,0,0,5,10,22,0.0,0.0,0.0,0,39,0.0,0,-1,0.0,0.066667,-0.066667
rec_c459bd027b115f4f,STU_184800,184800,SISWA_091,Kls 9_SISWA_085,2025-09-26,SEPTEMBER,Friday,TRUE,,NO_EXCEPTION_RECORDED,0,0,0,5,10,22,0.0,0.0,0.0,0,40,0.0,0,-1,0.0,0.111111,-0.111111
rec_f77150cf4b4cc793,STU_184800,184800,SISWA_091,Kls 9_SISWA_085,2025-09-27,SEPTEMBER,Saturday,FALSE,,NO_EXCEPTION_RECORDED,0,0,0,5,10,22,0.0,0.0,0.0,0,41,0.0,0,-1,0.0,0.133333,-0.133333
rec_b79d71ae5b0c3979,STU_184800,184800,SISWA_091,Kls 9_SISWA_085,2025-09-28,SEPTEMBER,Sunday,FALSE,,NO_EXCEPTION_RECORDED,0,0,0,5,10,21,0.0,0.0,0.0,0,41,0.0,0,-1,0.0,0.133333,-0.133333
rec_b6f700c3094df7cc,STU_184800,184800,SISWA_091,Kls 9_SISWA_085,2025-09-29,SEPTEMBER,Monday,TRUE,,NO_EXCEPTION_RECORDED,0,0,0,5,10,20,0.0,0.0,0.0,0,41,0.0,0,-1,0.0,0.133333,-0.133333
rec_baab12cd28bd0569,STU_184800,184800,SISWA_091,Kls 9_SISWA_085,2025-09-30,SEPTEMBER,Tuesday,UNKNOWN,,NO_EXCEPTION_RECORDED,0,0,0,5,10,21,0.0,0.0,0.0,0,42,0.0,0,-1,0.0,0.133333,-0.133333
rec_b34831f371caa79e,STU_198676,198676,SISWA_048,Kls 8_SISWA_032,2025-08-01,AGUSTUS,Friday,UNKNOWN,,NO_EXCEPTION_RECORDED,0,0,0,0,0,0,0.0,0.0,0.0,0,0,0.0,0,-1,0.0,0.0,0.0
rec_449ba75ee1eadeea,STU_198676,198676,SISWA_048,Kls 8_SISWA_032,2025-08-02,AGUSTUS,Saturday,FALSE,,NO_EXCEPTION_RECORDED,0,0,0,1,1,1,0.0,0.0,0.0,0,1,0.0,0,-1,0.0,0.0,0.0
rec_7916e1dfb06a8a73,STU_198676,198676,SISWA_048,Kls 8_SISWA_032,2025-08-03,AGUSTUS,Sunday,FALSE,,NO_EXCEPTION_RECORDED,0,0,0,1,1,1,0.0,0.0,0.0,0,1,0.0,0,-1,0.0,0.0,0.0
rec_90a85014df469e2f,STU_198676,198676,SISWA_048,Kls 8_SISWA_032,2025-08-04,AGUSTUS,Monday,UNKNOWN,,NO_EXCEPTION_RECORDED,0,0,0,1,1,1,0.0,0.0,0.0,0,1,0.0,0,-1,0.0,0.0,0.0
rec_28035152b47050c0,STU_198676,198676,SISWA_048,Kls 8_SISWA_032,2025-08-05,AGUSTUS,Tuesday,TRUE,,NO_EXCEPTION_RECORDED,0,0,0,2,2,2,0.0,0.0,0.0,0,2,0.0,0,-1,0.0,0.0,0.0
rec_2dde001eed78febe,STU_198676,198676,SISWA_048,Kls 8_SISWA_032,2025-08-06,AGUSTUS,Wednesday,UNKNOWN,,NO_EXCEPTION_RECORDED,0,0,0,3,3,3,0.0,0.0,0.0,0,3,0.0,0,-1,0.0,0.0,0.0
rec_b9a3777c6e6e0248,STU_198676,198676,SISWA_048,Kls 8_SISWA_032,2025-08-07,AGUSTUS,Thursday,TRUE,,NO_EXCEPTION_RECORDED,0,0,0,4,4,4,0.0,0.0,0.0,0,4,0.0,0,-1,0.0,0.0,0.0
rec_b68be4e1d806fde1,STU_198676,198676,SISWA_048,Kls 8_SISWA_032,2025-08-08,AGUSTUS,Friday,TRUE,,NO_EXCEPTION_RECORDED,0,0,0,5,5,5,0.0,0.0,0.0,0,5,0.0,0,-1,0.0,0.0,0.0
rec_2188265bb7a9ab6c,STU_198676,198676,SISWA_048,Kls 8_SISWA_032,2025-08-09,AGUSTUS,Saturday,FALSE,,NO_EXCEPTION_RECORDED,0,0,0,5,6,6,0.0,0.0,0.0,0,6,0.0,0,-1,0.0,0.0,0.0
rec_06ccd11969801c41,STU_198676,198676,SISWA_048,Kls 8_SISWA_032,2025-08-10,AGUSTUS,Sunday,FALSE,,NO_EXCEPTION_RECORDED,0,0,0,5,6,6,0.0,0.0,0.0,0,6,0.0,0,-1,0.0,0.0,0.0
rec_55f5fd132af4537d,STU_198676,198676,SISWA_048,Kls 8_SISWA_032,2025-08-11,AGUSTUS,Monday,TRUE,,NO_EXCEPTION_RECORDED,0,0,0,5,6,6,0.0,0.0,0.0,0,6,0.0,0,-1,0.0,0.0,0.0
rec_97af68063a87d0d9,STU_198676,198676,SISWA_048,Kls 8_SISWA_032,2025-08-12,AGUSTUS,Tuesday,TRUE,,NO_EXCEPTION_RECORDED,0,0,0,5,7,7,0.0,0.0,0.0,0,7,0.0,0,-1,0.0,0.011111,-0.011111
rec_da4d88c8fd4668e3,STU_198676,198676,SISWA_048,Kls 8_SISWA_032,2025-08-13,AGUSTUS,Wednesday,TRUE,,NO_EXCEPTION_RECORDED,0,0,0,5,8,8,0.0,0.0,0.0,0,8,0.0,0,-1,0.0,0.011111,-0.011111
rec_6cdc964372121cbc,STU_198676,198676,SISWA_048,Kls 8_SISWA_032,2025-08-14,AGUSTUS,Thursday,UNKNOWN,,NO_EXCEPTION_RECORDED,0,0,0,5,9,9,0.0,0.0,0.0,0,9,0.0,0,-1,0.0,0.011111,-0.011111
rec_d7b55aa1a4921537,STU_198676,198676,SISWA_048,Kls 8_SISWA_032,2025-08-15,AGUSTUS,Friday,UNKNOWN,,NO_EXCEPTION_RECORDED,0,0,0,5,10,10,0.0,0.0,0.0,0,10,0.0,0,-1,0.0,0.011111,-0.011111
rec_fa98ef1040d8ddac,STU_198676,198676,SISWA_048,Kls 8_SISWA_032,2025-08-16,AGUSTUS,Saturday,FALSE,,NO_EXCEPTION_RECORDED,0,0,0,5,10,11,0.0,0.0,0.0,0,11,0.0,0,-1,0.0,0.011111,-0.011111
rec_789eef57b974d9c8,STU_198676,198676,SISWA_048,Kls 8_SISWA_032,2025-08-17,AGUSTUS,Sunday,FALSE,,NO_EXCEPTION_RECORDED,0,0,0,5,10,11,0.0,0.0,0.0,0,11,0.0,0,-1,0.0,0.011111,-0.011111
rec_bee932f3da2667e9,STU_198676,198676,SISWA_048,Kls 8_SISWA_032,2025-08-18,AGUSTUS,Monday,UNKNOWN,,NO_EXCEPTION_RECORDED,0,0,0,5,10,11,0.0,0.0,0.0,0,11,0.0,0,-1,0.0,0.011111,-0.011111
rec_cc08c5b3c643f66d,STU_198676,198676,SISWA_048,Kls 8_SISWA_032,2025-08-19,AGUSTUS,Tuesday,TRUE,,NO_EXCEPTION_RECORDED,0,0,0,5,10,12,0.0,0.0,0.0,0,12,0.0,0,-1,0.0,0.0,0.0
rec_6008dc86afadfa32,STU_198676,198676,SISWA_048,Kls 8_SISWA_032,2025-08-20,AGUSTUS,Wednesday,TRUE,,NO_EXCEPTION_RECORDED,0,0,0,5,10,13,0.0,0.0,0.0,0,13,0.0,0,-1,0.0,0.011111,-0.011111
rec_07e951baafa86775,STU_198676,198676,SISWA_048,Kls 8_SISWA_032,2025-08-21,AGUSTUS,Thursday,TRUE,,NO_EXCEPTION_RECORDED,0,0,0,5,10,14,0.0,0.0,0.0,0,14,0.0,0,-1,0.0,0.011111,-0.011111
rec_b9a3111814743061,STU_198676,198676,SISWA_048,Kls 8_SISWA_032,2025-08-22,AGUSTUS,Friday,UNKNOWN,,NO_EXCEPTION_RECORDED,0,0,0,5,10,15,0.0,0.0,0.0,0,15,0.0,0,-1,0.0,0.011111,-0.011111
rec_b725e6d1a46cd77c,STU_198676,198676,SISWA_048,Kls 8_SISWA_032,2025-08-23,AGUSTUS,Saturday,FALSE,,NO_EXCEPTION_RECORDED,0,0,0,5,10,16,0.0,0.0,0.0,0,16,0.0,0,-1,0.0,0.011111,-0.011111
rec_51e1e336e447e5e6,STU_198676,198676,SISWA_048,Kls 8_SISWA_032,2025-08-24,AGUSTUS,Sunday,FALSE,,NO_EXCEPTION_RECORDED,0,0,0,5,10,16,0.0,0.0,0.0,0,16,0.0,0,-1,0.0,0.011111,-0.011111
rec_5314654436a1f8c1,STU_198676,198676,SISWA_048,Kls 8_SISWA_032,2025-08-25,AGUSTUS,Monday,TRUE,,NO_EXCEPTION_RECORDED,0,0,0,5,10,16,0.0,0.0,0.0,0,16,0.0,0,-1,0.0,0.011111,-0.011111
rec_07bf76857674f103,STU_198676,198676,SISWA_048,Kls 8_SISWA_032,2025-08-26,AGUSTUS,Tuesday,TRUE,,NO_EXCEPTION_RECORDED,0,0,0,5,10,17,0.0,0.0,0.0,0,17,0.0,0,-1,0.0,0.011111,-0.011111
rec_44b9f136255757a3,STU_198676,198676,SISWA_048,Kls 8_SISWA_032,2025-08-27,AGUSTUS,Wednesday,TRUE,,NO_EXCEPTION_RECORDED,0,0,0,5,10,18,0.0,0.0,0.0,0,18,0.0,0,-1,0.0,0.011111,-0.011111
rec_376061c3dccad9b5,STU_198676,198676,SISWA_048,Kls 8_SISWA_032,2025-08-28,AGUSTUS,Thursday,TRUE,,NO_EXCEPTION_RECORDED,0,0,0,5,10,19,0.0,0.0,0.0,0,19,0.0,0,-1,0.0,0.011111,-0.011111
rec_bcd8f2af8639089d,STU_198676,198676,SISWA_048,Kls 8_SISWA_032,2025-08-29,AGUSTUS,Friday,TRUE,,NO_EXCEPTION_RECORDED,0,0,0,5,10,20,0.0,0.0,0.0,0,20,0.0,0,-1,0.0,0.022222,-0.022222
rec_62a2d36ca3c34cad,STU_198676,198676,SISWA_048,Kls 8_SISWA_032,2025-08-30,AGUSTUS,Saturday,FALSE,,NO_EXCEPTION_RECORDED,0,0,0,5,10,21,0.0,0.0,0.0,0,21,0.0,0,-1,0.0,0.022222,-0.022222
rec_3099b04c247de36a,STU_198676,198676,SISWA_048,Kls 8_SISWA_032,2025-08-31,AGUSTUS,Sunday,FALSE,,NO_EXCEPTION_RECORDED,0,0,0,5,10,21,0.0,0.0,0.0,0,21,0.0,0,-1,0.0,0.022222,-0.022222
rec_4f1497b4bfce1020,STU_198676,198676,SISWA_048,Kls 8_SISWA_032,2025-09-01,SEPTEMBER,Monday,TRUE,,NO_EXCEPTION_RECORDED,0,0,0,5,10,20,0.0,0.0,0.0,0,21,0.0,0,-1,0.0,0.022222,-0.022222
rec_ffda5ea84ac9c8bc,STU_198676,198676,SISWA_048,Kls 8_SISWA_032,2025-09-02,SEPTEMBER,Tuesday,TRUE,,NO_EXCEPTION_RECORDED,0,0,0,5,10,21,0.0,0.0,0.0,0,22,0.0,0,-1,0.0,0.022222,-0.022222
rec_167349cf3aaa082a,STU_198676,198676,SISWA_048,Kls 8_SISWA_032,2025-09-03,SEPTEMBER,Wednesday,TRUE,,NO_EXCEPTION_RECORDED,0,0,0,5,10,22,0.0,0.0,0.0,0,23,0.0,0,-1,0.0,0.011111,-0.011111
rec_69968baa44ab5814,STU_198676,198676,SISWA_048,Kls 8_SISWA_032,2025-09-04,SEPTEMBER,Thursday,TRUE,,NO_EXCEPTION_RECORDED,0,0,0,5,10,22,0.0,0.0,0.0,0,24,0.0,0,-1,0.0,0.011111,-0.011111
rec_6a9d4f6e2e7dd89c,STU_198676,198676,SISWA_048,Kls 8_SISWA_032,2025-09-05,SEPTEMBER,Friday,UNKNOWN,,NO_EXCEPTION_RECORDED,0,0,0,5,10,22,0.0,0.0,0.0,0,25,0.0,0,-1,0.0,0.0,0.0
rec_8dc645371b99a532,STU_198676,198676,SISWA_048,Kls 8_SISWA_032,2025-09-06,SEPTEMBER,Saturday,FALSE,,NO_EXCEPTION_RECORDED,0,0,0,5,10,22,0.0,0.0,0.0,0,26,0.0,0,-1,0.0,0.0,0.0
rec_0baa57c20ff744ae,STU_198676,198676,SISWA_048,Kls 8_SISWA_032,2025-09-07,SEPTEMBER,Sunday,FALSE,,NO_EXCEPTION_RECORDED,0,0,0,5,10,21,0.0,0.0,0.0,0,26,0.0,0,-1,0.0,0.0,0.0
rec_3d28103bf41ab069,STU_198676,198676,SISWA_048,Kls 8_SISWA_032,2025-09-08,SEPTEMBER,Monday,TRUE,,NO_EXCEPTION_RECORDED,0,0,0,5,10,20,0.0,0.0,0.0,0,26,0.0,0,-1,0.0,0.0,0.0
rec_947191f5e9669bad,STU_198676,198676,SISWA_048,Kls 8_SISWA_032,2025-09-09,SEPTEMBER,Tuesday,TRUE,,NO_EXCEPTION_RECORDED,0,0,0,5,10,21,0.0,0.0,0.0,0,27,0.0,0,-1,0.0,0.0,0.0
rec_83adc56cf5ecdaba,STU_198676,198676,SISWA_048,Kls 8_SISWA_032,2025-09-10,SEPTEMBER,Wednesday,TRUE,,NO_EXCEPTION_RECORDED,0,0,0,5,10,22,0.0,0.0,0.0,0,28,0.0,0,-1,0.0,0.0,0.0
rec_5c548ff5231473de,STU_198676,198676,SISWA_048,Kls 8_SISWA_032,2025-09-11,SEPTEMBER,Thursday,TRUE,,NO_EXCEPTION_RECORDED,0,0,0,5,10,22,0.0,0.0,0.0,0,29,0.0,0,-1,0.0,0.011111,-0.011111
rec_a8b489981cc0992c,STU_198676,198676,SISWA_048,Kls 8_SISWA_032,2025-09-12,SEPTEMBER,Friday,TRUE,,NO_EXCEPTION_RECORDED,0,0,0,5,10,22,0.0,0.0,0.0,0,30,0.0,0,-1,0.0,0.011111,-0.011111
rec_f25650843b33e099,STU_198676,198676,SISWA_048,Kls 8_SISWA_032,2025-09-13,SEPTEMBER,Saturday,FALSE,,NO_EXCEPTION_RECORDED,0,0,0,5,10,22,0.0,0.0,0.0,0,31,0.0,0,-1,0.0,0.022222,-0.022222
rec_f94003cdf7c3ed98,STU_198676,198676,SISWA_048,Kls 8_SISWA_032,2025-09-14,SEPTEMBER,Sunday,FALSE,,NO_EXCEPTION_RECORDED,0,0,0,5,10,21,0.0,0.0,0.0,0,31,0.0,0,-1,0.0,0.022222,-0.022222
rec_98302b8015c52659,STU_198676,198676,SISWA_048,Kls 8_SISWA_032,2025-09-15,SEPTEMBER,Monday,TRUE,,NO_EXCEPTION_RECORDED,0,0,0,5,10,20,0.0,0.0,0.0,0,31,0.0,0,-1,0.0,0.022222,-0.022222
rec_61850278ff9133e7,STU_198676,198676,SISWA_048,Kls 8_SISWA_032,2025-09-16,SEPTEMBER,Tuesday,TRUE,,NO_EXCEPTION_RECORDED,0,0,0,5,10,21,0.0,0.0,0.0,0,32,0.0,0,-1,0.0,0.044444,-0.044444
rec_99d007f3b007303c,STU_198676,198676,SISWA_048,Kls 8_SISWA_032,2025-09-17,SEPTEMBER,Wednesday,TRUE,,NO_EXCEPTION_RECORDED,0,0,0,5,10,22,0.0,0.0,0.0,0,33,0.0,0,-1,0.0,0.055556,-0.055556
rec_76d393127f2bf5a9,STU_198676,198676,SISWA_048,Kls 8_SISWA_032,2025-09-18,SEPTEMBER,Thursday,TRUE,,NO_EXCEPTION_RECORDED,0,0,0,5,10,22,0.0,0.0,0.0,0,34,0.0,0,-1,0.0,0.044444,-0.044444
rec_a00ed199b84d6952,STU_198676,198676,SISWA_048,Kls 8_SISWA_032,2025-09-19,SEPTEMBER,Friday,TRUE,,NO_EXCEPTION_RECORDED,0,0,0,5,10,22,0.0,0.0,0.0,0,35,0.0,0,-1,0.0,0.044444,-0.044444
rec_0d28af6ab9f739d8,STU_198676,198676,SISWA_048,Kls 8_SISWA_032,2025-09-20,SEPTEMBER,Saturday,FALSE,,NO_EXCEPTION_RECORDED,0,0,0,5,10,22,0.0,0.0,0.0,0,36,0.0,0,-1,0.0,0.033333,-0.033333
rec_8c7bcc7dc9530ba9,STU_198676,198676,SISWA_048,Kls 8_SISWA_032,2025-09-21,SEPTEMBER,Sunday,FALSE,,NO_EXCEPTION_RECORDED,0,0,0,5,10,21,0.0,0.0,0.0,0,36,0.0,0,-1,0.0,0.033333,-0.033333
rec_50eb8bde711037d9,STU_198676,198676,SISWA_048,Kls 8_SISWA_032,2025-09-22,SEPTEMBER,Monday,TRUE,,NO_EXCEPTION_RECORDED,0,0,0,5,10,20,0.0,0.0,0.0,0,36,0.0,0,-1,0.0,0.033333,-0.033333
rec_838572d65334ee81,STU_198676,198676,SISWA_048,Kls 8_SISWA_032,2025-09-23,SEPTEMBER,Tuesday,TRUE,,NO_EXCEPTION_RECORDED,0,0,0,5,10,21,0.0,0.0,0.0,0,37,0.0,0,-1,0.0,0.011111,-0.011111
rec_5fe46c70fe6756c5,STU_198676,198676,SISWA_048,Kls 8_SISWA_032,2025-09-24,SEPTEMBER,Wednesday,TRUE,,NO_EXCEPTION_RECORDED,0,0,0,5,10,22,0.0,0.0,0.0,0,38,0.0,0,-1,0.0,0.0,0.0
rec_70943a9101af6fd6,STU_198676,198676,SISWA_048,Kls 8_SISWA_032,2025-09-25,SEPTEMBER,Thursday,TRUE,,NO_EXCEPTION_RECORDED,0,0,0,5,10,22,0.0,0.0,0.0,0,39,0.0,0,-1,0.0,0.0,0.0
rec_1ea931c687cf0334,STU_198676,198676,SISWA_048,Kls 8_SISWA_032,2025-09-26,SEPTEMBER,Friday,TRUE,,NO_EXCEPTION_RECORDED,0,0,0,5,10,22,0.0,0.0,0.0,0,40,0.0,0,-1,0.0,0.0,0.0
rec_0a96aef6b49c7c73,STU_198676,198676,SISWA_048,Kls 8_SISWA_032,2025-09-27,SEPTEMBER,Saturday,FALSE,,NO_EXCEPTION_RECORDED,0,0,0,5,10,22,0.0,0.0,0.0,0,41,0.0,0,-1,0.0,0.011111,-0.011111
rec_319d51431b272b12,STU_198676,198676,SISWA_048,Kls 8_SISWA_032,2025-09-28,SEPTEMBER,Sunday,FALSE,,NO_EXCEPTION_RECORDED,0,0,0,5,10,21,0.0,0.0,0.0,0,41,0.0,0,-1,0.0,0.011111,-0.011111
rec_5e10fb2b35d6c169,STU_198676,198676,SISWA_048,Kls 8_SISWA_032,2025-09-29,SEPTEMBER,Monday,TRUE,,NO_EXCEPTION_RECORDED,0,0,0,5,10,20,0.0,0.0,0.0,0,41,0.0,0,-1,0.0,0.011111,-0.011111
rec_d6467e0a0ba1979e,STU_198676,198676,SISWA_048,Kls 8_SISWA_032,2025-09-30,SEPTEMBER,Tuesday,UNKNOWN,,NO_EXCEPTION_RECORDED,0,0,0,5,10,21,0.0,0.0,0.0,0,42,0.0,0,-1,0.0,0.022222,-0.022222
rec_78abe14e357c06f8,STU_199508,199508,SISWA_065,Kls 8_SISWA_052,2025-08-01,AGUSTUS,Friday,UNKNOWN,,NO_EXCEPTION_RECORDED,0,0,0,0,0,0,0.0,0.0,0.0,0,0,0.0,0,-1,0.0,0.0,0.0
rec_c4cd7f2b3455698c,STU_199508,199508,SISWA_065,Kls 8_SISWA_052,2025-08-02,AGUSTUS,Saturday,FALSE,,NO_EXCEPTION_RECORDED,0,0,0,1,1,1,0.0,0.0,0.0,0,1,0.0,0,-1,0.0,0.0,0.0
rec_b4a7d53128525884,STU_199508,199508,SISWA_065,Kls 8_SISWA_052,2025-08-03,AGUSTUS,Sunday,FALSE,,NO_EXCEPTION_RECORDED,0,0,0,1,1,1,0.0,0.0,0.0,0,1,0.0,0,-1,0.0,0.0,0.0
rec_031c7a653aa6fb88,STU_199508,199508,SISWA_065,Kls 8_SISWA_052,2025-08-04,AGUSTUS,Monday,UNKNOWN,,NO_EXCEPTION_RECORDED,0,0,0,1,1,1,0.0,0.0,0.0,0,1,0.0,0,-1,0.0,0.0,0.0
rec_4b65459c2ef8cab8,STU_199508,199508,SISWA_065,Kls 8_SISWA_052,2025-08-05,AGUSTUS,Tuesday,TRUE,,NO_EXCEPTION_RECORDED,0,0,0,2,2,2,0.0,0.0,0.0,0,2,0.0,0,-1,0.0,0.0,0.0
rec_c37224870f920115,STU_199508,199508,SISWA_065,Kls 8_SISWA_052,2025-08-06,AGUSTUS,Wednesday,UNKNOWN,,NO_EXCEPTION_RECORDED,0,0,0,3,3,3,0.0,0.0,0.0,0,3,0.0,0,-1,0.0,0.0,0.0
rec_0b369416ce0e646d,STU_199508,199508,SISWA_065,Kls 8_SISWA_052,2025-08-07,AGUSTUS,Thursday,TRUE,,NO_EXCEPTION_RECORDED,0,0,0,4,4,4,0.0,0.0,0.0,0,4,0.0,0,-1,0.0,0.0,0.0
rec_ba7e09edeb6f7c7e,STU_199508,199508,SISWA_065,Kls 8_SISWA_052,2025-08-08,AGUSTUS,Friday,TRUE,,NO_EXCEPTION_RECORDED,0,0,0,5,5,5,0.0,0.0,0.0,0,5,0.0,0,-1,0.0,0.011111,-0.011111
rec_6cebbf5d29ef3bcd,STU_199508,199508,SISWA_065,Kls 8_SISWA_052,2025-08-09,AGUSTUS,Saturday,FALSE,,NO_EXCEPTION_RECORDED,0,0,0,5,6,6,0.0,0.0,0.0,0,6,0.0,0,-1,0.0,0.011111,-0.011111
rec_ef97d4692e44f5d1,STU_199508,199508,SISWA_065,Kls 8_SISWA_052,2025-08-10,AGUSTUS,Sunday,FALSE,,NO_EXCEPTION_RECORDED,0,0,0,5,6,6,0.0,0.0,0.0,0,6,0.0,0,-1,0.0,0.011111,-0.011111
rec_77af51faf2fadbdf,STU_199508,199508,SISWA_065,Kls 8_SISWA_052,2025-08-11,AGUSTUS,Monday,TRUE,,NO_EXCEPTION_RECORDED,0,0,0,5,6,6,0.0,0.0,0.0,0,6,0.0,0,-1,0.0,0.011111,-0.011111
rec_372ba8f390ba3278,STU_199508,199508,SISWA_065,Kls 8_SISWA_052,2025-08-12,AGUSTUS,Tuesday,TRUE,,NO_EXCEPTION_RECORDED,0,0,0,5,7,7,0.0,0.0,0.0,0,7,0.0,0,-1,0.0,0.011111,-0.011111
rec_708c800fe2a27217,STU_199508,199508,SISWA_065,Kls 8_SISWA_052,2025-08-13,AGUSTUS,Wednesday,TRUE,,NO_EXCEPTION_RECORDED,0,0,0,5,8,8,0.0,0.0,0.0,0,8,0.0,0,-1,0.0,0.022222,-0.022222
rec_4205ba0c5bf44a76,STU_199508,199508,SISWA_065,Kls 8_SISWA_052,2025-08-14,AGUSTUS,Thursday,UNKNOWN,,NO_EXCEPTION_RECORDED,0,0,0,5,9,9,0.0,0.0,0.0,0,9,0.0,0,-1,0.0,0.033333,-0.033333
rec_802c78c89ab85f84,STU_199508,199508,SISWA_065,Kls 8_SISWA_052,2025-08-15,AGUSTUS,Friday,UNKNOWN,,NO_EXCEPTION_RECORDED,0,0,0,5,10,10,0.0,0.0,0.0,0,10,0.0,0,-1,0.0,0.022222,-0.022222
rec_89516323a7e5224c,STU_199508,199508,SISWA_065,Kls 8_SISWA_052,2025-08-16,AGUSTUS,Saturday,FALSE,,NO_EXCEPTION_RECORDED,0,0,0,5,10,11,0.0,0.0,0.0,0,11,0.0,0,-1,0.0,0.022222,-0.022222
rec_5f2a5de89c4c8d4b,STU_199508,199508,SISWA_065,Kls 8_SISWA_052,2025-08-17,AGUSTUS,Sunday,FALSE,,NO_EXCEPTION_RECORDED,0,0,0,5,10,11,0.0,0.0,0.0,0,11,0.0,0,-1,0.0,0.022222,-0.022222
rec_1d19d33b0c0cca35,STU_199508,199508,SISWA_065,Kls 8_SISWA_052,2025-08-18,AGUSTUS,Monday,UNKNOWN,,NO_EXCEPTION_RECORDED,0,0,0,5,10,11,0.0,0.0,0.0,0,11,0.0,0,-1,0.0,0.022222,-0.022222
rec_ecb4c092003c89fe,STU_199508,199508,SISWA_065,Kls 8_SISWA_052,2025-08-19,AGUSTUS,Tuesday,TRUE,,NO_EXCEPTION_RECORDED,0,0,0,5,10,12,0.0,0.0,0.0,0,12,0.0,0,-1,0.0,0.022222,-0.022222
rec_db2598bb18bb12df,STU_199508,199508,SISWA_065,Kls 8_SISWA_052,2025-08-20,AGUSTUS,Wednesday,TRUE,,NO_EXCEPTION_RECORDED,0,0,0,5,10,13,0.0,0.0,0.0,0,13,0.0,0,-1,0.0,0.022222,-0.022222
rec_7c98b82cdec75e02,STU_199508,199508,SISWA_065,Kls 8_SISWA_052,2025-08-21,AGUSTUS,Thursday,TRUE,,NO_EXCEPTION_RECORDED,0,0,0,5,10,14,0.0,0.0,0.0,0,14,0.0,0,-1,0.0,0.022222,-0.022222
rec_ca3f7c319224f1bc,STU_199508,199508,SISWA_065,Kls 8_SISWA_052,2025-08-22,AGUSTUS,Friday,UNKNOWN,,NO_EXCEPTION_RECORDED,0,0,0,5,10,15,0.0,0.0,0.0,0,15,0.0,0,-1,0.0,0.022222,-0.022222
rec_3fd725ebe2ef9760,STU_199508,199508,SISWA_065,Kls 8_SISWA_052,2025-08-23,AGUSTUS,Saturday,FALSE,,NO_EXCEPTION_RECORDED,0,0,0,5,10,16,0.0,0.0,0.0,0,16,0.0,0,-1,0.0,0.022222,-0.022222
rec_002540e19a232e55,STU_199508,199508,SISWA_065,Kls 8_SISWA_052,2025-08-24,AGUSTUS,Sunday,FALSE,,NO_EXCEPTION_RECORDED,0,0,0,5,10,16,0.0,0.0,0.0,0,16,0.0,0,-1,0.0,0.022222,-0.022222
rec_3d9490ffa5d49eee,STU_199508,199508,SISWA_065,Kls 8_SISWA_052,2025-08-25,AGUSTUS,Monday,TRUE,,NO_EXCEPTION_RECORDED,0,0,0,5,10,16,0.0,0.0,0.0,0,16,0.0,0,-1,0.0,0.022222,-0.022222
rec_62a2c9ddf9a5df13,STU_199508,199508,SISWA_065,Kls 8_SISWA_052,2025-08-26,AGUSTUS,Tuesday,TRUE,,NO_EXCEPTION_RECORDED,0,0,0,5,10,17,0.0,0.0,0.0,0,17,0.0,0,-1,0.0,0.033333,-0.033333
rec_d8a8af7362702a07,STU_199508,199508,SISWA_065,Kls 8_SISWA_052,2025-08-27,AGUSTUS,Wednesday,TRUE,,NO_EXCEPTION_RECORDED,0,0,0,5,10,18,0.0,0.0,0.0,0,18,0.0,0,-1,0.0,0.022222,-0.022222
rec_280a4725eceae487,STU_199508,199508,SISWA_065,Kls 8_SISWA_052,2025-08-28,AGUSTUS,Thursday,TRUE,,NO_EXCEPTION_RECORDED,0,0,0,5,10,19,0.0,0.0,0.0,0,19,0.0,0,-1,0.0,0.011111,-0.011111
rec_53237f10119b8911,STU_199508,199508,SISWA_065,Kls 8_SISWA_052,2025-08-29,AGUSTUS,Friday,TRUE,,NO_EXCEPTION_RECORDED,0,0,0,5,10,20,0.0,0.0,0.0,0,20,0.0,0,-1,0.0,0.011111,-0.011111
rec_898378b5bf0ddfd5,STU_199508,199508,SISWA_065,Kls 8_SISWA_052,2025-08-30,AGUSTUS,Saturday,FALSE,,NO_EXCEPTION_RECORDED,0,0,0,5,10,21,0.0,0.0,0.0,0,21,0.0,0,-1,0.0,0.011111,-0.011111
rec_b206bdc93a7d2191,STU_199508,199508,SISWA_065,Kls 8_SISWA_052,2025-08-31,AGUSTUS,Sunday,FALSE,,NO_EXCEPTION_RECORDED,0,0,0,5,10,21,0.0,0.0,0.0,0,21,0.0,0,-1,0.0,0.011111,-0.011111
rec_75e55435fb19b478,STU_199508,199508,SISWA_065,Kls 8_SISWA_052,2025-09-01,SEPTEMBER,Monday,TRUE,,NO_EXCEPTION_RECORDED,0,0,0,5,10,20,0.0,0.0,0.0,0,21,0.0,0,-1,0.0,0.011111,-0.011111
rec_426c5d93c28d708b,STU_199508,199508,SISWA_065,Kls 8_SISWA_052,2025-09-02,SEPTEMBER,Tuesday,TRUE,,NO_EXCEPTION_RECORDED,0,0,0,5,10,21,0.0,0.0,0.0,0,22,0.0,0,-1,0.0,0.011111,-0.011111
rec_f78b5ce9a8a57e15,STU_199508,199508,SISWA_065,Kls 8_SISWA_052,2025-09-03,SEPTEMBER,Wednesday,TRUE,,NO_EXCEPTION_RECORDED,0,0,0,5,10,22,0.0,0.0,0.0,0,23,0.0,0,-1,0.0,0.022222,-0.022222
rec_ccd9f78de15ec891,STU_199508,199508,SISWA_065,Kls 8_SISWA_052,2025-09-04,SEPTEMBER,Thursday,TRUE,,NO_EXCEPTION_RECORDED,0,0,0,5,10,22,0.0,0.0,0.0,0,24,0.0,0,-1,0.0,0.022222,-0.022222
rec_3cde655c793a0a65,STU_199508,199508,SISWA_065,Kls 8_SISWA_052,2025-09-05,SEPTEMBER,Friday,UNKNOWN,,NO_EXCEPTION_RECORDED,0,0,0,5,10,22,0.0,0.0,0.0,0,25,0.0,0,-1,0.0,0.022222,-0.022222
rec_dbbe5551646b237d,STU_199508,199508,SISWA_065,Kls 8_SISWA_052,2025-09-06,SEPTEMBER,Saturday,FALSE,,NO_EXCEPTION_RECORDED,0,0,0,5,10,22,0.0,0.0,0.0,0,26,0.0,0,-1,0.0,0.022222,-0.022222
rec_42a0175a6f9fb416,STU_199508,199508,SISWA_065,Kls 8_SISWA_052,2025-09-07,SEPTEMBER,Sunday,FALSE,,NO_EXCEPTION_RECORDED,0,0,0,5,10,21,0.0,0.0,0.0,0,26,0.0,0,-1,0.0,0.022222,-0.022222
rec_c3205f6bf69d0666,STU_199508,199508,SISWA_065,Kls 8_SISWA_052,2025-09-08,SEPTEMBER,Monday,TRUE,,NO_EXCEPTION_RECORDED,0,0,0,5,10,20,0.0,0.0,0.0,0,26,0.0,0,-1,0.0,0.022222,-0.022222
rec_d52dd0bd97cb1894,STU_199508,199508,SISWA_065,Kls 8_SISWA_052,2025-09-09,SEPTEMBER,Tuesday,TRUE,,NO_EXCEPTION_RECORDED,0,0,0,5,10,21,0.0,0.0,0.0,0,27,0.0,0,-1,0.0,0.011111,-0.011111
rec_bd3022fbbe447570,STU_199508,199508,SISWA_065,Kls 8_SISWA_052,2025-09-10,SEPTEMBER,Wednesday,TRUE,,NO_EXCEPTION_RECORDED,0,0,0,5,10,22,0.0,0.0,0.0,0,28,0.0,0,-1,0.0,0.011111,-0.011111
rec_041991cd0f867b0d,STU_199508,199508,SISWA_065,Kls 8_SISWA_052,2025-09-11,SEPTEMBER,Thursday,TRUE,,NO_EXCEPTION_RECORDED,0,0,0,5,10,22,0.0,0.0,0.0,0,29,0.0,0,-1,0.0,0.011111,-0.011111
rec_70533aea6b1c5881,STU_199508,199508,SISWA_065,Kls 8_SISWA_052,2025-09-12,SEPTEMBER,Friday,TRUE,,NO_EXCEPTION_RECORDED,0,0,0,5,10,22,0.0,0.0,0.0,0,30,0.0,0,-1,0.0,0.011111,-0.011111
rec_f7377a1ea9fc728c,STU_199508,199508,SISWA_065,Kls 8_SISWA_052,2025-09-13,SEPTEMBER,Saturday,FALSE,,NO_EXCEPTION_RECORDED,0,0,0,5,10,22,0.0,0.0,0.0,0,31,0.0,0,-1,0.0,0.011111,-0.011111
rec_c6672886e06c4b16,STU_199508,199508,SISWA_065,Kls 8_SISWA_052,2025-09-14,SEPTEMBER,Sunday,FALSE,,NO_EXCEPTION_RECORDED,0,0,0,5,10,21,0.0,0.0,0.0,0,31,0.0,0,-1,0.0,0.011111,-0.011111
rec_7bf7c72daf0267dd,STU_199508,199508,SISWA_065,Kls 8_SISWA_052,2025-09-15,SEPTEMBER,Monday,TRUE,,NO_EXCEPTION_RECORDED,0,0,0,5,10,20,0.0,0.0,0.0,0,31,0.0,0,-1,0.0,0.011111,-0.011111
rec_6397ec31f31b5879,STU_199508,199508,SISWA_065,Kls 8_SISWA_052,2025-09-16,SEPTEMBER,Tuesday,TRUE,,NO_EXCEPTION_RECORDED,0,0,0,5,10,21,0.0,0.0,0.0,0,32,0.0,0,-1,0.0,0.022222,-0.022222
rec_eb7247fcc80ccfc0,STU_199508,199508,SISWA_065,Kls 8_SISWA_052,2025-09-17,SEPTEMBER,Wednesday,TRUE,,NO_EXCEPTION_RECORDED,0,0,0,5,10,22,0.0,0.0,0.0,0,33,0.0,0,-1,0.0,0.011111,-0.011111
rec_d712ab5e542bb44a,STU_199508,199508,SISWA_065,Kls 8_SISWA_052,2025-09-18,SEPTEMBER,Thursday,TRUE,,NO_EXCEPTION_RECORDED,0,0,0,5,10,22,0.0,0.0,0.0,0,34,0.0,0,-1,0.0,0.011111,-0.011111
rec_427a1b3f040077b8,STU_199508,199508,SISWA_065,Kls 8_SISWA_052,2025-09-19,SEPTEMBER,Friday,TRUE,,NO_EXCEPTION_RECORDED,0,0,0,5,10,22,0.0,0.0,0.0,0,35,0.0,0,-1,0.0,0.011111,-0.011111
rec_84abf8315fd8fa76,STU_199508,199508,SISWA_065,Kls 8_SISWA_052,2025-09-20,SEPTEMBER,Saturday,FALSE,,NO_EXCEPTION_RECORDED,0,0,0,5,10,22,0.0,0.0,0.0,0,36,0.0,0,-1,0.0,0.011111,-0.011111
rec_94ed56f544e90c0e,STU_199508,199508,SISWA_065,Kls 8_SISWA_052,2025-09-21,SEPTEMBER,Sunday,FALSE,,NO_EXCEPTION_RECORDED,0,0,0,5,10,21,0.0,0.0,0.0,0,36,0.0,0,-1,0.0,0.011111,-0.011111
rec_f9a5c81255c8aa5d,STU_199508,199508,SISWA_065,Kls 8_SISWA_052,2025-09-22,SEPTEMBER,Monday,TRUE,,NO_EXCEPTION_RECORDED,0,0,0,5,10,20,0.0,0.0,0.0,0,36,0.0,0,-1,0.0,0.011111,-0.011111
rec_b9bddbb89391444f,STU_199508,199508,SISWA_065,Kls 8_SISWA_052,2025-09-23,SEPTEMBER,Tuesday,TRUE,,NO_EXCEPTION_RECORDED,0,0,0,5,10,21,0.0,0.0,0.0,0,37,0.0,0,-1,0.0,0.011111,-0.011111
rec_6809eb421acf0fcf,STU_199508,199508,SISWA_065,Kls 8_SISWA_052,2025-09-24,SEPTEMBER,Wednesday,TRUE,,NO_EXCEPTION_RECORDED,0,0,0,5,10,22,0.0,0.0,0.0,0,38,0.0,0,-1,0.0,0.011111,-0.011111
rec_7ae48ff4902d892c,STU_199508,199508,SISWA_065,Kls 8_SISWA_052,2025-09-25,SEPTEMBER,Thursday,TRUE,,NO_EXCEPTION_RECORDED,0,0,0,5,10,22,0.0,0.0,0.0,0,39,0.0,0,-1,0.0,0.011111,-0.011111
rec_1e18f14d320a0fd6,STU_199508,199508,SISWA_065,Kls 8_SISWA_052,2025-09-26,SEPTEMBER,Friday,TRUE,,NO_EXCEPTION_RECORDED,0,0,0,5,10,22,0.0,0.0,0.0,0,40,0.0,0,-1,0.0,0.022222,-0.022222
rec_e97f37b45b0695de,STU_199508,199508,SISWA_065,Kls 8_SISWA_052,2025-09-27,SEPTEMBER,Saturday,FALSE,,NO_EXCEPTION_RECORDED,0,0,0,5,10,22,0.0,0.0,0.0,0,41,0.0,0,-1,0.0,0.022222,-0.022222
rec_bd68ea322316f1bf,STU_199508,199508,SISWA_065,Kls 8_SISWA_052,2025-09-28,SEPTEMBER,Sunday,FALSE,,NO_EXCEPTION_RECORDED,0,0,0,5,10,21,0.0,0.0,0.0,0,41,0.0,0,-1,0.0,0.022222,-0.022222
rec_de97be34d4d74e64,STU_199508,199508,SISWA_065,Kls 8_SISWA_052,2025-09-29,SEPTEMBER,Monday,TRUE,,NO_EXCEPTION_RECORDED,0,0,0,5,10,20,0.0,0.0,0.0,0,41,0.0,0,-1,0.0,0.022222,-0.022222
rec_a62929eb0db5523d,STU_199508,199508,SISWA_065,Kls 8_SISWA_052,2025-09-30,SEPTEMBER,Tuesday,UNKNOWN,,NO_EXCEPTION_RECORDED,0,0,0,5,10,21,0.0,0.0,0.0,0,42,0.0,0,-1,0.0,0.011111,-0.011111
rec_de73b7020d1bcdb2,STU_204447,204447,SISWA_067,Kls 8_SISWA_052,2025-08-01,AGUSTUS,Friday,UNKNOWN,,NO_EXCEPTION_RECORDED,0,0,0,0,0,0,0.0,0.0,0.0,0,0,0.0,0,-1,0.0,0.0,0.0
rec_0aba8f7e8eb5fb29,STU_204447,204447,SISWA_067,Kls 8_SISWA_052,2025-08-02,AGUSTUS,Saturday,FALSE,,NO_EXCEPTION_RECORDED,0,0,0,1,1,1,0.0,0.0,0.0,0,1,0.0,0,-1,0.0,0.0,0.0
rec_64af3919e7ca89c6,STU_204447,204447,SISWA_067,Kls 8_SISWA_052,2025-08-03,AGUSTUS,Sunday,FALSE,,NO_EXCEPTION_RECORDED,0,0,0,1,1,1,0.0,0.0,0.0,0,1,0.0,0,-1,0.0,0.0,0.0
rec_462cb0f1ac13b30e,STU_204447,204447,SISWA_067,Kls 8_SISWA_052,2025-08-04,AGUSTUS,Monday,UNKNOWN,,NO_EXCEPTION_RECORDED,0,0,0,1,1,1,0.0,0.0,0.0,0,1,0.0,0,-1,0.0,0.0,0.0
rec_42d32d0fe3e8cbd7,STU_204447,204447,SISWA_067,Kls 8_SISWA_052,2025-08-05,AGUSTUS,Tuesday,TRUE,,NO_EXCEPTION_RECORDED,0,0,0,2,2,2,0.0,0.0,0.0,0,2,0.0,0,-1,0.0,0.0,0.0
rec_f632b0975a087714,STU_204447,204447,SISWA_067,Kls 8_SISWA_052,2025-08-06,AGUSTUS,Wednesday,UNKNOWN,,NO_EXCEPTION_RECORDED,0,0,0,3,3,3,0.0,0.0,0.0,0,3,0.0,0,-1,0.0,0.0,0.0
rec_74f0b21818b52a53,STU_204447,204447,SISWA_067,Kls 8_SISWA_052,2025-08-07,AGUSTUS,Thursday,TRUE,,NO_EXCEPTION_RECORDED,0,0,0,4,4,4,0.0,0.0,0.0,0,4,0.0,0,-1,0.0,0.0,0.0
rec_4c335642e7cb6bad,STU_204447,204447,SISWA_067,Kls 8_SISWA_052,2025-08-08,AGUSTUS,Friday,TRUE,,NO_EXCEPTION_RECORDED,0,0,0,5,5,5,0.0,0.0,0.0,0,5,0.0,0,-1,0.0,0.011111,-0.011111
rec_bec5a763d4ca3b46,STU_204447,204447,SISWA_067,Kls 8_SISWA_052,2025-08-09,AGUSTUS,Saturday,FALSE,,NO_EXCEPTION_RECORDED,0,0,0,5,6,6,0.0,0.0,0.0,0,6,0.0,0,-1,0.0,0.011111,-0.011111
rec_4727c889847e32e9,STU_204447,204447,SISWA_067,Kls 8_SISWA_052,2025-08-10,AGUSTUS,Sunday,FALSE,,NO_EXCEPTION_RECORDED,0,0,0,5,6,6,0.0,0.0,0.0,0,6,0.0,0,-1,0.0,0.011111,-0.011111
rec_9ab9768b76c53389,STU_204447,204447,SISWA_067,Kls 8_SISWA_052,2025-08-11,AGUSTUS,Monday,TRUE,,NO_EXCEPTION_RECORDED,0,0,0,5,6,6,0.0,0.0,0.0,0,6,0.0,0,-1,0.0,0.011111,-0.011111
rec_1a3b5c3f30f8713d,STU_204447,204447,SISWA_067,Kls 8_SISWA_052,2025-08-12,AGUSTUS,Tuesday,TRUE,i,SOURCE_MARK_I,0,0,0,5,7,7,0.0,0.0,0.0,0,7,0.0,0,-1,0.0,0.011111,-0.011111
rec_9e8bae88985cda4d,STU_204447,204447,SISWA_067,Kls 8_SISWA_052,2025-08-13,AGUSTUS,Wednesday,TRUE,s,SOURCE_MARK_S,1,1,1,5,8,8,0.2,0.125,0.125,1,8,0.125,1,1,0.075,0.011111,0.188889
rec_43ccdfc0b31141d9,STU_204447,204447,SISWA_067,Kls 8_SISWA_052,2025-08-14,AGUSTUS,Thursday,UNKNOWN,,NO_EXCEPTION_RECORDED,2,2,2,5,9,9,0.4,0.222222,0.222222,2,9,0.222222,2,1,0.177778,0.011111,0.388889
rec_d86c5742f87c0cec,STU_204447,204447,SISWA_067,Kls 8_SISWA_052,2025-08-15,AGUSTUS,Friday,UNKNOWN,,NO_EXCEPTION_RECORDED,2,2,2,5,10,10,0.4,0.2,0.2,2,10,0.2,0,2,0.2,0.0,0.4
rec_4fd64cc20849fda5,STU_204447,204447,SISWA_067,Kls 8_SISWA_052,2025-08-16,AGUSTUS,Saturday,FALSE,,NO_EXCEPTION_RECORDED,2,2,2,5,10,11,0.4,0.2,0.181818,2,11,0.181818,0,3,0.218182,0.0,0.4
rec_4e2fe951fe33d713,STU_204447,204447,SISWA_067,Kls 8_SISWA_052,2025-08-17,AGUSTUS,Sunday,FALSE,,NO_EXCEPTION_RECORDED,2,2,2,5,10,11,0.4,0.2,0.181818,2,11,0.181818,0,4,0.218182,0.0,0.4
rec_674648fef514eb27,STU_204447,204447,SISWA_067,Kls 8_SISWA_052,2025-08-18,AGUSTUS,Monday,UNKNOWN,,NO_EXCEPTION_RECORDED,2,2,2,5,10,11,0.4,0.2,0.181818,2,11,0.181818,0,5,0.218182,0.0,0.4
rec_8e79c983262571ff,STU_204447,204447,SISWA_067,Kls 8_SISWA_052,2025-08-19,AGUSTUS,Tuesday,TRUE,,NO_EXCEPTION_RECORDED,2,2,2,5,10,12,0.4,0.2,0.166667,2,12,0.166667,0,6,0.233333,0.0,0.4
rec_386be346e43a2175,STU_204447,204447,SISWA_067,Kls 8_SISWA_052,2025-08-20,AGUSTUS,Wednesday,TRUE,,NO_EXCEPTION_RECORDED,1,2,2,5,10,13,0.2,0.2,0.153846,2,13,0.153846,0,7,0.046154,0.011111,0.188889
rec_6f637b06c4972c74,STU_204447,204447,SISWA_067,Kls 8_SISWA_052,2025-08-21,AGUSTUS,Thursday,TRUE,,NO_EXCEPTION_RECORDED,0,2,2,5,10,14,0.0,0.2,0.142857,2,14,0.142857,0,8,-0.142857,0.022222,-0.022222
rec_6d3a0666a4ac109c,STU_204447,204447,SISWA_067,Kls 8_SISWA_052,2025-08-22,AGUSTUS,Friday,UNKNOWN,,NO_EXCEPTION_RECORDED,0,2,2,5,10,15,0.0,0.2,0.133333,2,15,0.133333,0,9,-0.133333,0.022222,-0.022222
rec_e81c5863b08329c1,STU_204447,204447,SISWA_067,Kls 8_SISWA_052,2025-08-23,AGUSTUS,Saturday,FALSE,,NO_EXCEPTION_RECORDED,0,2,2,5,10,16,0.0,0.2,0.125,2,16,0.125,0,10,-0.125,0.022222,-0.022222
rec_3e71a2e645601816,STU_204447,204447,SISWA_067,Kls 8_SISWA_052,2025-08-24,AGUSTUS,Sunday,FALSE,,NO_EXCEPTION_RECORDED,0,2,2,5,10,16,0.0,0.2,0.125,2,16,0.125,0,11,-0.125,0.022222,-0.022222
rec_78352076a1ead10f,STU_204447,204447,SISWA_067,Kls 8_SISWA_052,2025-08-25,AGUSTUS,Monday,TRUE,,NO_EXCEPTION_RECORDED,0,2,2,5,10,16,0.0,0.2,0.125,2,16,0.125,0,12,-0.125,0.022222,-0.022222
rec_046e0351db2164bd,STU_204447,204447,SISWA_067,Kls 8_SISWA_052,2025-08-26,AGUSTUS,Tuesday,TRUE,,NO_EXCEPTION_RECORDED,0,2,2,5,10,17,0.0,0.2,0.117647,2,17,0.117647,0,13,-0.117647,0.033333,-0.033333
rec_545ed21b3b5a5e72,STU_204447,204447,SISWA_067,Kls 8_SISWA_052,2025-08-27,AGUSTUS,Wednesday,TRUE,,NO_EXCEPTION_RECORDED,0,1,2,5,10,18,0.0,0.1,0.111111,2,18,0.111111,0,14,-0.111111,0.022222,-0.022222
rec_3876ab1ee818f7e2,STU_204447,204447,SISWA_067,Kls 8_SISWA_052,2025-08-28,AGUSTUS,Thursday,TRUE,,NO_EXCEPTION_RECORDED,0,0,2,5,10,19,0.0,0.0,0.105263,2,19,0.105263,0,15,-0.105263,0.011111,-0.011111
rec_959b0c6aeee5043c,STU_204447,204447,SISWA_067,Kls 8_SISWA_052,2025-08-29,AGUSTUS,Friday,TRUE,,NO_EXCEPTION_RECORDED,0,0,2,5,10,20,0.0,0.0,0.1,2,20,0.1,0,16,-0.1,0.011111,-0.011111
rec_ed92f18f9363d6c7,STU_204447,204447,SISWA_067,Kls 8_SISWA_052,2025-08-30,AGUSTUS,Saturday,FALSE,,NO_EXCEPTION_RECORDED,0,0,2,5,10,21,0.0,0.0,0.095238,2,21,0.095238,0,17,-0.095238,0.011111,-0.011111
rec_4a83e78b34782c75,STU_204447,204447,SISWA_067,Kls 8_SISWA_052,2025-08-31,AGUSTUS,Sunday,FALSE,,NO_EXCEPTION_RECORDED,0,0,2,5,10,21,0.0,0.0,0.095238,2,21,0.095238,0,18,-0.095238,0.011111,-0.011111
rec_30e735dc3e345c55,STU_204447,204447,SISWA_067,Kls 8_SISWA_052,2025-09-01,SEPTEMBER,Monday,TRUE,,NO_EXCEPTION_RECORDED,0,0,2,5,10,20,0.0,0.0,0.1,2,21,0.095238,0,19,-0.095238,0.011111,-0.011111
rec_d3a055a84fae3747,STU_204447,204447,SISWA_067,Kls 8_SISWA_052,2025-09-02,SEPTEMBER,Tuesday,TRUE,,NO_EXCEPTION_RECORDED,0,0,2,5,10,21,0.0,0.0,0.095238,2,22,0.090909,0,20,-0.090909,0.011111,-0.011111
rec_de146afd1849ee13,STU_204447,204447,SISWA_067,Kls 8_SISWA_052,2025-09-03,SEPTEMBER,Wednesday,TRUE,,NO_EXCEPTION_RECORDED,0,0,2,5,10,22,0.0,0.0,0.090909,2,23,0.086957,0,21,-0.086957,0.022222,-0.022222
rec_5be9ede425c82336,STU_204447,204447,SISWA_067,Kls 8_SISWA_052,2025-09-04,SEPTEMBER,Thursday,TRUE,,NO_EXCEPTION_RECORDED,0,0,2,5,10,22,0.0,0.0,0.090909,2,24,0.083333,0,22,-0.083333,0.022222,-0.022222
rec_bc31c1482f6a4d16,STU_204447,204447,SISWA_067,Kls 8_SISWA_052,2025-09-05,SEPTEMBER,Friday,UNKNOWN,,NO_EXCEPTION_RECORDED,0,0,2,5,10,22,0.0,0.0,0.090909,2,25,0.08,0,23,-0.08,0.022222,-0.022222
rec_c82e7721e1973e38,STU_204447,204447,SISWA_067,Kls 8_SISWA_052,2025-09-06,SEPTEMBER,Saturday,FALSE,,NO_EXCEPTION_RECORDED,0,0,2,5,10,22,0.0,0.0,0.090909,2,26,0.076923,0,24,-0.076923,0.022222,-0.022222
rec_5e166cf05b34312f,STU_204447,204447,SISWA_067,Kls 8_SISWA_052,2025-09-07,SEPTEMBER,Sunday,FALSE,,NO_EXCEPTION_RECORDED,0,0,2,5,10,21,0.0,0.0,0.095238,2,26,0.076923,0,25,-0.076923,0.022222,-0.022222
rec_9f2e11f64e7a4306,STU_204447,204447,SISWA_067,Kls 8_SISWA_052,2025-09-08,SEPTEMBER,Monday,TRUE,,NO_EXCEPTION_RECORDED,0,0,2,5,10,20,0.0,0.0,0.1,2,26,0.076923,0,26,-0.076923,0.022222,-0.022222
rec_9071970f97c8950f,STU_204447,204447,SISWA_067,Kls 8_SISWA_052,2025-09-09,SEPTEMBER,Tuesday,TRUE,,NO_EXCEPTION_RECORDED,0,0,2,5,10,21,0.0,0.0,0.095238,2,27,0.074074,0,27,-0.074074,0.011111,-0.011111
rec_6f5c514201d846cd,STU_204447,204447,SISWA_067,Kls 8_SISWA_052,2025-09-10,SEPTEMBER,Wednesday,TRUE,,NO_EXCEPTION_RECORDED,0,0,2,5,10,22,0.0,0.0,0.090909,2,28,0.071429,0,28,-0.071429,0.011111,-0.011111
rec_d1731a043d7db21d,STU_204447,204447,SISWA_067,Kls 8_SISWA_052,2025-09-11,SEPTEMBER,Thursday,TRUE,,NO_EXCEPTION_RECORDED,0,0,2,5,10,22,0.0,0.0,0.090909,2,29,0.068966,0,29,-0.068966,0.011111,-0.011111
rec_8a2d3782f4bcff16,STU_204447,204447,SISWA_067,Kls 8_SISWA_052,2025-09-12,SEPTEMBER,Friday,TRUE,,NO_EXCEPTION_RECORDED,0,0,1,5,10,22,0.0,0.0,0.045455,2,30,0.066667,0,30,-0.066667,0.011111,-0.011111
rec_7110c56a55657990,STU_204447,204447,SISWA_067,Kls 8_SISWA_052,2025-09-13,SEPTEMBER,Saturday,FALSE,,NO_EXCEPTION_RECORDED,0,0,0,5,10,22,0.0,0.0,0.0,2,31,0.064516,0,31,-0.064516,0.011111,-0.011111
rec_77bfb8f379a2f049,STU_204447,204447,SISWA_067,Kls 8_SISWA_052,2025-09-14,SEPTEMBER,Sunday,FALSE,,NO_EXCEPTION_RECORDED,0,0,0,5,10,21,0.0,0.0,0.0,2,31,0.064516,0,32,-0.064516,0.011111,-0.011111
rec_a07ff05394606c0d,STU_204447,204447,SISWA_067,Kls 8_SISWA_052,2025-09-15,SEPTEMBER,Monday,TRUE,,NO_EXCEPTION_RECORDED,0,0,0,5,10,20,0.0,0.0,0.0,2,31,0.064516,0,33,-0.064516,0.011111,-0.011111
rec_b01f85f933e32cc1,STU_204447,204447,SISWA_067,Kls 8_SISWA_052,2025-09-16,SEPTEMBER,Tuesday,TRUE,,NO_EXCEPTION_RECORDED,0,0,0,5,10,21,0.0,0.0,0.0,2,32,0.0625,0,34,-0.0625,0.022222,-0.022222
rec_e6b5ea32ab67f1c8,STU_204447,204447,SISWA_067,Kls 8_SISWA_052,2025-09-17,SEPTEMBER,Wednesday,TRUE,,NO_EXCEPTION_RECORDED,0,0,0,5,10,22,0.0,0.0,0.0,2,33,0.060606,0,35,-0.060606,0.011111,-0.011111
rec_85d1404694890684,STU_204447,204447,SISWA_067,Kls 8_SISWA_052,2025-09-18,SEPTEMBER,Thursday,TRUE,,NO_EXCEPTION_RECORDED,0,0,0,5,10,22,0.0,0.0,0.0,2,34,0.058824,0,36,-0.058824,0.011111,-0.011111
rec_ea61c785396fe3ec,STU_204447,204447,SISWA_067,Kls 8_SISWA_052,2025-09-19,SEPTEMBER,Friday,TRUE,,NO_EXCEPTION_RECORDED,0,0,0,5,10,22,0.0,0.0,0.0,2,35,0.057143,0,37,-0.057143,0.011111,-0.011111
rec_70bb0cd56b91921d,STU_204447,204447,SISWA_067,Kls 8_SISWA_052,2025-09-20,SEPTEMBER,Saturday,FALSE,,NO_EXCEPTION_RECORDED,0,0,0,5,10,22,0.0,0.0,0.0,2,36,0.055556,0,38,-0.055556,0.011111,-0.011111
rec_77d8da1f42413f20,STU_204447,204447,SISWA_067,Kls 8_SISWA_052,2025-09-21,SEPTEMBER,Sunday,FALSE,,NO_EXCEPTION_RECORDED,0,0,0,5,10,21,0.0,0.0,0.0,2,36,0.055556,0,39,-0.055556,0.011111,-0.011111
rec_e0fb50acb724efe3,STU_204447,204447,SISWA_067,Kls 8_SISWA_052,2025-09-22,SEPTEMBER,Monday,TRUE,,NO_EXCEPTION_RECORDED,0,0,0,5,10,20,0.0,0.0,0.0,2,36,0.055556,0,40,-0.055556,0.011111,-0.011111
rec_2e7ea3ef9d65f3c4,STU_204447,204447,SISWA_067,Kls 8_SISWA_052,2025-09-23,SEPTEMBER,Tuesday,TRUE,,NO_EXCEPTION_RECORDED,0,0,0,5,10,21,0.0,0.0,0.0,2,37,0.054054,0,41,-0.054054,0.011111,-0.011111
rec_5d394ef48b115033,STU_204447,204447,SISWA_067,Kls 8_SISWA_052,2025-09-24,SEPTEMBER,Wednesday,TRUE,,NO_EXCEPTION_RECORDED,0,0,0,5,10,22,0.0,0.0,0.0,2,38,0.052632,0,42,-0.052632,0.011111,-0.011111
rec_e6af1c8eb2e612dd,STU_204447,204447,SISWA_067,Kls 8_SISWA_052,2025-09-25,SEPTEMBER,Thursday,TRUE,,NO_EXCEPTION_RECORDED,0,0,0,5,10,22,0.0,0.0,0.0,2,39,0.051282,0,43,-0.051282,0.011111,-0.011111
rec_3aef39592280ac64,STU_204447,204447,SISWA_067,Kls 8_SISWA_052,2025-09-26,SEPTEMBER,Friday,TRUE,,NO_EXCEPTION_RECORDED,0,0,0,5,10,22,0.0,0.0,0.0,2,40,0.05,0,44,-0.05,0.022222,-0.022222
rec_1929efc5ce726a21,STU_204447,204447,SISWA_067,Kls 8_SISWA_052,2025-09-27,SEPTEMBER,Saturday,FALSE,,NO_EXCEPTION_RECORDED,0,0,0,5,10,22,0.0,0.0,0.0,2,41,0.04878,0,45,-0.04878,0.022222,-0.022222
rec_a1b0bbbe4aa25258,STU_204447,204447,SISWA_067,Kls 8_SISWA_052,2025-09-28,SEPTEMBER,Sunday,FALSE,,NO_EXCEPTION_RECORDED,0,0,0,5,10,21,0.0,0.0,0.0,2,41,0.04878,0,46,-0.04878,0.022222,-0.022222
rec_dad59bcbc5f7093d,STU_204447,204447,SISWA_067,Kls 8_SISWA_052,2025-09-29,SEPTEMBER,Monday,TRUE,,NO_EXCEPTION_RECORDED,0,0,0,5,10,20,0.0,0.0,0.0,2,41,0.04878,0,47,-0.04878,0.022222,-0.022222
rec_dfe2def93bc6f60f,STU_204447,204447,SISWA_067,Kls 8_SISWA_052,2025-09-30,SEPTEMBER,Tuesday,UNKNOWN,,NO_EXCEPTION_RECORDED,0,0,0,5,10,21,0.0,0.0,0.0,2,42,0.047619,0,48,-0.047619,0.011111,-0.011111
rec_29f555918b56e78f,STU_205700,205700,SISWA_045,Kls 8_SISWA_032,2025-08-01,AGUSTUS,Friday,UNKNOWN,,NO_EXCEPTION_RECORDED,0,0,0,0,0,0,0.0,0.0,0.0,0,0,0.0,0,-1,0.0,0.0,0.0
rec_20a686b7572e2bfc,STU_205700,205700,SISWA_045,Kls 8_SISWA_032,2025-08-02,AGUSTUS,Saturday,FALSE,,NO_EXCEPTION_RECORDED,0,0,0,1,1,1,0.0,0.0,0.0,0,1,0.0,0,-1,0.0,0.0,0.0
rec_b17b084447794293,STU_205700,205700,SISWA_045,Kls 8_SISWA_032,2025-08-03,AGUSTUS,Sunday,FALSE,,NO_EXCEPTION_RECORDED,0,0,0,1,1,1,0.0,0.0,0.0,0,1,0.0,0,-1,0.0,0.0,0.0
rec_2961f0205ee711d5,STU_205700,205700,SISWA_045,Kls 8_SISWA_032,2025-08-04,AGUSTUS,Monday,UNKNOWN,,NO_EXCEPTION_RECORDED,0,0,0,1,1,1,0.0,0.0,0.0,0,1,0.0,0,-1,0.0,0.0,0.0
rec_8fbded9388116e74,STU_205700,205700,SISWA_045,Kls 8_SISWA_032,2025-08-05,AGUSTUS,Tuesday,TRUE,,NO_EXCEPTION_RECORDED,0,0,0,2,2,2,0.0,0.0,0.0,0,2,0.0,0,-1,0.0,0.0,0.0
rec_bbcbb4f23d1c59e1,STU_205700,205700,SISWA_045,Kls 8_SISWA_032,2025-08-06,AGUSTUS,Wednesday,UNKNOWN,,NO_EXCEPTION_RECORDED,0,0,0,3,3,3,0.0,0.0,0.0,0,3,0.0,0,-1,0.0,0.0,0.0
rec_9576ec3194914de9,STU_205700,205700,SISWA_045,Kls 8_SISWA_032,2025-08-07,AGUSTUS,Thursday,TRUE,,NO_EXCEPTION_RECORDED,0,0,0,4,4,4,0.0,0.0,0.0,0,4,0.0,0,-1,0.0,0.0,0.0
rec_25c80dbcdb421885,STU_205700,205700,SISWA_045,Kls 8_SISWA_032,2025-08-08,AGUSTUS,Friday,TRUE,,NO_EXCEPTION_RECORDED,0,0,0,5,5,5,0.0,0.0,0.0,0,5,0.0,0,-1,0.0,0.0,0.0
rec_79d7e7e1e8b2d89d,STU_205700,205700,SISWA_045,Kls 8_SISWA_032,2025-08-09,AGUSTUS,Saturday,FALSE,,NO_EXCEPTION_RECORDED,0,0,0,5,6,6,0.0,0.0,0.0,0,6,0.0,0,-1,0.0,0.0,0.0
rec_45f649387d416148,STU_205700,205700,SISWA_045,Kls 8_SISWA_032,2025-08-10,AGUSTUS,Sunday,FALSE,,NO_EXCEPTION_RECORDED,0,0,0,5,6,6,0.0,0.0,0.0,0,6,0.0,0,-1,0.0,0.0,0.0
rec_3615da039e7a1240,STU_205700,205700,SISWA_045,Kls 8_SISWA_032,2025-08-11,AGUSTUS,Monday,TRUE,,NO_EXCEPTION_RECORDED,0,0,0,5,6,6,0.0,0.0,0.0,0,6,0.0,0,-1,0.0,0.0,0.0
rec_015e06e7408821c1,STU_205700,205700,SISWA_045,Kls 8_SISWA_032,2025-08-12,AGUSTUS,Tuesday,TRUE,,NO_EXCEPTION_RECORDED,0,0,0,5,7,7,0.0,0.0,0.0,0,7,0.0,0,-1,0.0,0.011111,-0.011111
rec_0815c1ba16a3ce53,STU_205700,205700,SISWA_045,Kls 8_SISWA_032,2025-08-13,AGUSTUS,Wednesday,TRUE,,NO_EXCEPTION_RECORDED,0,0,0,5,8,8,0.0,0.0,0.0,0,8,0.0,0,-1,0.0,0.011111,-0.011111
rec_5a16f67e40a154f8,STU_205700,205700,SISWA_045,Kls 8_SISWA_032,2025-08-14,AGUSTUS,Thursday,UNKNOWN,,NO_EXCEPTION_RECORDED,0,0,0,5,9,9,0.0,0.0,0.0,0,9,0.0,0,-1,0.0,0.011111,-0.011111
rec_00999be084064af9,STU_205700,205700,SISWA_045,Kls 8_SISWA_032,2025-08-15,AGUSTUS,Friday,UNKNOWN,,NO_EXCEPTION_RECORDED,0,0,0,5,10,10,0.0,0.0,0.0,0,10,0.0,0,-1,0.0,0.011111,-0.011111
rec_554bf5d18336252b,STU_205700,205700,SISWA_045,Kls 8_SISWA_032,2025-08-16,AGUSTUS,Saturday,FALSE,,NO_EXCEPTION_RECORDED,0,0,0,5,10,11,0.0,0.0,0.0,0,11,0.0,0,-1,0.0,0.011111,-0.011111
rec_c4cab24df388b19d,STU_205700,205700,SISWA_045,Kls 8_SISWA_032,2025-08-17,AGUSTUS,Sunday,FALSE,,NO_EXCEPTION_RECORDED,0,0,0,5,10,11,0.0,0.0,0.0,0,11,0.0,0,-1,0.0,0.011111,-0.011111
rec_9c98eca7e06afe81,STU_205700,205700,SISWA_045,Kls 8_SISWA_032,2025-08-18,AGUSTUS,Monday,UNKNOWN,,NO_EXCEPTION_RECORDED,0,0,0,5,10,11,0.0,0.0,0.0,0,11,0.0,0,-1,0.0,0.011111,-0.011111
rec_d47f3336937b6256,STU_205700,205700,SISWA_045,Kls 8_SISWA_032,2025-08-19,AGUSTUS,Tuesday,TRUE,,NO_EXCEPTION_RECORDED,0,0,0,5,10,12,0.0,0.0,0.0,0,12,0.0,0,-1,0.0,0.0,0.0
rec_a7c4f0cbce08d009,STU_205700,205700,SISWA_045,Kls 8_SISWA_032,2025-08-20,AGUSTUS,Wednesday,TRUE,,NO_EXCEPTION_RECORDED,0,0,0,5,10,13,0.0,0.0,0.0,0,13,0.0,0,-1,0.0,0.011111,-0.011111
rec_b64d3225ea7f3912,STU_205700,205700,SISWA_045,Kls 8_SISWA_032,2025-08-21,AGUSTUS,Thursday,TRUE,,NO_EXCEPTION_RECORDED,0,0,0,5,10,14,0.0,0.0,0.0,0,14,0.0,0,-1,0.0,0.011111,-0.011111
rec_64ef261f93d146d5,STU_205700,205700,SISWA_045,Kls 8_SISWA_032,2025-08-22,AGUSTUS,Friday,UNKNOWN,,NO_EXCEPTION_RECORDED,0,0,0,5,10,15,0.0,0.0,0.0,0,15,0.0,0,-1,0.0,0.011111,-0.011111
rec_fa1e121fa4211554,STU_205700,205700,SISWA_045,Kls 8_SISWA_032,2025-08-23,AGUSTUS,Saturday,FALSE,,NO_EXCEPTION_RECORDED,0,0,0,5,10,16,0.0,0.0,0.0,0,16,0.0,0,-1,0.0,0.011111,-0.011111
rec_1b91b94a44995d0c,STU_205700,205700,SISWA_045,Kls 8_SISWA_032,2025-08-24,AGUSTUS,Sunday,FALSE,,NO_EXCEPTION_RECORDED,0,0,0,5,10,16,0.0,0.0,0.0,0,16,0.0,0,-1,0.0,0.011111,-0.011111
rec_b0ea102d6d1c8a77,STU_205700,205700,SISWA_045,Kls 8_SISWA_032,2025-08-25,AGUSTUS,Monday,TRUE,,NO_EXCEPTION_RECORDED,0,0,0,5,10,16,0.0,0.0,0.0,0,16,0.0,0,-1,0.0,0.011111,-0.011111
rec_6b17304f4441402b,STU_205700,205700,SISWA_045,Kls 8_SISWA_032,2025-08-26,AGUSTUS,Tuesday,TRUE,,NO_EXCEPTION_RECORDED,0,0,0,5,10,17,0.0,0.0,0.0,0,17,0.0,0,-1,0.0,0.011111,-0.011111
rec_70b16058c413f96d,STU_205700,205700,SISWA_045,Kls 8_SISWA_032,2025-08-27,AGUSTUS,Wednesday,TRUE,,NO_EXCEPTION_RECORDED,0,0,0,5,10,18,0.0,0.0,0.0,0,18,0.0,0,-1,0.0,0.011111,-0.011111
rec_f63f46eac3bfb5b1,STU_205700,205700,SISWA_045,Kls 8_SISWA_032,2025-08-28,AGUSTUS,Thursday,TRUE,,NO_EXCEPTION_RECORDED,0,0,0,5,10,19,0.0,0.0,0.0,0,19,0.0,0,-1,0.0,0.011111,-0.011111
rec_e819b61b9a68cfc4,STU_205700,205700,SISWA_045,Kls 8_SISWA_032,2025-08-29,AGUSTUS,Friday,TRUE,,NO_EXCEPTION_RECORDED,0,0,0,5,10,20,0.0,0.0,0.0,0,20,0.0,0,-1,0.0,0.022222,-0.022222
rec_1821f19784212461,STU_205700,205700,SISWA_045,Kls 8_SISWA_032,2025-08-30,AGUSTUS,Saturday,FALSE,,NO_EXCEPTION_RECORDED,0,0,0,5,10,21,0.0,0.0,0.0,0,21,0.0,0,-1,0.0,0.022222,-0.022222
rec_6a30757b54c23cfb,STU_205700,205700,SISWA_045,Kls 8_SISWA_032,2025-08-31,AGUSTUS,Sunday,FALSE,,NO_EXCEPTION_RECORDED,0,0,0,5,10,21,0.0,0.0,0.0,0,21,0.0,0,-1,0.0,0.022222,-0.022222
rec_9f47e83d1868ca5c,STU_205700,205700,SISWA_045,Kls 8_SISWA_032,2025-09-01,SEPTEMBER,Monday,TRUE,,NO_EXCEPTION_RECORDED,0,0,0,5,10,20,0.0,0.0,0.0,0,21,0.0,0,-1,0.0,0.022222,-0.022222
rec_7ca9598c1218059c,STU_205700,205700,SISWA_045,Kls 8_SISWA_032,2025-09-02,SEPTEMBER,Tuesday,TRUE,,NO_EXCEPTION_RECORDED,0,0,0,5,10,21,0.0,0.0,0.0,0,22,0.0,0,-1,0.0,0.022222,-0.022222
rec_e56d5160b70e1fcb,STU_205700,205700,SISWA_045,Kls 8_SISWA_032,2025-09-03,SEPTEMBER,Wednesday,TRUE,,NO_EXCEPTION_RECORDED,0,0,0,5,10,22,0.0,0.0,0.0,0,23,0.0,0,-1,0.0,0.011111,-0.011111
rec_3c68eda63730bbff,STU_205700,205700,SISWA_045,Kls 8_SISWA_032,2025-09-04,SEPTEMBER,Thursday,TRUE,,NO_EXCEPTION_RECORDED,0,0,0,5,10,22,0.0,0.0,0.0,0,24,0.0,0,-1,0.0,0.011111,-0.011111
rec_4c527630c1adf8a8,STU_205700,205700,SISWA_045,Kls 8_SISWA_032,2025-09-05,SEPTEMBER,Friday,UNKNOWN,,NO_EXCEPTION_RECORDED,0,0,0,5,10,22,0.0,0.0,0.0,0,25,0.0,0,-1,0.0,0.0,0.0
rec_cb4a7572f11ef305,STU_205700,205700,SISWA_045,Kls 8_SISWA_032,2025-09-06,SEPTEMBER,Saturday,FALSE,,NO_EXCEPTION_RECORDED,0,0,0,5,10,22,0.0,0.0,0.0,0,26,0.0,0,-1,0.0,0.0,0.0
rec_b3c2c373e9c4603f,STU_205700,205700,SISWA_045,Kls 8_SISWA_032,2025-09-07,SEPTEMBER,Sunday,FALSE,,NO_EXCEPTION_RECORDED,0,0,0,5,10,21,0.0,0.0,0.0,0,26,0.0,0,-1,0.0,0.0,0.0
rec_0cef5eb43b38292c,STU_205700,205700,SISWA_045,Kls 8_SISWA_032,2025-09-08,SEPTEMBER,Monday,TRUE,,NO_EXCEPTION_RECORDED,0,0,0,5,10,20,0.0,0.0,0.0,0,26,0.0,0,-1,0.0,0.0,0.0
rec_4794352b083d43e2,STU_205700,205700,SISWA_045,Kls 8_SISWA_032,2025-09-09,SEPTEMBER,Tuesday,TRUE,,NO_EXCEPTION_RECORDED,0,0,0,5,10,21,0.0,0.0,0.0,0,27,0.0,0,-1,0.0,0.0,0.0
rec_6821b5b365e85d97,STU_205700,205700,SISWA_045,Kls 8_SISWA_032,2025-09-10,SEPTEMBER,Wednesday,TRUE,,NO_EXCEPTION_RECORDED,0,0,0,5,10,22,0.0,0.0,0.0,0,28,0.0,0,-1,0.0,0.0,0.0
rec_f0a742bc0fe0f7f6,STU_205700,205700,SISWA_045,Kls 8_SISWA_032,2025-09-11,SEPTEMBER,Thursday,TRUE,,NO_EXCEPTION_RECORDED,0,0,0,5,10,22,0.0,0.0,0.0,0,29,0.0,0,-1,0.0,0.011111,-0.011111
rec_69bc66e254b90718,STU_205700,205700,SISWA_045,Kls 8_SISWA_032,2025-09-12,SEPTEMBER,Friday,TRUE,,NO_EXCEPTION_RECORDED,0,0,0,5,10,22,0.0,0.0,0.0,0,30,0.0,0,-1,0.0,0.011111,-0.011111
rec_c9b30e076002a238,STU_205700,205700,SISWA_045,Kls 8_SISWA_032,2025-09-13,SEPTEMBER,Saturday,FALSE,,NO_EXCEPTION_RECORDED,0,0,0,5,10,22,0.0,0.0,0.0,0,31,0.0,0,-1,0.0,0.022222,-0.022222
rec_ab666a0e495cfd17,STU_205700,205700,SISWA_045,Kls 8_SISWA_032,2025-09-14,SEPTEMBER,Sunday,FALSE,,NO_EXCEPTION_RECORDED,0,0,0,5,10,21,0.0,0.0,0.0,0,31,0.0,0,-1,0.0,0.022222,-0.022222
rec_37a2f3c579128368,STU_205700,205700,SISWA_045,Kls 8_SISWA_032,2025-09-15,SEPTEMBER,Monday,TRUE,,NO_EXCEPTION_RECORDED,0,0,0,5,10,20,0.0,0.0,0.0,0,31,0.0,0,-1,0.0,0.022222,-0.022222
rec_08fc7174a8a5a201,STU_205700,205700,SISWA_045,Kls 8_SISWA_032,2025-09-16,SEPTEMBER,Tuesday,TRUE,,NO_EXCEPTION_RECORDED,0,0,0,5,10,21,0.0,0.0,0.0,0,32,0.0,0,-1,0.0,0.044444,-0.044444
rec_017b43396683fa0c,STU_205700,205700,SISWA_045,Kls 8_SISWA_032,2025-09-17,SEPTEMBER,Wednesday,TRUE,,NO_EXCEPTION_RECORDED,0,0,0,5,10,22,0.0,0.0,0.0,0,33,0.0,0,-1,0.0,0.055556,-0.055556
rec_ffcec59457899783,STU_205700,205700,SISWA_045,Kls 8_SISWA_032,2025-09-18,SEPTEMBER,Thursday,TRUE,,NO_EXCEPTION_RECORDED,0,0,0,5,10,22,0.0,0.0,0.0,0,34,0.0,0,-1,0.0,0.044444,-0.044444
rec_a0507f68cc0722d1,STU_205700,205700,SISWA_045,Kls 8_SISWA_032,2025-09-19,SEPTEMBER,Friday,TRUE,,NO_EXCEPTION_RECORDED,0,0,0,5,10,22,0.0,0.0,0.0,0,35,0.0,0,-1,0.0,0.044444,-0.044444
rec_371667cb43c377cc,STU_205700,205700,SISWA_045,Kls 8_SISWA_032,2025-09-20,SEPTEMBER,Saturday,FALSE,,NO_EXCEPTION_RECORDED,0,0,0,5,10,22,0.0,0.0,0.0,0,36,0.0,0,-1,0.0,0.033333,-0.033333
rec_4daf26681968d34d,STU_205700,205700,SISWA_045,Kls 8_SISWA_032,2025-09-21,SEPTEMBER,Sunday,FALSE,,NO_EXCEPTION_RECORDED,0,0,0,5,10,21,0.0,0.0,0.0,0,36,0.0,0,-1,0.0,0.033333,-0.033333
rec_cf674e1a52e3b30b,STU_205700,205700,SISWA_045,Kls 8_SISWA_032,2025-09-22,SEPTEMBER,Monday,TRUE,,NO_EXCEPTION_RECORDED,0,0,0,5,10,20,0.0,0.0,0.0,0,36,0.0,0,-1,0.0,0.033333,-0.033333
rec_127959ef64765d28,STU_205700,205700,SISWA_045,Kls 8_SISWA_032,2025-09-23,SEPTEMBER,Tuesday,TRUE,,NO_EXCEPTION_RECORDED,0,0,0,5,10,21,0.0,0.0,0.0,0,37,0.0,0,-1,0.0,0.011111,-0.011111
rec_f35695d78236f3f4,STU_205700,205700,SISWA_045,Kls 8_SISWA_032,2025-09-24,SEPTEMBER,Wednesday,TRUE,,NO_EXCEPTION_RECORDED,0,0,0,5,10,22,0.0,0.0,0.0,0,38,0.0,0,-1,0.0,0.0,0.0
rec_27e07b774cbc8ff5,STU_205700,205700,SISWA_045,Kls 8_SISWA_032,2025-09-25,SEPTEMBER,Thursday,TRUE,,NO_EXCEPTION_RECORDED,0,0,0,5,10,22,0.0,0.0,0.0,0,39,0.0,0,-1,0.0,0.0,0.0
rec_4712917330420c84,STU_205700,205700,SISWA_045,Kls 8_SISWA_032,2025-09-26,SEPTEMBER,Friday,TRUE,,NO_EXCEPTION_RECORDED,0,0,0,5,10,22,0.0,0.0,0.0,0,40,0.0,0,-1,0.0,0.0,0.0
rec_3117a92a2dc4c4a1,STU_205700,205700,SISWA_045,Kls 8_SISWA_032,2025-09-27,SEPTEMBER,Saturday,FALSE,,NO_EXCEPTION_RECORDED,0,0,0,5,10,22,0.0,0.0,0.0,0,41,0.0,0,-1,0.0,0.011111,-0.011111
rec_6118c4d08c6b5346,STU_205700,205700,SISWA_045,Kls 8_SISWA_032,2025-09-28,SEPTEMBER,Sunday,FALSE,,NO_EXCEPTION_RECORDED,0,0,0,5,10,21,0.0,0.0,0.0,0,41,0.0,0,-1,0.0,0.011111,-0.011111
rec_5660118190561a7a,STU_205700,205700,SISWA_045,Kls 8_SISWA_032,2025-09-29,SEPTEMBER,Monday,TRUE,,NO_EXCEPTION_RECORDED,0,0,0,5,10,20,0.0,0.0,0.0,0,41,0.0,0,-1,0.0,0.011111,-0.011111
rec_08a9637e63891509,STU_205700,205700,SISWA_045,Kls 8_SISWA_032,2025-09-30,SEPTEMBER,Tuesday,UNKNOWN,,NO_EXCEPTION_RECORDED,0,0,0,5,10,21,0.0,0.0,0.0,0,42,0.0,0,-1,0.0,0.022222,-0.022222
rec_8eaceaf6743f4206,STU_210169,210169,SISWA_015,Kls 7_SISWA_001,2025-08-01,AGUSTUS,Friday,UNKNOWN,,NO_EXCEPTION_RECORDED,0,0,0,0,0,0,0.0,0.0,0.0,0,0,0.0,0,-1,0.0,0.0,0.0
rec_ff1d7de78cc8791d,STU_210169,210169,SISWA_015,Kls 7_SISWA_001,2025-08-02,AGUSTUS,Saturday,FALSE,,NO_EXCEPTION_RECORDED,0,0,0,1,1,1,0.0,0.0,0.0,0,1,0.0,0,-1,0.0,0.0,0.0
rec_a2211d90752fb639,STU_210169,210169,SISWA_015,Kls 7_SISWA_001,2025-08-03,AGUSTUS,Sunday,FALSE,,NO_EXCEPTION_RECORDED,0,0,0,1,1,1,0.0,0.0,0.0,0,1,0.0,0,-1,0.0,0.0,0.0
rec_2422dcee071a6964,STU_210169,210169,SISWA_015,Kls 7_SISWA_001,2025-08-04,AGUSTUS,Monday,UNKNOWN,,NO_EXCEPTION_RECORDED,0,0,0,1,1,1,0.0,0.0,0.0,0,1,0.0,0,-1,0.0,0.0,0.0
rec_82950a1f6e0af09f,STU_210169,210169,SISWA_015,Kls 7_SISWA_001,2025-08-05,AGUSTUS,Tuesday,TRUE,,NO_EXCEPTION_RECORDED,0,0,0,2,2,2,0.0,0.0,0.0,0,2,0.0,0,-1,0.0,0.0,0.0
rec_c1a48bb0c1b09d1f,STU_210169,210169,SISWA_015,Kls 7_SISWA_001,2025-08-06,AGUSTUS,Wednesday,UNKNOWN,,NO_EXCEPTION_RECORDED,0,0,0,3,3,3,0.0,0.0,0.0,0,3,0.0,0,-1,0.0,0.0,0.0
rec_1cba1faff23c14aa,STU_210169,210169,SISWA_015,Kls 7_SISWA_001,2025-08-07,AGUSTUS,Thursday,TRUE,,NO_EXCEPTION_RECORDED,0,0,0,4,4,4,0.0,0.0,0.0,0,4,0.0,0,-1,0.0,0.0,0.0
rec_d25021f22114ef32,STU_210169,210169,SISWA_015,Kls 7_SISWA_001,2025-08-08,AGUSTUS,Friday,TRUE,,NO_EXCEPTION_RECORDED,0,0,0,5,5,5,0.0,0.0,0.0,0,5,0.0,0,-1,0.0,0.0,0.0
rec_ed991e53e183fb74,STU_210169,210169,SISWA_015,Kls 7_SISWA_001,2025-08-09,AGUSTUS,Saturday,FALSE,,NO_EXCEPTION_RECORDED,0,0,0,5,6,6,0.0,0.0,0.0,0,6,0.0,0,-1,0.0,0.0,0.0
rec_ce9afde3a6a23ab9,STU_210169,210169,SISWA_015,Kls 7_SISWA_001,2025-08-10,AGUSTUS,Sunday,FALSE,,NO_EXCEPTION_RECORDED,0,0,0,5,6,6,0.0,0.0,0.0,0,6,0.0,0,-1,0.0,0.0,0.0
rec_6c56eb3a6c9592ad,STU_210169,210169,SISWA_015,Kls 7_SISWA_001,2025-08-11,AGUSTUS,Monday,TRUE,,NO_EXCEPTION_RECORDED,0,0,0,5,6,6,0.0,0.0,0.0,0,6,0.0,0,-1,0.0,0.0,0.0
rec_943b6598b428336c,STU_210169,210169,SISWA_015,Kls 7_SISWA_001,2025-08-12,AGUSTUS,Tuesday,TRUE,,NO_EXCEPTION_RECORDED,0,0,0,5,7,7,0.0,0.0,0.0,0,7,0.0,0,-1,0.0,0.0,0.0
rec_e51a2c7cbc5825fb,STU_210169,210169,SISWA_015,Kls 7_SISWA_001,2025-08-13,AGUSTUS,Wednesday,TRUE,,NO_EXCEPTION_RECORDED,0,0,0,5,8,8,0.0,0.0,0.0,0,8,0.0,0,-1,0.0,0.015385,-0.015385
rec_da5732a020168b6a,STU_210169,210169,SISWA_015,Kls 7_SISWA_001,2025-08-14,AGUSTUS,Thursday,UNKNOWN,,NO_EXCEPTION_RECORDED,0,0,0,5,9,9,0.0,0.0,0.0,0,9,0.0,0,-1,0.0,0.015385,-0.015385
rec_4d28ec84cd05635e,STU_210169,210169,SISWA_015,Kls 7_SISWA_001,2025-08-15,AGUSTUS,Friday,UNKNOWN,,NO_EXCEPTION_RECORDED,0,0,0,5,10,10,0.0,0.0,0.0,0,10,0.0,0,-1,0.0,0.015385,-0.015385
rec_f7d5ba751342cc60,STU_210169,210169,SISWA_015,Kls 7_SISWA_001,2025-08-16,AGUSTUS,Saturday,FALSE,,NO_EXCEPTION_RECORDED,0,0,0,5,10,11,0.0,0.0,0.0,0,11,0.0,0,-1,0.0,0.015385,-0.015385
rec_8d85ed8875d89258,STU_210169,210169,SISWA_015,Kls 7_SISWA_001,2025-08-17,AGUSTUS,Sunday,FALSE,,NO_EXCEPTION_RECORDED,0,0,0,5,10,11,0.0,0.0,0.0,0,11,0.0,0,-1,0.0,0.015385,-0.015385
rec_26866930a8818d78,STU_210169,210169,SISWA_015,Kls 7_SISWA_001,2025-08-18,AGUSTUS,Monday,UNKNOWN,,NO_EXCEPTION_RECORDED,0,0,0,5,10,11,0.0,0.0,0.0,0,11,0.0,0,-1,0.0,0.015385,-0.015385
rec_362ff3bcb69268ab,STU_210169,210169,SISWA_015,Kls 7_SISWA_001,2025-08-19,AGUSTUS,Tuesday,TRUE,,NO_EXCEPTION_RECORDED,0,0,0,5,10,12,0.0,0.0,0.0,0,12,0.0,0,-1,0.0,0.015385,-0.015385
rec_5e4d76279008e5e2,STU_210169,210169,SISWA_015,Kls 7_SISWA_001,2025-08-20,AGUSTUS,Wednesday,TRUE,,NO_EXCEPTION_RECORDED,0,0,0,5,10,13,0.0,0.0,0.0,0,13,0.0,0,-1,0.0,0.0,0.0
rec_967f24d55d2d7812,STU_210169,210169,SISWA_015,Kls 7_SISWA_001,2025-08-21,AGUSTUS,Thursday,TRUE,,NO_EXCEPTION_RECORDED,0,0,0,5,10,14,0.0,0.0,0.0,0,14,0.0,0,-1,0.0,0.0,0.0
rec_52421a0176216645,STU_210169,210169,SISWA_015,Kls 7_SISWA_001,2025-08-22,AGUSTUS,Friday,UNKNOWN,,NO_EXCEPTION_RECORDED,0,0,0,5,10,15,0.0,0.0,0.0,0,15,0.0,0,-1,0.0,0.0,0.0
rec_f4d42b94aa7bd5dc,STU_210169,210169,SISWA_015,Kls 7_SISWA_001,2025-08-23,AGUSTUS,Saturday,FALSE,,NO_EXCEPTION_RECORDED,0,0,0,5,10,16,0.0,0.0,0.0,0,16,0.0,0,-1,0.0,0.0,0.0
rec_e77ccb21d190e421,STU_210169,210169,SISWA_015,Kls 7_SISWA_001,2025-08-24,AGUSTUS,Sunday,FALSE,,NO_EXCEPTION_RECORDED,0,0,0,5,10,16,0.0,0.0,0.0,0,16,0.0,0,-1,0.0,0.0,0.0
rec_a91dbcb6e93c4117,STU_210169,210169,SISWA_015,Kls 7_SISWA_001,2025-08-25,AGUSTUS,Monday,TRUE,,NO_EXCEPTION_RECORDED,0,0,0,5,10,16,0.0,0.0,0.0,0,16,0.0,0,-1,0.0,0.0,0.0
rec_37bf405af52a3be2,STU_210169,210169,SISWA_015,Kls 7_SISWA_001,2025-08-26,AGUSTUS,Tuesday,TRUE,,NO_EXCEPTION_RECORDED,0,0,0,5,10,17,0.0,0.0,0.0,0,17,0.0,0,-1,0.0,0.015385,-0.015385
rec_d7bf32717a596b87,STU_210169,210169,SISWA_015,Kls 7_SISWA_001,2025-08-27,AGUSTUS,Wednesday,TRUE,,NO_EXCEPTION_RECORDED,0,0,0,5,10,18,0.0,0.0,0.0,0,18,0.0,0,-1,0.0,0.015385,-0.015385
rec_681f9f35c8490e8a,STU_210169,210169,SISWA_015,Kls 7_SISWA_001,2025-08-28,AGUSTUS,Thursday,TRUE,,NO_EXCEPTION_RECORDED,0,0,0,5,10,19,0.0,0.0,0.0,0,19,0.0,0,-1,0.0,0.015385,-0.015385
rec_0e44b9d42ef05916,STU_210169,210169,SISWA_015,Kls 7_SISWA_001,2025-08-29,AGUSTUS,Friday,TRUE,,NO_EXCEPTION_RECORDED,0,0,0,5,10,20,0.0,0.0,0.0,0,20,0.0,0,-1,0.0,0.015385,-0.015385
rec_5f0412fa47909fce,STU_210169,210169,SISWA_015,Kls 7_SISWA_001,2025-08-30,AGUSTUS,Saturday,FALSE,,NO_EXCEPTION_RECORDED,0,0,0,5,10,21,0.0,0.0,0.0,0,21,0.0,0,-1,0.0,0.015385,-0.015385
rec_30ceb081b01bd4a2,STU_210169,210169,SISWA_015,Kls 7_SISWA_001,2025-08-31,AGUSTUS,Sunday,FALSE,,NO_EXCEPTION_RECORDED,0,0,0,5,10,21,0.0,0.0,0.0,0,21,0.0,0,-1,0.0,0.015385,-0.015385
rec_d754cc21db578a88,STU_210169,210169,SISWA_015,Kls 7_SISWA_001,2025-09-01,SEPTEMBER,Monday,TRUE,,NO_EXCEPTION_RECORDED,0,0,0,5,10,20,0.0,0.0,0.0,0,21,0.0,0,-1,0.0,0.015385,-0.015385
rec_504d9ed9feecbecd,STU_210169,210169,SISWA_015,Kls 7_SISWA_001,2025-09-02,SEPTEMBER,Tuesday,TRUE,,NO_EXCEPTION_RECORDED,0,0,0,5,10,21,0.0,0.0,0.0,0,22,0.0,0,-1,0.0,0.0,0.0
rec_2e8fdd4278a1e588,STU_210169,210169,SISWA_015,Kls 7_SISWA_001,2025-09-03,SEPTEMBER,Wednesday,TRUE,,NO_EXCEPTION_RECORDED,0,0,0,5,10,22,0.0,0.0,0.0,0,23,0.0,0,-1,0.0,0.0,0.0
rec_a778537ebc8bfce6,STU_210169,210169,SISWA_015,Kls 7_SISWA_001,2025-09-04,SEPTEMBER,Thursday,TRUE,,NO_EXCEPTION_RECORDED,0,0,0,5,10,22,0.0,0.0,0.0,0,24,0.0,0,-1,0.0,0.0,0.0
rec_21b92466671b5432,STU_210169,210169,SISWA_015,Kls 7_SISWA_001,2025-09-05,SEPTEMBER,Friday,UNKNOWN,,NO_EXCEPTION_RECORDED,0,0,0,5,10,22,0.0,0.0,0.0,0,25,0.0,0,-1,0.0,0.0,0.0
rec_f53c29fa250f2712,STU_210169,210169,SISWA_015,Kls 7_SISWA_001,2025-09-06,SEPTEMBER,Saturday,FALSE,,NO_EXCEPTION_RECORDED,0,0,0,5,10,22,0.0,0.0,0.0,0,26,0.0,0,-1,0.0,0.0,0.0
rec_30dec413e32fe4b9,STU_210169,210169,SISWA_015,Kls 7_SISWA_001,2025-09-07,SEPTEMBER,Sunday,FALSE,,NO_EXCEPTION_RECORDED,0,0,0,5,10,21,0.0,0.0,0.0,0,26,0.0,0,-1,0.0,0.0,0.0
rec_d288a10fdfd11481,STU_210169,210169,SISWA_015,Kls 7_SISWA_001,2025-09-08,SEPTEMBER,Monday,TRUE,,NO_EXCEPTION_RECORDED,0,0,0,5,10,20,0.0,0.0,0.0,0,26,0.0,0,-1,0.0,0.0,0.0
rec_514566b595d8df16,STU_210169,210169,SISWA_015,Kls 7_SISWA_001,2025-09-09,SEPTEMBER,Tuesday,TRUE,,NO_EXCEPTION_RECORDED,0,0,0,5,10,21,0.0,0.0,0.0,0,27,0.0,0,-1,0.0,0.0,0.0
rec_eb21f618f7107fd0,STU_210169,210169,SISWA_015,Kls 7_SISWA_001,2025-09-10,SEPTEMBER,Wednesday,TRUE,,NO_EXCEPTION_RECORDED,0,0,0,5,10,22,0.0,0.0,0.0,0,28,0.0,0,-1,0.0,0.0,0.0
rec_e7c8c5ceb165fc12,STU_210169,210169,SISWA_015,Kls 7_SISWA_001,2025-09-11,SEPTEMBER,Thursday,TRUE,,NO_EXCEPTION_RECORDED,0,0,0,5,10,22,0.0,0.0,0.0,0,29,0.0,0,-1,0.0,0.0,0.0
rec_97f0f27e20ebd8c3,STU_210169,210169,SISWA_015,Kls 7_SISWA_001,2025-09-12,SEPTEMBER,Friday,TRUE,,NO_EXCEPTION_RECORDED,0,0,0,5,10,22,0.0,0.0,0.0,0,30,0.0,0,-1,0.0,0.015385,-0.015385
rec_719020de5efb40a9,STU_210169,210169,SISWA_015,Kls 7_SISWA_001,2025-09-13,SEPTEMBER,Saturday,FALSE,,NO_EXCEPTION_RECORDED,0,0,0,5,10,22,0.0,0.0,0.0,0,31,0.0,0,-1,0.0,0.015385,-0.015385
rec_18199e70c7e516a7,STU_210169,210169,SISWA_015,Kls 7_SISWA_001,2025-09-14,SEPTEMBER,Sunday,FALSE,,NO_EXCEPTION_RECORDED,0,0,0,5,10,21,0.0,0.0,0.0,0,31,0.0,0,-1,0.0,0.015385,-0.015385
rec_a6d23cd9e7364778,STU_210169,210169,SISWA_015,Kls 7_SISWA_001,2025-09-15,SEPTEMBER,Monday,TRUE,,NO_EXCEPTION_RECORDED,0,0,0,5,10,20,0.0,0.0,0.0,0,31,0.0,0,-1,0.0,0.015385,-0.015385
rec_af3781cdc8b0a036,STU_210169,210169,SISWA_015,Kls 7_SISWA_001,2025-09-16,SEPTEMBER,Tuesday,TRUE,,NO_EXCEPTION_RECORDED,0,0,0,5,10,21,0.0,0.0,0.0,0,32,0.0,0,-1,0.0,0.015385,-0.015385
rec_31d5ede075754b25,STU_210169,210169,SISWA_015,Kls 7_SISWA_001,2025-09-17,SEPTEMBER,Wednesday,TRUE,,NO_EXCEPTION_RECORDED,0,0,0,5,10,22,0.0,0.0,0.0,0,33,0.0,0,-1,0.0,0.015385,-0.015385
rec_d23c8c04e7bfd24e,STU_210169,210169,SISWA_015,Kls 7_SISWA_001,2025-09-18,SEPTEMBER,Thursday,TRUE,,NO_EXCEPTION_RECORDED,0,0,0,5,10,22,0.0,0.0,0.0,0,34,0.0,0,-1,0.0,0.015385,-0.015385
rec_4c59987e7bc72887,STU_210169,210169,SISWA_015,Kls 7_SISWA_001,2025-09-19,SEPTEMBER,Friday,TRUE,,NO_EXCEPTION_RECORDED,0,0,0,5,10,22,0.0,0.0,0.0,0,35,0.0,0,-1,0.0,0.0,0.0
rec_7af0347eefcb8770,STU_210169,210169,SISWA_015,Kls 7_SISWA_001,2025-09-20,SEPTEMBER,Saturday,FALSE,,NO_EXCEPTION_RECORDED,0,0,0,5,10,22,0.0,0.0,0.0,0,36,0.0,0,-1,0.0,0.0,0.0
rec_7b9686751cd990ec,STU_210169,210169,SISWA_015,Kls 7_SISWA_001,2025-09-21,SEPTEMBER,Sunday,FALSE,,NO_EXCEPTION_RECORDED,0,0,0,5,10,21,0.0,0.0,0.0,0,36,0.0,0,-1,0.0,0.0,0.0
rec_4e7e72cb02f779b5,STU_210169,210169,SISWA_015,Kls 7_SISWA_001,2025-09-22,SEPTEMBER,Monday,TRUE,,NO_EXCEPTION_RECORDED,0,0,0,5,10,20,0.0,0.0,0.0,0,36,0.0,0,-1,0.0,0.0,0.0
rec_19baaba7cfc1646f,STU_210169,210169,SISWA_015,Kls 7_SISWA_001,2025-09-23,SEPTEMBER,Tuesday,TRUE,,NO_EXCEPTION_RECORDED,0,0,0,5,10,21,0.0,0.0,0.0,0,37,0.0,0,-1,0.0,0.0,0.0
rec_2b2e123c47948a90,STU_210169,210169,SISWA_015,Kls 7_SISWA_001,2025-09-24,SEPTEMBER,Wednesday,TRUE,,NO_EXCEPTION_RECORDED,0,0,0,5,10,22,0.0,0.0,0.0,0,38,0.0,0,-1,0.0,0.015385,-0.015385
rec_2ba5a996976006ba,STU_210169,210169,SISWA_015,Kls 7_SISWA_001,2025-09-25,SEPTEMBER,Thursday,TRUE,,NO_EXCEPTION_RECORDED,0,0,0,5,10,22,0.0,0.0,0.0,0,39,0.0,0,-1,0.0,0.046154,-0.046154
rec_cb87ec9cbbf67aa2,STU_210169,210169,SISWA_015,Kls 7_SISWA_001,2025-09-26,SEPTEMBER,Friday,TRUE,,NO_EXCEPTION_RECORDED,0,0,0,5,10,22,0.0,0.0,0.0,0,40,0.0,0,-1,0.0,0.061538,-0.061538
rec_3376b11b3f62b1f9,STU_210169,210169,SISWA_015,Kls 7_SISWA_001,2025-09-27,SEPTEMBER,Saturday,FALSE,,NO_EXCEPTION_RECORDED,0,0,0,5,10,22,0.0,0.0,0.0,0,41,0.0,0,-1,0.0,0.061538,-0.061538
rec_46ef960b6837d5a8,STU_210169,210169,SISWA_015,Kls 7_SISWA_001,2025-09-28,SEPTEMBER,Sunday,FALSE,,NO_EXCEPTION_RECORDED,0,0,0,5,10,21,0.0,0.0,0.0,0,41,0.0,0,-1,0.0,0.061538,-0.061538
rec_d445e23b6204f1de,STU_210169,210169,SISWA_015,Kls 7_SISWA_001,2025-09-29,SEPTEMBER,Monday,TRUE,,NO_EXCEPTION_RECORDED,0,0,0,5,10,20,0.0,0.0,0.0,0,41,0.0,0,-1,0.0,0.061538,-0.061538
rec_9856482569763454,STU_210169,210169,SISWA_015,Kls 7_SISWA_001,2025-09-30,SEPTEMBER,Tuesday,UNKNOWN,,NO_EXCEPTION_RECORDED,0,0,0,5,10,21,0.0,0.0,0.0,0,42,0.0,0,-1,0.0,0.076923,-0.076923
rec_a181a23701868dd7,STU_215641,215641,SISWA_007,Kls 7_SISWA_001,2025-08-01,AGUSTUS,Friday,UNKNOWN,,NO_EXCEPTION_RECORDED,0,0,0,0,0,0,0.0,0.0,0.0,0,0,0.0,0,-1,0.0,0.0,0.0
rec_69b064a1ff6b74b9,STU_215641,215641,SISWA_007,Kls 7_SISWA_001,2025-08-02,AGUSTUS,Saturday,FALSE,,NO_EXCEPTION_RECORDED,0,0,0,1,1,1,0.0,0.0,0.0,0,1,0.0,0,-1,0.0,0.0,0.0
rec_76155e433709b935,STU_215641,215641,SISWA_007,Kls 7_SISWA_001,2025-08-03,AGUSTUS,Sunday,FALSE,,NO_EXCEPTION_RECORDED,0,0,0,1,1,1,0.0,0.0,0.0,0,1,0.0,0,-1,0.0,0.0,0.0
rec_8a9ea14bbe274586,STU_215641,215641,SISWA_007,Kls 7_SISWA_001,2025-08-04,AGUSTUS,Monday,UNKNOWN,,NO_EXCEPTION_RECORDED,0,0,0,1,1,1,0.0,0.0,0.0,0,1,0.0,0,-1,0.0,0.0,0.0
rec_df736d33dc08624d,STU_215641,215641,SISWA_007,Kls 7_SISWA_001,2025-08-05,AGUSTUS,Tuesday,TRUE,,NO_EXCEPTION_RECORDED,0,0,0,2,2,2,0.0,0.0,0.0,0,2,0.0,0,-1,0.0,0.0,0.0
rec_e2f55e60b3565ac2,STU_215641,215641,SISWA_007,Kls 7_SISWA_001,2025-08-06,AGUSTUS,Wednesday,UNKNOWN,,NO_EXCEPTION_RECORDED,0,0,0,3,3,3,0.0,0.0,0.0,0,3,0.0,0,-1,0.0,0.0,0.0
rec_90a544410cd59af2,STU_215641,215641,SISWA_007,Kls 7_SISWA_001,2025-08-07,AGUSTUS,Thursday,TRUE,,NO_EXCEPTION_RECORDED,0,0,0,4,4,4,0.0,0.0,0.0,0,4,0.0,0,-1,0.0,0.0,0.0
rec_a569b4420013720f,STU_215641,215641,SISWA_007,Kls 7_SISWA_001,2025-08-08,AGUSTUS,Friday,TRUE,,NO_EXCEPTION_RECORDED,0,0,0,5,5,5,0.0,0.0,0.0,0,5,0.0,0,-1,0.0,0.0,0.0
rec_e0dac2a1408fe426,STU_215641,215641,SISWA_007,Kls 7_SISWA_001,2025-08-09,AGUSTUS,Saturday,FALSE,,NO_EXCEPTION_RECORDED,0,0,0,5,6,6,0.0,0.0,0.0,0,6,0.0,0,-1,0.0,0.0,0.0
rec_aa28e594e8a3c9d5,STU_215641,215641,SISWA_007,Kls 7_SISWA_001,2025-08-10,AGUSTUS,Sunday,FALSE,,NO_EXCEPTION_RECORDED,0,0,0,5,6,6,0.0,0.0,0.0,0,6,0.0,0,-1,0.0,0.0,0.0
rec_eececf15e3807c65,STU_215641,215641,SISWA_007,Kls 7_SISWA_001,2025-08-11,AGUSTUS,Monday,TRUE,,NO_EXCEPTION_RECORDED,0,0,0,5,6,6,0.0,0.0,0.0,0,6,0.0,0,-1,0.0,0.0,0.0
rec_db32642e85c7a4b1,STU_215641,215641,SISWA_007,Kls 7_SISWA_001,2025-08-12,AGUSTUS,Tuesday,TRUE,,NO_EXCEPTION_RECORDED,0,0,0,5,7,7,0.0,0.0,0.0,0,7,0.0,0,-1,0.0,0.0,0.0
rec_b2ae2a51dfc769a5,STU_215641,215641,SISWA_007,Kls 7_SISWA_001,2025-08-13,AGUSTUS,Wednesday,TRUE,,NO_EXCEPTION_RECORDED,0,0,0,5,8,8,0.0,0.0,0.0,0,8,0.0,0,-1,0.0,0.015385,-0.015385
rec_2a4b04378c7859c4,STU_215641,215641,SISWA_007,Kls 7_SISWA_001,2025-08-14,AGUSTUS,Thursday,UNKNOWN,,NO_EXCEPTION_RECORDED,0,0,0,5,9,9,0.0,0.0,0.0,0,9,0.0,0,-1,0.0,0.015385,-0.015385
rec_12a265ff45c78765,STU_215641,215641,SISWA_007,Kls 7_SISWA_001,2025-08-15,AGUSTUS,Friday,UNKNOWN,,NO_EXCEPTION_RECORDED,0,0,0,5,10,10,0.0,0.0,0.0,0,10,0.0,0,-1,0.0,0.015385,-0.015385
rec_755589bd4c30425a,STU_215641,215641,SISWA_007,Kls 7_SISWA_001,2025-08-16,AGUSTUS,Saturday,FALSE,,NO_EXCEPTION_RECORDED,0,0,0,5,10,11,0.0,0.0,0.0,0,11,0.0,0,-1,0.0,0.015385,-0.015385
rec_a2a6372c09927009,STU_215641,215641,SISWA_007,Kls 7_SISWA_001,2025-08-17,AGUSTUS,Sunday,FALSE,,NO_EXCEPTION_RECORDED,0,0,0,5,10,11,0.0,0.0,0.0,0,11,0.0,0,-1,0.0,0.015385,-0.015385
rec_b55e9af14dc140cf,STU_215641,215641,SISWA_007,Kls 7_SISWA_001,2025-08-18,AGUSTUS,Monday,UNKNOWN,,NO_EXCEPTION_RECORDED,0,0,0,5,10,11,0.0,0.0,0.0,0,11,0.0,0,-1,0.0,0.015385,-0.015385
rec_45c63209ac5e657d,STU_215641,215641,SISWA_007,Kls 7_SISWA_001,2025-08-19,AGUSTUS,Tuesday,TRUE,,NO_EXCEPTION_RECORDED,0,0,0,5,10,12,0.0,0.0,0.0,0,12,0.0,0,-1,0.0,0.015385,-0.015385
rec_c996a25778c6ba70,STU_215641,215641,SISWA_007,Kls 7_SISWA_001,2025-08-20,AGUSTUS,Wednesday,TRUE,,NO_EXCEPTION_RECORDED,0,0,0,5,10,13,0.0,0.0,0.0,0,13,0.0,0,-1,0.0,0.0,0.0
rec_cad7cd34037a3c1d,STU_215641,215641,SISWA_007,Kls 7_SISWA_001,2025-08-21,AGUSTUS,Thursday,TRUE,,NO_EXCEPTION_RECORDED,0,0,0,5,10,14,0.0,0.0,0.0,0,14,0.0,0,-1,0.0,0.0,0.0
rec_944e7df7e0a61cca,STU_215641,215641,SISWA_007,Kls 7_SISWA_001,2025-08-22,AGUSTUS,Friday,UNKNOWN,,NO_EXCEPTION_RECORDED,0,0,0,5,10,15,0.0,0.0,0.0,0,15,0.0,0,-1,0.0,0.0,0.0
rec_400dccd08c22f79c,STU_215641,215641,SISWA_007,Kls 7_SISWA_001,2025-08-23,AGUSTUS,Saturday,FALSE,,NO_EXCEPTION_RECORDED,0,0,0,5,10,16,0.0,0.0,0.0,0,16,0.0,0,-1,0.0,0.0,0.0
rec_4c3f37de30d1d9f9,STU_215641,215641,SISWA_007,Kls 7_SISWA_001,2025-08-24,AGUSTUS,Sunday,FALSE,,NO_EXCEPTION_RECORDED,0,0,0,5,10,16,0.0,0.0,0.0,0,16,0.0,0,-1,0.0,0.0,0.0
rec_573019905588c368,STU_215641,215641,SISWA_007,Kls 7_SISWA_001,2025-08-25,AGUSTUS,Monday,TRUE,,NO_EXCEPTION_RECORDED,0,0,0,5,10,16,0.0,0.0,0.0,0,16,0.0,0,-1,0.0,0.0,0.0
rec_a72179419eb4154a,STU_215641,215641,SISWA_007,Kls 7_SISWA_001,2025-08-26,AGUSTUS,Tuesday,TRUE,,NO_EXCEPTION_RECORDED,0,0,0,5,10,17,0.0,0.0,0.0,0,17,0.0,0,-1,0.0,0.015385,-0.015385
rec_16c51b164fa5f33c,STU_215641,215641,SISWA_007,Kls 7_SISWA_001,2025-08-27,AGUSTUS,Wednesday,TRUE,,NO_EXCEPTION_RECORDED,0,0,0,5,10,18,0.0,0.0,0.0,0,18,0.0,0,-1,0.0,0.015385,-0.015385
rec_abdf1da866d1f20d,STU_215641,215641,SISWA_007,Kls 7_SISWA_001,2025-08-28,AGUSTUS,Thursday,TRUE,,NO_EXCEPTION_RECORDED,0,0,0,5,10,19,0.0,0.0,0.0,0,19,0.0,0,-1,0.0,0.015385,-0.015385
rec_3a41e3a80fc74a39,STU_215641,215641,SISWA_007,Kls 7_SISWA_001,2025-08-29,AGUSTUS,Friday,TRUE,,NO_EXCEPTION_RECORDED,0,0,0,5,10,20,0.0,0.0,0.0,0,20,0.0,0,-1,0.0,0.015385,-0.015385
rec_846429348ae1f52d,STU_215641,215641,SISWA_007,Kls 7_SISWA_001,2025-08-30,AGUSTUS,Saturday,FALSE,,NO_EXCEPTION_RECORDED,0,0,0,5,10,21,0.0,0.0,0.0,0,21,0.0,0,-1,0.0,0.015385,-0.015385
rec_d3dc82ddb742cb92,STU_215641,215641,SISWA_007,Kls 7_SISWA_001,2025-08-31,AGUSTUS,Sunday,FALSE,,NO_EXCEPTION_RECORDED,0,0,0,5,10,21,0.0,0.0,0.0,0,21,0.0,0,-1,0.0,0.015385,-0.015385
rec_5f1211222facba86,STU_215641,215641,SISWA_007,Kls 7_SISWA_001,2025-09-01,SEPTEMBER,Monday,TRUE,,NO_EXCEPTION_RECORDED,0,0,0,5,10,20,0.0,0.0,0.0,0,21,0.0,0,-1,0.0,0.015385,-0.015385
rec_c8d075de358d4247,STU_215641,215641,SISWA_007,Kls 7_SISWA_001,2025-09-02,SEPTEMBER,Tuesday,TRUE,,NO_EXCEPTION_RECORDED,0,0,0,5,10,21,0.0,0.0,0.0,0,22,0.0,0,-1,0.0,0.0,0.0
rec_46f2b9b15c1988e5,STU_215641,215641,SISWA_007,Kls 7_SISWA_001,2025-09-03,SEPTEMBER,Wednesday,TRUE,,NO_EXCEPTION_RECORDED,0,0,0,5,10,22,0.0,0.0,0.0,0,23,0.0,0,-1,0.0,0.0,0.0
rec_3f403aaec6a21eb7,STU_215641,215641,SISWA_007,Kls 7_SISWA_001,2025-09-04,SEPTEMBER,Thursday,TRUE,,NO_EXCEPTION_RECORDED,0,0,0,5,10,22,0.0,0.0,0.0,0,24,0.0,0,-1,0.0,0.0,0.0
rec_20471c4e8c2441cd,STU_215641,215641,SISWA_007,Kls 7_SISWA_001,2025-09-05,SEPTEMBER,Friday,UNKNOWN,,NO_EXCEPTION_RECORDED,0,0,0,5,10,22,0.0,0.0,0.0,0,25,0.0,0,-1,0.0,0.0,0.0
rec_19125e61a0ad6bfe,STU_215641,215641,SISWA_007,Kls 7_SISWA_001,2025-09-06,SEPTEMBER,Saturday,FALSE,,NO_EXCEPTION_RECORDED,0,0,0,5,10,22,0.0,0.0,0.0,0,26,0.0,0,-1,0.0,0.0,0.0
rec_548b7e4f28386ce5,STU_215641,215641,SISWA_007,Kls 7_SISWA_001,2025-09-07,SEPTEMBER,Sunday,FALSE,,NO_EXCEPTION_RECORDED,0,0,0,5,10,21,0.0,0.0,0.0,0,26,0.0,0,-1,0.0,0.0,0.0
rec_55d997d415eaa394,STU_215641,215641,SISWA_007,Kls 7_SISWA_001,2025-09-08,SEPTEMBER,Monday,TRUE,,NO_EXCEPTION_RECORDED,0,0,0,5,10,20,0.0,0.0,0.0,0,26,0.0,0,-1,0.0,0.0,0.0
rec_54e5e5f6b0bee7a4,STU_215641,215641,SISWA_007,Kls 7_SISWA_001,2025-09-09,SEPTEMBER,Tuesday,TRUE,,NO_EXCEPTION_RECORDED,0,0,0,5,10,21,0.0,0.0,0.0,0,27,0.0,0,-1,0.0,0.0,0.0
rec_dca7947f48662b1d,STU_215641,215641,SISWA_007,Kls 7_SISWA_001,2025-09-10,SEPTEMBER,Wednesday,TRUE,,NO_EXCEPTION_RECORDED,0,0,0,5,10,22,0.0,0.0,0.0,0,28,0.0,0,-1,0.0,0.0,0.0
rec_8faa8073dc3fbf47,STU_215641,215641,SISWA_007,Kls 7_SISWA_001,2025-09-11,SEPTEMBER,Thursday,TRUE,,NO_EXCEPTION_RECORDED,0,0,0,5,10,22,0.0,0.0,0.0,0,29,0.0,0,-1,0.0,0.0,0.0
rec_7e182514d065990d,STU_215641,215641,SISWA_007,Kls 7_SISWA_001,2025-09-12,SEPTEMBER,Friday,TRUE,,NO_EXCEPTION_RECORDED,0,0,0,5,10,22,0.0,0.0,0.0,0,30,0.0,0,-1,0.0,0.015385,-0.015385
rec_9d16ec9d66066049,STU_215641,215641,SISWA_007,Kls 7_SISWA_001,2025-09-13,SEPTEMBER,Saturday,FALSE,,NO_EXCEPTION_RECORDED,0,0,0,5,10,22,0.0,0.0,0.0,0,31,0.0,0,-1,0.0,0.015385,-0.015385
rec_4ec77da55dbf66c2,STU_215641,215641,SISWA_007,Kls 7_SISWA_001,2025-09-14,SEPTEMBER,Sunday,FALSE,,NO_EXCEPTION_RECORDED,0,0,0,5,10,21,0.0,0.0,0.0,0,31,0.0,0,-1,0.0,0.015385,-0.015385
rec_09bfc1d33578136e,STU_215641,215641,SISWA_007,Kls 7_SISWA_001,2025-09-15,SEPTEMBER,Monday,TRUE,,NO_EXCEPTION_RECORDED,0,0,0,5,10,20,0.0,0.0,0.0,0,31,0.0,0,-1,0.0,0.015385,-0.015385
rec_eeee44860e0538e7,STU_215641,215641,SISWA_007,Kls 7_SISWA_001,2025-09-16,SEPTEMBER,Tuesday,TRUE,,NO_EXCEPTION_RECORDED,0,0,0,5,10,21,0.0,0.0,0.0,0,32,0.0,0,-1,0.0,0.015385,-0.015385
rec_12769b2fbd33dbe3,STU_215641,215641,SISWA_007,Kls 7_SISWA_001,2025-09-17,SEPTEMBER,Wednesday,TRUE,,NO_EXCEPTION_RECORDED,0,0,0,5,10,22,0.0,0.0,0.0,0,33,0.0,0,-1,0.0,0.015385,-0.015385
rec_7f7631785669ee0a,STU_215641,215641,SISWA_007,Kls 7_SISWA_001,2025-09-18,SEPTEMBER,Thursday,TRUE,,NO_EXCEPTION_RECORDED,0,0,0,5,10,22,0.0,0.0,0.0,0,34,0.0,0,-1,0.0,0.015385,-0.015385
rec_d27329551c515b52,STU_215641,215641,SISWA_007,Kls 7_SISWA_001,2025-09-19,SEPTEMBER,Friday,TRUE,,NO_EXCEPTION_RECORDED,0,0,0,5,10,22,0.0,0.0,0.0,0,35,0.0,0,-1,0.0,0.0,0.0
rec_8eef095e3f95aa24,STU_215641,215641,SISWA_007,Kls 7_SISWA_001,2025-09-20,SEPTEMBER,Saturday,FALSE,,NO_EXCEPTION_RECORDED,0,0,0,5,10,22,0.0,0.0,0.0,0,36,0.0,0,-1,0.0,0.0,0.0
rec_ca7727f2becd4eac,STU_215641,215641,SISWA_007,Kls 7_SISWA_001,2025-09-21,SEPTEMBER,Sunday,FALSE,,NO_EXCEPTION_RECORDED,0,0,0,5,10,21,0.0,0.0,0.0,0,36,0.0,0,-1,0.0,0.0,0.0
rec_1472c9bb64760dd7,STU_215641,215641,SISWA_007,Kls 7_SISWA_001,2025-09-22,SEPTEMBER,Monday,TRUE,,NO_EXCEPTION_RECORDED,0,0,0,5,10,20,0.0,0.0,0.0,0,36,0.0,0,-1,0.0,0.0,0.0
rec_268a709a80bc9e4b,STU_215641,215641,SISWA_007,Kls 7_SISWA_001,2025-09-23,SEPTEMBER,Tuesday,TRUE,,NO_EXCEPTION_RECORDED,0,0,0,5,10,21,0.0,0.0,0.0,0,37,0.0,0,-1,0.0,0.0,0.0
rec_c03129192fcd0461,STU_215641,215641,SISWA_007,Kls 7_SISWA_001,2025-09-24,SEPTEMBER,Wednesday,TRUE,,NO_EXCEPTION_RECORDED,0,0,0,5,10,22,0.0,0.0,0.0,0,38,0.0,0,-1,0.0,0.015385,-0.015385
rec_efa4fc6d5bb1ca8f,STU_215641,215641,SISWA_007,Kls 7_SISWA_001,2025-09-25,SEPTEMBER,Thursday,TRUE,,NO_EXCEPTION_RECORDED,0,0,0,5,10,22,0.0,0.0,0.0,0,39,0.0,0,-1,0.0,0.046154,-0.046154
rec_b79d3b5f85dd5efb,STU_215641,215641,SISWA_007,Kls 7_SISWA_001,2025-09-26,SEPTEMBER,Friday,TRUE,,NO_EXCEPTION_RECORDED,0,0,0,5,10,22,0.0,0.0,0.0,0,40,0.0,0,-1,0.0,0.061538,-0.061538
rec_6cbf59ae1ee74036,STU_215641,215641,SISWA_007,Kls 7_SISWA_001,2025-09-27,SEPTEMBER,Saturday,FALSE,,NO_EXCEPTION_RECORDED,0,0,0,5,10,22,0.0,0.0,0.0,0,41,0.0,0,-1,0.0,0.061538,-0.061538
rec_5274b91e3131e63e,STU_215641,215641,SISWA_007,Kls 7_SISWA_001,2025-09-28,SEPTEMBER,Sunday,FALSE,,NO_EXCEPTION_RECORDED,0,0,0,5,10,21,0.0,0.0,0.0,0,41,0.0,0,-1,0.0,0.061538,-0.061538
rec_2afbc4fb38e81a25,STU_215641,215641,SISWA_007,Kls 7_SISWA_001,2025-09-29,SEPTEMBER,Monday,TRUE,,NO_EXCEPTION_RECORDED,0,0,0,5,10,20,0.0,0.0,0.0,0,41,0.0,0,-1,0.0,0.061538,-0.061538
rec_90b19b55f24f2b3d,STU_215641,215641,SISWA_007,Kls 7_SISWA_001,2025-09-30,SEPTEMBER,Tuesday,UNKNOWN,,NO_EXCEPTION_RECORDED,0,0,0,5,10,21,0.0,0.0,0.0,0,42,0.0,0,-1,0.0,0.076923,-0.076923
rec_7485af635aaf7b65,STU_217828,217828,SISWA_025,Kls 7_SISWA_017,2025-08-01,AGUSTUS,Friday,UNKNOWN,,NO_EXCEPTION_RECORDED,0,0,0,0,0,0,0.0,0.0,0.0,0,0,0.0,0,-1,0.0,0.0,0.0
rec_e0882549c56d439e,STU_217828,217828,SISWA_025,Kls 7_SISWA_017,2025-08-02,AGUSTUS,Saturday,FALSE,,NO_EXCEPTION_RECORDED,0,0,0,1,1,1,0.0,0.0,0.0,0,1,0.0,0,-1,0.0,0.0,0.0
rec_630156ff2bbb85d2,STU_217828,217828,SISWA_025,Kls 7_SISWA_017,2025-08-03,AGUSTUS,Sunday,FALSE,,NO_EXCEPTION_RECORDED,0,0,0,1,1,1,0.0,0.0,0.0,0,1,0.0,0,-1,0.0,0.0,0.0
rec_41670e24d798dc74,STU_217828,217828,SISWA_025,Kls 7_SISWA_017,2025-08-04,AGUSTUS,Monday,UNKNOWN,,NO_EXCEPTION_RECORDED,0,0,0,1,1,1,0.0,0.0,0.0,0,1,0.0,0,-1,0.0,0.0,0.0
rec_fe96b77e74f80859,STU_217828,217828,SISWA_025,Kls 7_SISWA_017,2025-08-05,AGUSTUS,Tuesday,TRUE,,NO_EXCEPTION_RECORDED,0,0,0,2,2,2,0.0,0.0,0.0,0,2,0.0,0,-1,0.0,0.0,0.0
rec_58a9b951232e6be0,STU_217828,217828,SISWA_025,Kls 7_SISWA_017,2025-08-06,AGUSTUS,Wednesday,UNKNOWN,,NO_EXCEPTION_RECORDED,0,0,0,3,3,3,0.0,0.0,0.0,0,3,0.0,0,-1,0.0,0.0,0.0
rec_9efaf7c70232f1ae,STU_217828,217828,SISWA_025,Kls 7_SISWA_017,2025-08-07,AGUSTUS,Thursday,TRUE,,NO_EXCEPTION_RECORDED,0,0,0,4,4,4,0.0,0.0,0.0,0,4,0.0,0,-1,0.0,0.0,0.0
rec_5da259e9244ab95f,STU_217828,217828,SISWA_025,Kls 7_SISWA_017,2025-08-08,AGUSTUS,Friday,TRUE,,NO_EXCEPTION_RECORDED,0,0,0,5,5,5,0.0,0.0,0.0,0,5,0.0,0,-1,0.0,0.0,0.0
rec_d6477d06b190dc23,STU_217828,217828,SISWA_025,Kls 7_SISWA_017,2025-08-09,AGUSTUS,Saturday,FALSE,,NO_EXCEPTION_RECORDED,0,0,0,5,6,6,0.0,0.0,0.0,0,6,0.0,0,-1,0.0,0.0,0.0
rec_56b841a518db8c98,STU_217828,217828,SISWA_025,Kls 7_SISWA_017,2025-08-10,AGUSTUS,Sunday,FALSE,,NO_EXCEPTION_RECORDED,0,0,0,5,6,6,0.0,0.0,0.0,0,6,0.0,0,-1,0.0,0.0,0.0
rec_78a7ff814e72a0e3,STU_217828,217828,SISWA_025,Kls 7_SISWA_017,2025-08-11,AGUSTUS,Monday,TRUE,,NO_EXCEPTION_RECORDED,0,0,0,5,6,6,0.0,0.0,0.0,0,6,0.0,0,-1,0.0,0.0,0.0
rec_b4092adedeaac7da,STU_217828,217828,SISWA_025,Kls 7_SISWA_017,2025-08-12,AGUSTUS,Tuesday,TRUE,,NO_EXCEPTION_RECORDED,0,0,0,5,7,7,0.0,0.0,0.0,0,7,0.0,0,-1,0.0,0.0,0.0
rec_84e739616cd53c0a,STU_217828,217828,SISWA_025,Kls 7_SISWA_017,2025-08-13,AGUSTUS,Wednesday,TRUE,,NO_EXCEPTION_RECORDED,0,0,0,5,8,8,0.0,0.0,0.0,0,8,0.0,0,-1,0.0,0.0,0.0
rec_736a2515536974b8,STU_217828,217828,SISWA_025,Kls 7_SISWA_017,2025-08-14,AGUSTUS,Thursday,UNKNOWN,,NO_EXCEPTION_RECORDED,0,0,0,5,9,9,0.0,0.0,0.0,0,9,0.0,0,-1,0.0,0.0,0.0
rec_f884adbfac7eea25,STU_217828,217828,SISWA_025,Kls 7_SISWA_017,2025-08-15,AGUSTUS,Friday,UNKNOWN,,NO_EXCEPTION_RECORDED,0,0,0,5,10,10,0.0,0.0,0.0,0,10,0.0,0,-1,0.0,0.0,0.0
rec_72aebf2289b251d5,STU_217828,217828,SISWA_025,Kls 7_SISWA_017,2025-08-16,AGUSTUS,Saturday,FALSE,,NO_EXCEPTION_RECORDED,0,0,0,5,10,11,0.0,0.0,0.0,0,11,0.0,0,-1,0.0,0.0,0.0
rec_a620660cf60ebcdd,STU_217828,217828,SISWA_025,Kls 7_SISWA_017,2025-08-17,AGUSTUS,Sunday,FALSE,,NO_EXCEPTION_RECORDED,0,0,0,5,10,11,0.0,0.0,0.0,0,11,0.0,0,-1,0.0,0.0,0.0
rec_4d11bce25e1fa720,STU_217828,217828,SISWA_025,Kls 7_SISWA_017,2025-08-18,AGUSTUS,Monday,UNKNOWN,,NO_EXCEPTION_RECORDED,0,0,0,5,10,11,0.0,0.0,0.0,0,11,0.0,0,-1,0.0,0.0,0.0
rec_83cefa1cfdeb5ada,STU_217828,217828,SISWA_025,Kls 7_SISWA_017,2025-08-19,AGUSTUS,Tuesday,TRUE,,NO_EXCEPTION_RECORDED,0,0,0,5,10,12,0.0,0.0,0.0,0,12,0.0,0,-1,0.0,0.0,0.0
rec_89ccb552313579ce,STU_217828,217828,SISWA_025,Kls 7_SISWA_017,2025-08-20,AGUSTUS,Wednesday,TRUE,,NO_EXCEPTION_RECORDED,0,0,0,5,10,13,0.0,0.0,0.0,0,13,0.0,0,-1,0.0,0.0,0.0
rec_cab7c632090763da,STU_217828,217828,SISWA_025,Kls 7_SISWA_017,2025-08-21,AGUSTUS,Thursday,TRUE,,NO_EXCEPTION_RECORDED,0,0,0,5,10,14,0.0,0.0,0.0,0,14,0.0,0,-1,0.0,0.0,0.0
rec_94577d526126d665,STU_217828,217828,SISWA_025,Kls 7_SISWA_017,2025-08-22,AGUSTUS,Friday,UNKNOWN,,NO_EXCEPTION_RECORDED,0,0,0,5,10,15,0.0,0.0,0.0,0,15,0.0,0,-1,0.0,0.0,0.0
rec_5dd9eeba6cb16760,STU_217828,217828,SISWA_025,Kls 7_SISWA_017,2025-08-23,AGUSTUS,Saturday,FALSE,,NO_EXCEPTION_RECORDED,0,0,0,5,10,16,0.0,0.0,0.0,0,16,0.0,0,-1,0.0,0.0,0.0
rec_bb9e297e298447e0,STU_217828,217828,SISWA_025,Kls 7_SISWA_017,2025-08-24,AGUSTUS,Sunday,FALSE,,NO_EXCEPTION_RECORDED,0,0,0,5,10,16,0.0,0.0,0.0,0,16,0.0,0,-1,0.0,0.0,0.0
rec_2822f0ced6565d9e,STU_217828,217828,SISWA_025,Kls 7_SISWA_017,2025-08-25,AGUSTUS,Monday,TRUE,,NO_EXCEPTION_RECORDED,0,0,0,5,10,16,0.0,0.0,0.0,0,16,0.0,0,-1,0.0,0.0,0.0
rec_7bf30cdfae12c15d,STU_217828,217828,SISWA_025,Kls 7_SISWA_017,2025-08-26,AGUSTUS,Tuesday,TRUE,,NO_EXCEPTION_RECORDED,0,0,0,5,10,17,0.0,0.0,0.0,0,17,0.0,0,-1,0.0,0.030769,-0.030769
rec_4a6db398fd2757a7,STU_217828,217828,SISWA_025,Kls 7_SISWA_017,2025-08-27,AGUSTUS,Wednesday,TRUE,,NO_EXCEPTION_RECORDED,0,0,0,5,10,18,0.0,0.0,0.0,0,18,0.0,0,-1,0.0,0.046154,-0.046154
rec_e8454a38ea1d07d8,STU_217828,217828,SISWA_025,Kls 7_SISWA_017,2025-08-28,AGUSTUS,Thursday,TRUE,,NO_EXCEPTION_RECORDED,0,0,0,5,10,19,0.0,0.0,0.0,0,19,0.0,0,-1,0.0,0.061538,-0.061538
rec_ef13f20946a8ace9,STU_217828,217828,SISWA_025,Kls 7_SISWA_017,2025-08-29,AGUSTUS,Friday,TRUE,,NO_EXCEPTION_RECORDED,0,0,0,5,10,20,0.0,0.0,0.0,0,20,0.0,0,-1,0.0,0.061538,-0.061538
rec_523af5078c5f4c3e,STU_217828,217828,SISWA_025,Kls 7_SISWA_017,2025-08-30,AGUSTUS,Saturday,FALSE,,NO_EXCEPTION_RECORDED,0,0,0,5,10,21,0.0,0.0,0.0,0,21,0.0,0,-1,0.0,0.076923,-0.076923
rec_70d681d7056636e6,STU_217828,217828,SISWA_025,Kls 7_SISWA_017,2025-08-31,AGUSTUS,Sunday,FALSE,,NO_EXCEPTION_RECORDED,0,0,0,5,10,21,0.0,0.0,0.0,0,21,0.0,0,-1,0.0,0.076923,-0.076923
rec_15c1c422cf04fec3,STU_217828,217828,SISWA_025,Kls 7_SISWA_017,2025-09-01,SEPTEMBER,Monday,TRUE,,NO_EXCEPTION_RECORDED,0,0,0,5,10,20,0.0,0.0,0.0,0,21,0.0,0,-1,0.0,0.076923,-0.076923
rec_9f1dcab8028e405e,STU_217828,217828,SISWA_025,Kls 7_SISWA_017,2025-09-02,SEPTEMBER,Tuesday,TRUE,,NO_EXCEPTION_RECORDED,0,0,0,5,10,21,0.0,0.0,0.0,0,22,0.0,0,-1,0.0,0.046154,-0.046154
rec_cabc962a6152b960,STU_217828,217828,SISWA_025,Kls 7_SISWA_017,2025-09-03,SEPTEMBER,Wednesday,TRUE,,NO_EXCEPTION_RECORDED,0,0,0,5,10,22,0.0,0.0,0.0,0,23,0.0,0,-1,0.0,0.030769,-0.030769
rec_49d6bfe940734a98,STU_217828,217828,SISWA_025,Kls 7_SISWA_017,2025-09-04,SEPTEMBER,Thursday,TRUE,,NO_EXCEPTION_RECORDED,0,0,0,5,10,22,0.0,0.0,0.0,0,24,0.0,0,-1,0.0,0.015385,-0.015385
rec_e77833d68e53526b,STU_217828,217828,SISWA_025,Kls 7_SISWA_017,2025-09-05,SEPTEMBER,Friday,UNKNOWN,,NO_EXCEPTION_RECORDED,0,0,0,5,10,22,0.0,0.0,0.0,0,25,0.0,0,-1,0.0,0.015385,-0.015385
rec_2e9e779d15b69149,STU_217828,217828,SISWA_025,Kls 7_SISWA_017,2025-09-06,SEPTEMBER,Saturday,FALSE,,NO_EXCEPTION_RECORDED,0,0,0,5,10,22,0.0,0.0,0.0,0,26,0.0,0,-1,0.0,0.0,0.0
rec_255654cfa0f7510a,STU_217828,217828,SISWA_025,Kls 7_SISWA_017,2025-09-07,SEPTEMBER,Sunday,FALSE,,NO_EXCEPTION_RECORDED,0,0,0,5,10,21,0.0,0.0,0.0,0,26,0.0,0,-1,0.0,0.0,0.0
rec_0ba1b482966afd23,STU_217828,217828,SISWA_025,Kls 7_SISWA_017,2025-09-08,SEPTEMBER,Monday,TRUE,,NO_EXCEPTION_RECORDED,0,0,0,5,10,20,0.0,0.0,0.0,0,26,0.0,0,-1,0.0,0.0,0.0
rec_9b3a280a39720378,STU_217828,217828,SISWA_025,Kls 7_SISWA_017,2025-09-09,SEPTEMBER,Tuesday,TRUE,,NO_EXCEPTION_RECORDED,0,0,0,5,10,21,0.0,0.0,0.0,0,27,0.0,0,-1,0.0,0.015385,-0.015385
rec_ff977564632344f3,STU_217828,217828,SISWA_025,Kls 7_SISWA_017,2025-09-10,SEPTEMBER,Wednesday,TRUE,,NO_EXCEPTION_RECORDED,0,0,0,5,10,22,0.0,0.0,0.0,0,28,0.0,0,-1,0.0,0.046154,-0.046154
rec_4933f6aaab9a3bde,STU_217828,217828,SISWA_025,Kls 7_SISWA_017,2025-09-11,SEPTEMBER,Thursday,TRUE,,NO_EXCEPTION_RECORDED,0,0,0,5,10,22,0.0,0.0,0.0,0,29,0.0,0,-1,0.0,0.046154,-0.046154
rec_eeb93aec3a335120,STU_217828,217828,SISWA_025,Kls 7_SISWA_017,2025-09-12,SEPTEMBER,Friday,TRUE,,NO_EXCEPTION_RECORDED,0,0,0,5,10,22,0.0,0.0,0.0,0,30,0.0,0,-1,0.0,0.061538,-0.061538
rec_9db26de1409ca935,STU_217828,217828,SISWA_025,Kls 7_SISWA_017,2025-09-13,SEPTEMBER,Saturday,FALSE,,NO_EXCEPTION_RECORDED,0,0,0,5,10,22,0.0,0.0,0.0,0,31,0.0,0,-1,0.0,0.061538,-0.061538
rec_76a990ab30f3a596,STU_217828,217828,SISWA_025,Kls 7_SISWA_017,2025-09-14,SEPTEMBER,Sunday,FALSE,,NO_EXCEPTION_RECORDED,0,0,0,5,10,21,0.0,0.0,0.0,0,31,0.0,0,-1,0.0,0.061538,-0.061538
rec_a753215a9a69ceab,STU_217828,217828,SISWA_025,Kls 7_SISWA_017,2025-09-15,SEPTEMBER,Monday,TRUE,,NO_EXCEPTION_RECORDED,0,0,0,5,10,20,0.0,0.0,0.0,0,31,0.0,0,-1,0.0,0.061538,-0.061538
rec_215c9112d06c0cba,STU_217828,217828,SISWA_025,Kls 7_SISWA_017,2025-09-16,SEPTEMBER,Tuesday,TRUE,,NO_EXCEPTION_RECORDED,0,0,0,5,10,21,0.0,0.0,0.0,0,32,0.0,0,-1,0.0,0.046154,-0.046154
rec_c1771a4b61172289,STU_217828,217828,SISWA_025,Kls 7_SISWA_017,2025-09-17,SEPTEMBER,Wednesday,TRUE,,NO_EXCEPTION_RECORDED,0,0,0,5,10,22,0.0,0.0,0.0,0,33,0.0,0,-1,0.0,0.015385,-0.015385
rec_0666d4aac3bbd157,STU_217828,217828,SISWA_025,Kls 7_SISWA_017,2025-09-18,SEPTEMBER,Thursday,TRUE,,NO_EXCEPTION_RECORDED,0,0,0,5,10,22,0.0,0.0,0.0,0,34,0.0,0,-1,0.0,0.030769,-0.030769
rec_f178ae85f3b05f7d,STU_217828,217828,SISWA_025,Kls 7_SISWA_017,2025-09-19,SEPTEMBER,Friday,TRUE,,NO_EXCEPTION_RECORDED,0,0,0,5,10,22,0.0,0.0,0.0,0,35,0.0,0,-1,0.0,0.030769,-0.030769
rec_bdf230bb86961c81,STU_217828,217828,SISWA_025,Kls 7_SISWA_017,2025-09-20,SEPTEMBER,Saturday,FALSE,,NO_EXCEPTION_RECORDED,0,0,0,5,10,22,0.0,0.0,0.0,0,36,0.0,0,-1,0.0,0.046154,-0.046154
rec_46b6829d5206aa50,STU_217828,217828,SISWA_025,Kls 7_SISWA_017,2025-09-21,SEPTEMBER,Sunday,FALSE,,NO_EXCEPTION_RECORDED,0,0,0,5,10,21,0.0,0.0,0.0,0,36,0.0,0,-1,0.0,0.046154,-0.046154
rec_e2ee70c5bd2d3a12,STU_217828,217828,SISWA_025,Kls 7_SISWA_017,2025-09-22,SEPTEMBER,Monday,TRUE,,NO_EXCEPTION_RECORDED,0,0,0,5,10,20,0.0,0.0,0.0,0,36,0.0,0,-1,0.0,0.046154,-0.046154
rec_3721f51a7e61c80d,STU_217828,217828,SISWA_025,Kls 7_SISWA_017,2025-09-23,SEPTEMBER,Tuesday,TRUE,,NO_EXCEPTION_RECORDED,0,0,0,5,10,21,0.0,0.0,0.0,0,37,0.0,0,-1,0.0,0.061538,-0.061538
rec_978b93828c9ae110,STU_217828,217828,SISWA_025,Kls 7_SISWA_017,2025-09-24,SEPTEMBER,Wednesday,TRUE,,NO_EXCEPTION_RECORDED,0,0,0,5,10,22,0.0,0.0,0.0,0,38,0.0,0,-1,0.0,0.076923,-0.076923
rec_69f27e0ba0377f2f,STU_217828,217828,SISWA_025,Kls 7_SISWA_017,2025-09-25,SEPTEMBER,Thursday,TRUE,,NO_EXCEPTION_RECORDED,0,0,0,5,10,22,0.0,0.0,0.0,0,39,0.0,0,-1,0.0,0.107692,-0.107692
rec_84853c1b9fcec9d1,STU_217828,217828,SISWA_025,Kls 7_SISWA_017,2025-09-26,SEPTEMBER,Friday,TRUE,,NO_EXCEPTION_RECORDED,0,0,0,5,10,22,0.0,0.0,0.0,0,40,0.0,0,-1,0.0,0.153846,-0.153846
rec_2aac7302877c97f8,STU_217828,217828,SISWA_025,Kls 7_SISWA_017,2025-09-27,SEPTEMBER,Saturday,FALSE,,NO_EXCEPTION_RECORDED,0,0,0,5,10,22,0.0,0.0,0.0,0,41,0.0,0,-1,0.0,0.169231,-0.169231
rec_3573f8addf9fb0f0,STU_217828,217828,SISWA_025,Kls 7_SISWA_017,2025-09-28,SEPTEMBER,Sunday,FALSE,,NO_EXCEPTION_RECORDED,0,0,0,5,10,21,0.0,0.0,0.0,0,41,0.0,0,-1,0.0,0.169231,-0.169231
rec_669e108c6e05b2d6,STU_217828,217828,SISWA_025,Kls 7_SISWA_017,2025-09-29,SEPTEMBER,Monday,TRUE,,NO_EXCEPTION_RECORDED,0,0,0,5,10,20,0.0,0.0,0.0,0,41,0.0,0,-1,0.0,0.169231,-0.169231
rec_2b010a0289241af9,STU_217828,217828,SISWA_025,Kls 7_SISWA_017,2025-09-30,SEPTEMBER,Tuesday,UNKNOWN,,NO_EXCEPTION_RECORDED,0,0,0,5,10,21,0.0,0.0,0.0,0,42,0.0,0,-1,0.0,0.153846,-0.153846
rec_54f048c314b9e501,STU_219814,219814,SISWA_049,Kls 8_SISWA_032,2025-08-01,AGUSTUS,Friday,UNKNOWN,,NO_EXCEPTION_RECORDED,0,0,0,0,0,0,0.0,0.0,0.0,0,0,0.0,0,-1,0.0,0.0,0.0
rec_4fa3f9cd0d2de3e7,STU_219814,219814,SISWA_049,Kls 8_SISWA_032,2025-08-02,AGUSTUS,Saturday,FALSE,,NO_EXCEPTION_RECORDED,0,0,0,1,1,1,0.0,0.0,0.0,0,1,0.0,0,-1,0.0,0.0,0.0
rec_78dcf1e57afab4e7,STU_219814,219814,SISWA_049,Kls 8_SISWA_032,2025-08-03,AGUSTUS,Sunday,FALSE,,NO_EXCEPTION_RECORDED,0,0,0,1,1,1,0.0,0.0,0.0,0,1,0.0,0,-1,0.0,0.0,0.0
rec_19ba6e11ab6e0fc2,STU_219814,219814,SISWA_049,Kls 8_SISWA_032,2025-08-04,AGUSTUS,Monday,UNKNOWN,,NO_EXCEPTION_RECORDED,0,0,0,1,1,1,0.0,0.0,0.0,0,1,0.0,0,-1,0.0,0.0,0.0
rec_9773b6ef3ec5ade8,STU_219814,219814,SISWA_049,Kls 8_SISWA_032,2025-08-05,AGUSTUS,Tuesday,TRUE,,NO_EXCEPTION_RECORDED,0,0,0,2,2,2,0.0,0.0,0.0,0,2,0.0,0,-1,0.0,0.0,0.0
rec_bb67b10b6e68ff93,STU_219814,219814,SISWA_049,Kls 8_SISWA_032,2025-08-06,AGUSTUS,Wednesday,UNKNOWN,,NO_EXCEPTION_RECORDED,0,0,0,3,3,3,0.0,0.0,0.0,0,3,0.0,0,-1,0.0,0.0,0.0
rec_a6c57d130a55f658,STU_219814,219814,SISWA_049,Kls 8_SISWA_032,2025-08-07,AGUSTUS,Thursday,TRUE,,NO_EXCEPTION_RECORDED,0,0,0,4,4,4,0.0,0.0,0.0,0,4,0.0,0,-1,0.0,0.0,0.0
rec_2a7b1fa14c73fd7f,STU_219814,219814,SISWA_049,Kls 8_SISWA_032,2025-08-08,AGUSTUS,Friday,TRUE,,NO_EXCEPTION_RECORDED,0,0,0,5,5,5,0.0,0.0,0.0,0,5,0.0,0,-1,0.0,0.0,0.0
rec_774edc96690d75d2,STU_219814,219814,SISWA_049,Kls 8_SISWA_032,2025-08-09,AGUSTUS,Saturday,FALSE,,NO_EXCEPTION_RECORDED,0,0,0,5,6,6,0.0,0.0,0.0,0,6,0.0,0,-1,0.0,0.0,0.0
rec_1baec644e9888c93,STU_219814,219814,SISWA_049,Kls 8_SISWA_032,2025-08-10,AGUSTUS,Sunday,FALSE,,NO_EXCEPTION_RECORDED,0,0,0,5,6,6,0.0,0.0,0.0,0,6,0.0,0,-1,0.0,0.0,0.0
rec_51821e438d8b27a2,STU_219814,219814,SISWA_049,Kls 8_SISWA_032,2025-08-11,AGUSTUS,Monday,TRUE,,NO_EXCEPTION_RECORDED,0,0,0,5,6,6,0.0,0.0,0.0,0,6,0.0,0,-1,0.0,0.0,0.0
rec_45bc417e886d2d4b,STU_219814,219814,SISWA_049,Kls 8_SISWA_032,2025-08-12,AGUSTUS,Tuesday,TRUE,,NO_EXCEPTION_RECORDED,0,0,0,5,7,7,0.0,0.0,0.0,0,7,0.0,0,-1,0.0,0.011111,-0.011111
rec_7a89ad5139da6abb,STU_219814,219814,SISWA_049,Kls 8_SISWA_032,2025-08-13,AGUSTUS,Wednesday,TRUE,,NO_EXCEPTION_RECORDED,0,0,0,5,8,8,0.0,0.0,0.0,0,8,0.0,0,-1,0.0,0.011111,-0.011111
rec_d5a512a9c643c14c,STU_219814,219814,SISWA_049,Kls 8_SISWA_032,2025-08-14,AGUSTUS,Thursday,UNKNOWN,,NO_EXCEPTION_RECORDED,0,0,0,5,9,9,0.0,0.0,0.0,0,9,0.0,0,-1,0.0,0.011111,-0.011111
rec_3eab511d6c3208f3,STU_219814,219814,SISWA_049,Kls 8_SISWA_032,2025-08-15,AGUSTUS,Friday,UNKNOWN,,NO_EXCEPTION_RECORDED,0,0,0,5,10,10,0.0,0.0,0.0,0,10,0.0,0,-1,0.0,0.011111,-0.011111
rec_292b65b1c9ebf654,STU_219814,219814,SISWA_049,Kls 8_SISWA_032,2025-08-16,AGUSTUS,Saturday,FALSE,,NO_EXCEPTION_RECORDED,0,0,0,5,10,11,0.0,0.0,0.0,0,11,0.0,0,-1,0.0,0.011111,-0.011111
rec_cc42d118adcc1656,STU_219814,219814,SISWA_049,Kls 8_SISWA_032,2025-08-17,AGUSTUS,Sunday,FALSE,,NO_EXCEPTION_RECORDED,0,0,0,5,10,11,0.0,0.0,0.0,0,11,0.0,0,-1,0.0,0.011111,-0.011111
rec_842f16a0493e4a49,STU_219814,219814,SISWA_049,Kls 8_SISWA_032,2025-08-18,AGUSTUS,Monday,UNKNOWN,,NO_EXCEPTION_RECORDED,0,0,0,5,10,11,0.0,0.0,0.0,0,11,0.0,0,-1,0.0,0.011111,-0.011111
rec_3e2589fb14018f6f,STU_219814,219814,SISWA_049,Kls 8_SISWA_032,2025-08-19,AGUSTUS,Tuesday,TRUE,,NO_EXCEPTION_RECORDED,0,0,0,5,10,12,0.0,0.0,0.0,0,12,0.0,0,-1,0.0,0.0,0.0
rec_ebf7fde872518b5a,STU_219814,219814,SISWA_049,Kls 8_SISWA_032,2025-08-20,AGUSTUS,Wednesday,TRUE,,NO_EXCEPTION_RECORDED,0,0,0,5,10,13,0.0,0.0,0.0,0,13,0.0,0,-1,0.0,0.011111,-0.011111
rec_052d986a225531f0,STU_219814,219814,SISWA_049,Kls 8_SISWA_032,2025-08-21,AGUSTUS,Thursday,TRUE,,NO_EXCEPTION_RECORDED,0,0,0,5,10,14,0.0,0.0,0.0,0,14,0.0,0,-1,0.0,0.011111,-0.011111
rec_f1fce015ee042107,STU_219814,219814,SISWA_049,Kls 8_SISWA_032,2025-08-22,AGUSTUS,Friday,UNKNOWN,,NO_EXCEPTION_RECORDED,0,0,0,5,10,15,0.0,0.0,0.0,0,15,0.0,0,-1,0.0,0.011111,-0.011111
rec_9571a869db69a653,STU_219814,219814,SISWA_049,Kls 8_SISWA_032,2025-08-23,AGUSTUS,Saturday,FALSE,,NO_EXCEPTION_RECORDED,0,0,0,5,10,16,0.0,0.0,0.0,0,16,0.0,0,-1,0.0,0.011111,-0.011111
rec_710c6daeaf312cba,STU_219814,219814,SISWA_049,Kls 8_SISWA_032,2025-08-24,AGUSTUS,Sunday,FALSE,,NO_EXCEPTION_RECORDED,0,0,0,5,10,16,0.0,0.0,0.0,0,16,0.0,0,-1,0.0,0.011111,-0.011111
rec_163731d37da44097,STU_219814,219814,SISWA_049,Kls 8_SISWA_032,2025-08-25,AGUSTUS,Monday,TRUE,,NO_EXCEPTION_RECORDED,0,0,0,5,10,16,0.0,0.0,0.0,0,16,0.0,0,-1,0.0,0.011111,-0.011111
rec_d521e688a0f6e4c9,STU_219814,219814,SISWA_049,Kls 8_SISWA_032,2025-08-26,AGUSTUS,Tuesday,TRUE,,NO_EXCEPTION_RECORDED,0,0,0,5,10,17,0.0,0.0,0.0,0,17,0.0,0,-1,0.0,0.011111,-0.011111
rec_4667aeb28ac87fee,STU_219814,219814,SISWA_049,Kls 8_SISWA_032,2025-08-27,AGUSTUS,Wednesday,TRUE,,NO_EXCEPTION_RECORDED,0,0,0,5,10,18,0.0,0.0,0.0,0,18,0.0,0,-1,0.0,0.011111,-0.011111
rec_6829aa58159acd5c,STU_219814,219814,SISWA_049,Kls 8_SISWA_032,2025-08-28,AGUSTUS,Thursday,TRUE,,NO_EXCEPTION_RECORDED,0,0,0,5,10,19,0.0,0.0,0.0,0,19,0.0,0,-1,0.0,0.011111,-0.011111
rec_97292b5bce82ec67,STU_219814,219814,SISWA_049,Kls 8_SISWA_032,2025-08-29,AGUSTUS,Friday,TRUE,,NO_EXCEPTION_RECORDED,0,0,0,5,10,20,0.0,0.0,0.0,0,20,0.0,0,-1,0.0,0.022222,-0.022222
rec_6c7a0ef597bb3283,STU_219814,219814,SISWA_049,Kls 8_SISWA_032,2025-08-30,AGUSTUS,Saturday,FALSE,,NO_EXCEPTION_RECORDED,0,0,0,5,10,21,0.0,0.0,0.0,0,21,0.0,0,-1,0.0,0.022222,-0.022222
rec_0ca1917ef128f819,STU_219814,219814,SISWA_049,Kls 8_SISWA_032,2025-08-31,AGUSTUS,Sunday,FALSE,,NO_EXCEPTION_RECORDED,0,0,0,5,10,21,0.0,0.0,0.0,0,21,0.0,0,-1,0.0,0.022222,-0.022222
rec_3940ea99a1ed7b48,STU_219814,219814,SISWA_049,Kls 8_SISWA_032,2025-09-01,SEPTEMBER,Monday,TRUE,,NO_EXCEPTION_RECORDED,0,0,0,5,10,20,0.0,0.0,0.0,0,21,0.0,0,-1,0.0,0.022222,-0.022222
rec_0eb4c04eb0f72164,STU_219814,219814,SISWA_049,Kls 8_SISWA_032,2025-09-02,SEPTEMBER,Tuesday,TRUE,,NO_EXCEPTION_RECORDED,0,0,0,5,10,21,0.0,0.0,0.0,0,22,0.0,0,-1,0.0,0.022222,-0.022222
rec_fa3d02346f950a92,STU_219814,219814,SISWA_049,Kls 8_SISWA_032,2025-09-03,SEPTEMBER,Wednesday,TRUE,,NO_EXCEPTION_RECORDED,0,0,0,5,10,22,0.0,0.0,0.0,0,23,0.0,0,-1,0.0,0.011111,-0.011111
rec_e72e6e5fb6aed259,STU_219814,219814,SISWA_049,Kls 8_SISWA_032,2025-09-04,SEPTEMBER,Thursday,TRUE,,NO_EXCEPTION_RECORDED,0,0,0,5,10,22,0.0,0.0,0.0,0,24,0.0,0,-1,0.0,0.011111,-0.011111
rec_5e6730612cfa21c7,STU_219814,219814,SISWA_049,Kls 8_SISWA_032,2025-09-05,SEPTEMBER,Friday,UNKNOWN,,NO_EXCEPTION_RECORDED,0,0,0,5,10,22,0.0,0.0,0.0,0,25,0.0,0,-1,0.0,0.0,0.0
rec_4c8f2b936d9c62d5,STU_219814,219814,SISWA_049,Kls 8_SISWA_032,2025-09-06,SEPTEMBER,Saturday,FALSE,,NO_EXCEPTION_RECORDED,0,0,0,5,10,22,0.0,0.0,0.0,0,26,0.0,0,-1,0.0,0.0,0.0
rec_a0d17e4a701c620f,STU_219814,219814,SISWA_049,Kls 8_SISWA_032,2025-09-07,SEPTEMBER,Sunday,FALSE,,NO_EXCEPTION_RECORDED,0,0,0,5,10,21,0.0,0.0,0.0,0,26,0.0,0,-1,0.0,0.0,0.0
rec_ed3052f06fb13848,STU_219814,219814,SISWA_049,Kls 8_SISWA_032,2025-09-08,SEPTEMBER,Monday,TRUE,,NO_EXCEPTION_RECORDED,0,0,0,5,10,20,0.0,0.0,0.0,0,26,0.0,0,-1,0.0,0.0,0.0
rec_3b0b3bb370803c96,STU_219814,219814,SISWA_049,Kls 8_SISWA_032,2025-09-09,SEPTEMBER,Tuesday,TRUE,,NO_EXCEPTION_RECORDED,0,0,0,5,10,21,0.0,0.0,0.0,0,27,0.0,0,-1,0.0,0.0,0.0
rec_2d51fc17cebb10ca,STU_219814,219814,SISWA_049,Kls 8_SISWA_032,2025-09-10,SEPTEMBER,Wednesday,TRUE,,NO_EXCEPTION_RECORDED,0,0,0,5,10,22,0.0,0.0,0.0,0,28,0.0,0,-1,0.0,0.0,0.0
rec_6daeca905d67ffc3,STU_219814,219814,SISWA_049,Kls 8_SISWA_032,2025-09-11,SEPTEMBER,Thursday,TRUE,,NO_EXCEPTION_RECORDED,0,0,0,5,10,22,0.0,0.0,0.0,0,29,0.0,0,-1,0.0,0.011111,-0.011111
rec_a74abf5847df7ffb,STU_219814,219814,SISWA_049,Kls 8_SISWA_032,2025-09-12,SEPTEMBER,Friday,TRUE,,NO_EXCEPTION_RECORDED,0,0,0,5,10,22,0.0,0.0,0.0,0,30,0.0,0,-1,0.0,0.011111,-0.011111
rec_dc1312cffd55241f,STU_219814,219814,SISWA_049,Kls 8_SISWA_032,2025-09-13,SEPTEMBER,Saturday,FALSE,,NO_EXCEPTION_RECORDED,0,0,0,5,10,22,0.0,0.0,0.0,0,31,0.0,0,-1,0.0,0.022222,-0.022222
rec_592c3c6e3fbfd099,STU_219814,219814,SISWA_049,Kls 8_SISWA_032,2025-09-14,SEPTEMBER,Sunday,FALSE,,NO_EXCEPTION_RECORDED,0,0,0,5,10,21,0.0,0.0,0.0,0,31,0.0,0,-1,0.0,0.022222,-0.022222
rec_8b712acabadd4c05,STU_219814,219814,SISWA_049,Kls 8_SISWA_032,2025-09-15,SEPTEMBER,Monday,TRUE,,NO_EXCEPTION_RECORDED,0,0,0,5,10,20,0.0,0.0,0.0,0,31,0.0,0,-1,0.0,0.022222,-0.022222
rec_6f6e5acd9d074f20,STU_219814,219814,SISWA_049,Kls 8_SISWA_032,2025-09-16,SEPTEMBER,Tuesday,TRUE,,NO_EXCEPTION_RECORDED,0,0,0,5,10,21,0.0,0.0,0.0,0,32,0.0,0,-1,0.0,0.044444,-0.044444
rec_834050dba71fcaf0,STU_219814,219814,SISWA_049,Kls 8_SISWA_032,2025-09-17,SEPTEMBER,Wednesday,TRUE,,NO_EXCEPTION_RECORDED,0,0,0,5,10,22,0.0,0.0,0.0,0,33,0.0,0,-1,0.0,0.055556,-0.055556
rec_a38266c89920b81a,STU_219814,219814,SISWA_049,Kls 8_SISWA_032,2025-09-18,SEPTEMBER,Thursday,TRUE,,NO_EXCEPTION_RECORDED,0,0,0,5,10,22,0.0,0.0,0.0,0,34,0.0,0,-1,0.0,0.044444,-0.044444
rec_c0d77725515afb27,STU_219814,219814,SISWA_049,Kls 8_SISWA_032,2025-09-19,SEPTEMBER,Friday,TRUE,,NO_EXCEPTION_RECORDED,0,0,0,5,10,22,0.0,0.0,0.0,0,35,0.0,0,-1,0.0,0.044444,-0.044444
rec_e877d5afb3944cd1,STU_219814,219814,SISWA_049,Kls 8_SISWA_032,2025-09-20,SEPTEMBER,Saturday,FALSE,,NO_EXCEPTION_RECORDED,0,0,0,5,10,22,0.0,0.0,0.0,0,36,0.0,0,-1,0.0,0.033333,-0.033333
rec_efc7233478588ed9,STU_219814,219814,SISWA_049,Kls 8_SISWA_032,2025-09-21,SEPTEMBER,Sunday,FALSE,,NO_EXCEPTION_RECORDED,0,0,0,5,10,21,0.0,0.0,0.0,0,36,0.0,0,-1,0.0,0.033333,-0.033333
rec_019e7085a8d2f247,STU_219814,219814,SISWA_049,Kls 8_SISWA_032,2025-09-22,SEPTEMBER,Monday,TRUE,,NO_EXCEPTION_RECORDED,0,0,0,5,10,20,0.0,0.0,0.0,0,36,0.0,0,-1,0.0,0.033333,-0.033333
rec_f1df115d8d344cab,STU_219814,219814,SISWA_049,Kls 8_SISWA_032,2025-09-23,SEPTEMBER,Tuesday,TRUE,,NO_EXCEPTION_RECORDED,0,0,0,5,10,21,0.0,0.0,0.0,0,37,0.0,0,-1,0.0,0.011111,-0.011111
rec_5f63cc84f5c97448,STU_219814,219814,SISWA_049,Kls 8_SISWA_032,2025-09-24,SEPTEMBER,Wednesday,TRUE,,NO_EXCEPTION_RECORDED,0,0,0,5,10,22,0.0,0.0,0.0,0,38,0.0,0,-1,0.0,0.0,0.0
rec_a6485d3a0ad13fb7,STU_219814,219814,SISWA_049,Kls 8_SISWA_032,2025-09-25,SEPTEMBER,Thursday,TRUE,,NO_EXCEPTION_RECORDED,0,0,0,5,10,22,0.0,0.0,0.0,0,39,0.0,0,-1,0.0,0.0,0.0
rec_34fdaa46dfbf3fd6,STU_219814,219814,SISWA_049,Kls 8_SISWA_032,2025-09-26,SEPTEMBER,Friday,TRUE,s,SOURCE_MARK_S,0,0,0,5,10,22,0.0,0.0,0.0,0,40,0.0,0,-1,0.0,0.0,0.0
rec_22c6a8091d977230,STU_219814,219814,SISWA_049,Kls 8_SISWA_032,2025-09-27,SEPTEMBER,Saturday,FALSE,,NO_EXCEPTION_RECORDED,1,1,1,5,10,22,0.2,0.1,0.045455,1,41,0.02439,1,1,0.17561,0.0,0.2
rec_89a97625219bb5c1,STU_219814,219814,SISWA_049,Kls 8_SISWA_032,2025-09-28,SEPTEMBER,Sunday,FALSE,,NO_EXCEPTION_RECORDED,1,1,1,5,10,21,0.2,0.1,0.047619,1,41,0.02439,1,2,0.17561,0.0,0.2
rec_4f39b6cfb70d8eac,STU_219814,219814,SISWA_049,Kls 8_SISWA_032,2025-09-29,SEPTEMBER,Monday,TRUE,,NO_EXCEPTION_RECORDED,1,1,1,5,10,20,0.2,0.1,0.05,1,41,0.02439,1,3,0.17561,0.0,0.2
rec_64188a03444452c4,STU_219814,219814,SISWA_049,Kls 8_SISWA_032,2025-09-30,SEPTEMBER,Tuesday,UNKNOWN,,NO_EXCEPTION_RECORDED,1,1,1,5,10,21,0.2,0.1,0.047619,1,42,0.02381,0,4,0.17619,0.011111,0.188889
rec_7013462f71f434dd,STU_220205,220205,SISWA_055,Kls 8_SISWA_052,2025-08-01,AGUSTUS,Friday,UNKNOWN,,NO_EXCEPTION_RECORDED,0,0,0,0,0,0,0.0,0.0,0.0,0,0,0.0,0,-1,0.0,0.0,0.0
rec_dcff97f235983511,STU_220205,220205,SISWA_055,Kls 8_SISWA_052,2025-08-02,AGUSTUS,Saturday,FALSE,,NO_EXCEPTION_RECORDED,0,0,0,1,1,1,0.0,0.0,0.0,0,1,0.0,0,-1,0.0,0.0,0.0
rec_02bfbdde570d5c29,STU_220205,220205,SISWA_055,Kls 8_SISWA_052,2025-08-03,AGUSTUS,Sunday,FALSE,,NO_EXCEPTION_RECORDED,0,0,0,1,1,1,0.0,0.0,0.0,0,1,0.0,0,-1,0.0,0.0,0.0
rec_95fd7daa0b8b504f,STU_220205,220205,SISWA_055,Kls 8_SISWA_052,2025-08-04,AGUSTUS,Monday,UNKNOWN,,NO_EXCEPTION_RECORDED,0,0,0,1,1,1,0.0,0.0,0.0,0,1,0.0,0,-1,0.0,0.0,0.0
rec_8f781d7948528db8,STU_220205,220205,SISWA_055,Kls 8_SISWA_052,2025-08-05,AGUSTUS,Tuesday,TRUE,,NO_EXCEPTION_RECORDED,0,0,0,2,2,2,0.0,0.0,0.0,0,2,0.0,0,-1,0.0,0.0,0.0
rec_c6adeb4e63e6d85d,STU_220205,220205,SISWA_055,Kls 8_SISWA_052,2025-08-06,AGUSTUS,Wednesday,UNKNOWN,,NO_EXCEPTION_RECORDED,0,0,0,3,3,3,0.0,0.0,0.0,0,3,0.0,0,-1,0.0,0.0,0.0
rec_da68546e105716b5,STU_220205,220205,SISWA_055,Kls 8_SISWA_052,2025-08-07,AGUSTUS,Thursday,TRUE,,NO_EXCEPTION_RECORDED,0,0,0,4,4,4,0.0,0.0,0.0,0,4,0.0,0,-1,0.0,0.0,0.0
rec_9108c896dab91abb,STU_220205,220205,SISWA_055,Kls 8_SISWA_052,2025-08-08,AGUSTUS,Friday,TRUE,,NO_EXCEPTION_RECORDED,0,0,0,5,5,5,0.0,0.0,0.0,0,5,0.0,0,-1,0.0,0.011111,-0.011111
rec_b59b3765e7fc2533,STU_220205,220205,SISWA_055,Kls 8_SISWA_052,2025-08-09,AGUSTUS,Saturday,FALSE,,NO_EXCEPTION_RECORDED,0,0,0,5,6,6,0.0,0.0,0.0,0,6,0.0,0,-1,0.0,0.011111,-0.011111
rec_38041f45d299f772,STU_220205,220205,SISWA_055,Kls 8_SISWA_052,2025-08-10,AGUSTUS,Sunday,FALSE,,NO_EXCEPTION_RECORDED,0,0,0,5,6,6,0.0,0.0,0.0,0,6,0.0,0,-1,0.0,0.011111,-0.011111
rec_87d1d94aa3104c42,STU_220205,220205,SISWA_055,Kls 8_SISWA_052,2025-08-11,AGUSTUS,Monday,TRUE,,NO_EXCEPTION_RECORDED,0,0,0,5,6,6,0.0,0.0,0.0,0,6,0.0,0,-1,0.0,0.011111,-0.011111
rec_7e31ef4a6561d5c8,STU_220205,220205,SISWA_055,Kls 8_SISWA_052,2025-08-12,AGUSTUS,Tuesday,TRUE,,NO_EXCEPTION_RECORDED,0,0,0,5,7,7,0.0,0.0,0.0,0,7,0.0,0,-1,0.0,0.011111,-0.011111
rec_cdb1c908b245f0bc,STU_220205,220205,SISWA_055,Kls 8_SISWA_052,2025-08-13,AGUSTUS,Wednesday,TRUE,,NO_EXCEPTION_RECORDED,0,0,0,5,8,8,0.0,0.0,0.0,0,8,0.0,0,-1,0.0,0.022222,-0.022222
rec_b9884fc517cff5fe,STU_220205,220205,SISWA_055,Kls 8_SISWA_052,2025-08-14,AGUSTUS,Thursday,UNKNOWN,,NO_EXCEPTION_RECORDED,0,0,0,5,9,9,0.0,0.0,0.0,0,9,0.0,0,-1,0.0,0.033333,-0.033333
rec_e9f6df835941e701,STU_220205,220205,SISWA_055,Kls 8_SISWA_052,2025-08-15,AGUSTUS,Friday,UNKNOWN,,NO_EXCEPTION_RECORDED,0,0,0,5,10,10,0.0,0.0,0.0,0,10,0.0,0,-1,0.0,0.022222,-0.022222
rec_1cc4c040b448c776,STU_220205,220205,SISWA_055,Kls 8_SISWA_052,2025-08-16,AGUSTUS,Saturday,FALSE,,NO_EXCEPTION_RECORDED,0,0,0,5,10,11,0.0,0.0,0.0,0,11,0.0,0,-1,0.0,0.022222,-0.022222
rec_4a1d77085debde74,STU_220205,220205,SISWA_055,Kls 8_SISWA_052,2025-08-17,AGUSTUS,Sunday,FALSE,,NO_EXCEPTION_RECORDED,0,0,0,5,10,11,0.0,0.0,0.0,0,11,0.0,0,-1,0.0,0.022222,-0.022222
rec_619bc1d259e8192a,STU_220205,220205,SISWA_055,Kls 8_SISWA_052,2025-08-18,AGUSTUS,Monday,UNKNOWN,,NO_EXCEPTION_RECORDED,0,0,0,5,10,11,0.0,0.0,0.0,0,11,0.0,0,-1,0.0,0.022222,-0.022222
rec_9d92c9ddc2e29287,STU_220205,220205,SISWA_055,Kls 8_SISWA_052,2025-08-19,AGUSTUS,Tuesday,TRUE,,NO_EXCEPTION_RECORDED,0,0,0,5,10,12,0.0,0.0,0.0,0,12,0.0,0,-1,0.0,0.022222,-0.022222
rec_26cb9890e7941369,STU_220205,220205,SISWA_055,Kls 8_SISWA_052,2025-08-20,AGUSTUS,Wednesday,TRUE,,NO_EXCEPTION_RECORDED,0,0,0,5,10,13,0.0,0.0,0.0,0,13,0.0,0,-1,0.0,0.022222,-0.022222
rec_6edfdfbc51c1ccfd,STU_220205,220205,SISWA_055,Kls 8_SISWA_052,2025-08-21,AGUSTUS,Thursday,TRUE,,NO_EXCEPTION_RECORDED,0,0,0,5,10,14,0.0,0.0,0.0,0,14,0.0,0,-1,0.0,0.022222,-0.022222
rec_cad959bb0994567c,STU_220205,220205,SISWA_055,Kls 8_SISWA_052,2025-08-22,AGUSTUS,Friday,UNKNOWN,,NO_EXCEPTION_RECORDED,0,0,0,5,10,15,0.0,0.0,0.0,0,15,0.0,0,-1,0.0,0.022222,-0.022222
rec_e5bcfe8f42ad7314,STU_220205,220205,SISWA_055,Kls 8_SISWA_052,2025-08-23,AGUSTUS,Saturday,FALSE,,NO_EXCEPTION_RECORDED,0,0,0,5,10,16,0.0,0.0,0.0,0,16,0.0,0,-1,0.0,0.022222,-0.022222
rec_4ac533b870bc25fd,STU_220205,220205,SISWA_055,Kls 8_SISWA_052,2025-08-24,AGUSTUS,Sunday,FALSE,,NO_EXCEPTION_RECORDED,0,0,0,5,10,16,0.0,0.0,0.0,0,16,0.0,0,-1,0.0,0.022222,-0.022222
rec_3a822d27499852ef,STU_220205,220205,SISWA_055,Kls 8_SISWA_052,2025-08-25,AGUSTUS,Monday,TRUE,,NO_EXCEPTION_RECORDED,0,0,0,5,10,16,0.0,0.0,0.0,0,16,0.0,0,-1,0.0,0.022222,-0.022222
rec_18159085ec4a2f3e,STU_220205,220205,SISWA_055,Kls 8_SISWA_052,2025-08-26,AGUSTUS,Tuesday,TRUE,,NO_EXCEPTION_RECORDED,0,0,0,5,10,17,0.0,0.0,0.0,0,17,0.0,0,-1,0.0,0.033333,-0.033333
rec_712076cbc038f31d,STU_220205,220205,SISWA_055,Kls 8_SISWA_052,2025-08-27,AGUSTUS,Wednesday,TRUE,,NO_EXCEPTION_RECORDED,0,0,0,5,10,18,0.0,0.0,0.0,0,18,0.0,0,-1,0.0,0.022222,-0.022222
rec_99e05f0c349ac950,STU_220205,220205,SISWA_055,Kls 8_SISWA_052,2025-08-28,AGUSTUS,Thursday,TRUE,,NO_EXCEPTION_RECORDED,0,0,0,5,10,19,0.0,0.0,0.0,0,19,0.0,0,-1,0.0,0.011111,-0.011111
rec_7c209db7df48cbd6,STU_220205,220205,SISWA_055,Kls 8_SISWA_052,2025-08-29,AGUSTUS,Friday,TRUE,,NO_EXCEPTION_RECORDED,0,0,0,5,10,20,0.0,0.0,0.0,0,20,0.0,0,-1,0.0,0.011111,-0.011111
rec_d6e6f153b97a114d,STU_220205,220205,SISWA_055,Kls 8_SISWA_052,2025-08-30,AGUSTUS,Saturday,FALSE,,NO_EXCEPTION_RECORDED,0,0,0,5,10,21,0.0,0.0,0.0,0,21,0.0,0,-1,0.0,0.011111,-0.011111
rec_d8598d8ac6953a63,STU_220205,220205,SISWA_055,Kls 8_SISWA_052,2025-08-31,AGUSTUS,Sunday,FALSE,,NO_EXCEPTION_RECORDED,0,0,0,5,10,21,0.0,0.0,0.0,0,21,0.0,0,-1,0.0,0.011111,-0.011111
rec_d24b06f6221afe8a,STU_220205,220205,SISWA_055,Kls 8_SISWA_052,2025-09-01,SEPTEMBER,Monday,TRUE,,NO_EXCEPTION_RECORDED,0,0,0,5,10,20,0.0,0.0,0.0,0,21,0.0,0,-1,0.0,0.011111,-0.011111
rec_ef40dda3af397224,STU_220205,220205,SISWA_055,Kls 8_SISWA_052,2025-09-02,SEPTEMBER,Tuesday,TRUE,,NO_EXCEPTION_RECORDED,0,0,0,5,10,21,0.0,0.0,0.0,0,22,0.0,0,-1,0.0,0.011111,-0.011111
rec_5d42b63f0b908205,STU_220205,220205,SISWA_055,Kls 8_SISWA_052,2025-09-03,SEPTEMBER,Wednesday,TRUE,,NO_EXCEPTION_RECORDED,0,0,0,5,10,22,0.0,0.0,0.0,0,23,0.0,0,-1,0.0,0.022222,-0.022222
rec_33c9c186adde737a,STU_220205,220205,SISWA_055,Kls 8_SISWA_052,2025-09-04,SEPTEMBER,Thursday,TRUE,,NO_EXCEPTION_RECORDED,0,0,0,5,10,22,0.0,0.0,0.0,0,24,0.0,0,-1,0.0,0.022222,-0.022222
rec_4ed79312732ba8fd,STU_220205,220205,SISWA_055,Kls 8_SISWA_052,2025-09-05,SEPTEMBER,Friday,UNKNOWN,,NO_EXCEPTION_RECORDED,0,0,0,5,10,22,0.0,0.0,0.0,0,25,0.0,0,-1,0.0,0.022222,-0.022222
rec_c18ae702e210a2d3,STU_220205,220205,SISWA_055,Kls 8_SISWA_052,2025-09-06,SEPTEMBER,Saturday,FALSE,,NO_EXCEPTION_RECORDED,0,0,0,5,10,22,0.0,0.0,0.0,0,26,0.0,0,-1,0.0,0.022222,-0.022222
rec_5510ff2c977f3df6,STU_220205,220205,SISWA_055,Kls 8_SISWA_052,2025-09-07,SEPTEMBER,Sunday,FALSE,,NO_EXCEPTION_RECORDED,0,0,0,5,10,21,0.0,0.0,0.0,0,26,0.0,0,-1,0.0,0.022222,-0.022222
rec_5c5f8c387e322069,STU_220205,220205,SISWA_055,Kls 8_SISWA_052,2025-09-08,SEPTEMBER,Monday,TRUE,,NO_EXCEPTION_RECORDED,0,0,0,5,10,20,0.0,0.0,0.0,0,26,0.0,0,-1,0.0,0.022222,-0.022222
rec_b2b4b46b07d506c7,STU_220205,220205,SISWA_055,Kls 8_SISWA_052,2025-09-09,SEPTEMBER,Tuesday,TRUE,,NO_EXCEPTION_RECORDED,0,0,0,5,10,21,0.0,0.0,0.0,0,27,0.0,0,-1,0.0,0.011111,-0.011111
rec_117d4ab2f4b2f8c2,STU_220205,220205,SISWA_055,Kls 8_SISWA_052,2025-09-10,SEPTEMBER,Wednesday,TRUE,,NO_EXCEPTION_RECORDED,0,0,0,5,10,22,0.0,0.0,0.0,0,28,0.0,0,-1,0.0,0.011111,-0.011111
rec_6bc26c914ad17a1c,STU_220205,220205,SISWA_055,Kls 8_SISWA_052,2025-09-11,SEPTEMBER,Thursday,TRUE,,NO_EXCEPTION_RECORDED,0,0,0,5,10,22,0.0,0.0,0.0,0,29,0.0,0,-1,0.0,0.011111,-0.011111
rec_ab1d6a356abfa205,STU_220205,220205,SISWA_055,Kls 8_SISWA_052,2025-09-12,SEPTEMBER,Friday,TRUE,,NO_EXCEPTION_RECORDED,0,0,0,5,10,22,0.0,0.0,0.0,0,30,0.0,0,-1,0.0,0.011111,-0.011111
rec_d1ca5f5553d7ae3c,STU_220205,220205,SISWA_055,Kls 8_SISWA_052,2025-09-13,SEPTEMBER,Saturday,FALSE,,NO_EXCEPTION_RECORDED,0,0,0,5,10,22,0.0,0.0,0.0,0,31,0.0,0,-1,0.0,0.011111,-0.011111
rec_5ccfd55780d7003f,STU_220205,220205,SISWA_055,Kls 8_SISWA_052,2025-09-14,SEPTEMBER,Sunday,FALSE,,NO_EXCEPTION_RECORDED,0,0,0,5,10,21,0.0,0.0,0.0,0,31,0.0,0,-1,0.0,0.011111,-0.011111
rec_0271ddf080b77187,STU_220205,220205,SISWA_055,Kls 8_SISWA_052,2025-09-15,SEPTEMBER,Monday,TRUE,,NO_EXCEPTION_RECORDED,0,0,0,5,10,20,0.0,0.0,0.0,0,31,0.0,0,-1,0.0,0.011111,-0.011111
rec_5c82f192c7c3c2bd,STU_220205,220205,SISWA_055,Kls 8_SISWA_052,2025-09-16,SEPTEMBER,Tuesday,TRUE,,NO_EXCEPTION_RECORDED,0,0,0,5,10,21,0.0,0.0,0.0,0,32,0.0,0,-1,0.0,0.022222,-0.022222
rec_cafafca262009d5f,STU_220205,220205,SISWA_055,Kls 8_SISWA_052,2025-09-17,SEPTEMBER,Wednesday,TRUE,,NO_EXCEPTION_RECORDED,0,0,0,5,10,22,0.0,0.0,0.0,0,33,0.0,0,-1,0.0,0.011111,-0.011111
rec_9c8f12519ba6fcc2,STU_220205,220205,SISWA_055,Kls 8_SISWA_052,2025-09-18,SEPTEMBER,Thursday,TRUE,,NO_EXCEPTION_RECORDED,0,0,0,5,10,22,0.0,0.0,0.0,0,34,0.0,0,-1,0.0,0.011111,-0.011111
rec_ff40e3bbc0af9173,STU_220205,220205,SISWA_055,Kls 8_SISWA_052,2025-09-19,SEPTEMBER,Friday,TRUE,,NO_EXCEPTION_RECORDED,0,0,0,5,10,22,0.0,0.0,0.0,0,35,0.0,0,-1,0.0,0.011111,-0.011111
rec_95c66cf164b35334,STU_220205,220205,SISWA_055,Kls 8_SISWA_052,2025-09-20,SEPTEMBER,Saturday,FALSE,,NO_EXCEPTION_RECORDED,0,0,0,5,10,22,0.0,0.0,0.0,0,36,0.0,0,-1,0.0,0.011111,-0.011111
rec_5abca2080a671eb7,STU_220205,220205,SISWA_055,Kls 8_SISWA_052,2025-09-21,SEPTEMBER,Sunday,FALSE,,NO_EXCEPTION_RECORDED,0,0,0,5,10,21,0.0,0.0,0.0,0,36,0.0,0,-1,0.0,0.011111,-0.011111
rec_4783cc11854a97de,STU_220205,220205,SISWA_055,Kls 8_SISWA_052,2025-09-22,SEPTEMBER,Monday,TRUE,,NO_EXCEPTION_RECORDED,0,0,0,5,10,20,0.0,0.0,0.0,0,36,0.0,0,-1,0.0,0.011111,-0.011111
rec_19d85afe60f40424,STU_220205,220205,SISWA_055,Kls 8_SISWA_052,2025-09-23,SEPTEMBER,Tuesday,TRUE,,NO_EXCEPTION_RECORDED,0,0,0,5,10,21,0.0,0.0,0.0,0,37,0.0,0,-1,0.0,0.011111,-0.011111
rec_96aab1f14baf3e6a,STU_220205,220205,SISWA_055,Kls 8_SISWA_052,2025-09-24,SEPTEMBER,Wednesday,TRUE,,NO_EXCEPTION_RECORDED,0,0,0,5,10,22,0.0,0.0,0.0,0,38,0.0,0,-1,0.0,0.011111,-0.011111
rec_869293d1ab8a2504,STU_220205,220205,SISWA_055,Kls 8_SISWA_052,2025-09-25,SEPTEMBER,Thursday,TRUE,,NO_EXCEPTION_RECORDED,0,0,0,5,10,22,0.0,0.0,0.0,0,39,0.0,0,-1,0.0,0.011111,-0.011111
rec_f3d3dcbef63e1bb3,STU_220205,220205,SISWA_055,Kls 8_SISWA_052,2025-09-26,SEPTEMBER,Friday,TRUE,,NO_EXCEPTION_RECORDED,0,0,0,5,10,22,0.0,0.0,0.0,0,40,0.0,0,-1,0.0,0.022222,-0.022222
rec_7e21f81ac1466d84,STU_220205,220205,SISWA_055,Kls 8_SISWA_052,2025-09-27,SEPTEMBER,Saturday,FALSE,,NO_EXCEPTION_RECORDED,0,0,0,5,10,22,0.0,0.0,0.0,0,41,0.0,0,-1,0.0,0.022222,-0.022222
rec_e7bec18d248f648b,STU_220205,220205,SISWA_055,Kls 8_SISWA_052,2025-09-28,SEPTEMBER,Sunday,FALSE,,NO_EXCEPTION_RECORDED,0,0,0,5,10,21,0.0,0.0,0.0,0,41,0.0,0,-1,0.0,0.022222,-0.022222
rec_19a62726f6765e80,STU_220205,220205,SISWA_055,Kls 8_SISWA_052,2025-09-29,SEPTEMBER,Monday,TRUE,,NO_EXCEPTION_RECORDED,0,0,0,5,10,20,0.0,0.0,0.0,0,41,0.0,0,-1,0.0,0.022222,-0.022222
rec_94eaca6f443fbdca,STU_220205,220205,SISWA_055,Kls 8_SISWA_052,2025-09-30,SEPTEMBER,Tuesday,UNKNOWN,,NO_EXCEPTION_RECORDED,0,0,0,5,10,21,0.0,0.0,0.0,0,42,0.0,0,-1,0.0,0.011111,-0.011111
rec_27e2ba5607f5e083,STU_220671,220671,SISWA_002,Kls 7_SISWA_001,2025-08-01,AGUSTUS,Friday,UNKNOWN,,NO_EXCEPTION_RECORDED,0,0,0,0,0,0,0.0,0.0,0.0,0,0,0.0,0,-1,0.0,0.0,0.0
rec_a0e67179f15d1ddb,STU_220671,220671,SISWA_002,Kls 7_SISWA_001,2025-08-02,AGUSTUS,Saturday,FALSE,,NO_EXCEPTION_RECORDED,0,0,0,1,1,1,0.0,0.0,0.0,0,1,0.0,0,-1,0.0,0.0,0.0
rec_119cc57f4572393e,STU_220671,220671,SISWA_002,Kls 7_SISWA_001,2025-08-03,AGUSTUS,Sunday,FALSE,,NO_EXCEPTION_RECORDED,0,0,0,1,1,1,0.0,0.0,0.0,0,1,0.0,0,-1,0.0,0.0,0.0
rec_0377150093415d64,STU_220671,220671,SISWA_002,Kls 7_SISWA_001,2025-08-04,AGUSTUS,Monday,UNKNOWN,,NO_EXCEPTION_RECORDED,0,0,0,1,1,1,0.0,0.0,0.0,0,1,0.0,0,-1,0.0,0.0,0.0
rec_0e0215848c575678,STU_220671,220671,SISWA_002,Kls 7_SISWA_001,2025-08-05,AGUSTUS,Tuesday,TRUE,,NO_EXCEPTION_RECORDED,0,0,0,2,2,2,0.0,0.0,0.0,0,2,0.0,0,-1,0.0,0.0,0.0
rec_c6eba2b3c3d5c385,STU_220671,220671,SISWA_002,Kls 7_SISWA_001,2025-08-06,AGUSTUS,Wednesday,UNKNOWN,,NO_EXCEPTION_RECORDED,0,0,0,3,3,3,0.0,0.0,0.0,0,3,0.0,0,-1,0.0,0.0,0.0
rec_a9a00f4eca039880,STU_220671,220671,SISWA_002,Kls 7_SISWA_001,2025-08-07,AGUSTUS,Thursday,TRUE,,NO_EXCEPTION_RECORDED,0,0,0,4,4,4,0.0,0.0,0.0,0,4,0.0,0,-1,0.0,0.0,0.0
rec_39a611923fd0e7d1,STU_220671,220671,SISWA_002,Kls 7_SISWA_001,2025-08-08,AGUSTUS,Friday,TRUE,,NO_EXCEPTION_RECORDED,0,0,0,5,5,5,0.0,0.0,0.0,0,5,0.0,0,-1,0.0,0.0,0.0
rec_96aaf0d98d4659b3,STU_220671,220671,SISWA_002,Kls 7_SISWA_001,2025-08-09,AGUSTUS,Saturday,FALSE,,NO_EXCEPTION_RECORDED,0,0,0,5,6,6,0.0,0.0,0.0,0,6,0.0,0,-1,0.0,0.0,0.0
rec_e069d979126142ab,STU_220671,220671,SISWA_002,Kls 7_SISWA_001,2025-08-10,AGUSTUS,Sunday,FALSE,,NO_EXCEPTION_RECORDED,0,0,0,5,6,6,0.0,0.0,0.0,0,6,0.0,0,-1,0.0,0.0,0.0
rec_193d2fe4c021939d,STU_220671,220671,SISWA_002,Kls 7_SISWA_001,2025-08-11,AGUSTUS,Monday,TRUE,,NO_EXCEPTION_RECORDED,0,0,0,5,6,6,0.0,0.0,0.0,0,6,0.0,0,-1,0.0,0.0,0.0
rec_4092c0e629339f40,STU_220671,220671,SISWA_002,Kls 7_SISWA_001,2025-08-12,AGUSTUS,Tuesday,TRUE,,NO_EXCEPTION_RECORDED,0,0,0,5,7,7,0.0,0.0,0.0,0,7,0.0,0,-1,0.0,0.0,0.0
rec_a942d24619ab8f21,STU_220671,220671,SISWA_002,Kls 7_SISWA_001,2025-08-13,AGUSTUS,Wednesday,TRUE,,NO_EXCEPTION_RECORDED,0,0,0,5,8,8,0.0,0.0,0.0,0,8,0.0,0,-1,0.0,0.015385,-0.015385
rec_6093246daaa1f1fb,STU_220671,220671,SISWA_002,Kls 7_SISWA_001,2025-08-14,AGUSTUS,Thursday,UNKNOWN,,NO_EXCEPTION_RECORDED,0,0,0,5,9,9,0.0,0.0,0.0,0,9,0.0,0,-1,0.0,0.015385,-0.015385
rec_87f8f9bde1640018,STU_220671,220671,SISWA_002,Kls 7_SISWA_001,2025-08-15,AGUSTUS,Friday,UNKNOWN,,NO_EXCEPTION_RECORDED,0,0,0,5,10,10,0.0,0.0,0.0,0,10,0.0,0,-1,0.0,0.015385,-0.015385
rec_fe34d6316c203858,STU_220671,220671,SISWA_002,Kls 7_SISWA_001,2025-08-16,AGUSTUS,Saturday,FALSE,,NO_EXCEPTION_RECORDED,0,0,0,5,10,11,0.0,0.0,0.0,0,11,0.0,0,-1,0.0,0.015385,-0.015385
rec_39ba821657c9302d,STU_220671,220671,SISWA_002,Kls 7_SISWA_001,2025-08-17,AGUSTUS,Sunday,FALSE,,NO_EXCEPTION_RECORDED,0,0,0,5,10,11,0.0,0.0,0.0,0,11,0.0,0,-1,0.0,0.015385,-0.015385
rec_3ba7dd8b71aa046f,STU_220671,220671,SISWA_002,Kls 7_SISWA_001,2025-08-18,AGUSTUS,Monday,UNKNOWN,,NO_EXCEPTION_RECORDED,0,0,0,5,10,11,0.0,0.0,0.0,0,11,0.0,0,-1,0.0,0.015385,-0.015385
rec_15f9bbfc609d5079,STU_220671,220671,SISWA_002,Kls 7_SISWA_001,2025-08-19,AGUSTUS,Tuesday,TRUE,,NO_EXCEPTION_RECORDED,0,0,0,5,10,12,0.0,0.0,0.0,0,12,0.0,0,-1,0.0,0.015385,-0.015385
rec_8ffc38b1b001f3a0,STU_220671,220671,SISWA_002,Kls 7_SISWA_001,2025-08-20,AGUSTUS,Wednesday,TRUE,,NO_EXCEPTION_RECORDED,0,0,0,5,10,13,0.0,0.0,0.0,0,13,0.0,0,-1,0.0,0.0,0.0
rec_b65d4f0841f5a5d8,STU_220671,220671,SISWA_002,Kls 7_SISWA_001,2025-08-21,AGUSTUS,Thursday,TRUE,,NO_EXCEPTION_RECORDED,0,0,0,5,10,14,0.0,0.0,0.0,0,14,0.0,0,-1,0.0,0.0,0.0
rec_3a5293db8c2722bf,STU_220671,220671,SISWA_002,Kls 7_SISWA_001,2025-08-22,AGUSTUS,Friday,UNKNOWN,,NO_EXCEPTION_RECORDED,0,0,0,5,10,15,0.0,0.0,0.0,0,15,0.0,0,-1,0.0,0.0,0.0
rec_e74a0a3ec9f55c2f,STU_220671,220671,SISWA_002,Kls 7_SISWA_001,2025-08-23,AGUSTUS,Saturday,FALSE,,NO_EXCEPTION_RECORDED,0,0,0,5,10,16,0.0,0.0,0.0,0,16,0.0,0,-1,0.0,0.0,0.0
rec_3b8071fe636a1f00,STU_220671,220671,SISWA_002,Kls 7_SISWA_001,2025-08-24,AGUSTUS,Sunday,FALSE,,NO_EXCEPTION_RECORDED,0,0,0,5,10,16,0.0,0.0,0.0,0,16,0.0,0,-1,0.0,0.0,0.0
rec_78f555c9c3f74f38,STU_220671,220671,SISWA_002,Kls 7_SISWA_001,2025-08-25,AGUSTUS,Monday,TRUE,,NO_EXCEPTION_RECORDED,0,0,0,5,10,16,0.0,0.0,0.0,0,16,0.0,0,-1,0.0,0.0,0.0
rec_e6e74442b6453afc,STU_220671,220671,SISWA_002,Kls 7_SISWA_001,2025-08-26,AGUSTUS,Tuesday,TRUE,,NO_EXCEPTION_RECORDED,0,0,0,5,10,17,0.0,0.0,0.0,0,17,0.0,0,-1,0.0,0.015385,-0.015385
rec_fd13a6e980864ff5,STU_220671,220671,SISWA_002,Kls 7_SISWA_001,2025-08-27,AGUSTUS,Wednesday,TRUE,,NO_EXCEPTION_RECORDED,0,0,0,5,10,18,0.0,0.0,0.0,0,18,0.0,0,-1,0.0,0.015385,-0.015385
rec_55bfdc0d6da0041d,STU_220671,220671,SISWA_002,Kls 7_SISWA_001,2025-08-28,AGUSTUS,Thursday,TRUE,,NO_EXCEPTION_RECORDED,0,0,0,5,10,19,0.0,0.0,0.0,0,19,0.0,0,-1,0.0,0.015385,-0.015385
rec_bb27423004f051e8,STU_220671,220671,SISWA_002,Kls 7_SISWA_001,2025-08-29,AGUSTUS,Friday,TRUE,,NO_EXCEPTION_RECORDED,0,0,0,5,10,20,0.0,0.0,0.0,0,20,0.0,0,-1,0.0,0.015385,-0.015385
rec_1724548988899536,STU_220671,220671,SISWA_002,Kls 7_SISWA_001,2025-08-30,AGUSTUS,Saturday,FALSE,,NO_EXCEPTION_RECORDED,0,0,0,5,10,21,0.0,0.0,0.0,0,21,0.0,0,-1,0.0,0.015385,-0.015385
rec_44ccf615d398dc1d,STU_220671,220671,SISWA_002,Kls 7_SISWA_001,2025-08-31,AGUSTUS,Sunday,FALSE,,NO_EXCEPTION_RECORDED,0,0,0,5,10,21,0.0,0.0,0.0,0,21,0.0,0,-1,0.0,0.015385,-0.015385
rec_191365c3d1b0d822,STU_220671,220671,SISWA_002,Kls 7_SISWA_001,2025-09-01,SEPTEMBER,Monday,TRUE,,NO_EXCEPTION_RECORDED,0,0,0,5,10,20,0.0,0.0,0.0,0,21,0.0,0,-1,0.0,0.015385,-0.015385
rec_063291379558170a,STU_220671,220671,SISWA_002,Kls 7_SISWA_001,2025-09-02,SEPTEMBER,Tuesday,TRUE,,NO_EXCEPTION_RECORDED,0,0,0,5,10,21,0.0,0.0,0.0,0,22,0.0,0,-1,0.0,0.0,0.0
rec_883fcf1fb04e39f8,STU_220671,220671,SISWA_002,Kls 7_SISWA_001,2025-09-03,SEPTEMBER,Wednesday,TRUE,,NO_EXCEPTION_RECORDED,0,0,0,5,10,22,0.0,0.0,0.0,0,23,0.0,0,-1,0.0,0.0,0.0
rec_17138e57646ab6dd,STU_220671,220671,SISWA_002,Kls 7_SISWA_001,2025-09-04,SEPTEMBER,Thursday,TRUE,,NO_EXCEPTION_RECORDED,0,0,0,5,10,22,0.0,0.0,0.0,0,24,0.0,0,-1,0.0,0.0,0.0
rec_df7395d006f50890,STU_220671,220671,SISWA_002,Kls 7_SISWA_001,2025-09-05,SEPTEMBER,Friday,UNKNOWN,,NO_EXCEPTION_RECORDED,0,0,0,5,10,22,0.0,0.0,0.0,0,25,0.0,0,-1,0.0,0.0,0.0
rec_615f9ef9125cd78f,STU_220671,220671,SISWA_002,Kls 7_SISWA_001,2025-09-06,SEPTEMBER,Saturday,FALSE,,NO_EXCEPTION_RECORDED,0,0,0,5,10,22,0.0,0.0,0.0,0,26,0.0,0,-1,0.0,0.0,0.0
rec_ae709b78269eec84,STU_220671,220671,SISWA_002,Kls 7_SISWA_001,2025-09-07,SEPTEMBER,Sunday,FALSE,,NO_EXCEPTION_RECORDED,0,0,0,5,10,21,0.0,0.0,0.0,0,26,0.0,0,-1,0.0,0.0,0.0
rec_bfb597d33cea2981,STU_220671,220671,SISWA_002,Kls 7_SISWA_001,2025-09-08,SEPTEMBER,Monday,TRUE,,NO_EXCEPTION_RECORDED,0,0,0,5,10,20,0.0,0.0,0.0,0,26,0.0,0,-1,0.0,0.0,0.0
rec_c14f4a171699d49d,STU_220671,220671,SISWA_002,Kls 7_SISWA_001,2025-09-09,SEPTEMBER,Tuesday,TRUE,,NO_EXCEPTION_RECORDED,0,0,0,5,10,21,0.0,0.0,0.0,0,27,0.0,0,-1,0.0,0.0,0.0
rec_7b40a50ab037cb6b,STU_220671,220671,SISWA_002,Kls 7_SISWA_001,2025-09-10,SEPTEMBER,Wednesday,TRUE,,NO_EXCEPTION_RECORDED,0,0,0,5,10,22,0.0,0.0,0.0,0,28,0.0,0,-1,0.0,0.0,0.0
rec_c3429664c7f68698,STU_220671,220671,SISWA_002,Kls 7_SISWA_001,2025-09-11,SEPTEMBER,Thursday,TRUE,,NO_EXCEPTION_RECORDED,0,0,0,5,10,22,0.0,0.0,0.0,0,29,0.0,0,-1,0.0,0.0,0.0
rec_f029ea5c15396e68,STU_220671,220671,SISWA_002,Kls 7_SISWA_001,2025-09-12,SEPTEMBER,Friday,TRUE,,NO_EXCEPTION_RECORDED,0,0,0,5,10,22,0.0,0.0,0.0,0,30,0.0,0,-1,0.0,0.015385,-0.015385
rec_5317a2257e99f7ea,STU_220671,220671,SISWA_002,Kls 7_SISWA_001,2025-09-13,SEPTEMBER,Saturday,FALSE,,NO_EXCEPTION_RECORDED,0,0,0,5,10,22,0.0,0.0,0.0,0,31,0.0,0,-1,0.0,0.015385,-0.015385
rec_74b1b6382951682b,STU_220671,220671,SISWA_002,Kls 7_SISWA_001,2025-09-14,SEPTEMBER,Sunday,FALSE,,NO_EXCEPTION_RECORDED,0,0,0,5,10,21,0.0,0.0,0.0,0,31,0.0,0,-1,0.0,0.015385,-0.015385
rec_0996203410d66059,STU_220671,220671,SISWA_002,Kls 7_SISWA_001,2025-09-15,SEPTEMBER,Monday,TRUE,,NO_EXCEPTION_RECORDED,0,0,0,5,10,20,0.0,0.0,0.0,0,31,0.0,0,-1,0.0,0.015385,-0.015385
rec_ab8ac57f93e53201,STU_220671,220671,SISWA_002,Kls 7_SISWA_001,2025-09-16,SEPTEMBER,Tuesday,TRUE,,NO_EXCEPTION_RECORDED,0,0,0,5,10,21,0.0,0.0,0.0,0,32,0.0,0,-1,0.0,0.015385,-0.015385
rec_98ee702637c35a14,STU_220671,220671,SISWA_002,Kls 7_SISWA_001,2025-09-17,SEPTEMBER,Wednesday,TRUE,,NO_EXCEPTION_RECORDED,0,0,0,5,10,22,0.0,0.0,0.0,0,33,0.0,0,-1,0.0,0.015385,-0.015385
rec_ac39c22c28bc241a,STU_220671,220671,SISWA_002,Kls 7_SISWA_001,2025-09-18,SEPTEMBER,Thursday,TRUE,,NO_EXCEPTION_RECORDED,0,0,0,5,10,22,0.0,0.0,0.0,0,34,0.0,0,-1,0.0,0.015385,-0.015385
rec_5f2baebd87a6127e,STU_220671,220671,SISWA_002,Kls 7_SISWA_001,2025-09-19,SEPTEMBER,Friday,TRUE,,NO_EXCEPTION_RECORDED,0,0,0,5,10,22,0.0,0.0,0.0,0,35,0.0,0,-1,0.0,0.0,0.0
rec_0319408f23c31227,STU_220671,220671,SISWA_002,Kls 7_SISWA_001,2025-09-20,SEPTEMBER,Saturday,FALSE,,NO_EXCEPTION_RECORDED,0,0,0,5,10,22,0.0,0.0,0.0,0,36,0.0,0,-1,0.0,0.0,0.0
rec_bf05fcc7ae7eaf18,STU_220671,220671,SISWA_002,Kls 7_SISWA_001,2025-09-21,SEPTEMBER,Sunday,FALSE,,NO_EXCEPTION_RECORDED,0,0,0,5,10,21,0.0,0.0,0.0,0,36,0.0,0,-1,0.0,0.0,0.0
rec_f14ee4ef55da0ea5,STU_220671,220671,SISWA_002,Kls 7_SISWA_001,2025-09-22,SEPTEMBER,Monday,TRUE,,NO_EXCEPTION_RECORDED,0,0,0,5,10,20,0.0,0.0,0.0,0,36,0.0,0,-1,0.0,0.0,0.0
rec_f49ed3f76c25237d,STU_220671,220671,SISWA_002,Kls 7_SISWA_001,2025-09-23,SEPTEMBER,Tuesday,TRUE,,NO_EXCEPTION_RECORDED,0,0,0,5,10,21,0.0,0.0,0.0,0,37,0.0,0,-1,0.0,0.0,0.0
rec_f860001711ef3afe,STU_220671,220671,SISWA_002,Kls 7_SISWA_001,2025-09-24,SEPTEMBER,Wednesday,TRUE,,NO_EXCEPTION_RECORDED,0,0,0,5,10,22,0.0,0.0,0.0,0,38,0.0,0,-1,0.0,0.015385,-0.015385
rec_96e2ba5ac98548fc,STU_220671,220671,SISWA_002,Kls 7_SISWA_001,2025-09-25,SEPTEMBER,Thursday,TRUE,,NO_EXCEPTION_RECORDED,0,0,0,5,10,22,0.0,0.0,0.0,0,39,0.0,0,-1,0.0,0.046154,-0.046154
rec_d568826fa86f75b2,STU_220671,220671,SISWA_002,Kls 7_SISWA_001,2025-09-26,SEPTEMBER,Friday,TRUE,,NO_EXCEPTION_RECORDED,0,0,0,5,10,22,0.0,0.0,0.0,0,40,0.0,0,-1,0.0,0.061538,-0.061538
rec_dbbb5be76539ee30,STU_220671,220671,SISWA_002,Kls 7_SISWA_001,2025-09-27,SEPTEMBER,Saturday,FALSE,,NO_EXCEPTION_RECORDED,0,0,0,5,10,22,0.0,0.0,0.0,0,41,0.0,0,-1,0.0,0.061538,-0.061538
rec_d75c5b000a8fb633,STU_220671,220671,SISWA_002,Kls 7_SISWA_001,2025-09-28,SEPTEMBER,Sunday,FALSE,,NO_EXCEPTION_RECORDED,0,0,0,5,10,21,0.0,0.0,0.0,0,41,0.0,0,-1,0.0,0.061538,-0.061538
rec_28c9f4c568d1e2c7,STU_220671,220671,SISWA_002,Kls 7_SISWA_001,2025-09-29,SEPTEMBER,Monday,TRUE,,NO_EXCEPTION_RECORDED,0,0,0,5,10,20,0.0,0.0,0.0,0,41,0.0,0,-1,0.0,0.061538,-0.061538
rec_db682de472a8b4f7,STU_220671,220671,SISWA_002,Kls 7_SISWA_001,2025-09-30,SEPTEMBER,Tuesday,UNKNOWN,,NO_EXCEPTION_RECORDED,0,0,0,5,10,21,0.0,0.0,0.0,0,42,0.0,0,-1,0.0,0.076923,-0.076923
rec_647e773f55711889,STU_223921,223921,SISWA_004,Kls 7_SISWA_001,2025-08-01,AGUSTUS,Friday,UNKNOWN,,NO_EXCEPTION_RECORDED,0,0,0,0,0,0,0.0,0.0,0.0,0,0,0.0,0,-1,0.0,0.0,0.0
rec_5f5206f9adc3f729,STU_223921,223921,SISWA_004,Kls 7_SISWA_001,2025-08-02,AGUSTUS,Saturday,FALSE,,NO_EXCEPTION_RECORDED,0,0,0,1,1,1,0.0,0.0,0.0,0,1,0.0,0,-1,0.0,0.0,0.0
rec_ac6bc7d0859c8441,STU_223921,223921,SISWA_004,Kls 7_SISWA_001,2025-08-03,AGUSTUS,Sunday,FALSE,,NO_EXCEPTION_RECORDED,0,0,0,1,1,1,0.0,0.0,0.0,0,1,0.0,0,-1,0.0,0.0,0.0
rec_ba38c03bba324a89,STU_223921,223921,SISWA_004,Kls 7_SISWA_001,2025-08-04,AGUSTUS,Monday,UNKNOWN,,NO_EXCEPTION_RECORDED,0,0,0,1,1,1,0.0,0.0,0.0,0,1,0.0,0,-1,0.0,0.0,0.0
rec_ed6ac9c8e56272c4,STU_223921,223921,SISWA_004,Kls 7_SISWA_001,2025-08-05,AGUSTUS,Tuesday,TRUE,,NO_EXCEPTION_RECORDED,0,0,0,2,2,2,0.0,0.0,0.0,0,2,0.0,0,-1,0.0,0.0,0.0
rec_53ab02b264223761,STU_223921,223921,SISWA_004,Kls 7_SISWA_001,2025-08-06,AGUSTUS,Wednesday,UNKNOWN,,NO_EXCEPTION_RECORDED,0,0,0,3,3,3,0.0,0.0,0.0,0,3,0.0,0,-1,0.0,0.0,0.0
rec_d61035988aa00bd0,STU_223921,223921,SISWA_004,Kls 7_SISWA_001,2025-08-07,AGUSTUS,Thursday,TRUE,,NO_EXCEPTION_RECORDED,0,0,0,4,4,4,0.0,0.0,0.0,0,4,0.0,0,-1,0.0,0.0,0.0
rec_8a4442fa0ac9cb54,STU_223921,223921,SISWA_004,Kls 7_SISWA_001,2025-08-08,AGUSTUS,Friday,TRUE,,NO_EXCEPTION_RECORDED,0,0,0,5,5,5,0.0,0.0,0.0,0,5,0.0,0,-1,0.0,0.0,0.0
rec_0835cb87289f6059,STU_223921,223921,SISWA_004,Kls 7_SISWA_001,2025-08-09,AGUSTUS,Saturday,FALSE,,NO_EXCEPTION_RECORDED,0,0,0,5,6,6,0.0,0.0,0.0,0,6,0.0,0,-1,0.0,0.0,0.0
rec_ab2be28ea28a0166,STU_223921,223921,SISWA_004,Kls 7_SISWA_001,2025-08-10,AGUSTUS,Sunday,FALSE,,NO_EXCEPTION_RECORDED,0,0,0,5,6,6,0.0,0.0,0.0,0,6,0.0,0,-1,0.0,0.0,0.0
rec_eb31831d25c05dc6,STU_223921,223921,SISWA_004,Kls 7_SISWA_001,2025-08-11,AGUSTUS,Monday,TRUE,,NO_EXCEPTION_RECORDED,0,0,0,5,6,6,0.0,0.0,0.0,0,6,0.0,0,-1,0.0,0.0,0.0
rec_cff5f4cdbdf918ab,STU_223921,223921,SISWA_004,Kls 7_SISWA_001,2025-08-12,AGUSTUS,Tuesday,TRUE,,NO_EXCEPTION_RECORDED,0,0,0,5,7,7,0.0,0.0,0.0,0,7,0.0,0,-1,0.0,0.0,0.0
rec_e6a92ca38466d15b,STU_223921,223921,SISWA_004,Kls 7_SISWA_001,2025-08-13,AGUSTUS,Wednesday,TRUE,,NO_EXCEPTION_RECORDED,0,0,0,5,8,8,0.0,0.0,0.0,0,8,0.0,0,-1,0.0,0.015385,-0.015385
rec_1f914bbc15fc7026,STU_223921,223921,SISWA_004,Kls 7_SISWA_001,2025-08-14,AGUSTUS,Thursday,UNKNOWN,,NO_EXCEPTION_RECORDED,0,0,0,5,9,9,0.0,0.0,0.0,0,9,0.0,0,-1,0.0,0.015385,-0.015385
rec_bed7ad8481c591ee,STU_223921,223921,SISWA_004,Kls 7_SISWA_001,2025-08-15,AGUSTUS,Friday,UNKNOWN,,NO_EXCEPTION_RECORDED,0,0,0,5,10,10,0.0,0.0,0.0,0,10,0.0,0,-1,0.0,0.015385,-0.015385
rec_91505dd1de344204,STU_223921,223921,SISWA_004,Kls 7_SISWA_001,2025-08-16,AGUSTUS,Saturday,FALSE,,NO_EXCEPTION_RECORDED,0,0,0,5,10,11,0.0,0.0,0.0,0,11,0.0,0,-1,0.0,0.015385,-0.015385
rec_d4b035007eb4ce70,STU_223921,223921,SISWA_004,Kls 7_SISWA_001,2025-08-17,AGUSTUS,Sunday,FALSE,,NO_EXCEPTION_RECORDED,0,0,0,5,10,11,0.0,0.0,0.0,0,11,0.0,0,-1,0.0,0.015385,-0.015385
rec_41c18bc2bd1cf140,STU_223921,223921,SISWA_004,Kls 7_SISWA_001,2025-08-18,AGUSTUS,Monday,UNKNOWN,,NO_EXCEPTION_RECORDED,0,0,0,5,10,11,0.0,0.0,0.0,0,11,0.0,0,-1,0.0,0.015385,-0.015385
rec_f740073a45848a9b,STU_223921,223921,SISWA_004,Kls 7_SISWA_001,2025-08-19,AGUSTUS,Tuesday,TRUE,,NO_EXCEPTION_RECORDED,0,0,0,5,10,12,0.0,0.0,0.0,0,12,0.0,0,-1,0.0,0.015385,-0.015385
rec_0f7f01189c5ac069,STU_223921,223921,SISWA_004,Kls 7_SISWA_001,2025-08-20,AGUSTUS,Wednesday,TRUE,,NO_EXCEPTION_RECORDED,0,0,0,5,10,13,0.0,0.0,0.0,0,13,0.0,0,-1,0.0,0.0,0.0
rec_47db0bc6cab69a1c,STU_223921,223921,SISWA_004,Kls 7_SISWA_001,2025-08-21,AGUSTUS,Thursday,TRUE,,NO_EXCEPTION_RECORDED,0,0,0,5,10,14,0.0,0.0,0.0,0,14,0.0,0,-1,0.0,0.0,0.0
rec_49ae0b3a555b358b,STU_223921,223921,SISWA_004,Kls 7_SISWA_001,2025-08-22,AGUSTUS,Friday,UNKNOWN,,NO_EXCEPTION_RECORDED,0,0,0,5,10,15,0.0,0.0,0.0,0,15,0.0,0,-1,0.0,0.0,0.0
rec_fac4a5b0770be05c,STU_223921,223921,SISWA_004,Kls 7_SISWA_001,2025-08-23,AGUSTUS,Saturday,FALSE,,NO_EXCEPTION_RECORDED,0,0,0,5,10,16,0.0,0.0,0.0,0,16,0.0,0,-1,0.0,0.0,0.0
rec_917c5ce7caec4119,STU_223921,223921,SISWA_004,Kls 7_SISWA_001,2025-08-24,AGUSTUS,Sunday,FALSE,,NO_EXCEPTION_RECORDED,0,0,0,5,10,16,0.0,0.0,0.0,0,16,0.0,0,-1,0.0,0.0,0.0
rec_fcf320d6687eff17,STU_223921,223921,SISWA_004,Kls 7_SISWA_001,2025-08-25,AGUSTUS,Monday,TRUE,,NO_EXCEPTION_RECORDED,0,0,0,5,10,16,0.0,0.0,0.0,0,16,0.0,0,-1,0.0,0.0,0.0
rec_bcb622a40e964c5f,STU_223921,223921,SISWA_004,Kls 7_SISWA_001,2025-08-26,AGUSTUS,Tuesday,TRUE,,NO_EXCEPTION_RECORDED,0,0,0,5,10,17,0.0,0.0,0.0,0,17,0.0,0,-1,0.0,0.015385,-0.015385
rec_2f494d7b8a51e1aa,STU_223921,223921,SISWA_004,Kls 7_SISWA_001,2025-08-27,AGUSTUS,Wednesday,TRUE,,NO_EXCEPTION_RECORDED,0,0,0,5,10,18,0.0,0.0,0.0,0,18,0.0,0,-1,0.0,0.015385,-0.015385
rec_2b1d4808771ba3fc,STU_223921,223921,SISWA_004,Kls 7_SISWA_001,2025-08-28,AGUSTUS,Thursday,TRUE,,NO_EXCEPTION_RECORDED,0,0,0,5,10,19,0.0,0.0,0.0,0,19,0.0,0,-1,0.0,0.015385,-0.015385
rec_0917206762720de2,STU_223921,223921,SISWA_004,Kls 7_SISWA_001,2025-08-29,AGUSTUS,Friday,TRUE,,NO_EXCEPTION_RECORDED,0,0,0,5,10,20,0.0,0.0,0.0,0,20,0.0,0,-1,0.0,0.015385,-0.015385
rec_8564f0df410f3eaa,STU_223921,223921,SISWA_004,Kls 7_SISWA_001,2025-08-30,AGUSTUS,Saturday,FALSE,,NO_EXCEPTION_RECORDED,0,0,0,5,10,21,0.0,0.0,0.0,0,21,0.0,0,-1,0.0,0.015385,-0.015385
rec_7386d29bc80372b1,STU_223921,223921,SISWA_004,Kls 7_SISWA_001,2025-08-31,AGUSTUS,Sunday,FALSE,,NO_EXCEPTION_RECORDED,0,0,0,5,10,21,0.0,0.0,0.0,0,21,0.0,0,-1,0.0,0.015385,-0.015385
rec_ba19ee6d1627c640,STU_223921,223921,SISWA_004,Kls 7_SISWA_001,2025-09-01,SEPTEMBER,Monday,TRUE,,NO_EXCEPTION_RECORDED,0,0,0,5,10,20,0.0,0.0,0.0,0,21,0.0,0,-1,0.0,0.015385,-0.015385
rec_12ec98371b80278a,STU_223921,223921,SISWA_004,Kls 7_SISWA_001,2025-09-02,SEPTEMBER,Tuesday,TRUE,,NO_EXCEPTION_RECORDED,0,0,0,5,10,21,0.0,0.0,0.0,0,22,0.0,0,-1,0.0,0.0,0.0
rec_e9653fa700abebb0,STU_223921,223921,SISWA_004,Kls 7_SISWA_001,2025-09-03,SEPTEMBER,Wednesday,TRUE,,NO_EXCEPTION_RECORDED,0,0,0,5,10,22,0.0,0.0,0.0,0,23,0.0,0,-1,0.0,0.0,0.0
rec_34eccdaeb08ac4c1,STU_223921,223921,SISWA_004,Kls 7_SISWA_001,2025-09-04,SEPTEMBER,Thursday,TRUE,,NO_EXCEPTION_RECORDED,0,0,0,5,10,22,0.0,0.0,0.0,0,24,0.0,0,-1,0.0,0.0,0.0
rec_6bf655771c971b10,STU_223921,223921,SISWA_004,Kls 7_SISWA_001,2025-09-05,SEPTEMBER,Friday,UNKNOWN,,NO_EXCEPTION_RECORDED,0,0,0,5,10,22,0.0,0.0,0.0,0,25,0.0,0,-1,0.0,0.0,0.0
rec_3d41c7cdfd62c8c6,STU_223921,223921,SISWA_004,Kls 7_SISWA_001,2025-09-06,SEPTEMBER,Saturday,FALSE,,NO_EXCEPTION_RECORDED,0,0,0,5,10,22,0.0,0.0,0.0,0,26,0.0,0,-1,0.0,0.0,0.0
rec_170703993257d8b6,STU_223921,223921,SISWA_004,Kls 7_SISWA_001,2025-09-07,SEPTEMBER,Sunday,FALSE,,NO_EXCEPTION_RECORDED,0,0,0,5,10,21,0.0,0.0,0.0,0,26,0.0,0,-1,0.0,0.0,0.0
rec_07874182a4147324,STU_223921,223921,SISWA_004,Kls 7_SISWA_001,2025-09-08,SEPTEMBER,Monday,TRUE,,NO_EXCEPTION_RECORDED,0,0,0,5,10,20,0.0,0.0,0.0,0,26,0.0,0,-1,0.0,0.0,0.0
rec_b2829708a1341cae,STU_223921,223921,SISWA_004,Kls 7_SISWA_001,2025-09-09,SEPTEMBER,Tuesday,TRUE,,NO_EXCEPTION_RECORDED,0,0,0,5,10,21,0.0,0.0,0.0,0,27,0.0,0,-1,0.0,0.0,0.0
rec_143c17227154a79b,STU_223921,223921,SISWA_004,Kls 7_SISWA_001,2025-09-10,SEPTEMBER,Wednesday,TRUE,,NO_EXCEPTION_RECORDED,0,0,0,5,10,22,0.0,0.0,0.0,0,28,0.0,0,-1,0.0,0.0,0.0
rec_3910e2f4185caaea,STU_223921,223921,SISWA_004,Kls 7_SISWA_001,2025-09-11,SEPTEMBER,Thursday,TRUE,,NO_EXCEPTION_RECORDED,0,0,0,5,10,22,0.0,0.0,0.0,0,29,0.0,0,-1,0.0,0.0,0.0
rec_fc80922aac3b9eae,STU_223921,223921,SISWA_004,Kls 7_SISWA_001,2025-09-12,SEPTEMBER,Friday,TRUE,,NO_EXCEPTION_RECORDED,0,0,0,5,10,22,0.0,0.0,0.0,0,30,0.0,0,-1,0.0,0.015385,-0.015385
rec_c06520052ab72067,STU_223921,223921,SISWA_004,Kls 7_SISWA_001,2025-09-13,SEPTEMBER,Saturday,FALSE,,NO_EXCEPTION_RECORDED,0,0,0,5,10,22,0.0,0.0,0.0,0,31,0.0,0,-1,0.0,0.015385,-0.015385
rec_6167e8aead2090f3,STU_223921,223921,SISWA_004,Kls 7_SISWA_001,2025-09-14,SEPTEMBER,Sunday,FALSE,,NO_EXCEPTION_RECORDED,0,0,0,5,10,21,0.0,0.0,0.0,0,31,0.0,0,-1,0.0,0.015385,-0.015385
rec_7b81f716d12cf0af,STU_223921,223921,SISWA_004,Kls 7_SISWA_001,2025-09-15,SEPTEMBER,Monday,TRUE,,NO_EXCEPTION_RECORDED,0,0,0,5,10,20,0.0,0.0,0.0,0,31,0.0,0,-1,0.0,0.015385,-0.015385
rec_60e391cff81a0247,STU_223921,223921,SISWA_004,Kls 7_SISWA_001,2025-09-16,SEPTEMBER,Tuesday,TRUE,,NO_EXCEPTION_RECORDED,0,0,0,5,10,21,0.0,0.0,0.0,0,32,0.0,0,-1,0.0,0.015385,-0.015385
rec_c5b6fe88051db5af,STU_223921,223921,SISWA_004,Kls 7_SISWA_001,2025-09-17,SEPTEMBER,Wednesday,TRUE,,NO_EXCEPTION_RECORDED,0,0,0,5,10,22,0.0,0.0,0.0,0,33,0.0,0,-1,0.0,0.015385,-0.015385
rec_ba527f542525b142,STU_223921,223921,SISWA_004,Kls 7_SISWA_001,2025-09-18,SEPTEMBER,Thursday,TRUE,,NO_EXCEPTION_RECORDED,0,0,0,5,10,22,0.0,0.0,0.0,0,34,0.0,0,-1,0.0,0.015385,-0.015385
rec_de049947298aa51b,STU_223921,223921,SISWA_004,Kls 7_SISWA_001,2025-09-19,SEPTEMBER,Friday,TRUE,,NO_EXCEPTION_RECORDED,0,0,0,5,10,22,0.0,0.0,0.0,0,35,0.0,0,-1,0.0,0.0,0.0
rec_5275018c62dd7b0d,STU_223921,223921,SISWA_004,Kls 7_SISWA_001,2025-09-20,SEPTEMBER,Saturday,FALSE,,NO_EXCEPTION_RECORDED,0,0,0,5,10,22,0.0,0.0,0.0,0,36,0.0,0,-1,0.0,0.0,0.0
rec_200e91a519261fd4,STU_223921,223921,SISWA_004,Kls 7_SISWA_001,2025-09-21,SEPTEMBER,Sunday,FALSE,,NO_EXCEPTION_RECORDED,0,0,0,5,10,21,0.0,0.0,0.0,0,36,0.0,0,-1,0.0,0.0,0.0
rec_23a4278ddf664282,STU_223921,223921,SISWA_004,Kls 7_SISWA_001,2025-09-22,SEPTEMBER,Monday,TRUE,,NO_EXCEPTION_RECORDED,0,0,0,5,10,20,0.0,0.0,0.0,0,36,0.0,0,-1,0.0,0.0,0.0
rec_24b1f5ed475786f1,STU_223921,223921,SISWA_004,Kls 7_SISWA_001,2025-09-23,SEPTEMBER,Tuesday,TRUE,,NO_EXCEPTION_RECORDED,0,0,0,5,10,21,0.0,0.0,0.0,0,37,0.0,0,-1,0.0,0.0,0.0
rec_fc8a61fd505b33f4,STU_223921,223921,SISWA_004,Kls 7_SISWA_001,2025-09-24,SEPTEMBER,Wednesday,TRUE,,NO_EXCEPTION_RECORDED,0,0,0,5,10,22,0.0,0.0,0.0,0,38,0.0,0,-1,0.0,0.015385,-0.015385
rec_514574fad7bec4f8,STU_223921,223921,SISWA_004,Kls 7_SISWA_001,2025-09-25,SEPTEMBER,Thursday,TRUE,,NO_EXCEPTION_RECORDED,0,0,0,5,10,22,0.0,0.0,0.0,0,39,0.0,0,-1,0.0,0.046154,-0.046154
rec_12e8897ef973b261,STU_223921,223921,SISWA_004,Kls 7_SISWA_001,2025-09-26,SEPTEMBER,Friday,TRUE,,NO_EXCEPTION_RECORDED,0,0,0,5,10,22,0.0,0.0,0.0,0,40,0.0,0,-1,0.0,0.061538,-0.061538
rec_0625b3325ee782f0,STU_223921,223921,SISWA_004,Kls 7_SISWA_001,2025-09-27,SEPTEMBER,Saturday,FALSE,,NO_EXCEPTION_RECORDED,0,0,0,5,10,22,0.0,0.0,0.0,0,41,0.0,0,-1,0.0,0.061538,-0.061538
rec_b6d24a680074c2ce,STU_223921,223921,SISWA_004,Kls 7_SISWA_001,2025-09-28,SEPTEMBER,Sunday,FALSE,,NO_EXCEPTION_RECORDED,0,0,0,5,10,21,0.0,0.0,0.0,0,41,0.0,0,-1,0.0,0.061538,-0.061538
rec_d0b81e45ecd560e3,STU_223921,223921,SISWA_004,Kls 7_SISWA_001,2025-09-29,SEPTEMBER,Monday,TRUE,,NO_EXCEPTION_RECORDED,0,0,0,5,10,20,0.0,0.0,0.0,0,41,0.0,0,-1,0.0,0.061538,-0.061538
rec_81b0629b95ee15bb,STU_223921,223921,SISWA_004,Kls 7_SISWA_001,2025-09-30,SEPTEMBER,Tuesday,UNKNOWN,,NO_EXCEPTION_RECORDED,0,0,0,5,10,21,0.0,0.0,0.0,0,42,0.0,0,-1,0.0,0.076923,-0.076923
rec_dd16810a76b2934e,STU_225779,225779,SISWA_089,Kls 9_SISWA_085,2025-08-01,AGUSTUS,Friday,UNKNOWN,,NO_EXCEPTION_RECORDED,0,0,0,0,0,0,0.0,0.0,0.0,0,0,0.0,0,-1,0.0,0.0,0.0
rec_eb3fff5180f1bc4d,STU_225779,225779,SISWA_089,Kls 9_SISWA_085,2025-08-02,AGUSTUS,Saturday,FALSE,,NO_EXCEPTION_RECORDED,0,0,0,1,1,1,0.0,0.0,0.0,0,1,0.0,0,-1,0.0,0.0,0.0
rec_7156587aaa08249d,STU_225779,225779,SISWA_089,Kls 9_SISWA_085,2025-08-03,AGUSTUS,Sunday,FALSE,,NO_EXCEPTION_RECORDED,0,0,0,1,1,1,0.0,0.0,0.0,0,1,0.0,0,-1,0.0,0.0,0.0
rec_4d7d468a4003e175,STU_225779,225779,SISWA_089,Kls 9_SISWA_085,2025-08-04,AGUSTUS,Monday,UNKNOWN,,NO_EXCEPTION_RECORDED,0,0,0,1,1,1,0.0,0.0,0.0,0,1,0.0,0,-1,0.0,0.0,0.0
rec_d19382bcc54be3bf,STU_225779,225779,SISWA_089,Kls 9_SISWA_085,2025-08-05,AGUSTUS,Tuesday,TRUE,,NO_EXCEPTION_RECORDED,0,0,0,2,2,2,0.0,0.0,0.0,0,2,0.0,0,-1,0.0,0.0,0.0
rec_3725900b48b97fa3,STU_225779,225779,SISWA_089,Kls 9_SISWA_085,2025-08-06,AGUSTUS,Wednesday,UNKNOWN,,NO_EXCEPTION_RECORDED,0,0,0,3,3,3,0.0,0.0,0.0,0,3,0.0,0,-1,0.0,0.033333,-0.033333
rec_e29ac94383228b48,STU_225779,225779,SISWA_089,Kls 9_SISWA_085,2025-08-07,AGUSTUS,Thursday,TRUE,a,SOURCE_MARK_A,0,0,0,4,4,4,0.0,0.0,0.0,0,4,0.0,0,-1,0.0,0.025,-0.025
rec_683dc058b24c0102,STU_225779,225779,SISWA_089,Kls 9_SISWA_085,2025-08-08,AGUSTUS,Friday,TRUE,i,SOURCE_MARK_I,1,1,1,5,5,5,0.2,0.2,0.2,1,5,0.2,1,1,0.0,0.02,0.18
rec_81f6fd8de38d6d21,STU_225779,225779,SISWA_089,Kls 9_SISWA_085,2025-08-09,AGUSTUS,Saturday,FALSE,,NO_EXCEPTION_RECORDED,2,2,2,5,6,6,0.4,0.333333,0.333333,2,6,0.333333,2,1,0.066667,0.02,0.38
rec_0033a2994011d25a,STU_225779,225779,SISWA_089,Kls 9_SISWA_085,2025-08-10,AGUSTUS,Sunday,FALSE,,NO_EXCEPTION_RECORDED,2,2,2,5,6,6,0.4,0.333333,0.333333,2,6,0.333333,2,2,0.066667,0.02,0.38
rec_c697f1855dafd726,STU_225779,225779,SISWA_089,Kls 9_SISWA_085,2025-08-11,AGUSTUS,Monday,TRUE,,NO_EXCEPTION_RECORDED,2,2,2,5,6,6,0.4,0.333333,0.333333,2,6,0.333333,2,3,0.066667,0.02,0.38
rec_c314af5046db6f26,STU_225779,225779,SISWA_089,Kls 9_SISWA_085,2025-08-12,AGUSTUS,Tuesday,TRUE,,NO_EXCEPTION_RECORDED,2,2,2,5,7,7,0.4,0.285714,0.285714,2,7,0.285714,0,4,0.114286,0.02,0.38
rec_d8a7dc4fcc15f146,STU_225779,225779,SISWA_089,Kls 9_SISWA_085,2025-08-13,AGUSTUS,Wednesday,TRUE,,NO_EXCEPTION_RECORDED,2,2,2,5,8,8,0.4,0.25,0.25,2,8,0.25,0,5,0.15,0.0,0.4
rec_82b0e55c67aae19d,STU_225779,225779,SISWA_089,Kls 9_SISWA_085,2025-08-14,AGUSTUS,Thursday,UNKNOWN,,NO_EXCEPTION_RECORDED,2,2,2,5,9,9,0.4,0.222222,0.222222,2,9,0.222222,0,6,0.177778,0.0,0.4
rec_1920f032fd674163,STU_225779,225779,SISWA_089,Kls 9_SISWA_085,2025-08-15,AGUSTUS,Friday,UNKNOWN,,NO_EXCEPTION_RECORDED,1,2,2,5,10,10,0.2,0.2,0.2,2,10,0.2,0,7,0.0,0.0,0.2
rec_8faf9ca6309238f3,STU_225779,225779,SISWA_089,Kls 9_SISWA_085,2025-08-16,AGUSTUS,Saturday,FALSE,,NO_EXCEPTION_RECORDED,0,2,2,5,10,11,0.0,0.2,0.181818,2,11,0.181818,0,8,-0.181818,0.0,0.0
rec_6b26db171fc53245,STU_225779,225779,SISWA_089,Kls 9_SISWA_085,2025-08-17,AGUSTUS,Sunday,FALSE,,NO_EXCEPTION_RECORDED,0,2,2,5,10,11,0.0,0.2,0.181818,2,11,0.181818,0,9,-0.181818,0.0,0.0
rec_149c6cbe830cd80f,STU_225779,225779,SISWA_089,Kls 9_SISWA_085,2025-08-18,AGUSTUS,Monday,UNKNOWN,,NO_EXCEPTION_RECORDED,0,2,2,5,10,11,0.0,0.2,0.181818,2,11,0.181818,0,10,-0.181818,0.0,0.0
rec_12f58c08cf5a64f1,STU_225779,225779,SISWA_089,Kls 9_SISWA_085,2025-08-19,AGUSTUS,Tuesday,TRUE,,NO_EXCEPTION_RECORDED,0,2,2,5,10,12,0.0,0.2,0.166667,2,12,0.166667,0,11,-0.166667,0.0,0.0
rec_5408040f52be7480,STU_225779,225779,SISWA_089,Kls 9_SISWA_085,2025-08-20,AGUSTUS,Wednesday,TRUE,,NO_EXCEPTION_RECORDED,0,2,2,5,10,13,0.0,0.2,0.153846,2,13,0.153846,0,12,-0.153846,0.0,0.0
rec_6676da18970ff7bf,STU_225779,225779,SISWA_089,Kls 9_SISWA_085,2025-08-21,AGUSTUS,Thursday,TRUE,,NO_EXCEPTION_RECORDED,0,2,2,5,10,14,0.0,0.2,0.142857,2,14,0.142857,0,13,-0.142857,0.0,0.0
rec_de77124b47393224,STU_225779,225779,SISWA_089,Kls 9_SISWA_085,2025-08-22,AGUSTUS,Friday,UNKNOWN,,NO_EXCEPTION_RECORDED,0,1,2,5,10,15,0.0,0.1,0.133333,2,15,0.133333,0,14,-0.133333,0.04,-0.04
rec_4857a6c71d9313bf,STU_225779,225779,SISWA_089,Kls 9_SISWA_085,2025-08-23,AGUSTUS,Saturday,FALSE,,NO_EXCEPTION_RECORDED,0,0,2,5,10,16,0.0,0.0,0.125,2,16,0.125,0,15,-0.125,0.04,-0.04
rec_0fe264eae9b050e8,STU_225779,225779,SISWA_089,Kls 9_SISWA_085,2025-08-24,AGUSTUS,Sunday,FALSE,,NO_EXCEPTION_RECORDED,0,0,2,5,10,16,0.0,0.0,0.125,2,16,0.125,0,16,-0.125,0.04,-0.04
rec_cc2ff3781a7e3409,STU_225779,225779,SISWA_089,Kls 9_SISWA_085,2025-08-25,AGUSTUS,Monday,TRUE,,NO_EXCEPTION_RECORDED,0,0,2,5,10,16,0.0,0.0,0.125,2,16,0.125,0,17,-0.125,0.04,-0.04
rec_518537fc1838060a,STU_225779,225779,SISWA_089,Kls 9_SISWA_085,2025-08-26,AGUSTUS,Tuesday,TRUE,,NO_EXCEPTION_RECORDED,0,0,2,5,10,17,0.0,0.0,0.117647,2,17,0.117647,0,18,-0.117647,0.04,-0.04
rec_dc25207756a3a4ec,STU_225779,225779,SISWA_089,Kls 9_SISWA_085,2025-08-27,AGUSTUS,Wednesday,TRUE,,NO_EXCEPTION_RECORDED,0,0,2,5,10,18,0.0,0.0,0.111111,2,18,0.111111,0,19,-0.111111,0.04,-0.04
rec_95ab2f673986eee5,STU_225779,225779,SISWA_089,Kls 9_SISWA_085,2025-08-28,AGUSTUS,Thursday,TRUE,,NO_EXCEPTION_RECORDED,0,0,2,5,10,19,0.0,0.0,0.105263,2,19,0.105263,0,20,-0.105263,0.04,-0.04
rec_c12021368b2c7747,STU_225779,225779,SISWA_089,Kls 9_SISWA_085,2025-08-29,AGUSTUS,Friday,TRUE,,NO_EXCEPTION_RECORDED,0,0,2,5,10,20,0.0,0.0,0.1,2,20,0.1,0,21,-0.1,0.0,0.0
rec_3f6825bc2eead830,STU_225779,225779,SISWA_089,Kls 9_SISWA_085,2025-08-30,AGUSTUS,Saturday,FALSE,,NO_EXCEPTION_RECORDED,0,0,2,5,10,21,0.0,0.0,0.095238,2,21,0.095238,0,22,-0.095238,0.0,0.0
rec_908110219322d8ee,STU_225779,225779,SISWA_089,Kls 9_SISWA_085,2025-08-31,AGUSTUS,Sunday,FALSE,,NO_EXCEPTION_RECORDED,0,0,2,5,10,21,0.0,0.0,0.095238,2,21,0.095238,0,23,-0.095238,0.0,0.0
rec_cca1844e792145c7,STU_240320,240320,SISWA_050,Kls 8_SISWA_032,2025-08-01,AGUSTUS,Friday,UNKNOWN,,NO_EXCEPTION_RECORDED,0,0,0,0,0,0,0.0,0.0,0.0,0,0,0.0,0,-1,0.0,0.0,0.0
rec_d83418a2c51a5290,STU_240320,240320,SISWA_050,Kls 8_SISWA_032,2025-08-02,AGUSTUS,Saturday,FALSE,,NO_EXCEPTION_RECORDED,0,0,0,1,1,1,0.0,0.0,0.0,0,1,0.0,0,-1,0.0,0.0,0.0
rec_5356f02ef0bf4470,STU_240320,240320,SISWA_050,Kls 8_SISWA_032,2025-08-03,AGUSTUS,Sunday,FALSE,,NO_EXCEPTION_RECORDED,0,0,0,1,1,1,0.0,0.0,0.0,0,1,0.0,0,-1,0.0,0.0,0.0
rec_41bd84fff9e62b27,STU_240320,240320,SISWA_050,Kls 8_SISWA_032,2025-08-04,AGUSTUS,Monday,UNKNOWN,,NO_EXCEPTION_RECORDED,0,0,0,1,1,1,0.0,0.0,0.0,0,1,0.0,0,-1,0.0,0.0,0.0
rec_20d920e338dbd4cf,STU_240320,240320,SISWA_050,Kls 8_SISWA_032,2025-08-05,AGUSTUS,Tuesday,TRUE,,NO_EXCEPTION_RECORDED,0,0,0,2,2,2,0.0,0.0,0.0,0,2,0.0,0,-1,0.0,0.0,0.0
rec_3328682d4ed41e16,STU_240320,240320,SISWA_050,Kls 8_SISWA_032,2025-08-06,AGUSTUS,Wednesday,UNKNOWN,,NO_EXCEPTION_RECORDED,0,0,0,3,3,3,0.0,0.0,0.0,0,3,0.0,0,-1,0.0,0.0,0.0
rec_59b3fd55bc0c3669,STU_240320,240320,SISWA_050,Kls 8_SISWA_032,2025-08-07,AGUSTUS,Thursday,TRUE,,NO_EXCEPTION_RECORDED,0,0,0,4,4,4,0.0,0.0,0.0,0,4,0.0,0,-1,0.0,0.0,0.0
rec_a2f26d6bd5998a35,STU_240320,240320,SISWA_050,Kls 8_SISWA_032,2025-08-08,AGUSTUS,Friday,TRUE,,NO_EXCEPTION_RECORDED,0,0,0,5,5,5,0.0,0.0,0.0,0,5,0.0,0,-1,0.0,0.0,0.0
rec_bf15f34523bc8977,STU_240320,240320,SISWA_050,Kls 8_SISWA_032,2025-08-09,AGUSTUS,Saturday,FALSE,,NO_EXCEPTION_RECORDED,0,0,0,5,6,6,0.0,0.0,0.0,0,6,0.0,0,-1,0.0,0.0,0.0
rec_4979b5dbfd308a77,STU_240320,240320,SISWA_050,Kls 8_SISWA_032,2025-08-10,AGUSTUS,Sunday,FALSE,,NO_EXCEPTION_RECORDED,0,0,0,5,6,6,0.0,0.0,0.0,0,6,0.0,0,-1,0.0,0.0,0.0
rec_a8b18c7c277b05aa,STU_240320,240320,SISWA_050,Kls 8_SISWA_032,2025-08-11,AGUSTUS,Monday,TRUE,,NO_EXCEPTION_RECORDED,0,0,0,5,6,6,0.0,0.0,0.0,0,6,0.0,0,-1,0.0,0.0,0.0
rec_71ec3c661b62c995,STU_240320,240320,SISWA_050,Kls 8_SISWA_032,2025-08-12,AGUSTUS,Tuesday,TRUE,,NO_EXCEPTION_RECORDED,0,0,0,5,7,7,0.0,0.0,0.0,0,7,0.0,0,-1,0.0,0.011111,-0.011111
rec_4e7260fc841ba778,STU_240320,240320,SISWA_050,Kls 8_SISWA_032,2025-08-13,AGUSTUS,Wednesday,TRUE,,NO_EXCEPTION_RECORDED,0,0,0,5,8,8,0.0,0.0,0.0,0,8,0.0,0,-1,0.0,0.011111,-0.011111
rec_46a42cf0a3acecee,STU_240320,240320,SISWA_050,Kls 8_SISWA_032,2025-08-14,AGUSTUS,Thursday,UNKNOWN,,NO_EXCEPTION_RECORDED,0,0,0,5,9,9,0.0,0.0,0.0,0,9,0.0,0,-1,0.0,0.011111,-0.011111
rec_8ca9f0695f371e9b,STU_240320,240320,SISWA_050,Kls 8_SISWA_032,2025-08-15,AGUSTUS,Friday,UNKNOWN,,NO_EXCEPTION_RECORDED,0,0,0,5,10,10,0.0,0.0,0.0,0,10,0.0,0,-1,0.0,0.011111,-0.011111
rec_3243eff1636753f9,STU_240320,240320,SISWA_050,Kls 8_SISWA_032,2025-08-16,AGUSTUS,Saturday,FALSE,,NO_EXCEPTION_RECORDED,0,0,0,5,10,11,0.0,0.0,0.0,0,11,0.0,0,-1,0.0,0.011111,-0.011111
rec_aea844fef99645fe,STU_240320,240320,SISWA_050,Kls 8_SISWA_032,2025-08-17,AGUSTUS,Sunday,FALSE,,NO_EXCEPTION_RECORDED,0,0,0,5,10,11,0.0,0.0,0.0,0,11,0.0,0,-1,0.0,0.011111,-0.011111
rec_25fc17c2cc9f7a90,STU_240320,240320,SISWA_050,Kls 8_SISWA_032,2025-08-18,AGUSTUS,Monday,UNKNOWN,,NO_EXCEPTION_RECORDED,0,0,0,5,10,11,0.0,0.0,0.0,0,11,0.0,0,-1,0.0,0.011111,-0.011111
rec_180cba653622026a,STU_240320,240320,SISWA_050,Kls 8_SISWA_032,2025-08-19,AGUSTUS,Tuesday,TRUE,,NO_EXCEPTION_RECORDED,0,0,0,5,10,12,0.0,0.0,0.0,0,12,0.0,0,-1,0.0,0.0,0.0
rec_8cb8de6592aa6c79,STU_240320,240320,SISWA_050,Kls 8_SISWA_032,2025-08-20,AGUSTUS,Wednesday,TRUE,,NO_EXCEPTION_RECORDED,0,0,0,5,10,13,0.0,0.0,0.0,0,13,0.0,0,-1,0.0,0.011111,-0.011111
rec_950ca65e3efff927,STU_240320,240320,SISWA_050,Kls 8_SISWA_032,2025-08-21,AGUSTUS,Thursday,TRUE,,NO_EXCEPTION_RECORDED,0,0,0,5,10,14,0.0,0.0,0.0,0,14,0.0,0,-1,0.0,0.011111,-0.011111
rec_e17a7c39df89652b,STU_240320,240320,SISWA_050,Kls 8_SISWA_032,2025-08-22,AGUSTUS,Friday,UNKNOWN,,NO_EXCEPTION_RECORDED,0,0,0,5,10,15,0.0,0.0,0.0,0,15,0.0,0,-1,0.0,0.011111,-0.011111
rec_918728102f25e6a0,STU_240320,240320,SISWA_050,Kls 8_SISWA_032,2025-08-23,AGUSTUS,Saturday,FALSE,,NO_EXCEPTION_RECORDED,0,0,0,5,10,16,0.0,0.0,0.0,0,16,0.0,0,-1,0.0,0.011111,-0.011111
rec_b349364fae77e66d,STU_240320,240320,SISWA_050,Kls 8_SISWA_032,2025-08-24,AGUSTUS,Sunday,FALSE,,NO_EXCEPTION_RECORDED,0,0,0,5,10,16,0.0,0.0,0.0,0,16,0.0,0,-1,0.0,0.011111,-0.011111
rec_bbd1205c43b88186,STU_240320,240320,SISWA_050,Kls 8_SISWA_032,2025-08-25,AGUSTUS,Monday,TRUE,,NO_EXCEPTION_RECORDED,0,0,0,5,10,16,0.0,0.0,0.0,0,16,0.0,0,-1,0.0,0.011111,-0.011111
rec_e18e4ca30a59adc4,STU_240320,240320,SISWA_050,Kls 8_SISWA_032,2025-08-26,AGUSTUS,Tuesday,TRUE,,NO_EXCEPTION_RECORDED,0,0,0,5,10,17,0.0,0.0,0.0,0,17,0.0,0,-1,0.0,0.011111,-0.011111
rec_c6b149911ef0cc0e,STU_240320,240320,SISWA_050,Kls 8_SISWA_032,2025-08-27,AGUSTUS,Wednesday,TRUE,,NO_EXCEPTION_RECORDED,0,0,0,5,10,18,0.0,0.0,0.0,0,18,0.0,0,-1,0.0,0.011111,-0.011111
rec_eb8d89df67d706c5,STU_240320,240320,SISWA_050,Kls 8_SISWA_032,2025-08-28,AGUSTUS,Thursday,TRUE,,NO_EXCEPTION_RECORDED,0,0,0,5,10,19,0.0,0.0,0.0,0,19,0.0,0,-1,0.0,0.011111,-0.011111
rec_a3b5b547af2b9bc8,STU_240320,240320,SISWA_050,Kls 8_SISWA_032,2025-08-29,AGUSTUS,Friday,TRUE,,NO_EXCEPTION_RECORDED,0,0,0,5,10,20,0.0,0.0,0.0,0,20,0.0,0,-1,0.0,0.022222,-0.022222
rec_c930a7da4978efcc,STU_240320,240320,SISWA_050,Kls 8_SISWA_032,2025-08-30,AGUSTUS,Saturday,FALSE,,NO_EXCEPTION_RECORDED,0,0,0,5,10,21,0.0,0.0,0.0,0,21,0.0,0,-1,0.0,0.022222,-0.022222
rec_cdce25cf3d691f93,STU_240320,240320,SISWA_050,Kls 8_SISWA_032,2025-08-31,AGUSTUS,Sunday,FALSE,,NO_EXCEPTION_RECORDED,0,0,0,5,10,21,0.0,0.0,0.0,0,21,0.0,0,-1,0.0,0.022222,-0.022222
rec_21c07774326c8659,STU_240320,240320,SISWA_050,Kls 8_SISWA_032,2025-09-01,SEPTEMBER,Monday,TRUE,,NO_EXCEPTION_RECORDED,0,0,0,5,10,20,0.0,0.0,0.0,0,21,0.0,0,-1,0.0,0.022222,-0.022222
rec_680230e6a9b1ba71,STU_240320,240320,SISWA_050,Kls 8_SISWA_032,2025-09-02,SEPTEMBER,Tuesday,TRUE,,NO_EXCEPTION_RECORDED,0,0,0,5,10,21,0.0,0.0,0.0,0,22,0.0,0,-1,0.0,0.022222,-0.022222
rec_1f3cdc5b409a8820,STU_240320,240320,SISWA_050,Kls 8_SISWA_032,2025-09-03,SEPTEMBER,Wednesday,TRUE,,NO_EXCEPTION_RECORDED,0,0,0,5,10,22,0.0,0.0,0.0,0,23,0.0,0,-1,0.0,0.011111,-0.011111
rec_f8d901b15de01464,STU_240320,240320,SISWA_050,Kls 8_SISWA_032,2025-09-04,SEPTEMBER,Thursday,TRUE,,NO_EXCEPTION_RECORDED,0,0,0,5,10,22,0.0,0.0,0.0,0,24,0.0,0,-1,0.0,0.011111,-0.011111
rec_1df0682dc97933bb,STU_240320,240320,SISWA_050,Kls 8_SISWA_032,2025-09-05,SEPTEMBER,Friday,UNKNOWN,,NO_EXCEPTION_RECORDED,0,0,0,5,10,22,0.0,0.0,0.0,0,25,0.0,0,-1,0.0,0.0,0.0
rec_1ca5e6206a9715b6,STU_240320,240320,SISWA_050,Kls 8_SISWA_032,2025-09-06,SEPTEMBER,Saturday,FALSE,,NO_EXCEPTION_RECORDED,0,0,0,5,10,22,0.0,0.0,0.0,0,26,0.0,0,-1,0.0,0.0,0.0
rec_e698782eaf81e2bf,STU_240320,240320,SISWA_050,Kls 8_SISWA_032,2025-09-07,SEPTEMBER,Sunday,FALSE,,NO_EXCEPTION_RECORDED,0,0,0,5,10,21,0.0,0.0,0.0,0,26,0.0,0,-1,0.0,0.0,0.0
rec_546d52914c4fb197,STU_240320,240320,SISWA_050,Kls 8_SISWA_032,2025-09-08,SEPTEMBER,Monday,TRUE,,NO_EXCEPTION_RECORDED,0,0,0,5,10,20,0.0,0.0,0.0,0,26,0.0,0,-1,0.0,0.0,0.0
rec_94dd532b2a05e3d3,STU_240320,240320,SISWA_050,Kls 8_SISWA_032,2025-09-09,SEPTEMBER,Tuesday,TRUE,,NO_EXCEPTION_RECORDED,0,0,0,5,10,21,0.0,0.0,0.0,0,27,0.0,0,-1,0.0,0.0,0.0
rec_a665bf8b5b638031,STU_240320,240320,SISWA_050,Kls 8_SISWA_032,2025-09-10,SEPTEMBER,Wednesday,TRUE,,NO_EXCEPTION_RECORDED,0,0,0,5,10,22,0.0,0.0,0.0,0,28,0.0,0,-1,0.0,0.0,0.0
rec_7989c94db6c218de,STU_240320,240320,SISWA_050,Kls 8_SISWA_032,2025-09-11,SEPTEMBER,Thursday,TRUE,,NO_EXCEPTION_RECORDED,0,0,0,5,10,22,0.0,0.0,0.0,0,29,0.0,0,-1,0.0,0.011111,-0.011111
rec_fd098f94ecf82e6f,STU_240320,240320,SISWA_050,Kls 8_SISWA_032,2025-09-12,SEPTEMBER,Friday,TRUE,,NO_EXCEPTION_RECORDED,0,0,0,5,10,22,0.0,0.0,0.0,0,30,0.0,0,-1,0.0,0.011111,-0.011111
rec_ca5aef494fee95da,STU_240320,240320,SISWA_050,Kls 8_SISWA_032,2025-09-13,SEPTEMBER,Saturday,FALSE,,NO_EXCEPTION_RECORDED,0,0,0,5,10,22,0.0,0.0,0.0,0,31,0.0,0,-1,0.0,0.022222,-0.022222
rec_3089d20732a56f78,STU_240320,240320,SISWA_050,Kls 8_SISWA_032,2025-09-14,SEPTEMBER,Sunday,FALSE,,NO_EXCEPTION_RECORDED,0,0,0,5,10,21,0.0,0.0,0.0,0,31,0.0,0,-1,0.0,0.022222,-0.022222
rec_c16d8badeec8746d,STU_240320,240320,SISWA_050,Kls 8_SISWA_032,2025-09-15,SEPTEMBER,Monday,TRUE,s,SOURCE_MARK_S,0,0,0,5,10,20,0.0,0.0,0.0,0,31,0.0,0,-1,0.0,0.022222,-0.022222
rec_fb615b828ec0719a,STU_240320,240320,SISWA_050,Kls 8_SISWA_032,2025-09-16,SEPTEMBER,Tuesday,TRUE,,NO_EXCEPTION_RECORDED,1,1,1,5,10,21,0.2,0.1,0.047619,1,32,0.03125,1,1,0.16875,0.033333,0.166667
rec_b8628103c674d243,STU_240320,240320,SISWA_050,Kls 8_SISWA_032,2025-09-17,SEPTEMBER,Wednesday,TRUE,,NO_EXCEPTION_RECORDED,1,1,1,5,10,22,0.2,0.1,0.045455,1,33,0.030303,0,2,0.169697,0.044444,0.155556
rec_5ba1947a1f8e0785,STU_240320,240320,SISWA_050,Kls 8_SISWA_032,2025-09-18,SEPTEMBER,Thursday,TRUE,,NO_EXCEPTION_RECORDED,1,1,1,5,10,22,0.2,0.1,0.045455,1,34,0.029412,0,3,0.170588,0.033333,0.166667
rec_219aba4f828981f9,STU_240320,240320,SISWA_050,Kls 8_SISWA_032,2025-09-19,SEPTEMBER,Friday,TRUE,,NO_EXCEPTION_RECORDED,1,1,1,5,10,22,0.2,0.1,0.045455,1,35,0.028571,0,4,0.171429,0.033333,0.166667
rec_b119907f977ec911,STU_240320,240320,SISWA_050,Kls 8_SISWA_032,2025-09-20,SEPTEMBER,Saturday,FALSE,,NO_EXCEPTION_RECORDED,1,1,1,5,10,22,0.2,0.1,0.045455,1,36,0.027778,0,5,0.172222,0.022222,0.177778
rec_4c9bbe41eda4ae2a,STU_240320,240320,SISWA_050,Kls 8_SISWA_032,2025-09-21,SEPTEMBER,Sunday,FALSE,,NO_EXCEPTION_RECORDED,1,1,1,5,10,21,0.2,0.1,0.047619,1,36,0.027778,0,6,0.172222,0.022222,0.177778
rec_2d4fbd084d9cb763,STU_240320,240320,SISWA_050,Kls 8_SISWA_032,2025-09-22,SEPTEMBER,Monday,TRUE,,NO_EXCEPTION_RECORDED,1,1,1,5,10,20,0.2,0.1,0.05,1,36,0.027778,0,7,0.172222,0.022222,0.177778
rec_e5abfbc0ec96f4bc,STU_240320,240320,SISWA_050,Kls 8_SISWA_032,2025-09-23,SEPTEMBER,Tuesday,TRUE,,NO_EXCEPTION_RECORDED,0,1,1,5,10,21,0.0,0.1,0.047619,1,37,0.027027,0,8,-0.027027,0.011111,-0.011111
rec_1e6c9892c579058c,STU_240320,240320,SISWA_050,Kls 8_SISWA_032,2025-09-24,SEPTEMBER,Wednesday,TRUE,,NO_EXCEPTION_RECORDED,0,1,1,5,10,22,0.0,0.1,0.045455,1,38,0.026316,0,9,-0.026316,0.0,0.0
rec_7b225f3c0fbad48d,STU_240320,240320,SISWA_050,Kls 8_SISWA_032,2025-09-25,SEPTEMBER,Thursday,TRUE,,NO_EXCEPTION_RECORDED,0,1,1,5,10,22,0.0,0.1,0.045455,1,39,0.025641,0,10,-0.025641,0.0,0.0
rec_5bd07e460f3a725c,STU_240320,240320,SISWA_050,Kls 8_SISWA_032,2025-09-26,SEPTEMBER,Friday,TRUE,,NO_EXCEPTION_RECORDED,0,1,1,5,10,22,0.0,0.1,0.045455,1,40,0.025,0,11,-0.025,0.0,0.0
rec_cd47d659ca2719b1,STU_240320,240320,SISWA_050,Kls 8_SISWA_032,2025-09-27,SEPTEMBER,Saturday,FALSE,,NO_EXCEPTION_RECORDED,0,1,1,5,10,22,0.0,0.1,0.045455,1,41,0.02439,0,12,-0.02439,0.011111,-0.011111
rec_b55a6e07c7438f76,STU_240320,240320,SISWA_050,Kls 8_SISWA_032,2025-09-28,SEPTEMBER,Sunday,FALSE,,NO_EXCEPTION_RECORDED,0,1,1,5,10,21,0.0,0.1,0.047619,1,41,0.02439,0,13,-0.02439,0.011111,-0.011111
rec_957f6f097f2a3aad,STU_240320,240320,SISWA_050,Kls 8_SISWA_032,2025-09-29,SEPTEMBER,Monday,TRUE,,NO_EXCEPTION_RECORDED,0,1,1,5,10,20,0.0,0.1,0.05,1,41,0.02439,0,14,-0.02439,0.011111,-0.011111
rec_f436ffe75c18a004,STU_240320,240320,SISWA_050,Kls 8_SISWA_032,2025-09-30,SEPTEMBER,Tuesday,UNKNOWN,,NO_EXCEPTION_RECORDED,0,0,1,5,10,21,0.0,0.0,0.047619,1,42,0.02381,0,15,-0.02381,0.022222,-0.022222
rec_bb55ba3192e76c6d,STU_243092,243092,SISWA_080,Kls 9_SISWA_072,2025-08-01,AGUSTUS,Friday,UNKNOWN,,NO_EXCEPTION_RECORDED,0,0,0,0,0,0,0.0,0.0,0.0,0,0,0.0,0,-1,0.0,0.0,0.0
rec_68b9bbb60d429ffb,STU_243092,243092,SISWA_080,Kls 9_SISWA_072,2025-08-02,AGUSTUS,Saturday,FALSE,,NO_EXCEPTION_RECORDED,0,0,0,1,1,1,0.0,0.0,0.0,0,1,0.0,0,-1,0.0,0.0,0.0
rec_48c1e2b8d16ebc2f,STU_243092,243092,SISWA_080,Kls 9_SISWA_072,2025-08-03,AGUSTUS,Sunday,FALSE,,NO_EXCEPTION_RECORDED,0,0,0,1,1,1,0.0,0.0,0.0,0,1,0.0,0,-1,0.0,0.0,0.0
rec_d3a0fb6f63a319cd,STU_243092,243092,SISWA_080,Kls 9_SISWA_072,2025-08-04,AGUSTUS,Monday,UNKNOWN,,NO_EXCEPTION_RECORDED,0,0,0,1,1,1,0.0,0.0,0.0,0,1,0.0,0,-1,0.0,0.0,0.0
rec_e3518b6e8bffdd44,STU_243092,243092,SISWA_080,Kls 9_SISWA_072,2025-08-05,AGUSTUS,Tuesday,TRUE,,NO_EXCEPTION_RECORDED,0,0,0,2,2,2,0.0,0.0,0.0,0,2,0.0,0,-1,0.0,0.0,0.0
rec_46f6a92b5e076e7c,STU_243092,243092,SISWA_080,Kls 9_SISWA_072,2025-08-06,AGUSTUS,Wednesday,UNKNOWN,,NO_EXCEPTION_RECORDED,0,0,0,3,3,3,0.0,0.0,0.0,0,3,0.0,0,-1,0.0,0.0,0.0
rec_b59607ee97e44a9c,STU_243092,243092,SISWA_080,Kls 9_SISWA_072,2025-08-07,AGUSTUS,Thursday,TRUE,,NO_EXCEPTION_RECORDED,0,0,0,4,4,4,0.0,0.0,0.0,0,4,0.0,0,-1,0.0,0.0,0.0
rec_2c2a07d0e8f51487,STU_243092,243092,SISWA_080,Kls 9_SISWA_072,2025-08-08,AGUSTUS,Friday,TRUE,,NO_EXCEPTION_RECORDED,0,0,0,5,5,5,0.0,0.0,0.0,0,5,0.0,0,-1,0.0,0.0,0.0
rec_05489579f0529e2a,STU_243092,243092,SISWA_080,Kls 9_SISWA_072,2025-08-09,AGUSTUS,Saturday,FALSE,,NO_EXCEPTION_RECORDED,0,0,0,5,6,6,0.0,0.0,0.0,0,6,0.0,0,-1,0.0,0.0,0.0
rec_56b83ccba7d48035,STU_243092,243092,SISWA_080,Kls 9_SISWA_072,2025-08-10,AGUSTUS,Sunday,FALSE,,NO_EXCEPTION_RECORDED,0,0,0,5,6,6,0.0,0.0,0.0,0,6,0.0,0,-1,0.0,0.0,0.0
rec_ab0b853c52b2f1ce,STU_243092,243092,SISWA_080,Kls 9_SISWA_072,2025-08-11,AGUSTUS,Monday,TRUE,,NO_EXCEPTION_RECORDED,0,0,0,5,6,6,0.0,0.0,0.0,0,6,0.0,0,-1,0.0,0.0,0.0
rec_c845622e42723392,STU_243092,243092,SISWA_080,Kls 9_SISWA_072,2025-08-12,AGUSTUS,Tuesday,TRUE,,NO_EXCEPTION_RECORDED,0,0,0,5,7,7,0.0,0.0,0.0,0,7,0.0,0,-1,0.0,0.0,0.0
rec_ea901f340014dfb3,STU_243092,243092,SISWA_080,Kls 9_SISWA_072,2025-08-13,AGUSTUS,Wednesday,TRUE,,NO_EXCEPTION_RECORDED,0,0,0,5,8,8,0.0,0.0,0.0,0,8,0.0,0,-1,0.0,0.0,0.0
rec_8e2858abc6f946b5,STU_243092,243092,SISWA_080,Kls 9_SISWA_072,2025-08-14,AGUSTUS,Thursday,UNKNOWN,,NO_EXCEPTION_RECORDED,0,0,0,5,9,9,0.0,0.0,0.0,0,9,0.0,0,-1,0.0,0.0,0.0
rec_8ed53d5582c9df6e,STU_243092,243092,SISWA_080,Kls 9_SISWA_072,2025-08-15,AGUSTUS,Friday,UNKNOWN,,NO_EXCEPTION_RECORDED,0,0,0,5,10,10,0.0,0.0,0.0,0,10,0.0,0,-1,0.0,0.0,0.0
rec_7f359555579ab9db,STU_243092,243092,SISWA_080,Kls 9_SISWA_072,2025-08-16,AGUSTUS,Saturday,FALSE,,NO_EXCEPTION_RECORDED,0,0,0,5,10,11,0.0,0.0,0.0,0,11,0.0,0,-1,0.0,0.0,0.0
rec_20f4f1d313a90a2b,STU_243092,243092,SISWA_080,Kls 9_SISWA_072,2025-08-17,AGUSTUS,Sunday,FALSE,,NO_EXCEPTION_RECORDED,0,0,0,5,10,11,0.0,0.0,0.0,0,11,0.0,0,-1,0.0,0.0,0.0
rec_07f0d659227f6286,STU_243092,243092,SISWA_080,Kls 9_SISWA_072,2025-08-18,AGUSTUS,Monday,UNKNOWN,,NO_EXCEPTION_RECORDED,0,0,0,5,10,11,0.0,0.0,0.0,0,11,0.0,0,-1,0.0,0.0,0.0
rec_4877aa85aab2a2a8,STU_243092,243092,SISWA_080,Kls 9_SISWA_072,2025-08-19,AGUSTUS,Tuesday,TRUE,,NO_EXCEPTION_RECORDED,0,0,0,5,10,12,0.0,0.0,0.0,0,12,0.0,0,-1,0.0,0.0,0.0
rec_58386a8a245dd9e8,STU_243092,243092,SISWA_080,Kls 9_SISWA_072,2025-08-20,AGUSTUS,Wednesday,TRUE,,NO_EXCEPTION_RECORDED,0,0,0,5,10,13,0.0,0.0,0.0,0,13,0.0,0,-1,0.0,0.0,0.0
rec_13ecedcb576a1c5d,STU_243092,243092,SISWA_080,Kls 9_SISWA_072,2025-08-21,AGUSTUS,Thursday,TRUE,,NO_EXCEPTION_RECORDED,0,0,0,5,10,14,0.0,0.0,0.0,0,14,0.0,0,-1,0.0,0.0,0.0
rec_56d840b4660e4fd2,STU_243092,243092,SISWA_080,Kls 9_SISWA_072,2025-08-22,AGUSTUS,Friday,UNKNOWN,,NO_EXCEPTION_RECORDED,0,0,0,5,10,15,0.0,0.0,0.0,0,15,0.0,0,-1,0.0,0.0,0.0
rec_53fe69797c2676e7,STU_243092,243092,SISWA_080,Kls 9_SISWA_072,2025-08-23,AGUSTUS,Saturday,FALSE,,NO_EXCEPTION_RECORDED,0,0,0,5,10,16,0.0,0.0,0.0,0,16,0.0,0,-1,0.0,0.0,0.0
rec_9de2483c796ff977,STU_243092,243092,SISWA_080,Kls 9_SISWA_072,2025-08-24,AGUSTUS,Sunday,FALSE,,NO_EXCEPTION_RECORDED,0,0,0,5,10,16,0.0,0.0,0.0,0,16,0.0,0,-1,0.0,0.0,0.0
rec_cd7f2fba12ab7b06,STU_243092,243092,SISWA_080,Kls 9_SISWA_072,2025-08-25,AGUSTUS,Monday,TRUE,,NO_EXCEPTION_RECORDED,0,0,0,5,10,16,0.0,0.0,0.0,0,16,0.0,0,-1,0.0,0.0,0.0
rec_27176bde024a3f13,STU_243092,243092,SISWA_080,Kls 9_SISWA_072,2025-08-26,AGUSTUS,Tuesday,TRUE,,NO_EXCEPTION_RECORDED,0,0,0,5,10,17,0.0,0.0,0.0,0,17,0.0,0,-1,0.0,0.0,0.0
rec_3442b74599696223,STU_243092,243092,SISWA_080,Kls 9_SISWA_072,2025-08-27,AGUSTUS,Wednesday,TRUE,,NO_EXCEPTION_RECORDED,0,0,0,5,10,18,0.0,0.0,0.0,0,18,0.0,0,-1,0.0,0.018182,-0.018182
rec_6b6a347d7d3c7e1a,STU_243092,243092,SISWA_080,Kls 9_SISWA_072,2025-08-28,AGUSTUS,Thursday,TRUE,,NO_EXCEPTION_RECORDED,0,0,0,5,10,19,0.0,0.0,0.0,0,19,0.0,0,-1,0.0,0.018182,-0.018182
rec_c37130d83a7b2e75,STU_243092,243092,SISWA_080,Kls 9_SISWA_072,2025-08-29,AGUSTUS,Friday,TRUE,,NO_EXCEPTION_RECORDED,0,0,0,5,10,20,0.0,0.0,0.0,0,20,0.0,0,-1,0.0,0.036364,-0.036364
rec_556e516959f25a57,STU_243092,243092,SISWA_080,Kls 9_SISWA_072,2025-08-30,AGUSTUS,Saturday,FALSE,,NO_EXCEPTION_RECORDED,0,0,0,5,10,21,0.0,0.0,0.0,0,21,0.0,0,-1,0.0,0.036364,-0.036364
rec_1d400da78f5234b0,STU_243092,243092,SISWA_080,Kls 9_SISWA_072,2025-08-31,AGUSTUS,Sunday,FALSE,,NO_EXCEPTION_RECORDED,0,0,0,5,10,21,0.0,0.0,0.0,0,21,0.0,0,-1,0.0,0.036364,-0.036364
rec_ccd0dd604292dd63,STU_243092,243092,SISWA_080,Kls 9_SISWA_072,2025-09-01,SEPTEMBER,Monday,TRUE,,NO_EXCEPTION_RECORDED,0,0,0,5,10,20,0.0,0.0,0.0,0,21,0.0,0,-1,0.0,0.036364,-0.036364
rec_c070d1a67ab0b1d2,STU_243092,243092,SISWA_080,Kls 9_SISWA_072,2025-09-02,SEPTEMBER,Tuesday,TRUE,,NO_EXCEPTION_RECORDED,0,0,0,5,10,21,0.0,0.0,0.0,0,22,0.0,0,-1,0.0,0.036364,-0.036364
rec_c5c017438d34be65,STU_243092,243092,SISWA_080,Kls 9_SISWA_072,2025-09-03,SEPTEMBER,Wednesday,TRUE,,NO_EXCEPTION_RECORDED,0,0,0,5,10,22,0.0,0.0,0.0,0,23,0.0,0,-1,0.0,0.036364,-0.036364
rec_9f0beff0e257a56f,STU_243092,243092,SISWA_080,Kls 9_SISWA_072,2025-09-04,SEPTEMBER,Thursday,TRUE,,NO_EXCEPTION_RECORDED,0,0,0,5,10,22,0.0,0.0,0.0,0,24,0.0,0,-1,0.0,0.054545,-0.054545
rec_9dc12e0affc4eeef,STU_243092,243092,SISWA_080,Kls 9_SISWA_072,2025-09-05,SEPTEMBER,Friday,UNKNOWN,,NO_EXCEPTION_RECORDED,0,0,0,5,10,22,0.0,0.0,0.0,0,25,0.0,0,-1,0.0,0.072727,-0.072727
rec_d03d91ac72e84a17,STU_243092,243092,SISWA_080,Kls 9_SISWA_072,2025-09-06,SEPTEMBER,Saturday,FALSE,,NO_EXCEPTION_RECORDED,0,0,0,5,10,22,0.0,0.0,0.0,0,26,0.0,0,-1,0.0,0.072727,-0.072727
rec_a1dfdb49f769c046,STU_243092,243092,SISWA_080,Kls 9_SISWA_072,2025-09-07,SEPTEMBER,Sunday,FALSE,,NO_EXCEPTION_RECORDED,0,0,0,5,10,21,0.0,0.0,0.0,0,26,0.0,0,-1,0.0,0.072727,-0.072727
rec_5aa5796227a10cce,STU_243092,243092,SISWA_080,Kls 9_SISWA_072,2025-09-08,SEPTEMBER,Monday,TRUE,,NO_EXCEPTION_RECORDED,0,0,0,5,10,20,0.0,0.0,0.0,0,26,0.0,0,-1,0.0,0.072727,-0.072727
rec_e66be35c444111ff,STU_243092,243092,SISWA_080,Kls 9_SISWA_072,2025-09-09,SEPTEMBER,Tuesday,TRUE,,NO_EXCEPTION_RECORDED,0,0,0,5,10,21,0.0,0.0,0.0,0,27,0.0,0,-1,0.0,0.072727,-0.072727
rec_b63b968ec549e543,STU_243092,243092,SISWA_080,Kls 9_SISWA_072,2025-09-10,SEPTEMBER,Wednesday,TRUE,,NO_EXCEPTION_RECORDED,0,0,0,5,10,22,0.0,0.0,0.0,0,28,0.0,0,-1,0.0,0.090909,-0.090909
rec_6a7dffbb1e388ccc,STU_243092,243092,SISWA_080,Kls 9_SISWA_072,2025-09-11,SEPTEMBER,Thursday,TRUE,,NO_EXCEPTION_RECORDED,0,0,0,5,10,22,0.0,0.0,0.0,0,29,0.0,0,-1,0.0,0.090909,-0.090909
rec_b6a80993abbaee98,STU_243092,243092,SISWA_080,Kls 9_SISWA_072,2025-09-12,SEPTEMBER,Friday,TRUE,,NO_EXCEPTION_RECORDED,0,0,0,5,10,22,0.0,0.0,0.0,0,30,0.0,0,-1,0.0,0.072727,-0.072727
rec_13a51858d50aa9a3,STU_243092,243092,SISWA_080,Kls 9_SISWA_072,2025-09-13,SEPTEMBER,Saturday,FALSE,,NO_EXCEPTION_RECORDED,0,0,0,5,10,22,0.0,0.0,0.0,0,31,0.0,0,-1,0.0,0.072727,-0.072727
rec_7da9b2288cd150cc,STU_243092,243092,SISWA_080,Kls 9_SISWA_072,2025-09-14,SEPTEMBER,Sunday,FALSE,,NO_EXCEPTION_RECORDED,0,0,0,5,10,21,0.0,0.0,0.0,0,31,0.0,0,-1,0.0,0.072727,-0.072727
rec_6cb9d21b9b7ab8f3,STU_243092,243092,SISWA_080,Kls 9_SISWA_072,2025-09-15,SEPTEMBER,Monday,TRUE,,NO_EXCEPTION_RECORDED,0,0,0,5,10,20,0.0,0.0,0.0,0,31,0.0,0,-1,0.0,0.072727,-0.072727
rec_d227bb059040b3ee,STU_243092,243092,SISWA_080,Kls 9_SISWA_072,2025-09-16,SEPTEMBER,Tuesday,TRUE,,NO_EXCEPTION_RECORDED,0,0,0,5,10,21,0.0,0.0,0.0,0,32,0.0,0,-1,0.0,0.072727,-0.072727
rec_2ab920faf06fd249,STU_243092,243092,SISWA_080,Kls 9_SISWA_072,2025-09-17,SEPTEMBER,Wednesday,TRUE,,NO_EXCEPTION_RECORDED,0,0,0,5,10,22,0.0,0.0,0.0,0,33,0.0,0,-1,0.0,0.036364,-0.036364
rec_6a806799f227bc65,STU_243092,243092,SISWA_080,Kls 9_SISWA_072,2025-09-18,SEPTEMBER,Thursday,TRUE,,NO_EXCEPTION_RECORDED,0,0,0,5,10,22,0.0,0.0,0.0,0,34,0.0,0,-1,0.0,0.036364,-0.036364
rec_cac475c708d6f564,STU_243092,243092,SISWA_080,Kls 9_SISWA_072,2025-09-19,SEPTEMBER,Friday,TRUE,,NO_EXCEPTION_RECORDED,0,0,0,5,10,22,0.0,0.0,0.0,0,35,0.0,0,-1,0.0,0.036364,-0.036364
rec_89062840d2b748c7,STU_243092,243092,SISWA_080,Kls 9_SISWA_072,2025-09-20,SEPTEMBER,Saturday,FALSE,,NO_EXCEPTION_RECORDED,0,0,0,5,10,22,0.0,0.0,0.0,0,36,0.0,0,-1,0.0,0.054545,-0.054545
rec_4e9e8e1f0a43e739,STU_243092,243092,SISWA_080,Kls 9_SISWA_072,2025-09-21,SEPTEMBER,Sunday,FALSE,,NO_EXCEPTION_RECORDED,0,0,0,5,10,21,0.0,0.0,0.0,0,36,0.0,0,-1,0.0,0.054545,-0.054545
rec_b3d35f07c756cd1e,STU_243092,243092,SISWA_080,Kls 9_SISWA_072,2025-09-22,SEPTEMBER,Monday,TRUE,s,SOURCE_MARK_S,0,0,0,5,10,20,0.0,0.0,0.0,0,36,0.0,0,-1,0.0,0.054545,-0.054545
rec_4a76dfee22f81d42,STU_243092,243092,SISWA_080,Kls 9_SISWA_072,2025-09-23,SEPTEMBER,Tuesday,TRUE,s,SOURCE_MARK_S,1,1,1,5,10,21,0.2,0.1,0.047619,1,37,0.027027,1,1,0.172973,0.127273,0.072727
rec_37ef61c98ea93ded,STU_243092,243092,SISWA_080,Kls 9_SISWA_072,2025-09-24,SEPTEMBER,Wednesday,TRUE,s,SOURCE_MARK_S,2,2,2,5,10,22,0.4,0.2,0.090909,2,38,0.052632,2,1,0.347368,0.2,0.2
rec_ed1cdbb8fa981800,STU_243092,243092,SISWA_080,Kls 9_SISWA_072,2025-09-25,SEPTEMBER,Thursday,TRUE,,NO_EXCEPTION_RECORDED,3,3,3,5,10,22,0.6,0.3,0.136364,3,39,0.076923,3,1,0.523077,0.254545,0.345455
rec_a7474a787d408fae,STU_243092,243092,SISWA_080,Kls 9_SISWA_072,2025-09-26,SEPTEMBER,Friday,TRUE,,NO_EXCEPTION_RECORDED,3,3,3,5,10,22,0.6,0.3,0.136364,3,40,0.075,0,2,0.525,0.290909,0.309091
rec_20d2b836f8366c3d,STU_243092,243092,SISWA_080,Kls 9_SISWA_072,2025-09-27,SEPTEMBER,Saturday,FALSE,,NO_EXCEPTION_RECORDED,3,3,3,5,10,22,0.6,0.3,0.136364,3,41,0.073171,0,3,0.526829,0.309091,0.290909
rec_300c202764e85e4b,STU_243092,243092,SISWA_080,Kls 9_SISWA_072,2025-09-28,SEPTEMBER,Sunday,FALSE,,NO_EXCEPTION_RECORDED,3,3,3,5,10,21,0.6,0.3,0.142857,3,41,0.073171,0,4,0.526829,0.309091,0.290909
rec_f40d98aa4964941c,STU_243092,243092,SISWA_080,Kls 9_SISWA_072,2025-09-29,SEPTEMBER,Monday,TRUE,,NO_EXCEPTION_RECORDED,3,3,3,5,10,20,0.6,0.3,0.15,3,41,0.073171,0,5,0.526829,0.309091,0.290909
rec_819857fb73afbab5,STU_243092,243092,SISWA_080,Kls 9_SISWA_072,2025-09-30,SEPTEMBER,Tuesday,UNKNOWN,,NO_EXCEPTION_RECORDED,2,3,3,5,10,21,0.4,0.3,0.142857,3,42,0.071429,0,6,0.328571,0.254545,0.145455
rec_0038c98e688cd5ad,STU_245751,245751,SISWA_086,Kls 9_SISWA_085,2025-08-01,AGUSTUS,Friday,UNKNOWN,,NO_EXCEPTION_RECORDED,0,0,0,0,0,0,0.0,0.0,0.0,0,0,0.0,0,-1,0.0,0.0,0.0
rec_493f334870f11814,STU_245751,245751,SISWA_086,Kls 9_SISWA_085,2025-08-02,AGUSTUS,Saturday,FALSE,,NO_EXCEPTION_RECORDED,0,0,0,1,1,1,0.0,0.0,0.0,0,1,0.0,0,-1,0.0,0.0,0.0
rec_9903232c37fd7029,STU_245751,245751,SISWA_086,Kls 9_SISWA_085,2025-08-03,AGUSTUS,Sunday,FALSE,,NO_EXCEPTION_RECORDED,0,0,0,1,1,1,0.0,0.0,0.0,0,1,0.0,0,-1,0.0,0.0,0.0
rec_0156acf892962b8d,STU_245751,245751,SISWA_086,Kls 9_SISWA_085,2025-08-04,AGUSTUS,Monday,UNKNOWN,,NO_EXCEPTION_RECORDED,0,0,0,1,1,1,0.0,0.0,0.0,0,1,0.0,0,-1,0.0,0.0,0.0
rec_504884302feb5792,STU_245751,245751,SISWA_086,Kls 9_SISWA_085,2025-08-05,AGUSTUS,Tuesday,TRUE,,NO_EXCEPTION_RECORDED,0,0,0,2,2,2,0.0,0.0,0.0,0,2,0.0,0,-1,0.0,0.0,0.0
rec_95e921a0cd68fc80,STU_245751,245751,SISWA_086,Kls 9_SISWA_085,2025-08-06,AGUSTUS,Wednesday,UNKNOWN,,NO_EXCEPTION_RECORDED,0,0,0,3,3,3,0.0,0.0,0.0,0,3,0.0,0,-1,0.0,0.033333,-0.033333
rec_c3d03aca9df923b0,STU_245751,245751,SISWA_086,Kls 9_SISWA_085,2025-08-07,AGUSTUS,Thursday,TRUE,,NO_EXCEPTION_RECORDED,0,0,0,4,4,4,0.0,0.0,0.0,0,4,0.0,0,-1,0.0,0.025,-0.025
rec_0ee158b902a52c2e,STU_245751,245751,SISWA_086,Kls 9_SISWA_085,2025-08-08,AGUSTUS,Friday,TRUE,,NO_EXCEPTION_RECORDED,0,0,0,5,5,5,0.0,0.0,0.0,0,5,0.0,0,-1,0.0,0.04,-0.04
rec_dd58093a07c022c9,STU_245751,245751,SISWA_086,Kls 9_SISWA_085,2025-08-09,AGUSTUS,Saturday,FALSE,,NO_EXCEPTION_RECORDED,0,0,0,5,6,6,0.0,0.0,0.0,0,6,0.0,0,-1,0.0,0.06,-0.06
rec_e076608381dd96a3,STU_245751,245751,SISWA_086,Kls 9_SISWA_085,2025-08-10,AGUSTUS,Sunday,FALSE,,NO_EXCEPTION_RECORDED,0,0,0,5,6,6,0.0,0.0,0.0,0,6,0.0,0,-1,0.0,0.06,-0.06
rec_2f8692a14d4e0bf4,STU_245751,245751,SISWA_086,Kls 9_SISWA_085,2025-08-11,AGUSTUS,Monday,TRUE,,NO_EXCEPTION_RECORDED,0,0,0,5,6,6,0.0,0.0,0.0,0,6,0.0,0,-1,0.0,0.06,-0.06
rec_294093d1fdeb1ef9,STU_245751,245751,SISWA_086,Kls 9_SISWA_085,2025-08-12,AGUSTUS,Tuesday,TRUE,,NO_EXCEPTION_RECORDED,0,0,0,5,7,7,0.0,0.0,0.0,0,7,0.0,0,-1,0.0,0.06,-0.06
rec_a82463e4f0f555de,STU_245751,245751,SISWA_086,Kls 9_SISWA_085,2025-08-13,AGUSTUS,Wednesday,TRUE,,NO_EXCEPTION_RECORDED,0,0,0,5,8,8,0.0,0.0,0.0,0,8,0.0,0,-1,0.0,0.04,-0.04
rec_a94fc2ca452e1f0a,STU_245751,245751,SISWA_086,Kls 9_SISWA_085,2025-08-14,AGUSTUS,Thursday,UNKNOWN,,NO_EXCEPTION_RECORDED,0,0,0,5,9,9,0.0,0.0,0.0,0,9,0.0,0,-1,0.0,0.04,-0.04
rec_d581fe70be778533,STU_245751,245751,SISWA_086,Kls 9_SISWA_085,2025-08-15,AGUSTUS,Friday,UNKNOWN,,NO_EXCEPTION_RECORDED,0,0,0,5,10,10,0.0,0.0,0.0,0,10,0.0,0,-1,0.0,0.02,-0.02
rec_430617d359d0a1f9,STU_245751,245751,SISWA_086,Kls 9_SISWA_085,2025-08-16,AGUSTUS,Saturday,FALSE,,NO_EXCEPTION_RECORDED,0,0,0,5,10,11,0.0,0.0,0.0,0,11,0.0,0,-1,0.0,0.0,0.0
rec_57fdc6e7dc461970,STU_245751,245751,SISWA_086,Kls 9_SISWA_085,2025-08-17,AGUSTUS,Sunday,FALSE,,NO_EXCEPTION_RECORDED,0,0,0,5,10,11,0.0,0.0,0.0,0,11,0.0,0,-1,0.0,0.0,0.0
rec_b1a8e43fc6e13c05,STU_245751,245751,SISWA_086,Kls 9_SISWA_085,2025-08-18,AGUSTUS,Monday,UNKNOWN,,NO_EXCEPTION_RECORDED,0,0,0,5,10,11,0.0,0.0,0.0,0,11,0.0,0,-1,0.0,0.0,0.0
rec_7b589b3c902bc178,STU_245751,245751,SISWA_086,Kls 9_SISWA_085,2025-08-19,AGUSTUS,Tuesday,TRUE,,NO_EXCEPTION_RECORDED,0,0,0,5,10,12,0.0,0.0,0.0,0,12,0.0,0,-1,0.0,0.0,0.0
rec_14a71d0ead9f2532,STU_245751,245751,SISWA_086,Kls 9_SISWA_085,2025-08-20,AGUSTUS,Wednesday,TRUE,,NO_EXCEPTION_RECORDED,0,0,0,5,10,13,0.0,0.0,0.0,0,13,0.0,0,-1,0.0,0.0,0.0
rec_e45e50f5a7bfa8ea,STU_245751,245751,SISWA_086,Kls 9_SISWA_085,2025-08-21,AGUSTUS,Thursday,TRUE,,NO_EXCEPTION_RECORDED,0,0,0,5,10,14,0.0,0.0,0.0,0,14,0.0,0,-1,0.0,0.0,0.0
rec_257b077b6799e73a,STU_245751,245751,SISWA_086,Kls 9_SISWA_085,2025-08-22,AGUSTUS,Friday,UNKNOWN,,NO_EXCEPTION_RECORDED,0,0,0,5,10,15,0.0,0.0,0.0,0,15,0.0,0,-1,0.0,0.04,-0.04
rec_12c30bd8d3c9e44a,STU_245751,245751,SISWA_086,Kls 9_SISWA_085,2025-08-23,AGUSTUS,Saturday,FALSE,,NO_EXCEPTION_RECORDED,0,0,0,5,10,16,0.0,0.0,0.0,0,16,0.0,0,-1,0.0,0.04,-0.04
rec_9df24cabf8c7aad8,STU_245751,245751,SISWA_086,Kls 9_SISWA_085,2025-08-24,AGUSTUS,Sunday,FALSE,,NO_EXCEPTION_RECORDED,0,0,0,5,10,16,0.0,0.0,0.0,0,16,0.0,0,-1,0.0,0.04,-0.04
rec_e14dd74e672f077f,STU_245751,245751,SISWA_086,Kls 9_SISWA_085,2025-08-25,AGUSTUS,Monday,TRUE,,NO_EXCEPTION_RECORDED,0,0,0,5,10,16,0.0,0.0,0.0,0,16,0.0,0,-1,0.0,0.04,-0.04
rec_bf758de03014ea0d,STU_245751,245751,SISWA_086,Kls 9_SISWA_085,2025-08-26,AGUSTUS,Tuesday,TRUE,,NO_EXCEPTION_RECORDED,0,0,0,5,10,17,0.0,0.0,0.0,0,17,0.0,0,-1,0.0,0.04,-0.04
rec_f1069e2fb5aa9a8a,STU_245751,245751,SISWA_086,Kls 9_SISWA_085,2025-08-27,AGUSTUS,Wednesday,TRUE,,NO_EXCEPTION_RECORDED,0,0,0,5,10,18,0.0,0.0,0.0,0,18,0.0,0,-1,0.0,0.04,-0.04
rec_0a02c09de82f31e5,STU_245751,245751,SISWA_086,Kls 9_SISWA_085,2025-08-28,AGUSTUS,Thursday,TRUE,,NO_EXCEPTION_RECORDED,0,0,0,5,10,19,0.0,0.0,0.0,0,19,0.0,0,-1,0.0,0.04,-0.04
rec_a1b8d90a78f05337,STU_245751,245751,SISWA_086,Kls 9_SISWA_085,2025-08-29,AGUSTUS,Friday,TRUE,,NO_EXCEPTION_RECORDED,0,0,0,5,10,20,0.0,0.0,0.0,0,20,0.0,0,-1,0.0,0.0,0.0
rec_fbff93ef60624938,STU_245751,245751,SISWA_086,Kls 9_SISWA_085,2025-08-30,AGUSTUS,Saturday,FALSE,,NO_EXCEPTION_RECORDED,0,0,0,5,10,21,0.0,0.0,0.0,0,21,0.0,0,-1,0.0,0.0,0.0
rec_58762987352e074b,STU_245751,245751,SISWA_086,Kls 9_SISWA_085,2025-08-31,AGUSTUS,Sunday,FALSE,,NO_EXCEPTION_RECORDED,0,0,0,5,10,21,0.0,0.0,0.0,0,21,0.0,0,-1,0.0,0.0,0.0
rec_a9d1f91bd760692d,STU_245751,245751,SISWA_086,Kls 9_SISWA_085,2025-09-01,SEPTEMBER,Monday,TRUE,,NO_EXCEPTION_RECORDED,0,0,0,5,10,20,0.0,0.0,0.0,0,21,0.0,0,-1,0.0,0.0,0.0
rec_57fc57a6e79b5a7c,STU_245751,245751,SISWA_086,Kls 9_SISWA_085,2025-09-02,SEPTEMBER,Tuesday,TRUE,,NO_EXCEPTION_RECORDED,0,0,0,5,10,21,0.0,0.0,0.0,0,22,0.0,0,-1,0.0,0.020408,-0.020408
rec_d1cce7ce56d2c2a7,STU_245751,245751,SISWA_086,Kls 9_SISWA_085,2025-09-03,SEPTEMBER,Wednesday,TRUE,,NO_EXCEPTION_RECORDED,0,0,0,5,10,22,0.0,0.0,0.0,0,23,0.0,0,-1,0.0,0.020833,-0.020833
rec_acd4ba7d33944eb0,STU_245751,245751,SISWA_086,Kls 9_SISWA_085,2025-09-04,SEPTEMBER,Thursday,TRUE,,NO_EXCEPTION_RECORDED,0,0,0,5,10,22,0.0,0.0,0.0,0,24,0.0,0,-1,0.0,0.021277,-0.021277
rec_dd397345507cc772,STU_245751,245751,SISWA_086,Kls 9_SISWA_085,2025-09-05,SEPTEMBER,Friday,UNKNOWN,,NO_EXCEPTION_RECORDED,0,0,0,5,10,22,0.0,0.0,0.0,0,25,0.0,0,-1,0.0,0.021739,-0.021739
rec_bc3e161f574daf41,STU_245751,245751,SISWA_086,Kls 9_SISWA_085,2025-09-06,SEPTEMBER,Saturday,FALSE,,NO_EXCEPTION_RECORDED,0,0,0,5,10,22,0.0,0.0,0.0,0,26,0.0,0,-1,0.0,0.022222,-0.022222
rec_e9737d77518307dd,STU_245751,245751,SISWA_086,Kls 9_SISWA_085,2025-09-07,SEPTEMBER,Sunday,FALSE,,NO_EXCEPTION_RECORDED,0,0,0,5,10,21,0.0,0.0,0.0,0,26,0.0,0,-1,0.0,0.022222,-0.022222
rec_c936f5fde04ffbbc,STU_245751,245751,SISWA_086,Kls 9_SISWA_085,2025-09-08,SEPTEMBER,Monday,TRUE,,NO_EXCEPTION_RECORDED,0,0,0,5,10,20,0.0,0.0,0.0,0,26,0.0,0,-1,0.0,0.022222,-0.022222
rec_0d24738e90970e89,STU_245751,245751,SISWA_086,Kls 9_SISWA_085,2025-09-09,SEPTEMBER,Tuesday,TRUE,,NO_EXCEPTION_RECORDED,0,0,0,5,10,21,0.0,0.0,0.0,0,27,0.0,0,-1,0.0,0.044444,-0.044444
rec_2899980343286a83,STU_245751,245751,SISWA_086,Kls 9_SISWA_085,2025-09-10,SEPTEMBER,Wednesday,TRUE,,NO_EXCEPTION_RECORDED,0,0,0,5,10,22,0.0,0.0,0.0,0,28,0.0,0,-1,0.0,0.044444,-0.044444
rec_0c89adef3c5e9159,STU_245751,245751,SISWA_086,Kls 9_SISWA_085,2025-09-11,SEPTEMBER,Thursday,TRUE,,NO_EXCEPTION_RECORDED,0,0,0,5,10,22,0.0,0.0,0.0,0,29,0.0,0,-1,0.0,0.044444,-0.044444
rec_fd4efae4ec5e81a2,STU_245751,245751,SISWA_086,Kls 9_SISWA_085,2025-09-12,SEPTEMBER,Friday,TRUE,,NO_EXCEPTION_RECORDED,0,0,0,5,10,22,0.0,0.0,0.0,0,30,0.0,0,-1,0.0,0.044444,-0.044444
rec_8970160c2814477b,STU_245751,245751,SISWA_086,Kls 9_SISWA_085,2025-09-13,SEPTEMBER,Saturday,FALSE,,NO_EXCEPTION_RECORDED,0,0,0,5,10,22,0.0,0.0,0.0,0,31,0.0,0,-1,0.0,0.044444,-0.044444
rec_d9a5461f679a00f7,STU_245751,245751,SISWA_086,Kls 9_SISWA_085,2025-09-14,SEPTEMBER,Sunday,FALSE,,NO_EXCEPTION_RECORDED,0,0,0,5,10,21,0.0,0.0,0.0,0,31,0.0,0,-1,0.0,0.044444,-0.044444
rec_bd5e87840803f2a8,STU_245751,245751,SISWA_086,Kls 9_SISWA_085,2025-09-15,SEPTEMBER,Monday,TRUE,,NO_EXCEPTION_RECORDED,0,0,0,5,10,20,0.0,0.0,0.0,0,31,0.0,0,-1,0.0,0.044444,-0.044444
rec_5bb892959d6c0ac4,STU_245751,245751,SISWA_086,Kls 9_SISWA_085,2025-09-16,SEPTEMBER,Tuesday,TRUE,,NO_EXCEPTION_RECORDED,0,0,0,5,10,21,0.0,0.0,0.0,0,32,0.0,0,-1,0.0,0.0,0.0
rec_c5c7dccd40c52cdb,STU_245751,245751,SISWA_086,Kls 9_SISWA_085,2025-09-17,SEPTEMBER,Wednesday,TRUE,,NO_EXCEPTION_RECORDED,0,0,0,5,10,22,0.0,0.0,0.0,0,33,0.0,0,-1,0.0,0.0,0.0
rec_b6691c7675944d10,STU_245751,245751,SISWA_086,Kls 9_SISWA_085,2025-09-18,SEPTEMBER,Thursday,TRUE,,NO_EXCEPTION_RECORDED,0,0,0,5,10,22,0.0,0.0,0.0,0,34,0.0,0,-1,0.0,0.0,0.0
rec_739d42b2d096fc90,STU_245751,245751,SISWA_086,Kls 9_SISWA_085,2025-09-19,SEPTEMBER,Friday,TRUE,,NO_EXCEPTION_RECORDED,0,0,0,5,10,22,0.0,0.0,0.0,0,35,0.0,0,-1,0.0,0.0,0.0
rec_626bd2d3e840583b,STU_245751,245751,SISWA_086,Kls 9_SISWA_085,2025-09-20,SEPTEMBER,Saturday,FALSE,,NO_EXCEPTION_RECORDED,0,0,0,5,10,22,0.0,0.0,0.0,0,36,0.0,0,-1,0.0,0.0,0.0
rec_232641551cb6c869,STU_245751,245751,SISWA_086,Kls 9_SISWA_085,2025-09-21,SEPTEMBER,Sunday,FALSE,,NO_EXCEPTION_RECORDED,0,0,0,5,10,21,0.0,0.0,0.0,0,36,0.0,0,-1,0.0,0.0,0.0
rec_cfa11f7c494d9698,STU_245751,245751,SISWA_086,Kls 9_SISWA_085,2025-09-22,SEPTEMBER,Monday,TRUE,,NO_EXCEPTION_RECORDED,0,0,0,5,10,20,0.0,0.0,0.0,0,36,0.0,0,-1,0.0,0.0,0.0
rec_e5a397ea2ef8d2eb,STU_245751,245751,SISWA_086,Kls 9_SISWA_085,2025-09-23,SEPTEMBER,Tuesday,TRUE,,NO_EXCEPTION_RECORDED,0,0,0,5,10,21,0.0,0.0,0.0,0,37,0.0,0,-1,0.0,0.0,0.0
rec_9d9f2dc1be9a67c2,STU_245751,245751,SISWA_086,Kls 9_SISWA_085,2025-09-24,SEPTEMBER,Wednesday,TRUE,,NO_EXCEPTION_RECORDED,0,0,0,5,10,22,0.0,0.0,0.0,0,38,0.0,0,-1,0.0,0.044444,-0.044444
rec_3209ec928573b611,STU_245751,245751,SISWA_086,Kls 9_SISWA_085,2025-09-25,SEPTEMBER,Thursday,TRUE,s,SOURCE_MARK_S,0,0,0,5,10,22,0.0,0.0,0.0,0,39,0.0,0,-1,0.0,0.066667,-0.066667
rec_62aa730fa5de9b6f,STU_245751,245751,SISWA_086,Kls 9_SISWA_085,2025-09-26,SEPTEMBER,Friday,TRUE,,NO_EXCEPTION_RECORDED,1,1,1,5,10,22,0.2,0.1,0.045455,1,40,0.025,1,1,0.175,0.088889,0.111111
rec_deba31a4a35cf9c2,STU_245751,245751,SISWA_086,Kls 9_SISWA_085,2025-09-27,SEPTEMBER,Saturday,FALSE,,NO_EXCEPTION_RECORDED,1,1,1,5,10,22,0.2,0.1,0.045455,1,41,0.02439,0,2,0.17561,0.111111,0.088889
rec_c984d909beb26ad0,STU_245751,245751,SISWA_086,Kls 9_SISWA_085,2025-09-28,SEPTEMBER,Sunday,FALSE,,NO_EXCEPTION_RECORDED,1,1,1,5,10,21,0.2,0.1,0.047619,1,41,0.02439,0,3,0.17561,0.111111,0.088889
rec_b7c097060f9d0359,STU_245751,245751,SISWA_086,Kls 9_SISWA_085,2025-09-29,SEPTEMBER,Monday,TRUE,,NO_EXCEPTION_RECORDED,1,1,1,5,10,20,0.2,0.1,0.05,1,41,0.02439,0,4,0.17561,0.111111,0.088889
rec_94c3a59fccb88c75,STU_245751,245751,SISWA_086,Kls 9_SISWA_085,2025-09-30,SEPTEMBER,Tuesday,UNKNOWN,,NO_EXCEPTION_RECORDED,1,1,1,5,10,21,0.2,0.1,0.047619,1,42,0.02381,0,5,0.17619,0.111111,0.088889
rec_5d78ca487c332b6b,STU_245836,245836,SISWA_031,Kls 7_SISWA_017,2025-08-01,AGUSTUS,Friday,UNKNOWN,,NO_EXCEPTION_RECORDED,0,0,0,0,0,0,0.0,0.0,0.0,0,0,0.0,0,-1,0.0,0.0,0.0
rec_0979c9d26933f6d6,STU_245836,245836,SISWA_031,Kls 7_SISWA_017,2025-08-02,AGUSTUS,Saturday,FALSE,,NO_EXCEPTION_RECORDED,0,0,0,1,1,1,0.0,0.0,0.0,0,1,0.0,0,-1,0.0,0.0,0.0
rec_9c4dd6e36487d551,STU_245836,245836,SISWA_031,Kls 7_SISWA_017,2025-08-03,AGUSTUS,Sunday,FALSE,,NO_EXCEPTION_RECORDED,0,0,0,1,1,1,0.0,0.0,0.0,0,1,0.0,0,-1,0.0,0.0,0.0
rec_e4b8c2765bc145e7,STU_245836,245836,SISWA_031,Kls 7_SISWA_017,2025-08-04,AGUSTUS,Monday,UNKNOWN,,NO_EXCEPTION_RECORDED,0,0,0,1,1,1,0.0,0.0,0.0,0,1,0.0,0,-1,0.0,0.0,0.0
rec_2d87faeff9f4c8c0,STU_245836,245836,SISWA_031,Kls 7_SISWA_017,2025-08-05,AGUSTUS,Tuesday,TRUE,,NO_EXCEPTION_RECORDED,0,0,0,2,2,2,0.0,0.0,0.0,0,2,0.0,0,-1,0.0,0.0,0.0
rec_c2116653f0234df2,STU_245836,245836,SISWA_031,Kls 7_SISWA_017,2025-08-06,AGUSTUS,Wednesday,UNKNOWN,,NO_EXCEPTION_RECORDED,0,0,0,3,3,3,0.0,0.0,0.0,0,3,0.0,0,-1,0.0,0.0,0.0
rec_c9d7deefd3b661e3,STU_245836,245836,SISWA_031,Kls 7_SISWA_017,2025-08-07,AGUSTUS,Thursday,TRUE,,NO_EXCEPTION_RECORDED,0,0,0,4,4,4,0.0,0.0,0.0,0,4,0.0,0,-1,0.0,0.0,0.0
rec_71fac2bb761c1c34,STU_245836,245836,SISWA_031,Kls 7_SISWA_017,2025-08-08,AGUSTUS,Friday,TRUE,,NO_EXCEPTION_RECORDED,0,0,0,5,5,5,0.0,0.0,0.0,0,5,0.0,0,-1,0.0,0.0,0.0
rec_6f37862c747feff5,STU_245836,245836,SISWA_031,Kls 7_SISWA_017,2025-08-09,AGUSTUS,Saturday,FALSE,,NO_EXCEPTION_RECORDED,0,0,0,5,6,6,0.0,0.0,0.0,0,6,0.0,0,-1,0.0,0.0,0.0
rec_a675c0a48f30e583,STU_245836,245836,SISWA_031,Kls 7_SISWA_017,2025-08-10,AGUSTUS,Sunday,FALSE,,NO_EXCEPTION_RECORDED,0,0,0,5,6,6,0.0,0.0,0.0,0,6,0.0,0,-1,0.0,0.0,0.0
rec_4a579abf069b118f,STU_245836,245836,SISWA_031,Kls 7_SISWA_017,2025-08-11,AGUSTUS,Monday,TRUE,,NO_EXCEPTION_RECORDED,0,0,0,5,6,6,0.0,0.0,0.0,0,6,0.0,0,-1,0.0,0.0,0.0
rec_3dea7c7fd9044a87,STU_245836,245836,SISWA_031,Kls 7_SISWA_017,2025-08-12,AGUSTUS,Tuesday,TRUE,,NO_EXCEPTION_RECORDED,0,0,0,5,7,7,0.0,0.0,0.0,0,7,0.0,0,-1,0.0,0.0,0.0
rec_85c00df2ec3e3431,STU_245836,245836,SISWA_031,Kls 7_SISWA_017,2025-08-13,AGUSTUS,Wednesday,TRUE,,NO_EXCEPTION_RECORDED,0,0,0,5,8,8,0.0,0.0,0.0,0,8,0.0,0,-1,0.0,0.0,0.0
rec_eeee13bbaa9944b1,STU_245836,245836,SISWA_031,Kls 7_SISWA_017,2025-08-14,AGUSTUS,Thursday,UNKNOWN,,NO_EXCEPTION_RECORDED,0,0,0,5,9,9,0.0,0.0,0.0,0,9,0.0,0,-1,0.0,0.0,0.0
rec_56b3a5bc00a984bf,STU_245836,245836,SISWA_031,Kls 7_SISWA_017,2025-08-15,AGUSTUS,Friday,UNKNOWN,,NO_EXCEPTION_RECORDED,0,0,0,5,10,10,0.0,0.0,0.0,0,10,0.0,0,-1,0.0,0.0,0.0
rec_83c60509bd1a6886,STU_245836,245836,SISWA_031,Kls 7_SISWA_017,2025-08-16,AGUSTUS,Saturday,FALSE,,NO_EXCEPTION_RECORDED,0,0,0,5,10,11,0.0,0.0,0.0,0,11,0.0,0,-1,0.0,0.0,0.0
rec_1509738e94bc74e5,STU_245836,245836,SISWA_031,Kls 7_SISWA_017,2025-08-17,AGUSTUS,Sunday,FALSE,,NO_EXCEPTION_RECORDED,0,0,0,5,10,11,0.0,0.0,0.0,0,11,0.0,0,-1,0.0,0.0,0.0
rec_1cc62bcc45138d54,STU_245836,245836,SISWA_031,Kls 7_SISWA_017,2025-08-18,AGUSTUS,Monday,UNKNOWN,,NO_EXCEPTION_RECORDED,0,0,0,5,10,11,0.0,0.0,0.0,0,11,0.0,0,-1,0.0,0.0,0.0
rec_c0ddf85882a5d9e2,STU_245836,245836,SISWA_031,Kls 7_SISWA_017,2025-08-19,AGUSTUS,Tuesday,TRUE,,NO_EXCEPTION_RECORDED,0,0,0,5,10,12,0.0,0.0,0.0,0,12,0.0,0,-1,0.0,0.0,0.0
rec_aadd5d40f0bb0011,STU_245836,245836,SISWA_031,Kls 7_SISWA_017,2025-08-20,AGUSTUS,Wednesday,TRUE,,NO_EXCEPTION_RECORDED,0,0,0,5,10,13,0.0,0.0,0.0,0,13,0.0,0,-1,0.0,0.0,0.0
rec_0839c1e9eec0e23d,STU_245836,245836,SISWA_031,Kls 7_SISWA_017,2025-08-21,AGUSTUS,Thursday,TRUE,,NO_EXCEPTION_RECORDED,0,0,0,5,10,14,0.0,0.0,0.0,0,14,0.0,0,-1,0.0,0.0,0.0
rec_1f15c3eeaa834aaa,STU_245836,245836,SISWA_031,Kls 7_SISWA_017,2025-08-22,AGUSTUS,Friday,UNKNOWN,,NO_EXCEPTION_RECORDED,0,0,0,5,10,15,0.0,0.0,0.0,0,15,0.0,0,-1,0.0,0.0,0.0
rec_aba0c86f8b74dd9a,STU_245836,245836,SISWA_031,Kls 7_SISWA_017,2025-08-23,AGUSTUS,Saturday,FALSE,,NO_EXCEPTION_RECORDED,0,0,0,5,10,16,0.0,0.0,0.0,0,16,0.0,0,-1,0.0,0.0,0.0
rec_a57ae6783cd76ee2,STU_245836,245836,SISWA_031,Kls 7_SISWA_017,2025-08-24,AGUSTUS,Sunday,FALSE,,NO_EXCEPTION_RECORDED,0,0,0,5,10,16,0.0,0.0,0.0,0,16,0.0,0,-1,0.0,0.0,0.0
rec_b404f765e4d94ea2,STU_245836,245836,SISWA_031,Kls 7_SISWA_017,2025-08-25,AGUSTUS,Monday,TRUE,,NO_EXCEPTION_RECORDED,0,0,0,5,10,16,0.0,0.0,0.0,0,16,0.0,0,-1,0.0,0.0,0.0
rec_67799b6bae5d96d9,STU_245836,245836,SISWA_031,Kls 7_SISWA_017,2025-08-26,AGUSTUS,Tuesday,TRUE,s,SOURCE_MARK_S,0,0,0,5,10,17,0.0,0.0,0.0,0,17,0.0,0,-1,0.0,0.030769,-0.030769
rec_364da70fb4068069,STU_245836,245836,SISWA_031,Kls 7_SISWA_017,2025-08-27,AGUSTUS,Wednesday,TRUE,,NO_EXCEPTION_RECORDED,1,1,1,5,10,18,0.2,0.1,0.055556,1,18,0.055556,1,1,0.144444,0.030769,0.169231
rec_3a1732f9d09a30bc,STU_245836,245836,SISWA_031,Kls 7_SISWA_017,2025-08-28,AGUSTUS,Thursday,TRUE,,NO_EXCEPTION_RECORDED,1,1,1,5,10,19,0.2,0.1,0.052632,1,19,0.052632,0,2,0.147368,0.046154,0.153846
rec_c0ce43cecf70d217,STU_245836,245836,SISWA_031,Kls 7_SISWA_017,2025-08-29,AGUSTUS,Friday,TRUE,,NO_EXCEPTION_RECORDED,1,1,1,5,10,20,0.2,0.1,0.05,1,20,0.05,0,3,0.15,0.046154,0.153846
rec_b8dbd543d0cc6d27,STU_245836,245836,SISWA_031,Kls 7_SISWA_017,2025-08-30,AGUSTUS,Saturday,FALSE,,NO_EXCEPTION_RECORDED,1,1,1,5,10,21,0.2,0.1,0.047619,1,21,0.047619,0,4,0.152381,0.061538,0.138462
rec_83fb3f580534f161,STU_245836,245836,SISWA_031,Kls 7_SISWA_017,2025-08-31,AGUSTUS,Sunday,FALSE,,NO_EXCEPTION_RECORDED,1,1,1,5,10,21,0.2,0.1,0.047619,1,21,0.047619,0,5,0.152381,0.061538,0.138462
rec_c9d93f58ef6551ab,STU_245836,245836,SISWA_031,Kls 7_SISWA_017,2025-09-01,SEPTEMBER,Monday,TRUE,,NO_EXCEPTION_RECORDED,1,1,1,5,10,20,0.2,0.1,0.05,1,21,0.047619,0,6,0.152381,0.061538,0.138462
rec_bdf323773556df9c,STU_245836,245836,SISWA_031,Kls 7_SISWA_017,2025-09-02,SEPTEMBER,Tuesday,TRUE,,NO_EXCEPTION_RECORDED,1,1,1,5,10,21,0.2,0.1,0.047619,1,22,0.045455,0,7,0.154545,0.030769,0.169231
rec_c5ea651fcf5f0b2e,STU_245836,245836,SISWA_031,Kls 7_SISWA_017,2025-09-03,SEPTEMBER,Wednesday,TRUE,,NO_EXCEPTION_RECORDED,0,1,1,5,10,22,0.0,0.1,0.045455,1,23,0.043478,0,8,-0.043478,0.030769,-0.030769
rec_f7fcee52258bab35,STU_245836,245836,SISWA_031,Kls 7_SISWA_017,2025-09-04,SEPTEMBER,Thursday,TRUE,,NO_EXCEPTION_RECORDED,0,1,1,5,10,22,0.0,0.1,0.045455,1,24,0.041667,0,9,-0.041667,0.015385,-0.015385
rec_b1fe345f77feb7c7,STU_245836,245836,SISWA_031,Kls 7_SISWA_017,2025-09-05,SEPTEMBER,Friday,UNKNOWN,,NO_EXCEPTION_RECORDED,0,1,1,5,10,22,0.0,0.1,0.045455,1,25,0.04,0,10,-0.04,0.015385,-0.015385
rec_028778da9daf30c1,STU_245836,245836,SISWA_031,Kls 7_SISWA_017,2025-09-06,SEPTEMBER,Saturday,FALSE,,NO_EXCEPTION_RECORDED,0,1,1,5,10,22,0.0,0.1,0.045455,1,26,0.038462,0,11,-0.038462,0.0,0.0
rec_37aa443049c74dd8,STU_245836,245836,SISWA_031,Kls 7_SISWA_017,2025-09-07,SEPTEMBER,Sunday,FALSE,,NO_EXCEPTION_RECORDED,0,1,1,5,10,21,0.0,0.1,0.047619,1,26,0.038462,0,12,-0.038462,0.0,0.0
rec_a3a7afc565594127,STU_245836,245836,SISWA_031,Kls 7_SISWA_017,2025-09-08,SEPTEMBER,Monday,TRUE,s,SOURCE_MARK_S,0,1,1,5,10,20,0.0,0.1,0.05,1,26,0.038462,0,13,-0.038462,0.0,0.0
rec_ce7a72d4b87aaa50,STU_245836,245836,SISWA_031,Kls 7_SISWA_017,2025-09-09,SEPTEMBER,Tuesday,TRUE,s,SOURCE_MARK_S,1,2,2,5,10,21,0.2,0.2,0.095238,2,27,0.074074,1,1,0.125926,0.0,0.2
rec_11789ff6aa315630,STU_245836,245836,SISWA_031,Kls 7_SISWA_017,2025-09-10,SEPTEMBER,Wednesday,TRUE,,NO_EXCEPTION_RECORDED,2,2,3,5,10,22,0.4,0.2,0.136364,3,28,0.107143,2,1,0.292857,0.015385,0.384615
rec_51f2d2ce26a07724,STU_245836,245836,SISWA_031,Kls 7_SISWA_017,2025-09-11,SEPTEMBER,Thursday,TRUE,,NO_EXCEPTION_RECORDED,2,2,3,5,10,22,0.4,0.2,0.136364,3,29,0.103448,0,2,0.296552,0.015385,0.384615
rec_c1331bc3a7c6432c,STU_245836,245836,SISWA_031,Kls 7_SISWA_017,2025-09-12,SEPTEMBER,Friday,TRUE,,NO_EXCEPTION_RECORDED,2,2,3,5,10,22,0.4,0.2,0.136364,3,30,0.1,0,3,0.3,0.030769,0.369231
rec_061092f962cfa1ff,STU_245836,245836,SISWA_031,Kls 7_SISWA_017,2025-09-13,SEPTEMBER,Saturday,FALSE,,NO_EXCEPTION_RECORDED,2,2,3,5,10,22,0.4,0.2,0.136364,3,31,0.096774,0,4,0.303226,0.030769,0.369231
rec_ddecb8959c165127,STU_245836,245836,SISWA_031,Kls 7_SISWA_017,2025-09-14,SEPTEMBER,Sunday,FALSE,,NO_EXCEPTION_RECORDED,2,2,3,5,10,21,0.4,0.2,0.142857,3,31,0.096774,0,5,0.303226,0.030769,0.369231
rec_c4880516f1d03ad9,STU_245836,245836,SISWA_031,Kls 7_SISWA_017,2025-09-15,SEPTEMBER,Monday,TRUE,,NO_EXCEPTION_RECORDED,2,2,3,5,10,20,0.4,0.2,0.15,3,31,0.096774,0,6,0.303226,0.030769,0.369231
rec_e4001848f91d026c,STU_245836,245836,SISWA_031,Kls 7_SISWA_017,2025-09-16,SEPTEMBER,Tuesday,TRUE,,NO_EXCEPTION_RECORDED,1,2,3,5,10,21,0.2,0.2,0.142857,3,32,0.09375,0,7,0.10625,0.030769,0.169231
rec_91262613c376d22e,STU_245836,245836,SISWA_031,Kls 7_SISWA_017,2025-09-17,SEPTEMBER,Wednesday,TRUE,,NO_EXCEPTION_RECORDED,0,2,3,5,10,22,0.0,0.2,0.136364,3,33,0.090909,0,8,-0.090909,0.015385,-0.015385
rec_e452ff945d208491,STU_245836,245836,SISWA_031,Kls 7_SISWA_017,2025-09-18,SEPTEMBER,Thursday,TRUE,,NO_EXCEPTION_RECORDED,0,2,3,5,10,22,0.0,0.2,0.136364,3,34,0.088235,0,9,-0.088235,0.030769,-0.030769
rec_8a8df533f7e38287,STU_245836,245836,SISWA_031,Kls 7_SISWA_017,2025-09-19,SEPTEMBER,Friday,TRUE,,NO_EXCEPTION_RECORDED,0,2,3,5,10,22,0.0,0.2,0.136364,3,35,0.085714,0,10,-0.085714,0.030769,-0.030769
rec_7f57cd5085ed3ce3,STU_245836,245836,SISWA_031,Kls 7_SISWA_017,2025-09-20,SEPTEMBER,Saturday,FALSE,,NO_EXCEPTION_RECORDED,0,2,3,5,10,22,0.0,0.2,0.136364,3,36,0.083333,0,11,-0.083333,0.046154,-0.046154
rec_fd946692feffc810,STU_245836,245836,SISWA_031,Kls 7_SISWA_017,2025-09-21,SEPTEMBER,Sunday,FALSE,,NO_EXCEPTION_RECORDED,0,2,3,5,10,21,0.0,0.2,0.142857,3,36,0.083333,0,12,-0.083333,0.046154,-0.046154
rec_11d494e9fbf7533d,STU_245836,245836,SISWA_031,Kls 7_SISWA_017,2025-09-22,SEPTEMBER,Monday,TRUE,,NO_EXCEPTION_RECORDED,0,2,3,5,10,20,0.0,0.2,0.15,3,36,0.083333,0,13,-0.083333,0.046154,-0.046154
rec_3cc35c97c24c5a54,STU_245836,245836,SISWA_031,Kls 7_SISWA_017,2025-09-23,SEPTEMBER,Tuesday,TRUE,,NO_EXCEPTION_RECORDED,0,1,3,5,10,21,0.0,0.1,0.142857,3,37,0.081081,0,14,-0.081081,0.061538,-0.061538
rec_f29400a650e02247,STU_245836,245836,SISWA_031,Kls 7_SISWA_017,2025-09-24,SEPTEMBER,Wednesday,TRUE,s,SOURCE_MARK_S,0,0,3,5,10,22,0.0,0.0,0.136364,3,38,0.078947,0,15,-0.078947,0.076923,-0.076923
rec_0bc43b125720eaac,STU_245836,245836,SISWA_031,Kls 7_SISWA_017,2025-09-25,SEPTEMBER,Thursday,TRUE,s,SOURCE_MARK_S,1,1,4,5,10,22,0.2,0.1,0.181818,4,39,0.102564,1,1,0.097436,0.092308,0.107692
rec_465b63d1849e3445,STU_245836,245836,SISWA_031,Kls 7_SISWA_017,2025-09-26,SEPTEMBER,Friday,TRUE,,NO_EXCEPTION_RECORDED,2,2,4,5,10,22,0.4,0.2,0.181818,5,40,0.125,2,1,0.275,0.123077,0.276923
rec_459d8b35f6f6eaf6,STU_245836,245836,SISWA_031,Kls 7_SISWA_017,2025-09-27,SEPTEMBER,Saturday,FALSE,,NO_EXCEPTION_RECORDED,2,2,4,5,10,22,0.4,0.2,0.181818,5,41,0.121951,0,2,0.278049,0.138462,0.261538
rec_d88216679a2628e0,STU_245836,245836,SISWA_031,Kls 7_SISWA_017,2025-09-28,SEPTEMBER,Sunday,FALSE,,NO_EXCEPTION_RECORDED,2,2,4,5,10,21,0.4,0.2,0.190476,5,41,0.121951,0,3,0.278049,0.138462,0.261538
rec_665e46208cc94a7a,STU_245836,245836,SISWA_031,Kls 7_SISWA_017,2025-09-29,SEPTEMBER,Monday,TRUE,,NO_EXCEPTION_RECORDED,2,2,4,5,10,20,0.4,0.2,0.2,5,41,0.121951,0,4,0.278049,0.138462,0.261538
rec_f3f3c224a82d08f5,STU_245836,245836,SISWA_031,Kls 7_SISWA_017,2025-09-30,SEPTEMBER,Tuesday,UNKNOWN,,NO_EXCEPTION_RECORDED,2,2,4,5,10,21,0.4,0.2,0.190476,5,42,0.119048,0,5,0.280952,0.123077,0.276923
rec_e4d7204830428b82,STU_252576,252576,SISWA_077,Kls 9_SISWA_072,2025-08-01,AGUSTUS,Friday,UNKNOWN,,NO_EXCEPTION_RECORDED,0,0,0,0,0,0,0.0,0.0,0.0,0,0,0.0,0,-1,0.0,0.0,0.0
rec_a12caee9693ae4ac,STU_252576,252576,SISWA_077,Kls 9_SISWA_072,2025-08-02,AGUSTUS,Saturday,FALSE,,NO_EXCEPTION_RECORDED,0,0,0,1,1,1,0.0,0.0,0.0,0,1,0.0,0,-1,0.0,0.0,0.0
rec_dff46ccab37209a7,STU_252576,252576,SISWA_077,Kls 9_SISWA_072,2025-08-03,AGUSTUS,Sunday,FALSE,,NO_EXCEPTION_RECORDED,0,0,0,1,1,1,0.0,0.0,0.0,0,1,0.0,0,-1,0.0,0.0,0.0
rec_3a659f1bf7bfc6ae,STU_252576,252576,SISWA_077,Kls 9_SISWA_072,2025-08-04,AGUSTUS,Monday,UNKNOWN,,NO_EXCEPTION_RECORDED,0,0,0,1,1,1,0.0,0.0,0.0,0,1,0.0,0,-1,0.0,0.0,0.0
rec_22f840a4263bf19a,STU_252576,252576,SISWA_077,Kls 9_SISWA_072,2025-08-05,AGUSTUS,Tuesday,TRUE,,NO_EXCEPTION_RECORDED,0,0,0,2,2,2,0.0,0.0,0.0,0,2,0.0,0,-1,0.0,0.0,0.0
rec_c4aa17b4e66fa964,STU_252576,252576,SISWA_077,Kls 9_SISWA_072,2025-08-06,AGUSTUS,Wednesday,UNKNOWN,,NO_EXCEPTION_RECORDED,0,0,0,3,3,3,0.0,0.0,0.0,0,3,0.0,0,-1,0.0,0.0,0.0
rec_1381ccaaa7e5b2a5,STU_252576,252576,SISWA_077,Kls 9_SISWA_072,2025-08-07,AGUSTUS,Thursday,TRUE,,NO_EXCEPTION_RECORDED,0,0,0,4,4,4,0.0,0.0,0.0,0,4,0.0,0,-1,0.0,0.0,0.0
rec_e09e9bfec04bb8e4,STU_252576,252576,SISWA_077,Kls 9_SISWA_072,2025-08-08,AGUSTUS,Friday,TRUE,,NO_EXCEPTION_RECORDED,0,0,0,5,5,5,0.0,0.0,0.0,0,5,0.0,0,-1,0.0,0.0,0.0
rec_ba323854fc32f4a3,STU_252576,252576,SISWA_077,Kls 9_SISWA_072,2025-08-09,AGUSTUS,Saturday,FALSE,,NO_EXCEPTION_RECORDED,0,0,0,5,6,6,0.0,0.0,0.0,0,6,0.0,0,-1,0.0,0.0,0.0
rec_3c15e75455fcc23b,STU_252576,252576,SISWA_077,Kls 9_SISWA_072,2025-08-10,AGUSTUS,Sunday,FALSE,,NO_EXCEPTION_RECORDED,0,0,0,5,6,6,0.0,0.0,0.0,0,6,0.0,0,-1,0.0,0.0,0.0
rec_e1e76042058786d3,STU_252576,252576,SISWA_077,Kls 9_SISWA_072,2025-08-11,AGUSTUS,Monday,TRUE,,NO_EXCEPTION_RECORDED,0,0,0,5,6,6,0.0,0.0,0.0,0,6,0.0,0,-1,0.0,0.0,0.0
rec_ec04d0f69d506ec4,STU_252576,252576,SISWA_077,Kls 9_SISWA_072,2025-08-12,AGUSTUS,Tuesday,TRUE,,NO_EXCEPTION_RECORDED,0,0,0,5,7,7,0.0,0.0,0.0,0,7,0.0,0,-1,0.0,0.0,0.0
rec_f1fcecc2cd2766dd,STU_252576,252576,SISWA_077,Kls 9_SISWA_072,2025-08-13,AGUSTUS,Wednesday,TRUE,,NO_EXCEPTION_RECORDED,0,0,0,5,8,8,0.0,0.0,0.0,0,8,0.0,0,-1,0.0,0.0,0.0
rec_1f0af511dd233b2b,STU_252576,252576,SISWA_077,Kls 9_SISWA_072,2025-08-14,AGUSTUS,Thursday,UNKNOWN,,NO_EXCEPTION_RECORDED,0,0,0,5,9,9,0.0,0.0,0.0,0,9,0.0,0,-1,0.0,0.0,0.0
rec_36f51d5d9907d173,STU_252576,252576,SISWA_077,Kls 9_SISWA_072,2025-08-15,AGUSTUS,Friday,UNKNOWN,,NO_EXCEPTION_RECORDED,0,0,0,5,10,10,0.0,0.0,0.0,0,10,0.0,0,-1,0.0,0.0,0.0
rec_dbf24859e2236d82,STU_252576,252576,SISWA_077,Kls 9_SISWA_072,2025-08-16,AGUSTUS,Saturday,FALSE,,NO_EXCEPTION_RECORDED,0,0,0,5,10,11,0.0,0.0,0.0,0,11,0.0,0,-1,0.0,0.0,0.0
rec_76138cfcc78196d8,STU_252576,252576,SISWA_077,Kls 9_SISWA_072,2025-08-17,AGUSTUS,Sunday,FALSE,,NO_EXCEPTION_RECORDED,0,0,0,5,10,11,0.0,0.0,0.0,0,11,0.0,0,-1,0.0,0.0,0.0
rec_68619f23936f8fc6,STU_252576,252576,SISWA_077,Kls 9_SISWA_072,2025-08-18,AGUSTUS,Monday,UNKNOWN,,NO_EXCEPTION_RECORDED,0,0,0,5,10,11,0.0,0.0,0.0,0,11,0.0,0,-1,0.0,0.0,0.0
rec_ac6804d46e21887c,STU_252576,252576,SISWA_077,Kls 9_SISWA_072,2025-08-19,AGUSTUS,Tuesday,TRUE,,NO_EXCEPTION_RECORDED,0,0,0,5,10,12,0.0,0.0,0.0,0,12,0.0,0,-1,0.0,0.0,0.0
rec_487d75f595e1ed73,STU_252576,252576,SISWA_077,Kls 9_SISWA_072,2025-08-20,AGUSTUS,Wednesday,TRUE,,NO_EXCEPTION_RECORDED,0,0,0,5,10,13,0.0,0.0,0.0,0,13,0.0,0,-1,0.0,0.0,0.0
rec_5d6dd2dc3eae40c5,STU_252576,252576,SISWA_077,Kls 9_SISWA_072,2025-08-21,AGUSTUS,Thursday,TRUE,,NO_EXCEPTION_RECORDED,0,0,0,5,10,14,0.0,0.0,0.0,0,14,0.0,0,-1,0.0,0.0,0.0
rec_a4f6d20532935301,STU_252576,252576,SISWA_077,Kls 9_SISWA_072,2025-08-22,AGUSTUS,Friday,UNKNOWN,,NO_EXCEPTION_RECORDED,0,0,0,5,10,15,0.0,0.0,0.0,0,15,0.0,0,-1,0.0,0.0,0.0
rec_4b62ee42969df79e,STU_252576,252576,SISWA_077,Kls 9_SISWA_072,2025-08-23,AGUSTUS,Saturday,FALSE,,NO_EXCEPTION_RECORDED,0,0,0,5,10,16,0.0,0.0,0.0,0,16,0.0,0,-1,0.0,0.0,0.0
rec_ba496d2065fe3d42,STU_252576,252576,SISWA_077,Kls 9_SISWA_072,2025-08-24,AGUSTUS,Sunday,FALSE,,NO_EXCEPTION_RECORDED,0,0,0,5,10,16,0.0,0.0,0.0,0,16,0.0,0,-1,0.0,0.0,0.0
rec_0db55c85e3edb5cf,STU_252576,252576,SISWA_077,Kls 9_SISWA_072,2025-08-25,AGUSTUS,Monday,TRUE,,NO_EXCEPTION_RECORDED,0,0,0,5,10,16,0.0,0.0,0.0,0,16,0.0,0,-1,0.0,0.0,0.0
rec_59851b496b286db0,STU_252576,252576,SISWA_077,Kls 9_SISWA_072,2025-08-26,AGUSTUS,Tuesday,TRUE,,NO_EXCEPTION_RECORDED,0,0,0,5,10,17,0.0,0.0,0.0,0,17,0.0,0,-1,0.0,0.0,0.0
rec_7eb1b5438e443d18,STU_252576,252576,SISWA_077,Kls 9_SISWA_072,2025-08-27,AGUSTUS,Wednesday,TRUE,,NO_EXCEPTION_RECORDED,0,0,0,5,10,18,0.0,0.0,0.0,0,18,0.0,0,-1,0.0,0.018182,-0.018182
rec_6b64272eea78d0eb,STU_252576,252576,SISWA_077,Kls 9_SISWA_072,2025-08-28,AGUSTUS,Thursday,TRUE,,NO_EXCEPTION_RECORDED,0,0,0,5,10,19,0.0,0.0,0.0,0,19,0.0,0,-1,0.0,0.018182,-0.018182
rec_f22ac6efb695f22f,STU_252576,252576,SISWA_077,Kls 9_SISWA_072,2025-08-29,AGUSTUS,Friday,TRUE,,NO_EXCEPTION_RECORDED,0,0,0,5,10,20,0.0,0.0,0.0,0,20,0.0,0,-1,0.0,0.036364,-0.036364
rec_99e6ec4cf813287b,STU_252576,252576,SISWA_077,Kls 9_SISWA_072,2025-08-30,AGUSTUS,Saturday,FALSE,,NO_EXCEPTION_RECORDED,0,0,0,5,10,21,0.0,0.0,0.0,0,21,0.0,0,-1,0.0,0.036364,-0.036364
rec_940792c47b622955,STU_252576,252576,SISWA_077,Kls 9_SISWA_072,2025-08-31,AGUSTUS,Sunday,FALSE,,NO_EXCEPTION_RECORDED,0,0,0,5,10,21,0.0,0.0,0.0,0,21,0.0,0,-1,0.0,0.036364,-0.036364
rec_0624dd8bd2f2db6d,STU_252576,252576,SISWA_077,Kls 9_SISWA_072,2025-09-01,SEPTEMBER,Monday,TRUE,,NO_EXCEPTION_RECORDED,0,0,0,5,10,20,0.0,0.0,0.0,0,21,0.0,0,-1,0.0,0.036364,-0.036364
rec_cee615d8b63efe8a,STU_252576,252576,SISWA_077,Kls 9_SISWA_072,2025-09-02,SEPTEMBER,Tuesday,TRUE,,NO_EXCEPTION_RECORDED,0,0,0,5,10,21,0.0,0.0,0.0,0,22,0.0,0,-1,0.0,0.036364,-0.036364
rec_e83ca00131d6f283,STU_252576,252576,SISWA_077,Kls 9_SISWA_072,2025-09-03,SEPTEMBER,Wednesday,TRUE,s,SOURCE_MARK_S,0,0,0,5,10,22,0.0,0.0,0.0,0,23,0.0,0,-1,0.0,0.036364,-0.036364
rec_2e8d179543f373c4,STU_252576,252576,SISWA_077,Kls 9_SISWA_072,2025-09-04,SEPTEMBER,Thursday,TRUE,s,SOURCE_MARK_S,1,1,1,5,10,22,0.2,0.1,0.045455,1,24,0.041667,1,1,0.158333,0.036364,0.163636
rec_8fb25c06bfcc03c4,STU_252576,252576,SISWA_077,Kls 9_SISWA_072,2025-09-05,SEPTEMBER,Friday,UNKNOWN,,NO_EXCEPTION_RECORDED,2,2,2,5,10,22,0.4,0.2,0.090909,2,25,0.08,2,1,0.32,0.036364,0.363636
rec_28e0669325e457c7,STU_252576,252576,SISWA_077,Kls 9_SISWA_072,2025-09-06,SEPTEMBER,Saturday,FALSE,,NO_EXCEPTION_RECORDED,2,2,2,5,10,22,0.4,0.2,0.090909,2,26,0.076923,0,2,0.323077,0.036364,0.363636
rec_1fdec095278b46b5,STU_252576,252576,SISWA_077,Kls 9_SISWA_072,2025-09-07,SEPTEMBER,Sunday,FALSE,,NO_EXCEPTION_RECORDED,2,2,2,5,10,21,0.4,0.2,0.095238,2,26,0.076923,0,3,0.323077,0.036364,0.363636
rec_6318717f91406237,STU_252576,252576,SISWA_077,Kls 9_SISWA_072,2025-09-08,SEPTEMBER,Monday,TRUE,,NO_EXCEPTION_RECORDED,2,2,2,5,10,20,0.4,0.2,0.1,2,26,0.076923,0,4,0.323077,0.036364,0.363636
rec_6b85fba2fee6ee2a,STU_252576,252576,SISWA_077,Kls 9_SISWA_072,2025-09-09,SEPTEMBER,Tuesday,TRUE,,NO_EXCEPTION_RECORDED,2,2,2,5,10,21,0.4,0.2,0.095238,2,27,0.074074,0,5,0.325926,0.036364,0.363636
rec_1c4a1bb7286b4f29,STU_252576,252576,SISWA_077,Kls 9_SISWA_072,2025-09-10,SEPTEMBER,Wednesday,TRUE,,NO_EXCEPTION_RECORDED,2,2,2,5,10,22,0.4,0.2,0.090909,2,28,0.071429,0,6,0.328571,0.054545,0.345455
rec_2e8819f4d693e05c,STU_252576,252576,SISWA_077,Kls 9_SISWA_072,2025-09-11,SEPTEMBER,Thursday,TRUE,,NO_EXCEPTION_RECORDED,1,2,2,5,10,22,0.2,0.2,0.090909,2,29,0.068966,0,7,0.131034,0.072727,0.127273
rec_0e25e51534c83e5a,STU_252576,252576,SISWA_077,Kls 9_SISWA_072,2025-09-12,SEPTEMBER,Friday,TRUE,,NO_EXCEPTION_RECORDED,0,2,2,5,10,22,0.0,0.2,0.090909,2,30,0.066667,0,8,-0.066667,0.072727,-0.072727
rec_2da6d6049838a342,STU_252576,252576,SISWA_077,Kls 9_SISWA_072,2025-09-13,SEPTEMBER,Saturday,FALSE,,NO_EXCEPTION_RECORDED,0,2,2,5,10,22,0.0,0.2,0.090909,2,31,0.064516,0,9,-0.064516,0.072727,-0.072727
rec_60efa34a6ebfb061,STU_252576,252576,SISWA_077,Kls 9_SISWA_072,2025-09-14,SEPTEMBER,Sunday,FALSE,,NO_EXCEPTION_RECORDED,0,2,2,5,10,21,0.0,0.2,0.095238,2,31,0.064516,0,10,-0.064516,0.072727,-0.072727
rec_0cdba9dab4dae18e,STU_252576,252576,SISWA_077,Kls 9_SISWA_072,2025-09-15,SEPTEMBER,Monday,TRUE,,NO_EXCEPTION_RECORDED,0,2,2,5,10,20,0.0,0.2,0.1,2,31,0.064516,0,11,-0.064516,0.072727,-0.072727
rec_6561429ffa08808a,STU_252576,252576,SISWA_077,Kls 9_SISWA_072,2025-09-16,SEPTEMBER,Tuesday,TRUE,,NO_EXCEPTION_RECORDED,0,2,2,5,10,21,0.0,0.2,0.095238,2,32,0.0625,0,12,-0.0625,0.072727,-0.072727
rec_6c34695ee54ff7dd,STU_252576,252576,SISWA_077,Kls 9_SISWA_072,2025-09-17,SEPTEMBER,Wednesday,TRUE,,NO_EXCEPTION_RECORDED,0,2,2,5,10,22,0.0,0.2,0.090909,2,33,0.060606,0,13,-0.060606,0.036364,-0.036364
rec_8c0f0667732940f8,STU_252576,252576,SISWA_077,Kls 9_SISWA_072,2025-09-18,SEPTEMBER,Thursday,TRUE,,NO_EXCEPTION_RECORDED,0,1,2,5,10,22,0.0,0.1,0.090909,2,34,0.058824,0,14,-0.058824,0.036364,-0.036364
rec_0782012bdf839987,STU_252576,252576,SISWA_077,Kls 9_SISWA_072,2025-09-19,SEPTEMBER,Friday,TRUE,,NO_EXCEPTION_RECORDED,0,0,2,5,10,22,0.0,0.0,0.090909,2,35,0.057143,0,15,-0.057143,0.036364,-0.036364
rec_63e11219cb905cf5,STU_252576,252576,SISWA_077,Kls 9_SISWA_072,2025-09-20,SEPTEMBER,Saturday,FALSE,,NO_EXCEPTION_RECORDED,0,0,2,5,10,22,0.0,0.0,0.090909,2,36,0.055556,0,16,-0.055556,0.054545,-0.054545
rec_7aab0a39201dd7ce,STU_252576,252576,SISWA_077,Kls 9_SISWA_072,2025-09-21,SEPTEMBER,Sunday,FALSE,,NO_EXCEPTION_RECORDED,0,0,2,5,10,21,0.0,0.0,0.095238,2,36,0.055556,0,17,-0.055556,0.054545,-0.054545
rec_aa0108db430f7bfc,STU_252576,252576,SISWA_077,Kls 9_SISWA_072,2025-09-22,SEPTEMBER,Monday,TRUE,s,SOURCE_MARK_S,0,0,2,5,10,20,0.0,0.0,0.1,2,36,0.055556,0,18,-0.055556,0.054545,-0.054545
rec_f621dcc0787713f9,STU_252576,252576,SISWA_077,Kls 9_SISWA_072,2025-09-23,SEPTEMBER,Tuesday,TRUE,,NO_EXCEPTION_RECORDED,1,1,3,5,10,21,0.2,0.1,0.142857,3,37,0.081081,1,1,0.118919,0.127273,0.072727
rec_3b5eb2782a3fd03f,STU_252576,252576,SISWA_077,Kls 9_SISWA_072,2025-09-24,SEPTEMBER,Wednesday,TRUE,,NO_EXCEPTION_RECORDED,1,1,3,5,10,22,0.2,0.1,0.136364,3,38,0.078947,0,2,0.121053,0.218182,-0.018182
rec_46a8760575fe449a,STU_252576,252576,SISWA_077,Kls 9_SISWA_072,2025-09-25,SEPTEMBER,Thursday,TRUE,,NO_EXCEPTION_RECORDED,1,1,3,5,10,22,0.2,0.1,0.136364,3,39,0.076923,0,3,0.123077,0.290909,-0.090909
rec_2fbe35ce30219072,STU_252576,252576,SISWA_077,Kls 9_SISWA_072,2025-09-26,SEPTEMBER,Friday,TRUE,,NO_EXCEPTION_RECORDED,1,1,3,5,10,22,0.2,0.1,0.136364,3,40,0.075,0,4,0.125,0.327273,-0.127273
rec_fd460b05fafca206,STU_252576,252576,SISWA_077,Kls 9_SISWA_072,2025-09-27,SEPTEMBER,Saturday,FALSE,,NO_EXCEPTION_RECORDED,1,1,3,5,10,22,0.2,0.1,0.136364,3,41,0.073171,0,5,0.126829,0.345455,-0.145455
rec_64702ef9298b8dd0,STU_252576,252576,SISWA_077,Kls 9_SISWA_072,2025-09-28,SEPTEMBER,Sunday,FALSE,,NO_EXCEPTION_RECORDED,1,1,3,5,10,21,0.2,0.1,0.142857,3,41,0.073171,0,6,0.126829,0.345455,-0.145455
rec_854e2c265dcfd4ec,STU_252576,252576,SISWA_077,Kls 9_SISWA_072,2025-09-29,SEPTEMBER,Monday,TRUE,,NO_EXCEPTION_RECORDED,1,1,3,5,10,20,0.2,0.1,0.15,3,41,0.073171,0,7,0.126829,0.345455,-0.145455
rec_e86731760d87d47d,STU_252576,252576,SISWA_077,Kls 9_SISWA_072,2025-09-30,SEPTEMBER,Tuesday,UNKNOWN,,NO_EXCEPTION_RECORDED,0,1,3,5,10,21,0.0,0.1,0.142857,3,42,0.071429,0,8,-0.071429,0.290909,-0.290909
rec_4e626e163fd00483,STU_255798,255798,SISWA_034,Kls 8_SISWA_032,2025-08-01,AGUSTUS,Friday,UNKNOWN,,NO_EXCEPTION_RECORDED,0,0,0,0,0,0,0.0,0.0,0.0,0,0,0.0,0,-1,0.0,0.0,0.0
rec_a414438c8212f0d8,STU_255798,255798,SISWA_034,Kls 8_SISWA_032,2025-08-02,AGUSTUS,Saturday,FALSE,,NO_EXCEPTION_RECORDED,0,0,0,1,1,1,0.0,0.0,0.0,0,1,0.0,0,-1,0.0,0.0,0.0
rec_f0f8ee7016464bd7,STU_255798,255798,SISWA_034,Kls 8_SISWA_032,2025-08-03,AGUSTUS,Sunday,FALSE,,NO_EXCEPTION_RECORDED,0,0,0,1,1,1,0.0,0.0,0.0,0,1,0.0,0,-1,0.0,0.0,0.0
rec_8d273f2f227d3b2c,STU_255798,255798,SISWA_034,Kls 8_SISWA_032,2025-08-04,AGUSTUS,Monday,UNKNOWN,,NO_EXCEPTION_RECORDED,0,0,0,1,1,1,0.0,0.0,0.0,0,1,0.0,0,-1,0.0,0.0,0.0
rec_7959b7373d864e69,STU_255798,255798,SISWA_034,Kls 8_SISWA_032,2025-08-05,AGUSTUS,Tuesday,TRUE,,NO_EXCEPTION_RECORDED,0,0,0,2,2,2,0.0,0.0,0.0,0,2,0.0,0,-1,0.0,0.0,0.0
rec_7b7ab0758e9eb4b8,STU_255798,255798,SISWA_034,Kls 8_SISWA_032,2025-08-06,AGUSTUS,Wednesday,UNKNOWN,,NO_EXCEPTION_RECORDED,0,0,0,3,3,3,0.0,0.0,0.0,0,3,0.0,0,-1,0.0,0.0,0.0
rec_12a3d20e82fac8ac,STU_255798,255798,SISWA_034,Kls 8_SISWA_032,2025-08-07,AGUSTUS,Thursday,TRUE,,NO_EXCEPTION_RECORDED,0,0,0,4,4,4,0.0,0.0,0.0,0,4,0.0,0,-1,0.0,0.0,0.0
rec_2148caf20a6b7927,STU_255798,255798,SISWA_034,Kls 8_SISWA_032,2025-08-08,AGUSTUS,Friday,TRUE,,NO_EXCEPTION_RECORDED,0,0,0,5,5,5,0.0,0.0,0.0,0,5,0.0,0,-1,0.0,0.0,0.0
rec_f30acd7a929e374d,STU_255798,255798,SISWA_034,Kls 8_SISWA_032,2025-08-09,AGUSTUS,Saturday,FALSE,,NO_EXCEPTION_RECORDED,0,0,0,5,6,6,0.0,0.0,0.0,0,6,0.0,0,-1,0.0,0.0,0.0
rec_1b8ca62bcc8e213a,STU_255798,255798,SISWA_034,Kls 8_SISWA_032,2025-08-10,AGUSTUS,Sunday,FALSE,,NO_EXCEPTION_RECORDED,0,0,0,5,6,6,0.0,0.0,0.0,0,6,0.0,0,-1,0.0,0.0,0.0
rec_317fbc4728bc1b38,STU_255798,255798,SISWA_034,Kls 8_SISWA_032,2025-08-11,AGUSTUS,Monday,TRUE,,NO_EXCEPTION_RECORDED,0,0,0,5,6,6,0.0,0.0,0.0,0,6,0.0,0,-1,0.0,0.0,0.0
rec_9fef0d68ba8b9ccb,STU_255798,255798,SISWA_034,Kls 8_SISWA_032,2025-08-12,AGUSTUS,Tuesday,TRUE,,NO_EXCEPTION_RECORDED,0,0,0,5,7,7,0.0,0.0,0.0,0,7,0.0,0,-1,0.0,0.011111,-0.011111
rec_446977c65de44df5,STU_255798,255798,SISWA_034,Kls 8_SISWA_032,2025-08-13,AGUSTUS,Wednesday,TRUE,,NO_EXCEPTION_RECORDED,0,0,0,5,8,8,0.0,0.0,0.0,0,8,0.0,0,-1,0.0,0.011111,-0.011111
rec_d7b7ea9ca588ae20,STU_255798,255798,SISWA_034,Kls 8_SISWA_032,2025-08-14,AGUSTUS,Thursday,UNKNOWN,,NO_EXCEPTION_RECORDED,0,0,0,5,9,9,0.0,0.0,0.0,0,9,0.0,0,-1,0.0,0.011111,-0.011111
rec_2b4812429509a525,STU_255798,255798,SISWA_034,Kls 8_SISWA_032,2025-08-15,AGUSTUS,Friday,UNKNOWN,,NO_EXCEPTION_RECORDED,0,0,0,5,10,10,0.0,0.0,0.0,0,10,0.0,0,-1,0.0,0.011111,-0.011111
rec_767388c84231e84f,STU_255798,255798,SISWA_034,Kls 8_SISWA_032,2025-08-16,AGUSTUS,Saturday,FALSE,,NO_EXCEPTION_RECORDED,0,0,0,5,10,11,0.0,0.0,0.0,0,11,0.0,0,-1,0.0,0.011111,-0.011111
rec_a73334c93fb66b4b,STU_255798,255798,SISWA_034,Kls 8_SISWA_032,2025-08-17,AGUSTUS,Sunday,FALSE,,NO_EXCEPTION_RECORDED,0,0,0,5,10,11,0.0,0.0,0.0,0,11,0.0,0,-1,0.0,0.011111,-0.011111
rec_030b143629b4dc9b,STU_255798,255798,SISWA_034,Kls 8_SISWA_032,2025-08-18,AGUSTUS,Monday,UNKNOWN,,NO_EXCEPTION_RECORDED,0,0,0,5,10,11,0.0,0.0,0.0,0,11,0.0,0,-1,0.0,0.011111,-0.011111
rec_1d2cf57b93528308,STU_255798,255798,SISWA_034,Kls 8_SISWA_032,2025-08-19,AGUSTUS,Tuesday,TRUE,,NO_EXCEPTION_RECORDED,0,0,0,5,10,12,0.0,0.0,0.0,0,12,0.0,0,-1,0.0,0.0,0.0
rec_94a235bf3661eeab,STU_255798,255798,SISWA_034,Kls 8_SISWA_032,2025-08-20,AGUSTUS,Wednesday,TRUE,,NO_EXCEPTION_RECORDED,0,0,0,5,10,13,0.0,0.0,0.0,0,13,0.0,0,-1,0.0,0.011111,-0.011111
rec_04a56869a7bc8446,STU_255798,255798,SISWA_034,Kls 8_SISWA_032,2025-08-21,AGUSTUS,Thursday,TRUE,,NO_EXCEPTION_RECORDED,0,0,0,5,10,14,0.0,0.0,0.0,0,14,0.0,0,-1,0.0,0.011111,-0.011111
rec_86a16854da5f871a,STU_255798,255798,SISWA_034,Kls 8_SISWA_032,2025-08-22,AGUSTUS,Friday,UNKNOWN,,NO_EXCEPTION_RECORDED,0,0,0,5,10,15,0.0,0.0,0.0,0,15,0.0,0,-1,0.0,0.011111,-0.011111
rec_28bb16b036f3b386,STU_255798,255798,SISWA_034,Kls 8_SISWA_032,2025-08-23,AGUSTUS,Saturday,FALSE,,NO_EXCEPTION_RECORDED,0,0,0,5,10,16,0.0,0.0,0.0,0,16,0.0,0,-1,0.0,0.011111,-0.011111
rec_01119f8f0083f5cc,STU_255798,255798,SISWA_034,Kls 8_SISWA_032,2025-08-24,AGUSTUS,Sunday,FALSE,,NO_EXCEPTION_RECORDED,0,0,0,5,10,16,0.0,0.0,0.0,0,16,0.0,0,-1,0.0,0.011111,-0.011111
rec_4b670ee9caf4e04d,STU_255798,255798,SISWA_034,Kls 8_SISWA_032,2025-08-25,AGUSTUS,Monday,TRUE,,NO_EXCEPTION_RECORDED,0,0,0,5,10,16,0.0,0.0,0.0,0,16,0.0,0,-1,0.0,0.011111,-0.011111
rec_3829789dd51a5912,STU_255798,255798,SISWA_034,Kls 8_SISWA_032,2025-08-26,AGUSTUS,Tuesday,TRUE,i,SOURCE_MARK_I,0,0,0,5,10,17,0.0,0.0,0.0,0,17,0.0,0,-1,0.0,0.011111,-0.011111
rec_fd6d306e0c9ba7cd,STU_255798,255798,SISWA_034,Kls 8_SISWA_032,2025-08-27,AGUSTUS,Wednesday,TRUE,,NO_EXCEPTION_RECORDED,1,1,1,5,10,18,0.2,0.1,0.055556,1,18,0.055556,1,1,0.144444,0.0,0.2
rec_0509d776114e6de4,STU_255798,255798,SISWA_034,Kls 8_SISWA_032,2025-08-28,AGUSTUS,Thursday,TRUE,,NO_EXCEPTION_RECORDED,1,1,1,5,10,19,0.2,0.1,0.052632,1,19,0.052632,0,2,0.147368,0.0,0.2
rec_27217111cbbd097d,STU_255798,255798,SISWA_034,Kls 8_SISWA_032,2025-08-29,AGUSTUS,Friday,TRUE,,NO_EXCEPTION_RECORDED,1,1,1,5,10,20,0.2,0.1,0.05,1,20,0.05,0,3,0.15,0.011111,0.188889
rec_61a6cfc9ac79095d,STU_255798,255798,SISWA_034,Kls 8_SISWA_032,2025-08-30,AGUSTUS,Saturday,FALSE,,NO_EXCEPTION_RECORDED,1,1,1,5,10,21,0.2,0.1,0.047619,1,21,0.047619,0,4,0.152381,0.011111,0.188889
rec_7e713a0fc7660e47,STU_255798,255798,SISWA_034,Kls 8_SISWA_032,2025-08-31,AGUSTUS,Sunday,FALSE,,NO_EXCEPTION_RECORDED,1,1,1,5,10,21,0.2,0.1,0.047619,1,21,0.047619,0,5,0.152381,0.011111,0.188889
rec_58f37f8f1e857cc2,STU_255798,255798,SISWA_034,Kls 8_SISWA_032,2025-09-01,SEPTEMBER,Monday,TRUE,,NO_EXCEPTION_RECORDED,1,1,1,5,10,20,0.2,0.1,0.05,1,21,0.047619,0,6,0.152381,0.011111,0.188889
rec_fe6193909abc5c22,STU_255798,255798,SISWA_034,Kls 8_SISWA_032,2025-09-02,SEPTEMBER,Tuesday,TRUE,,NO_EXCEPTION_RECORDED,1,1,1,5,10,21,0.2,0.1,0.047619,1,22,0.045455,0,7,0.154545,0.011111,0.188889
rec_47ca89cc1a72c064,STU_255798,255798,SISWA_034,Kls 8_SISWA_032,2025-09-03,SEPTEMBER,Wednesday,TRUE,,NO_EXCEPTION_RECORDED,0,1,1,5,10,22,0.0,0.1,0.045455,1,23,0.043478,0,8,-0.043478,0.011111,-0.011111
rec_682c25872482324a,STU_255798,255798,SISWA_034,Kls 8_SISWA_032,2025-09-04,SEPTEMBER,Thursday,TRUE,,NO_EXCEPTION_RECORDED,0,1,1,5,10,22,0.0,0.1,0.045455,1,24,0.041667,0,9,-0.041667,0.011111,-0.011111
rec_7902f6977044e188,STU_255798,255798,SISWA_034,Kls 8_SISWA_032,2025-09-05,SEPTEMBER,Friday,UNKNOWN,,NO_EXCEPTION_RECORDED,0,1,1,5,10,22,0.0,0.1,0.045455,1,25,0.04,0,10,-0.04,0.0,0.0
rec_0e8e5822bddf4c56,STU_255798,255798,SISWA_034,Kls 8_SISWA_032,2025-09-06,SEPTEMBER,Saturday,FALSE,,NO_EXCEPTION_RECORDED,0,1,1,5,10,22,0.0,0.1,0.045455,1,26,0.038462,0,11,-0.038462,0.0,0.0
rec_f164b9e9874109a5,STU_255798,255798,SISWA_034,Kls 8_SISWA_032,2025-09-07,SEPTEMBER,Sunday,FALSE,,NO_EXCEPTION_RECORDED,0,1,1,5,10,21,0.0,0.1,0.047619,1,26,0.038462,0,12,-0.038462,0.0,0.0
rec_051ff5aa6ec6c063,STU_255798,255798,SISWA_034,Kls 8_SISWA_032,2025-09-08,SEPTEMBER,Monday,TRUE,,NO_EXCEPTION_RECORDED,0,1,1,5,10,20,0.0,0.1,0.05,1,26,0.038462,0,13,-0.038462,0.0,0.0
rec_81f4cdec989bf7d6,STU_255798,255798,SISWA_034,Kls 8_SISWA_032,2025-09-09,SEPTEMBER,Tuesday,TRUE,,NO_EXCEPTION_RECORDED,0,1,1,5,10,21,0.0,0.1,0.047619,1,27,0.037037,0,14,-0.037037,0.0,0.0
rec_fbfc3f36ced75660,STU_255798,255798,SISWA_034,Kls 8_SISWA_032,2025-09-10,SEPTEMBER,Wednesday,TRUE,,NO_EXCEPTION_RECORDED,0,0,1,5,10,22,0.0,0.0,0.045455,1,28,0.035714,0,15,-0.035714,0.0,0.0
rec_6c81f34d9c4c7352,STU_255798,255798,SISWA_034,Kls 8_SISWA_032,2025-09-11,SEPTEMBER,Thursday,TRUE,,NO_EXCEPTION_RECORDED,0,0,1,5,10,22,0.0,0.0,0.045455,1,29,0.034483,0,16,-0.034483,0.011111,-0.011111
rec_2ce57771a5eb455c,STU_255798,255798,SISWA_034,Kls 8_SISWA_032,2025-09-12,SEPTEMBER,Friday,TRUE,,NO_EXCEPTION_RECORDED,0,0,1,5,10,22,0.0,0.0,0.045455,1,30,0.033333,0,17,-0.033333,0.011111,-0.011111
rec_7db53bb5b31e2d85,STU_255798,255798,SISWA_034,Kls 8_SISWA_032,2025-09-13,SEPTEMBER,Saturday,FALSE,,NO_EXCEPTION_RECORDED,0,0,1,5,10,22,0.0,0.0,0.045455,1,31,0.032258,0,18,-0.032258,0.022222,-0.022222
rec_5c113ecca1267e99,STU_255798,255798,SISWA_034,Kls 8_SISWA_032,2025-09-14,SEPTEMBER,Sunday,FALSE,,NO_EXCEPTION_RECORDED,0,0,1,5,10,21,0.0,0.0,0.047619,1,31,0.032258,0,19,-0.032258,0.022222,-0.022222
rec_5df1342f5a6984d1,STU_255798,255798,SISWA_034,Kls 8_SISWA_032,2025-09-15,SEPTEMBER,Monday,TRUE,,NO_EXCEPTION_RECORDED,0,0,1,5,10,20,0.0,0.0,0.05,1,31,0.032258,0,20,-0.032258,0.022222,-0.022222
rec_85ae1a7a61389e9a,STU_255798,255798,SISWA_034,Kls 8_SISWA_032,2025-09-16,SEPTEMBER,Tuesday,TRUE,,NO_EXCEPTION_RECORDED,0,0,1,5,10,21,0.0,0.0,0.047619,1,32,0.03125,0,21,-0.03125,0.044444,-0.044444
rec_8a9f47e6a4f15cdd,STU_255798,255798,SISWA_034,Kls 8_SISWA_032,2025-09-17,SEPTEMBER,Wednesday,TRUE,,NO_EXCEPTION_RECORDED,0,0,1,5,10,22,0.0,0.0,0.045455,1,33,0.030303,0,22,-0.030303,0.055556,-0.055556
rec_7e6f386b47e57be9,STU_255798,255798,SISWA_034,Kls 8_SISWA_032,2025-09-18,SEPTEMBER,Thursday,TRUE,,NO_EXCEPTION_RECORDED,0,0,1,5,10,22,0.0,0.0,0.045455,1,34,0.029412,0,23,-0.029412,0.044444,-0.044444
rec_b774f06bb93e10f5,STU_255798,255798,SISWA_034,Kls 8_SISWA_032,2025-09-19,SEPTEMBER,Friday,TRUE,,NO_EXCEPTION_RECORDED,0,0,1,5,10,22,0.0,0.0,0.045455,1,35,0.028571,0,24,-0.028571,0.044444,-0.044444
rec_7173d74566b4ddff,STU_255798,255798,SISWA_034,Kls 8_SISWA_032,2025-09-20,SEPTEMBER,Saturday,FALSE,,NO_EXCEPTION_RECORDED,0,0,1,5,10,22,0.0,0.0,0.045455,1,36,0.027778,0,25,-0.027778,0.033333,-0.033333
rec_b22783ce1f59d127,STU_255798,255798,SISWA_034,Kls 8_SISWA_032,2025-09-21,SEPTEMBER,Sunday,FALSE,,NO_EXCEPTION_RECORDED,0,0,1,5,10,21,0.0,0.0,0.047619,1,36,0.027778,0,26,-0.027778,0.033333,-0.033333
rec_29b3951ef67b0ae1,STU_255798,255798,SISWA_034,Kls 8_SISWA_032,2025-09-22,SEPTEMBER,Monday,TRUE,,NO_EXCEPTION_RECORDED,0,0,1,5,10,20,0.0,0.0,0.05,1,36,0.027778,0,27,-0.027778,0.033333,-0.033333
rec_108efeedc90a3141,STU_255798,255798,SISWA_034,Kls 8_SISWA_032,2025-09-23,SEPTEMBER,Tuesday,TRUE,,NO_EXCEPTION_RECORDED,0,0,1,5,10,21,0.0,0.0,0.047619,1,37,0.027027,0,28,-0.027027,0.011111,-0.011111
rec_c00bd4f8046e21fb,STU_255798,255798,SISWA_034,Kls 8_SISWA_032,2025-09-24,SEPTEMBER,Wednesday,TRUE,,NO_EXCEPTION_RECORDED,0,0,1,5,10,22,0.0,0.0,0.045455,1,38,0.026316,0,29,-0.026316,0.0,0.0
rec_d4bbd668ea816941,STU_255798,255798,SISWA_034,Kls 8_SISWA_032,2025-09-25,SEPTEMBER,Thursday,TRUE,,NO_EXCEPTION_RECORDED,0,0,1,5,10,22,0.0,0.0,0.045455,1,39,0.025641,0,30,-0.025641,0.0,0.0
rec_289e1c4c3bf18832,STU_255798,255798,SISWA_034,Kls 8_SISWA_032,2025-09-26,SEPTEMBER,Friday,TRUE,,NO_EXCEPTION_RECORDED,0,0,0,5,10,22,0.0,0.0,0.0,1,40,0.025,0,31,-0.025,0.0,0.0
rec_e4bc26e0bd098f3b,STU_255798,255798,SISWA_034,Kls 8_SISWA_032,2025-09-27,SEPTEMBER,Saturday,FALSE,,NO_EXCEPTION_RECORDED,0,0,0,5,10,22,0.0,0.0,0.0,1,41,0.02439,0,32,-0.02439,0.011111,-0.011111
rec_76ffb55162c66db0,STU_255798,255798,SISWA_034,Kls 8_SISWA_032,2025-09-28,SEPTEMBER,Sunday,FALSE,,NO_EXCEPTION_RECORDED,0,0,0,5,10,21,0.0,0.0,0.0,1,41,0.02439,0,33,-0.02439,0.011111,-0.011111
rec_304e2e7efc934378,STU_255798,255798,SISWA_034,Kls 8_SISWA_032,2025-09-29,SEPTEMBER,Monday,TRUE,s,SOURCE_MARK_S,0,0,0,5,10,20,0.0,0.0,0.0,1,41,0.02439,0,34,-0.02439,0.011111,-0.011111
rec_dc2bc2bb5f703c12,STU_255798,255798,SISWA_034,Kls 8_SISWA_032,2025-09-30,SEPTEMBER,Tuesday,UNKNOWN,,NO_EXCEPTION_RECORDED,1,1,1,5,10,21,0.2,0.1,0.047619,2,42,0.047619,1,1,0.152381,0.011111,0.188889
rec_47209dbf0f6a6ee6,STU_260831,260831,SISWA_095,Kls 9_SISWA_085,2025-08-01,AGUSTUS,Friday,UNKNOWN,,NO_EXCEPTION_RECORDED,0,0,0,0,0,0,0.0,0.0,0.0,0,0,0.0,0,-1,0.0,0.0,0.0
rec_03d2d93fa00b2a86,STU_260831,260831,SISWA_095,Kls 9_SISWA_085,2025-08-02,AGUSTUS,Saturday,FALSE,,NO_EXCEPTION_RECORDED,0,0,0,1,1,1,0.0,0.0,0.0,0,1,0.0,0,-1,0.0,0.0,0.0
rec_49e3adfd70cd0321,STU_260831,260831,SISWA_095,Kls 9_SISWA_085,2025-08-03,AGUSTUS,Sunday,FALSE,,NO_EXCEPTION_RECORDED,0,0,0,1,1,1,0.0,0.0,0.0,0,1,0.0,0,-1,0.0,0.0,0.0
rec_376dda25db3b3f7b,STU_260831,260831,SISWA_095,Kls 9_SISWA_085,2025-08-04,AGUSTUS,Monday,UNKNOWN,,NO_EXCEPTION_RECORDED,0,0,0,1,1,1,0.0,0.0,0.0,0,1,0.0,0,-1,0.0,0.0,0.0
rec_ed4bd12e0215fd91,STU_260831,260831,SISWA_095,Kls 9_SISWA_085,2025-08-05,AGUSTUS,Tuesday,TRUE,,NO_EXCEPTION_RECORDED,0,0,0,2,2,2,0.0,0.0,0.0,0,2,0.0,0,-1,0.0,0.0,0.0
rec_2e09cfdf19f4babb,STU_260831,260831,SISWA_095,Kls 9_SISWA_085,2025-08-06,AGUSTUS,Wednesday,UNKNOWN,,NO_EXCEPTION_RECORDED,0,0,0,3,3,3,0.0,0.0,0.0,0,3,0.0,0,-1,0.0,0.033333,-0.033333
rec_e534367ea8ee7f1f,STU_260831,260831,SISWA_095,Kls 9_SISWA_085,2025-08-07,AGUSTUS,Thursday,TRUE,,NO_EXCEPTION_RECORDED,0,0,0,4,4,4,0.0,0.0,0.0,0,4,0.0,0,-1,0.0,0.025,-0.025
rec_e314421fd52d0a35,STU_260831,260831,SISWA_095,Kls 9_SISWA_085,2025-08-08,AGUSTUS,Friday,TRUE,,NO_EXCEPTION_RECORDED,0,0,0,5,5,5,0.0,0.0,0.0,0,5,0.0,0,-1,0.0,0.04,-0.04
rec_173412c64ffb7758,STU_260831,260831,SISWA_095,Kls 9_SISWA_085,2025-08-09,AGUSTUS,Saturday,FALSE,,NO_EXCEPTION_RECORDED,0,0,0,5,6,6,0.0,0.0,0.0,0,6,0.0,0,-1,0.0,0.06,-0.06
rec_c1111b9e63183979,STU_260831,260831,SISWA_095,Kls 9_SISWA_085,2025-08-10,AGUSTUS,Sunday,FALSE,,NO_EXCEPTION_RECORDED,0,0,0,5,6,6,0.0,0.0,0.0,0,6,0.0,0,-1,0.0,0.06,-0.06
rec_e452a94c9b438b03,STU_260831,260831,SISWA_095,Kls 9_SISWA_085,2025-08-11,AGUSTUS,Monday,TRUE,,NO_EXCEPTION_RECORDED,0,0,0,5,6,6,0.0,0.0,0.0,0,6,0.0,0,-1,0.0,0.06,-0.06
rec_a6d8f5ad51d13e20,STU_260831,260831,SISWA_095,Kls 9_SISWA_085,2025-08-12,AGUSTUS,Tuesday,TRUE,,NO_EXCEPTION_RECORDED,0,0,0,5,7,7,0.0,0.0,0.0,0,7,0.0,0,-1,0.0,0.06,-0.06
rec_161983e0caf1aa5d,STU_260831,260831,SISWA_095,Kls 9_SISWA_085,2025-08-13,AGUSTUS,Wednesday,TRUE,,NO_EXCEPTION_RECORDED,0,0,0,5,8,8,0.0,0.0,0.0,0,8,0.0,0,-1,0.0,0.04,-0.04
rec_66a444e47a91de11,STU_260831,260831,SISWA_095,Kls 9_SISWA_085,2025-08-14,AGUSTUS,Thursday,UNKNOWN,,NO_EXCEPTION_RECORDED,0,0,0,5,9,9,0.0,0.0,0.0,0,9,0.0,0,-1,0.0,0.04,-0.04
rec_c6f4307d7ee9156a,STU_260831,260831,SISWA_095,Kls 9_SISWA_085,2025-08-15,AGUSTUS,Friday,UNKNOWN,,NO_EXCEPTION_RECORDED,0,0,0,5,10,10,0.0,0.0,0.0,0,10,0.0,0,-1,0.0,0.02,-0.02
rec_8b5594fde8750abe,STU_260831,260831,SISWA_095,Kls 9_SISWA_085,2025-08-16,AGUSTUS,Saturday,FALSE,,NO_EXCEPTION_RECORDED,0,0,0,5,10,11,0.0,0.0,0.0,0,11,0.0,0,-1,0.0,0.0,0.0
rec_8613746702842971,STU_260831,260831,SISWA_095,Kls 9_SISWA_085,2025-08-17,AGUSTUS,Sunday,FALSE,,NO_EXCEPTION_RECORDED,0,0,0,5,10,11,0.0,0.0,0.0,0,11,0.0,0,-1,0.0,0.0,0.0
rec_47d2b35ab460c572,STU_260831,260831,SISWA_095,Kls 9_SISWA_085,2025-08-18,AGUSTUS,Monday,UNKNOWN,,NO_EXCEPTION_RECORDED,0,0,0,5,10,11,0.0,0.0,0.0,0,11,0.0,0,-1,0.0,0.0,0.0
rec_ca3623d200840a73,STU_260831,260831,SISWA_095,Kls 9_SISWA_085,2025-08-19,AGUSTUS,Tuesday,TRUE,,NO_EXCEPTION_RECORDED,0,0,0,5,10,12,0.0,0.0,0.0,0,12,0.0,0,-1,0.0,0.0,0.0
rec_64a90a0988c6437d,STU_260831,260831,SISWA_095,Kls 9_SISWA_085,2025-08-20,AGUSTUS,Wednesday,TRUE,,NO_EXCEPTION_RECORDED,0,0,0,5,10,13,0.0,0.0,0.0,0,13,0.0,0,-1,0.0,0.0,0.0
rec_f2ca9e784c8f3987,STU_260831,260831,SISWA_095,Kls 9_SISWA_085,2025-08-21,AGUSTUS,Thursday,TRUE,,NO_EXCEPTION_RECORDED,0,0,0,5,10,14,0.0,0.0,0.0,0,14,0.0,0,-1,0.0,0.0,0.0
rec_bc8b1c4ed16f3601,STU_260831,260831,SISWA_095,Kls 9_SISWA_085,2025-08-22,AGUSTUS,Friday,UNKNOWN,,NO_EXCEPTION_RECORDED,0,0,0,5,10,15,0.0,0.0,0.0,0,15,0.0,0,-1,0.0,0.04,-0.04
rec_073b79f298b08967,STU_260831,260831,SISWA_095,Kls 9_SISWA_085,2025-08-23,AGUSTUS,Saturday,FALSE,,NO_EXCEPTION_RECORDED,0,0,0,5,10,16,0.0,0.0,0.0,0,16,0.0,0,-1,0.0,0.04,-0.04
rec_24c584b2d604bbe2,STU_260831,260831,SISWA_095,Kls 9_SISWA_085,2025-08-24,AGUSTUS,Sunday,FALSE,,NO_EXCEPTION_RECORDED,0,0,0,5,10,16,0.0,0.0,0.0,0,16,0.0,0,-1,0.0,0.04,-0.04
rec_c17e89d9cd4cb87f,STU_260831,260831,SISWA_095,Kls 9_SISWA_085,2025-08-25,AGUSTUS,Monday,TRUE,,NO_EXCEPTION_RECORDED,0,0,0,5,10,16,0.0,0.0,0.0,0,16,0.0,0,-1,0.0,0.04,-0.04
rec_2be235f718d6de3b,STU_260831,260831,SISWA_095,Kls 9_SISWA_085,2025-08-26,AGUSTUS,Tuesday,TRUE,,NO_EXCEPTION_RECORDED,0,0,0,5,10,17,0.0,0.0,0.0,0,17,0.0,0,-1,0.0,0.04,-0.04
rec_6e42931e6c0b5db4,STU_260831,260831,SISWA_095,Kls 9_SISWA_085,2025-08-27,AGUSTUS,Wednesday,TRUE,,NO_EXCEPTION_RECORDED,0,0,0,5,10,18,0.0,0.0,0.0,0,18,0.0,0,-1,0.0,0.04,-0.04
rec_7fc7abe96d3ffe64,STU_260831,260831,SISWA_095,Kls 9_SISWA_085,2025-08-28,AGUSTUS,Thursday,TRUE,,NO_EXCEPTION_RECORDED,0,0,0,5,10,19,0.0,0.0,0.0,0,19,0.0,0,-1,0.0,0.04,-0.04
rec_eb0a435fc113457a,STU_260831,260831,SISWA_095,Kls 9_SISWA_085,2025-08-29,AGUSTUS,Friday,TRUE,,NO_EXCEPTION_RECORDED,0,0,0,5,10,20,0.0,0.0,0.0,0,20,0.0,0,-1,0.0,0.0,0.0
rec_c799819ef0785b1d,STU_260831,260831,SISWA_095,Kls 9_SISWA_085,2025-08-30,AGUSTUS,Saturday,FALSE,,NO_EXCEPTION_RECORDED,0,0,0,5,10,21,0.0,0.0,0.0,0,21,0.0,0,-1,0.0,0.0,0.0
rec_7b2f74f208e1b6d2,STU_260831,260831,SISWA_095,Kls 9_SISWA_085,2025-08-31,AGUSTUS,Sunday,FALSE,,NO_EXCEPTION_RECORDED,0,0,0,5,10,21,0.0,0.0,0.0,0,21,0.0,0,-1,0.0,0.0,0.0
rec_e902f83f54018334,STU_260831,260831,SISWA_095,Kls 9_SISWA_085,2025-09-01,SEPTEMBER,Monday,TRUE,,NO_EXCEPTION_RECORDED,0,0,0,5,10,20,0.0,0.0,0.0,0,21,0.0,0,-1,0.0,0.0,0.0
rec_e49067feda92e75e,STU_260831,260831,SISWA_095,Kls 9_SISWA_085,2025-09-02,SEPTEMBER,Tuesday,TRUE,,NO_EXCEPTION_RECORDED,0,0,0,5,10,21,0.0,0.0,0.0,0,22,0.0,0,-1,0.0,0.020408,-0.020408
rec_27f6bae3b2b6ceaa,STU_260831,260831,SISWA_095,Kls 9_SISWA_085,2025-09-03,SEPTEMBER,Wednesday,TRUE,,NO_EXCEPTION_RECORDED,0,0,0,5,10,22,0.0,0.0,0.0,0,23,0.0,0,-1,0.0,0.020833,-0.020833
rec_460d175b7abf0861,STU_260831,260831,SISWA_095,Kls 9_SISWA_085,2025-09-04,SEPTEMBER,Thursday,TRUE,,NO_EXCEPTION_RECORDED,0,0,0,5,10,22,0.0,0.0,0.0,0,24,0.0,0,-1,0.0,0.021277,-0.021277
rec_a830730411bf945a,STU_260831,260831,SISWA_095,Kls 9_SISWA_085,2025-09-05,SEPTEMBER,Friday,UNKNOWN,,NO_EXCEPTION_RECORDED,0,0,0,5,10,22,0.0,0.0,0.0,0,25,0.0,0,-1,0.0,0.021739,-0.021739
rec_b3ec33d8728ce3d1,STU_260831,260831,SISWA_095,Kls 9_SISWA_085,2025-09-06,SEPTEMBER,Saturday,FALSE,,NO_EXCEPTION_RECORDED,0,0,0,5,10,22,0.0,0.0,0.0,0,26,0.0,0,-1,0.0,0.022222,-0.022222
rec_14257caecf67ccab,STU_260831,260831,SISWA_095,Kls 9_SISWA_085,2025-09-07,SEPTEMBER,Sunday,FALSE,,NO_EXCEPTION_RECORDED,0,0,0,5,10,21,0.0,0.0,0.0,0,26,0.0,0,-1,0.0,0.022222,-0.022222
rec_5e0371ebacdb1010,STU_260831,260831,SISWA_095,Kls 9_SISWA_085,2025-09-08,SEPTEMBER,Monday,TRUE,,NO_EXCEPTION_RECORDED,0,0,0,5,10,20,0.0,0.0,0.0,0,26,0.0,0,-1,0.0,0.022222,-0.022222
rec_346cbe1e55d3ea68,STU_260831,260831,SISWA_095,Kls 9_SISWA_085,2025-09-09,SEPTEMBER,Tuesday,TRUE,,NO_EXCEPTION_RECORDED,0,0,0,5,10,21,0.0,0.0,0.0,0,27,0.0,0,-1,0.0,0.044444,-0.044444
rec_3bab6e50f073561a,STU_260831,260831,SISWA_095,Kls 9_SISWA_085,2025-09-10,SEPTEMBER,Wednesday,TRUE,,NO_EXCEPTION_RECORDED,0,0,0,5,10,22,0.0,0.0,0.0,0,28,0.0,0,-1,0.0,0.044444,-0.044444
rec_9d221b4211112c80,STU_260831,260831,SISWA_095,Kls 9_SISWA_085,2025-09-11,SEPTEMBER,Thursday,TRUE,,NO_EXCEPTION_RECORDED,0,0,0,5,10,22,0.0,0.0,0.0,0,29,0.0,0,-1,0.0,0.044444,-0.044444
rec_a3b6a140d4fb13e2,STU_260831,260831,SISWA_095,Kls 9_SISWA_085,2025-09-12,SEPTEMBER,Friday,TRUE,,NO_EXCEPTION_RECORDED,0,0,0,5,10,22,0.0,0.0,0.0,0,30,0.0,0,-1,0.0,0.044444,-0.044444
rec_677ea51bea5ba1b9,STU_260831,260831,SISWA_095,Kls 9_SISWA_085,2025-09-13,SEPTEMBER,Saturday,FALSE,,NO_EXCEPTION_RECORDED,0,0,0,5,10,22,0.0,0.0,0.0,0,31,0.0,0,-1,0.0,0.044444,-0.044444
rec_d54baedeb15fb19b,STU_260831,260831,SISWA_095,Kls 9_SISWA_085,2025-09-14,SEPTEMBER,Sunday,FALSE,,NO_EXCEPTION_RECORDED,0,0,0,5,10,21,0.0,0.0,0.0,0,31,0.0,0,-1,0.0,0.044444,-0.044444
rec_b6f1afdd91367155,STU_260831,260831,SISWA_095,Kls 9_SISWA_085,2025-09-15,SEPTEMBER,Monday,TRUE,,NO_EXCEPTION_RECORDED,0,0,0,5,10,20,0.0,0.0,0.0,0,31,0.0,0,-1,0.0,0.044444,-0.044444
rec_a435743ab9a62ad7,STU_260831,260831,SISWA_095,Kls 9_SISWA_085,2025-09-16,SEPTEMBER,Tuesday,TRUE,,NO_EXCEPTION_RECORDED,0,0,0,5,10,21,0.0,0.0,0.0,0,32,0.0,0,-1,0.0,0.0,0.0
rec_9d11c7e3c6307f2c,STU_260831,260831,SISWA_095,Kls 9_SISWA_085,2025-09-17,SEPTEMBER,Wednesday,TRUE,,NO_EXCEPTION_RECORDED,0,0,0,5,10,22,0.0,0.0,0.0,0,33,0.0,0,-1,0.0,0.0,0.0
rec_43880c2ffc411128,STU_260831,260831,SISWA_095,Kls 9_SISWA_085,2025-09-18,SEPTEMBER,Thursday,TRUE,,NO_EXCEPTION_RECORDED,0,0,0,5,10,22,0.0,0.0,0.0,0,34,0.0,0,-1,0.0,0.0,0.0
rec_16f6118dcb276d50,STU_260831,260831,SISWA_095,Kls 9_SISWA_085,2025-09-19,SEPTEMBER,Friday,TRUE,,NO_EXCEPTION_RECORDED,0,0,0,5,10,22,0.0,0.0,0.0,0,35,0.0,0,-1,0.0,0.0,0.0
rec_990da563ec21962c,STU_260831,260831,SISWA_095,Kls 9_SISWA_085,2025-09-20,SEPTEMBER,Saturday,FALSE,,NO_EXCEPTION_RECORDED,0,0,0,5,10,22,0.0,0.0,0.0,0,36,0.0,0,-1,0.0,0.0,0.0
rec_6ce0e909a069cbf7,STU_260831,260831,SISWA_095,Kls 9_SISWA_085,2025-09-21,SEPTEMBER,Sunday,FALSE,,NO_EXCEPTION_RECORDED,0,0,0,5,10,21,0.0,0.0,0.0,0,36,0.0,0,-1,0.0,0.0,0.0
rec_9e95b2b4e3ea693b,STU_260831,260831,SISWA_095,Kls 9_SISWA_085,2025-09-22,SEPTEMBER,Monday,TRUE,,NO_EXCEPTION_RECORDED,0,0,0,5,10,20,0.0,0.0,0.0,0,36,0.0,0,-1,0.0,0.0,0.0
rec_2cdb60aab3013853,STU_260831,260831,SISWA_095,Kls 9_SISWA_085,2025-09-23,SEPTEMBER,Tuesday,TRUE,,NO_EXCEPTION_RECORDED,0,0,0,5,10,21,0.0,0.0,0.0,0,37,0.0,0,-1,0.0,0.0,0.0
rec_ffb0ca9a8cfee977,STU_260831,260831,SISWA_095,Kls 9_SISWA_085,2025-09-24,SEPTEMBER,Wednesday,TRUE,,NO_EXCEPTION_RECORDED,0,0,0,5,10,22,0.0,0.0,0.0,0,38,0.0,0,-1,0.0,0.044444,-0.044444
rec_d4f36b61f90f9b5a,STU_260831,260831,SISWA_095,Kls 9_SISWA_085,2025-09-25,SEPTEMBER,Thursday,TRUE,,NO_EXCEPTION_RECORDED,0,0,0,5,10,22,0.0,0.0,0.0,0,39,0.0,0,-1,0.0,0.066667,-0.066667
rec_f35191b0e6964b3e,STU_260831,260831,SISWA_095,Kls 9_SISWA_085,2025-09-26,SEPTEMBER,Friday,TRUE,,NO_EXCEPTION_RECORDED,0,0,0,5,10,22,0.0,0.0,0.0,0,40,0.0,0,-1,0.0,0.111111,-0.111111
rec_6f8b5264d9e41f47,STU_260831,260831,SISWA_095,Kls 9_SISWA_085,2025-09-27,SEPTEMBER,Saturday,FALSE,,NO_EXCEPTION_RECORDED,0,0,0,5,10,22,0.0,0.0,0.0,0,41,0.0,0,-1,0.0,0.133333,-0.133333
rec_d2c79369266aa34e,STU_260831,260831,SISWA_095,Kls 9_SISWA_085,2025-09-28,SEPTEMBER,Sunday,FALSE,,NO_EXCEPTION_RECORDED,0,0,0,5,10,21,0.0,0.0,0.0,0,41,0.0,0,-1,0.0,0.133333,-0.133333
rec_92cfec187cf34a26,STU_260831,260831,SISWA_095,Kls 9_SISWA_085,2025-09-29,SEPTEMBER,Monday,TRUE,,NO_EXCEPTION_RECORDED,0,0,0,5,10,20,0.0,0.0,0.0,0,41,0.0,0,-1,0.0,0.133333,-0.133333
rec_61c7a41be12afa6b,STU_260831,260831,SISWA_095,Kls 9_SISWA_085,2025-09-30,SEPTEMBER,Tuesday,UNKNOWN,,NO_EXCEPTION_RECORDED,0,0,0,5,10,21,0.0,0.0,0.0,0,42,0.0,0,-1,0.0,0.133333,-0.133333
rec_5375461570109d6c,STU_272196,272196,SISWA_033,Kls 8_SISWA_032,2025-08-01,AGUSTUS,Friday,UNKNOWN,,NO_EXCEPTION_RECORDED,0,0,0,0,0,0,0.0,0.0,0.0,0,0,0.0,0,-1,0.0,0.0,0.0
rec_a96a24a051edf0ab,STU_272196,272196,SISWA_033,Kls 8_SISWA_032,2025-08-02,AGUSTUS,Saturday,FALSE,,NO_EXCEPTION_RECORDED,0,0,0,1,1,1,0.0,0.0,0.0,0,1,0.0,0,-1,0.0,0.0,0.0
rec_690c7f007211485d,STU_272196,272196,SISWA_033,Kls 8_SISWA_032,2025-08-03,AGUSTUS,Sunday,FALSE,,NO_EXCEPTION_RECORDED,0,0,0,1,1,1,0.0,0.0,0.0,0,1,0.0,0,-1,0.0,0.0,0.0
rec_fb15e37db7ed2f51,STU_272196,272196,SISWA_033,Kls 8_SISWA_032,2025-08-04,AGUSTUS,Monday,UNKNOWN,,NO_EXCEPTION_RECORDED,0,0,0,1,1,1,0.0,0.0,0.0,0,1,0.0,0,-1,0.0,0.0,0.0
rec_73d0f6f111724500,STU_272196,272196,SISWA_033,Kls 8_SISWA_032,2025-08-05,AGUSTUS,Tuesday,TRUE,,NO_EXCEPTION_RECORDED,0,0,0,2,2,2,0.0,0.0,0.0,0,2,0.0,0,-1,0.0,0.0,0.0
rec_d9f54fa6f0b926af,STU_272196,272196,SISWA_033,Kls 8_SISWA_032,2025-08-06,AGUSTUS,Wednesday,UNKNOWN,,NO_EXCEPTION_RECORDED,0,0,0,3,3,3,0.0,0.0,0.0,0,3,0.0,0,-1,0.0,0.0,0.0
rec_409293748ca9538b,STU_272196,272196,SISWA_033,Kls 8_SISWA_032,2025-08-07,AGUSTUS,Thursday,TRUE,,NO_EXCEPTION_RECORDED,0,0,0,4,4,4,0.0,0.0,0.0,0,4,0.0,0,-1,0.0,0.0,0.0
rec_be92204f3d43e70f,STU_272196,272196,SISWA_033,Kls 8_SISWA_032,2025-08-08,AGUSTUS,Friday,TRUE,,NO_EXCEPTION_RECORDED,0,0,0,5,5,5,0.0,0.0,0.0,0,5,0.0,0,-1,0.0,0.0,0.0
rec_0860eefd3c78fac5,STU_272196,272196,SISWA_033,Kls 8_SISWA_032,2025-08-09,AGUSTUS,Saturday,FALSE,,NO_EXCEPTION_RECORDED,0,0,0,5,6,6,0.0,0.0,0.0,0,6,0.0,0,-1,0.0,0.0,0.0
rec_5735551d94de0e78,STU_272196,272196,SISWA_033,Kls 8_SISWA_032,2025-08-10,AGUSTUS,Sunday,FALSE,,NO_EXCEPTION_RECORDED,0,0,0,5,6,6,0.0,0.0,0.0,0,6,0.0,0,-1,0.0,0.0,0.0
rec_89a1796594b07e26,STU_272196,272196,SISWA_033,Kls 8_SISWA_032,2025-08-11,AGUSTUS,Monday,TRUE,,NO_EXCEPTION_RECORDED,0,0,0,5,6,6,0.0,0.0,0.0,0,6,0.0,0,-1,0.0,0.0,0.0
rec_21fb425e4507508f,STU_272196,272196,SISWA_033,Kls 8_SISWA_032,2025-08-12,AGUSTUS,Tuesday,TRUE,,NO_EXCEPTION_RECORDED,0,0,0,5,7,7,0.0,0.0,0.0,0,7,0.0,0,-1,0.0,0.011111,-0.011111
rec_7013ed1fd49f1096,STU_272196,272196,SISWA_033,Kls 8_SISWA_032,2025-08-13,AGUSTUS,Wednesday,TRUE,,NO_EXCEPTION_RECORDED,0,0,0,5,8,8,0.0,0.0,0.0,0,8,0.0,0,-1,0.0,0.011111,-0.011111
rec_705644090ceffda5,STU_272196,272196,SISWA_033,Kls 8_SISWA_032,2025-08-14,AGUSTUS,Thursday,UNKNOWN,,NO_EXCEPTION_RECORDED,0,0,0,5,9,9,0.0,0.0,0.0,0,9,0.0,0,-1,0.0,0.011111,-0.011111
rec_a45769d667b9d29e,STU_272196,272196,SISWA_033,Kls 8_SISWA_032,2025-08-15,AGUSTUS,Friday,UNKNOWN,,NO_EXCEPTION_RECORDED,0,0,0,5,10,10,0.0,0.0,0.0,0,10,0.0,0,-1,0.0,0.011111,-0.011111
rec_dbc6bfb8a1523071,STU_272196,272196,SISWA_033,Kls 8_SISWA_032,2025-08-16,AGUSTUS,Saturday,FALSE,,NO_EXCEPTION_RECORDED,0,0,0,5,10,11,0.0,0.0,0.0,0,11,0.0,0,-1,0.0,0.011111,-0.011111
rec_d9b1e886e120243d,STU_272196,272196,SISWA_033,Kls 8_SISWA_032,2025-08-17,AGUSTUS,Sunday,FALSE,,NO_EXCEPTION_RECORDED,0,0,0,5,10,11,0.0,0.0,0.0,0,11,0.0,0,-1,0.0,0.011111,-0.011111
rec_61b9b84a3b159d37,STU_272196,272196,SISWA_033,Kls 8_SISWA_032,2025-08-18,AGUSTUS,Monday,UNKNOWN,,NO_EXCEPTION_RECORDED,0,0,0,5,10,11,0.0,0.0,0.0,0,11,0.0,0,-1,0.0,0.011111,-0.011111
rec_569647685a571e0d,STU_272196,272196,SISWA_033,Kls 8_SISWA_032,2025-08-19,AGUSTUS,Tuesday,TRUE,,NO_EXCEPTION_RECORDED,0,0,0,5,10,12,0.0,0.0,0.0,0,12,0.0,0,-1,0.0,0.0,0.0
rec_78e474195d883508,STU_272196,272196,SISWA_033,Kls 8_SISWA_032,2025-08-20,AGUSTUS,Wednesday,TRUE,,NO_EXCEPTION_RECORDED,0,0,0,5,10,13,0.0,0.0,0.0,0,13,0.0,0,-1,0.0,0.011111,-0.011111
rec_4b07f294a2602067,STU_272196,272196,SISWA_033,Kls 8_SISWA_032,2025-08-21,AGUSTUS,Thursday,TRUE,,NO_EXCEPTION_RECORDED,0,0,0,5,10,14,0.0,0.0,0.0,0,14,0.0,0,-1,0.0,0.011111,-0.011111
rec_43788b667622c433,STU_272196,272196,SISWA_033,Kls 8_SISWA_032,2025-08-22,AGUSTUS,Friday,UNKNOWN,,NO_EXCEPTION_RECORDED,0,0,0,5,10,15,0.0,0.0,0.0,0,15,0.0,0,-1,0.0,0.011111,-0.011111
rec_d1df9a5c42dca038,STU_272196,272196,SISWA_033,Kls 8_SISWA_032,2025-08-23,AGUSTUS,Saturday,FALSE,,NO_EXCEPTION_RECORDED,0,0,0,5,10,16,0.0,0.0,0.0,0,16,0.0,0,-1,0.0,0.011111,-0.011111
rec_f50fcc70e3eb361f,STU_272196,272196,SISWA_033,Kls 8_SISWA_032,2025-08-24,AGUSTUS,Sunday,FALSE,,NO_EXCEPTION_RECORDED,0,0,0,5,10,16,0.0,0.0,0.0,0,16,0.0,0,-1,0.0,0.011111,-0.011111
rec_98e83f5f722c9c07,STU_272196,272196,SISWA_033,Kls 8_SISWA_032,2025-08-25,AGUSTUS,Monday,TRUE,,NO_EXCEPTION_RECORDED,0,0,0,5,10,16,0.0,0.0,0.0,0,16,0.0,0,-1,0.0,0.011111,-0.011111
rec_fcf27efb3540fd43,STU_272196,272196,SISWA_033,Kls 8_SISWA_032,2025-08-26,AGUSTUS,Tuesday,TRUE,,NO_EXCEPTION_RECORDED,0,0,0,5,10,17,0.0,0.0,0.0,0,17,0.0,0,-1,0.0,0.011111,-0.011111
rec_b83ec1270880c187,STU_272196,272196,SISWA_033,Kls 8_SISWA_032,2025-08-27,AGUSTUS,Wednesday,TRUE,,NO_EXCEPTION_RECORDED,0,0,0,5,10,18,0.0,0.0,0.0,0,18,0.0,0,-1,0.0,0.011111,-0.011111
rec_df530b8e9486af80,STU_272196,272196,SISWA_033,Kls 8_SISWA_032,2025-08-28,AGUSTUS,Thursday,TRUE,,NO_EXCEPTION_RECORDED,0,0,0,5,10,19,0.0,0.0,0.0,0,19,0.0,0,-1,0.0,0.011111,-0.011111
rec_34752b546a052b6a,STU_272196,272196,SISWA_033,Kls 8_SISWA_032,2025-08-29,AGUSTUS,Friday,TRUE,,NO_EXCEPTION_RECORDED,0,0,0,5,10,20,0.0,0.0,0.0,0,20,0.0,0,-1,0.0,0.022222,-0.022222
rec_bff92e4f01c4d373,STU_272196,272196,SISWA_033,Kls 8_SISWA_032,2025-08-30,AGUSTUS,Saturday,FALSE,,NO_EXCEPTION_RECORDED,0,0,0,5,10,21,0.0,0.0,0.0,0,21,0.0,0,-1,0.0,0.022222,-0.022222
rec_3d95e400b6f03dc1,STU_272196,272196,SISWA_033,Kls 8_SISWA_032,2025-08-31,AGUSTUS,Sunday,FALSE,,NO_EXCEPTION_RECORDED,0,0,0,5,10,21,0.0,0.0,0.0,0,21,0.0,0,-1,0.0,0.022222,-0.022222
rec_126e8e60eebe043f,STU_272196,272196,SISWA_033,Kls 8_SISWA_032,2025-09-01,SEPTEMBER,Monday,TRUE,,NO_EXCEPTION_RECORDED,0,0,0,5,10,20,0.0,0.0,0.0,0,21,0.0,0,-1,0.0,0.022222,-0.022222
rec_a50c044c84316389,STU_272196,272196,SISWA_033,Kls 8_SISWA_032,2025-09-02,SEPTEMBER,Tuesday,TRUE,,NO_EXCEPTION_RECORDED,0,0,0,5,10,21,0.0,0.0,0.0,0,22,0.0,0,-1,0.0,0.022222,-0.022222
rec_3f17c2917747fc3b,STU_272196,272196,SISWA_033,Kls 8_SISWA_032,2025-09-03,SEPTEMBER,Wednesday,TRUE,,NO_EXCEPTION_RECORDED,0,0,0,5,10,22,0.0,0.0,0.0,0,23,0.0,0,-1,0.0,0.011111,-0.011111
rec_3b0cd7ab077dc366,STU_272196,272196,SISWA_033,Kls 8_SISWA_032,2025-09-04,SEPTEMBER,Thursday,TRUE,,NO_EXCEPTION_RECORDED,0,0,0,5,10,22,0.0,0.0,0.0,0,24,0.0,0,-1,0.0,0.011111,-0.011111
rec_e80be0833ebdce6e,STU_272196,272196,SISWA_033,Kls 8_SISWA_032,2025-09-05,SEPTEMBER,Friday,UNKNOWN,,NO_EXCEPTION_RECORDED,0,0,0,5,10,22,0.0,0.0,0.0,0,25,0.0,0,-1,0.0,0.0,0.0
rec_ac521b1780ee51c6,STU_272196,272196,SISWA_033,Kls 8_SISWA_032,2025-09-06,SEPTEMBER,Saturday,FALSE,,NO_EXCEPTION_RECORDED,0,0,0,5,10,22,0.0,0.0,0.0,0,26,0.0,0,-1,0.0,0.0,0.0
rec_017bea42f15369fa,STU_272196,272196,SISWA_033,Kls 8_SISWA_032,2025-09-07,SEPTEMBER,Sunday,FALSE,,NO_EXCEPTION_RECORDED,0,0,0,5,10,21,0.0,0.0,0.0,0,26,0.0,0,-1,0.0,0.0,0.0
rec_5b9c2c8a38351034,STU_272196,272196,SISWA_033,Kls 8_SISWA_032,2025-09-08,SEPTEMBER,Monday,TRUE,,NO_EXCEPTION_RECORDED,0,0,0,5,10,20,0.0,0.0,0.0,0,26,0.0,0,-1,0.0,0.0,0.0
rec_7f8ec299e0a2309d,STU_272196,272196,SISWA_033,Kls 8_SISWA_032,2025-09-09,SEPTEMBER,Tuesday,TRUE,,NO_EXCEPTION_RECORDED,0,0,0,5,10,21,0.0,0.0,0.0,0,27,0.0,0,-1,0.0,0.0,0.0
rec_123567d37004287c,STU_272196,272196,SISWA_033,Kls 8_SISWA_032,2025-09-10,SEPTEMBER,Wednesday,TRUE,,NO_EXCEPTION_RECORDED,0,0,0,5,10,22,0.0,0.0,0.0,0,28,0.0,0,-1,0.0,0.0,0.0
rec_c535cb8185a00bce,STU_272196,272196,SISWA_033,Kls 8_SISWA_032,2025-09-11,SEPTEMBER,Thursday,TRUE,,NO_EXCEPTION_RECORDED,0,0,0,5,10,22,0.0,0.0,0.0,0,29,0.0,0,-1,0.0,0.011111,-0.011111
rec_90359edc4044c5c0,STU_272196,272196,SISWA_033,Kls 8_SISWA_032,2025-09-12,SEPTEMBER,Friday,TRUE,,NO_EXCEPTION_RECORDED,0,0,0,5,10,22,0.0,0.0,0.0,0,30,0.0,0,-1,0.0,0.011111,-0.011111
rec_f52295f54d59fa91,STU_272196,272196,SISWA_033,Kls 8_SISWA_032,2025-09-13,SEPTEMBER,Saturday,FALSE,,NO_EXCEPTION_RECORDED,0,0,0,5,10,22,0.0,0.0,0.0,0,31,0.0,0,-1,0.0,0.022222,-0.022222
rec_f74c44ee705e967e,STU_272196,272196,SISWA_033,Kls 8_SISWA_032,2025-09-14,SEPTEMBER,Sunday,FALSE,,NO_EXCEPTION_RECORDED,0,0,0,5,10,21,0.0,0.0,0.0,0,31,0.0,0,-1,0.0,0.022222,-0.022222
rec_20d4095840b92c09,STU_272196,272196,SISWA_033,Kls 8_SISWA_032,2025-09-15,SEPTEMBER,Monday,TRUE,,NO_EXCEPTION_RECORDED,0,0,0,5,10,20,0.0,0.0,0.0,0,31,0.0,0,-1,0.0,0.022222,-0.022222
rec_8b353ddb1e6ce2e4,STU_272196,272196,SISWA_033,Kls 8_SISWA_032,2025-09-16,SEPTEMBER,Tuesday,TRUE,,NO_EXCEPTION_RECORDED,0,0,0,5,10,21,0.0,0.0,0.0,0,32,0.0,0,-1,0.0,0.044444,-0.044444
rec_43d612eb4d33d52a,STU_272196,272196,SISWA_033,Kls 8_SISWA_032,2025-09-17,SEPTEMBER,Wednesday,TRUE,,NO_EXCEPTION_RECORDED,0,0,0,5,10,22,0.0,0.0,0.0,0,33,0.0,0,-1,0.0,0.055556,-0.055556
rec_d0f38e8cacfb6fb3,STU_272196,272196,SISWA_033,Kls 8_SISWA_032,2025-09-18,SEPTEMBER,Thursday,TRUE,,NO_EXCEPTION_RECORDED,0,0,0,5,10,22,0.0,0.0,0.0,0,34,0.0,0,-1,0.0,0.044444,-0.044444
rec_cf742f316190ac89,STU_272196,272196,SISWA_033,Kls 8_SISWA_032,2025-09-19,SEPTEMBER,Friday,TRUE,,NO_EXCEPTION_RECORDED,0,0,0,5,10,22,0.0,0.0,0.0,0,35,0.0,0,-1,0.0,0.044444,-0.044444
rec_751e7285dd6bbe33,STU_272196,272196,SISWA_033,Kls 8_SISWA_032,2025-09-20,SEPTEMBER,Saturday,FALSE,,NO_EXCEPTION_RECORDED,0,0,0,5,10,22,0.0,0.0,0.0,0,36,0.0,0,-1,0.0,0.033333,-0.033333
rec_277626dd003ed923,STU_272196,272196,SISWA_033,Kls 8_SISWA_032,2025-09-21,SEPTEMBER,Sunday,FALSE,,NO_EXCEPTION_RECORDED,0,0,0,5,10,21,0.0,0.0,0.0,0,36,0.0,0,-1,0.0,0.033333,-0.033333
rec_e738012bfa20695a,STU_272196,272196,SISWA_033,Kls 8_SISWA_032,2025-09-22,SEPTEMBER,Monday,TRUE,,NO_EXCEPTION_RECORDED,0,0,0,5,10,20,0.0,0.0,0.0,0,36,0.0,0,-1,0.0,0.033333,-0.033333
rec_415c4b30780f1406,STU_272196,272196,SISWA_033,Kls 8_SISWA_032,2025-09-23,SEPTEMBER,Tuesday,TRUE,,NO_EXCEPTION_RECORDED,0,0,0,5,10,21,0.0,0.0,0.0,0,37,0.0,0,-1,0.0,0.011111,-0.011111
rec_a94645a83e3a56c3,STU_272196,272196,SISWA_033,Kls 8_SISWA_032,2025-09-24,SEPTEMBER,Wednesday,TRUE,,NO_EXCEPTION_RECORDED,0,0,0,5,10,22,0.0,0.0,0.0,0,38,0.0,0,-1,0.0,0.0,0.0
rec_106e0c29bc0b6d02,STU_272196,272196,SISWA_033,Kls 8_SISWA_032,2025-09-25,SEPTEMBER,Thursday,TRUE,,NO_EXCEPTION_RECORDED,0,0,0,5,10,22,0.0,0.0,0.0,0,39,0.0,0,-1,0.0,0.0,0.0
rec_cb27a5cb28236ce2,STU_272196,272196,SISWA_033,Kls 8_SISWA_032,2025-09-26,SEPTEMBER,Friday,TRUE,,NO_EXCEPTION_RECORDED,0,0,0,5,10,22,0.0,0.0,0.0,0,40,0.0,0,-1,0.0,0.0,0.0
rec_ff5bfbd2518342bb,STU_272196,272196,SISWA_033,Kls 8_SISWA_032,2025-09-27,SEPTEMBER,Saturday,FALSE,,NO_EXCEPTION_RECORDED,0,0,0,5,10,22,0.0,0.0,0.0,0,41,0.0,0,-1,0.0,0.011111,-0.011111
rec_fe65f8930fbca0a0,STU_272196,272196,SISWA_033,Kls 8_SISWA_032,2025-09-28,SEPTEMBER,Sunday,FALSE,,NO_EXCEPTION_RECORDED,0,0,0,5,10,21,0.0,0.0,0.0,0,41,0.0,0,-1,0.0,0.011111,-0.011111
rec_44827ae707d4327e,STU_272196,272196,SISWA_033,Kls 8_SISWA_032,2025-09-29,SEPTEMBER,Monday,TRUE,,NO_EXCEPTION_RECORDED,0,0,0,5,10,20,0.0,0.0,0.0,0,41,0.0,0,-1,0.0,0.011111,-0.011111
rec_9d461f91d8ffd1c7,STU_272196,272196,SISWA_033,Kls 8_SISWA_032,2025-09-30,SEPTEMBER,Tuesday,UNKNOWN,,NO_EXCEPTION_RECORDED,0,0,0,5,10,21,0.0,0.0,0.0,0,42,0.0,0,-1,0.0,0.022222,-0.022222
rec_1ff9148f8a8e04a3,STU_273725,273725,SISWA_047,Kls 8_SISWA_032,2025-08-01,AGUSTUS,Friday,UNKNOWN,,NO_EXCEPTION_RECORDED,0,0,0,0,0,0,0.0,0.0,0.0,0,0,0.0,0,-1,0.0,0.0,0.0
rec_01eb608998b808da,STU_273725,273725,SISWA_047,Kls 8_SISWA_032,2025-08-02,AGUSTUS,Saturday,FALSE,,NO_EXCEPTION_RECORDED,0,0,0,1,1,1,0.0,0.0,0.0,0,1,0.0,0,-1,0.0,0.0,0.0
rec_9ff7c17a061937db,STU_273725,273725,SISWA_047,Kls 8_SISWA_032,2025-08-03,AGUSTUS,Sunday,FALSE,,NO_EXCEPTION_RECORDED,0,0,0,1,1,1,0.0,0.0,0.0,0,1,0.0,0,-1,0.0,0.0,0.0
rec_b62ee04d01129612,STU_273725,273725,SISWA_047,Kls 8_SISWA_032,2025-08-04,AGUSTUS,Monday,UNKNOWN,,NO_EXCEPTION_RECORDED,0,0,0,1,1,1,0.0,0.0,0.0,0,1,0.0,0,-1,0.0,0.0,0.0
rec_faa6490b5b46ad32,STU_273725,273725,SISWA_047,Kls 8_SISWA_032,2025-08-05,AGUSTUS,Tuesday,TRUE,,NO_EXCEPTION_RECORDED,0,0,0,2,2,2,0.0,0.0,0.0,0,2,0.0,0,-1,0.0,0.0,0.0
rec_8f1fa1ef192d93ba,STU_273725,273725,SISWA_047,Kls 8_SISWA_032,2025-08-06,AGUSTUS,Wednesday,UNKNOWN,,NO_EXCEPTION_RECORDED,0,0,0,3,3,3,0.0,0.0,0.0,0,3,0.0,0,-1,0.0,0.0,0.0
rec_da1cd61f930e7961,STU_273725,273725,SISWA_047,Kls 8_SISWA_032,2025-08-07,AGUSTUS,Thursday,TRUE,,NO_EXCEPTION_RECORDED,0,0,0,4,4,4,0.0,0.0,0.0,0,4,0.0,0,-1,0.0,0.0,0.0
rec_690ca251b03ce3e2,STU_273725,273725,SISWA_047,Kls 8_SISWA_032,2025-08-08,AGUSTUS,Friday,TRUE,,NO_EXCEPTION_RECORDED,0,0,0,5,5,5,0.0,0.0,0.0,0,5,0.0,0,-1,0.0,0.0,0.0
rec_825bc6a680e03b45,STU_273725,273725,SISWA_047,Kls 8_SISWA_032,2025-08-09,AGUSTUS,Saturday,FALSE,,NO_EXCEPTION_RECORDED,0,0,0,5,6,6,0.0,0.0,0.0,0,6,0.0,0,-1,0.0,0.0,0.0
rec_09e1f0ba2549de68,STU_273725,273725,SISWA_047,Kls 8_SISWA_032,2025-08-10,AGUSTUS,Sunday,FALSE,,NO_EXCEPTION_RECORDED,0,0,0,5,6,6,0.0,0.0,0.0,0,6,0.0,0,-1,0.0,0.0,0.0
rec_125283a0f2cfa4ad,STU_273725,273725,SISWA_047,Kls 8_SISWA_032,2025-08-11,AGUSTUS,Monday,TRUE,,NO_EXCEPTION_RECORDED,0,0,0,5,6,6,0.0,0.0,0.0,0,6,0.0,0,-1,0.0,0.0,0.0
rec_b72fc56e98d1890a,STU_273725,273725,SISWA_047,Kls 8_SISWA_032,2025-08-12,AGUSTUS,Tuesday,TRUE,,NO_EXCEPTION_RECORDED,0,0,0,5,7,7,0.0,0.0,0.0,0,7,0.0,0,-1,0.0,0.011111,-0.011111
rec_2ef0282b785dc9f2,STU_273725,273725,SISWA_047,Kls 8_SISWA_032,2025-08-13,AGUSTUS,Wednesday,TRUE,,NO_EXCEPTION_RECORDED,0,0,0,5,8,8,0.0,0.0,0.0,0,8,0.0,0,-1,0.0,0.011111,-0.011111
rec_99d47f16f228a5cd,STU_273725,273725,SISWA_047,Kls 8_SISWA_032,2025-08-14,AGUSTUS,Thursday,UNKNOWN,,NO_EXCEPTION_RECORDED,0,0,0,5,9,9,0.0,0.0,0.0,0,9,0.0,0,-1,0.0,0.011111,-0.011111
rec_bc31da7304cf209b,STU_273725,273725,SISWA_047,Kls 8_SISWA_032,2025-08-15,AGUSTUS,Friday,UNKNOWN,,NO_EXCEPTION_RECORDED,0,0,0,5,10,10,0.0,0.0,0.0,0,10,0.0,0,-1,0.0,0.011111,-0.011111
rec_ed478135280d9931,STU_273725,273725,SISWA_047,Kls 8_SISWA_032,2025-08-16,AGUSTUS,Saturday,FALSE,,NO_EXCEPTION_RECORDED,0,0,0,5,10,11,0.0,0.0,0.0,0,11,0.0,0,-1,0.0,0.011111,-0.011111
rec_196456dbd726f072,STU_273725,273725,SISWA_047,Kls 8_SISWA_032,2025-08-17,AGUSTUS,Sunday,FALSE,,NO_EXCEPTION_RECORDED,0,0,0,5,10,11,0.0,0.0,0.0,0,11,0.0,0,-1,0.0,0.011111,-0.011111
rec_7c10aa30030fc385,STU_273725,273725,SISWA_047,Kls 8_SISWA_032,2025-08-18,AGUSTUS,Monday,UNKNOWN,,NO_EXCEPTION_RECORDED,0,0,0,5,10,11,0.0,0.0,0.0,0,11,0.0,0,-1,0.0,0.011111,-0.011111
rec_1a9924c1e15b5b7b,STU_273725,273725,SISWA_047,Kls 8_SISWA_032,2025-08-19,AGUSTUS,Tuesday,TRUE,,NO_EXCEPTION_RECORDED,0,0,0,5,10,12,0.0,0.0,0.0,0,12,0.0,0,-1,0.0,0.0,0.0
rec_434d32bfdbf0a65a,STU_273725,273725,SISWA_047,Kls 8_SISWA_032,2025-08-20,AGUSTUS,Wednesday,TRUE,,NO_EXCEPTION_RECORDED,0,0,0,5,10,13,0.0,0.0,0.0,0,13,0.0,0,-1,0.0,0.011111,-0.011111
rec_d240c9424871e40d,STU_273725,273725,SISWA_047,Kls 8_SISWA_032,2025-08-21,AGUSTUS,Thursday,TRUE,,NO_EXCEPTION_RECORDED,0,0,0,5,10,14,0.0,0.0,0.0,0,14,0.0,0,-1,0.0,0.011111,-0.011111
rec_0fdd1c94f3a417fc,STU_273725,273725,SISWA_047,Kls 8_SISWA_032,2025-08-22,AGUSTUS,Friday,UNKNOWN,,NO_EXCEPTION_RECORDED,0,0,0,5,10,15,0.0,0.0,0.0,0,15,0.0,0,-1,0.0,0.011111,-0.011111
rec_308eb004506e2b35,STU_273725,273725,SISWA_047,Kls 8_SISWA_032,2025-08-23,AGUSTUS,Saturday,FALSE,,NO_EXCEPTION_RECORDED,0,0,0,5,10,16,0.0,0.0,0.0,0,16,0.0,0,-1,0.0,0.011111,-0.011111
rec_bbc40458cf267078,STU_273725,273725,SISWA_047,Kls 8_SISWA_032,2025-08-24,AGUSTUS,Sunday,FALSE,,NO_EXCEPTION_RECORDED,0,0,0,5,10,16,0.0,0.0,0.0,0,16,0.0,0,-1,0.0,0.011111,-0.011111
rec_997548838142ad63,STU_273725,273725,SISWA_047,Kls 8_SISWA_032,2025-08-25,AGUSTUS,Monday,TRUE,,NO_EXCEPTION_RECORDED,0,0,0,5,10,16,0.0,0.0,0.0,0,16,0.0,0,-1,0.0,0.011111,-0.011111
rec_97280d199ab8b6b7,STU_273725,273725,SISWA_047,Kls 8_SISWA_032,2025-08-26,AGUSTUS,Tuesday,TRUE,,NO_EXCEPTION_RECORDED,0,0,0,5,10,17,0.0,0.0,0.0,0,17,0.0,0,-1,0.0,0.011111,-0.011111
rec_0d4a70371aa91cac,STU_273725,273725,SISWA_047,Kls 8_SISWA_032,2025-08-27,AGUSTUS,Wednesday,TRUE,,NO_EXCEPTION_RECORDED,0,0,0,5,10,18,0.0,0.0,0.0,0,18,0.0,0,-1,0.0,0.011111,-0.011111
rec_95352bc21b4102ff,STU_273725,273725,SISWA_047,Kls 8_SISWA_032,2025-08-28,AGUSTUS,Thursday,TRUE,,NO_EXCEPTION_RECORDED,0,0,0,5,10,19,0.0,0.0,0.0,0,19,0.0,0,-1,0.0,0.011111,-0.011111
rec_3303287d3af86e88,STU_273725,273725,SISWA_047,Kls 8_SISWA_032,2025-08-29,AGUSTUS,Friday,TRUE,,NO_EXCEPTION_RECORDED,0,0,0,5,10,20,0.0,0.0,0.0,0,20,0.0,0,-1,0.0,0.022222,-0.022222
rec_07edb422cf9db79d,STU_273725,273725,SISWA_047,Kls 8_SISWA_032,2025-08-30,AGUSTUS,Saturday,FALSE,,NO_EXCEPTION_RECORDED,0,0,0,5,10,21,0.0,0.0,0.0,0,21,0.0,0,-1,0.0,0.022222,-0.022222
rec_db723427e8de0884,STU_273725,273725,SISWA_047,Kls 8_SISWA_032,2025-08-31,AGUSTUS,Sunday,FALSE,,NO_EXCEPTION_RECORDED,0,0,0,5,10,21,0.0,0.0,0.0,0,21,0.0,0,-1,0.0,0.022222,-0.022222
rec_b399aa060536c912,STU_273725,273725,SISWA_047,Kls 8_SISWA_032,2025-09-01,SEPTEMBER,Monday,TRUE,,NO_EXCEPTION_RECORDED,0,0,0,5,10,20,0.0,0.0,0.0,0,21,0.0,0,-1,0.0,0.022222,-0.022222
rec_26a4c22e83105b98,STU_273725,273725,SISWA_047,Kls 8_SISWA_032,2025-09-02,SEPTEMBER,Tuesday,TRUE,,NO_EXCEPTION_RECORDED,0,0,0,5,10,21,0.0,0.0,0.0,0,22,0.0,0,-1,0.0,0.022222,-0.022222
rec_0dbb5803a9dc2ed0,STU_273725,273725,SISWA_047,Kls 8_SISWA_032,2025-09-03,SEPTEMBER,Wednesday,TRUE,,NO_EXCEPTION_RECORDED,0,0,0,5,10,22,0.0,0.0,0.0,0,23,0.0,0,-1,0.0,0.011111,-0.011111
rec_33b42a85e1d3837d,STU_273725,273725,SISWA_047,Kls 8_SISWA_032,2025-09-04,SEPTEMBER,Thursday,TRUE,,NO_EXCEPTION_RECORDED,0,0,0,5,10,22,0.0,0.0,0.0,0,24,0.0,0,-1,0.0,0.011111,-0.011111
rec_92cf411353c2e6e9,STU_273725,273725,SISWA_047,Kls 8_SISWA_032,2025-09-05,SEPTEMBER,Friday,UNKNOWN,,NO_EXCEPTION_RECORDED,0,0,0,5,10,22,0.0,0.0,0.0,0,25,0.0,0,-1,0.0,0.0,0.0
rec_3e2b55818d8bfe53,STU_273725,273725,SISWA_047,Kls 8_SISWA_032,2025-09-06,SEPTEMBER,Saturday,FALSE,,NO_EXCEPTION_RECORDED,0,0,0,5,10,22,0.0,0.0,0.0,0,26,0.0,0,-1,0.0,0.0,0.0
rec_5f5bc8a89f264c88,STU_273725,273725,SISWA_047,Kls 8_SISWA_032,2025-09-07,SEPTEMBER,Sunday,FALSE,,NO_EXCEPTION_RECORDED,0,0,0,5,10,21,0.0,0.0,0.0,0,26,0.0,0,-1,0.0,0.0,0.0
rec_899798b87070aff9,STU_273725,273725,SISWA_047,Kls 8_SISWA_032,2025-09-08,SEPTEMBER,Monday,TRUE,,NO_EXCEPTION_RECORDED,0,0,0,5,10,20,0.0,0.0,0.0,0,26,0.0,0,-1,0.0,0.0,0.0
rec_d04b6a31c6a699a9,STU_273725,273725,SISWA_047,Kls 8_SISWA_032,2025-09-09,SEPTEMBER,Tuesday,TRUE,,NO_EXCEPTION_RECORDED,0,0,0,5,10,21,0.0,0.0,0.0,0,27,0.0,0,-1,0.0,0.0,0.0
rec_fefd2fa3693b6fe3,STU_273725,273725,SISWA_047,Kls 8_SISWA_032,2025-09-10,SEPTEMBER,Wednesday,TRUE,,NO_EXCEPTION_RECORDED,0,0,0,5,10,22,0.0,0.0,0.0,0,28,0.0,0,-1,0.0,0.0,0.0
rec_64f5e7c692ca6df3,STU_273725,273725,SISWA_047,Kls 8_SISWA_032,2025-09-11,SEPTEMBER,Thursday,TRUE,,NO_EXCEPTION_RECORDED,0,0,0,5,10,22,0.0,0.0,0.0,0,29,0.0,0,-1,0.0,0.011111,-0.011111
rec_490bde9b0db37953,STU_273725,273725,SISWA_047,Kls 8_SISWA_032,2025-09-12,SEPTEMBER,Friday,TRUE,,NO_EXCEPTION_RECORDED,0,0,0,5,10,22,0.0,0.0,0.0,0,30,0.0,0,-1,0.0,0.011111,-0.011111
rec_d24a889fe61bbd88,STU_273725,273725,SISWA_047,Kls 8_SISWA_032,2025-09-13,SEPTEMBER,Saturday,FALSE,,NO_EXCEPTION_RECORDED,0,0,0,5,10,22,0.0,0.0,0.0,0,31,0.0,0,-1,0.0,0.022222,-0.022222
rec_124dfdce75e1709e,STU_273725,273725,SISWA_047,Kls 8_SISWA_032,2025-09-14,SEPTEMBER,Sunday,FALSE,,NO_EXCEPTION_RECORDED,0,0,0,5,10,21,0.0,0.0,0.0,0,31,0.0,0,-1,0.0,0.022222,-0.022222
rec_20ee502611ddff6a,STU_273725,273725,SISWA_047,Kls 8_SISWA_032,2025-09-15,SEPTEMBER,Monday,TRUE,,NO_EXCEPTION_RECORDED,0,0,0,5,10,20,0.0,0.0,0.0,0,31,0.0,0,-1,0.0,0.022222,-0.022222
rec_5798692805d8e2fb,STU_273725,273725,SISWA_047,Kls 8_SISWA_032,2025-09-16,SEPTEMBER,Tuesday,TRUE,,NO_EXCEPTION_RECORDED,0,0,0,5,10,21,0.0,0.0,0.0,0,32,0.0,0,-1,0.0,0.044444,-0.044444
rec_590d4f575dbd68e7,STU_273725,273725,SISWA_047,Kls 8_SISWA_032,2025-09-17,SEPTEMBER,Wednesday,TRUE,,NO_EXCEPTION_RECORDED,0,0,0,5,10,22,0.0,0.0,0.0,0,33,0.0,0,-1,0.0,0.055556,-0.055556
rec_2afb674b65a8e380,STU_273725,273725,SISWA_047,Kls 8_SISWA_032,2025-09-18,SEPTEMBER,Thursday,TRUE,,NO_EXCEPTION_RECORDED,0,0,0,5,10,22,0.0,0.0,0.0,0,34,0.0,0,-1,0.0,0.044444,-0.044444
rec_096cbf18b4f7fe66,STU_273725,273725,SISWA_047,Kls 8_SISWA_032,2025-09-19,SEPTEMBER,Friday,TRUE,,NO_EXCEPTION_RECORDED,0,0,0,5,10,22,0.0,0.0,0.0,0,35,0.0,0,-1,0.0,0.044444,-0.044444
rec_21f4b2bbbe1df293,STU_273725,273725,SISWA_047,Kls 8_SISWA_032,2025-09-20,SEPTEMBER,Saturday,FALSE,,NO_EXCEPTION_RECORDED,0,0,0,5,10,22,0.0,0.0,0.0,0,36,0.0,0,-1,0.0,0.033333,-0.033333
rec_94ac3c3d9d4d4718,STU_273725,273725,SISWA_047,Kls 8_SISWA_032,2025-09-21,SEPTEMBER,Sunday,FALSE,,NO_EXCEPTION_RECORDED,0,0,0,5,10,21,0.0,0.0,0.0,0,36,0.0,0,-1,0.0,0.033333,-0.033333
rec_72f1b689e3ac011c,STU_273725,273725,SISWA_047,Kls 8_SISWA_032,2025-09-22,SEPTEMBER,Monday,TRUE,,NO_EXCEPTION_RECORDED,0,0,0,5,10,20,0.0,0.0,0.0,0,36,0.0,0,-1,0.0,0.033333,-0.033333
rec_eab543d6bea65d93,STU_273725,273725,SISWA_047,Kls 8_SISWA_032,2025-09-23,SEPTEMBER,Tuesday,TRUE,,NO_EXCEPTION_RECORDED,0,0,0,5,10,21,0.0,0.0,0.0,0,37,0.0,0,-1,0.0,0.011111,-0.011111
rec_0ba93a6e3ea0ced5,STU_273725,273725,SISWA_047,Kls 8_SISWA_032,2025-09-24,SEPTEMBER,Wednesday,TRUE,,NO_EXCEPTION_RECORDED,0,0,0,5,10,22,0.0,0.0,0.0,0,38,0.0,0,-1,0.0,0.0,0.0
rec_1d08ebceb9a7c36a,STU_273725,273725,SISWA_047,Kls 8_SISWA_032,2025-09-25,SEPTEMBER,Thursday,TRUE,,NO_EXCEPTION_RECORDED,0,0,0,5,10,22,0.0,0.0,0.0,0,39,0.0,0,-1,0.0,0.0,0.0
rec_e55974963249abc2,STU_273725,273725,SISWA_047,Kls 8_SISWA_032,2025-09-26,SEPTEMBER,Friday,TRUE,,NO_EXCEPTION_RECORDED,0,0,0,5,10,22,0.0,0.0,0.0,0,40,0.0,0,-1,0.0,0.0,0.0
rec_29c04302feb1c262,STU_273725,273725,SISWA_047,Kls 8_SISWA_032,2025-09-27,SEPTEMBER,Saturday,FALSE,,NO_EXCEPTION_RECORDED,0,0,0,5,10,22,0.0,0.0,0.0,0,41,0.0,0,-1,0.0,0.011111,-0.011111
rec_3a12c69db6b964d3,STU_273725,273725,SISWA_047,Kls 8_SISWA_032,2025-09-28,SEPTEMBER,Sunday,FALSE,,NO_EXCEPTION_RECORDED,0,0,0,5,10,21,0.0,0.0,0.0,0,41,0.0,0,-1,0.0,0.011111,-0.011111
rec_a5610398f5b1bcc2,STU_273725,273725,SISWA_047,Kls 8_SISWA_032,2025-09-29,SEPTEMBER,Monday,TRUE,,NO_EXCEPTION_RECORDED,0,0,0,5,10,20,0.0,0.0,0.0,0,41,0.0,0,-1,0.0,0.011111,-0.011111
rec_0a631c981e13fbf0,STU_273725,273725,SISWA_047,Kls 8_SISWA_032,2025-09-30,SEPTEMBER,Tuesday,UNKNOWN,,NO_EXCEPTION_RECORDED,0,0,0,5,10,21,0.0,0.0,0.0,0,42,0.0,0,-1,0.0,0.022222,-0.022222
rec_01e0e42b377cb74d,STU_277779,277779,SISWA_090,Kls 9_SISWA_085,2025-08-01,AGUSTUS,Friday,UNKNOWN,,NO_EXCEPTION_RECORDED,0,0,0,0,0,0,0.0,0.0,0.0,0,0,0.0,0,-1,0.0,0.0,0.0
rec_ec34659bb605c6f8,STU_277779,277779,SISWA_090,Kls 9_SISWA_085,2025-08-02,AGUSTUS,Saturday,FALSE,,NO_EXCEPTION_RECORDED,0,0,0,1,1,1,0.0,0.0,0.0,0,1,0.0,0,-1,0.0,0.0,0.0
rec_281ae09703f64c1a,STU_277779,277779,SISWA_090,Kls 9_SISWA_085,2025-08-03,AGUSTUS,Sunday,FALSE,,NO_EXCEPTION_RECORDED,0,0,0,1,1,1,0.0,0.0,0.0,0,1,0.0,0,-1,0.0,0.0,0.0
rec_5bde1d0f8978ec72,STU_277779,277779,SISWA_090,Kls 9_SISWA_085,2025-08-04,AGUSTUS,Monday,UNKNOWN,,NO_EXCEPTION_RECORDED,0,0,0,1,1,1,0.0,0.0,0.0,0,1,0.0,0,-1,0.0,0.0,0.0
rec_6335a779c1fbaa1f,STU_277779,277779,SISWA_090,Kls 9_SISWA_085,2025-08-05,AGUSTUS,Tuesday,TRUE,s,SOURCE_MARK_S,0,0,0,2,2,2,0.0,0.0,0.0,0,2,0.0,0,-1,0.0,0.0,0.0
rec_5dcbc1067be359b3,STU_277779,277779,SISWA_090,Kls 9_SISWA_085,2025-08-06,AGUSTUS,Wednesday,UNKNOWN,,NO_EXCEPTION_RECORDED,1,1,1,3,3,3,0.333333,0.333333,0.333333,1,3,0.333333,1,1,0.0,0.0,0.333333
rec_a83423b6228aa015,STU_277779,277779,SISWA_090,Kls 9_SISWA_085,2025-08-07,AGUSTUS,Thursday,TRUE,,NO_EXCEPTION_RECORDED,1,1,1,4,4,4,0.25,0.25,0.25,1,4,0.25,0,2,0.0,0.0,0.25
rec_90b182f6ce01c13b,STU_277779,277779,SISWA_090,Kls 9_SISWA_085,2025-08-08,AGUSTUS,Friday,TRUE,,NO_EXCEPTION_RECORDED,1,1,1,5,5,5,0.2,0.2,0.2,1,5,0.2,0,3,0.0,0.02,0.18
rec_6080236b2b52010a,STU_277779,277779,SISWA_090,Kls 9_SISWA_085,2025-08-09,AGUSTUS,Saturday,FALSE,,NO_EXCEPTION_RECORDED,1,1,1,5,6,6,0.2,0.166667,0.166667,1,6,0.166667,0,4,0.033333,0.04,0.16
rec_74703017ecf2c848,STU_277779,277779,SISWA_090,Kls 9_SISWA_085,2025-08-10,AGUSTUS,Sunday,FALSE,,NO_EXCEPTION_RECORDED,1,1,1,5,6,6,0.2,0.166667,0.166667,1,6,0.166667,0,5,0.033333,0.04,0.16
rec_51079889090162a6,STU_277779,277779,SISWA_090,Kls 9_SISWA_085,2025-08-11,AGUSTUS,Monday,TRUE,,NO_EXCEPTION_RECORDED,1,1,1,5,6,6,0.2,0.166667,0.166667,1,6,0.166667,0,6,0.033333,0.04,0.16
rec_c7bbee144df66ea1,STU_277779,277779,SISWA_090,Kls 9_SISWA_085,2025-08-12,AGUSTUS,Tuesday,TRUE,,NO_EXCEPTION_RECORDED,1,1,1,5,7,7,0.2,0.142857,0.142857,1,7,0.142857,0,7,0.057143,0.04,0.16
rec_fe7d0dc0386ecb96,STU_277779,277779,SISWA_090,Kls 9_SISWA_085,2025-08-13,AGUSTUS,Wednesday,TRUE,,NO_EXCEPTION_RECORDED,0,1,1,5,8,8,0.0,0.125,0.125,1,8,0.125,0,8,-0.125,0.04,-0.04
rec_6f356e393b448a71,STU_277779,277779,SISWA_090,Kls 9_SISWA_085,2025-08-14,AGUSTUS,Thursday,UNKNOWN,,NO_EXCEPTION_RECORDED,0,1,1,5,9,9,0.0,0.111111,0.111111,1,9,0.111111,0,9,-0.111111,0.04,-0.04
rec_8f5a6f8542e4bbf1,STU_277779,277779,SISWA_090,Kls 9_SISWA_085,2025-08-15,AGUSTUS,Friday,UNKNOWN,,NO_EXCEPTION_RECORDED,0,1,1,5,10,10,0.0,0.1,0.1,1,10,0.1,0,10,-0.1,0.02,-0.02
rec_6941e672a762161f,STU_277779,277779,SISWA_090,Kls 9_SISWA_085,2025-08-16,AGUSTUS,Saturday,FALSE,,NO_EXCEPTION_RECORDED,0,1,1,5,10,11,0.0,0.1,0.090909,1,11,0.090909,0,11,-0.090909,0.0,0.0
rec_91da3d6621c22134,STU_277779,277779,SISWA_090,Kls 9_SISWA_085,2025-08-17,AGUSTUS,Sunday,FALSE,,NO_EXCEPTION_RECORDED,0,1,1,5,10,11,0.0,0.1,0.090909,1,11,0.090909,0,12,-0.090909,0.0,0.0
rec_aa7a85e3e381f8e4,STU_277779,277779,SISWA_090,Kls 9_SISWA_085,2025-08-18,AGUSTUS,Monday,UNKNOWN,,NO_EXCEPTION_RECORDED,0,1,1,5,10,11,0.0,0.1,0.090909,1,11,0.090909,0,13,-0.090909,0.0,0.0
rec_7e4b45f2b58ff41a,STU_277779,277779,SISWA_090,Kls 9_SISWA_085,2025-08-19,AGUSTUS,Tuesday,TRUE,,NO_EXCEPTION_RECORDED,0,1,1,5,10,12,0.0,0.1,0.083333,1,12,0.083333,0,14,-0.083333,0.0,0.0
rec_bc4a95fcc09f3ce5,STU_277779,277779,SISWA_090,Kls 9_SISWA_085,2025-08-20,AGUSTUS,Wednesday,TRUE,,NO_EXCEPTION_RECORDED,0,0,1,5,10,13,0.0,0.0,0.076923,1,13,0.076923,0,15,-0.076923,0.0,0.0
rec_128f0439d405bc7c,STU_277779,277779,SISWA_090,Kls 9_SISWA_085,2025-08-21,AGUSTUS,Thursday,TRUE,,NO_EXCEPTION_RECORDED,0,0,1,5,10,14,0.0,0.0,0.071429,1,14,0.071429,0,16,-0.071429,0.0,0.0
rec_41d30fe5b7358fd8,STU_277779,277779,SISWA_090,Kls 9_SISWA_085,2025-08-22,AGUSTUS,Friday,UNKNOWN,,NO_EXCEPTION_RECORDED,0,0,1,5,10,15,0.0,0.0,0.066667,1,15,0.066667,0,17,-0.066667,0.04,-0.04
rec_936b7f37cae96ef5,STU_277779,277779,SISWA_090,Kls 9_SISWA_085,2025-08-23,AGUSTUS,Saturday,FALSE,,NO_EXCEPTION_RECORDED,0,0,1,5,10,16,0.0,0.0,0.0625,1,16,0.0625,0,18,-0.0625,0.04,-0.04
rec_d5726a3fbbb2c9dc,STU_277779,277779,SISWA_090,Kls 9_SISWA_085,2025-08-24,AGUSTUS,Sunday,FALSE,,NO_EXCEPTION_RECORDED,0,0,1,5,10,16,0.0,0.0,0.0625,1,16,0.0625,0,19,-0.0625,0.04,-0.04
rec_88edde7a456fffbb,STU_277779,277779,SISWA_090,Kls 9_SISWA_085,2025-08-25,AGUSTUS,Monday,TRUE,,NO_EXCEPTION_RECORDED,0,0,1,5,10,16,0.0,0.0,0.0625,1,16,0.0625,0,20,-0.0625,0.04,-0.04
rec_3194105f95cb23d9,STU_277779,277779,SISWA_090,Kls 9_SISWA_085,2025-08-26,AGUSTUS,Tuesday,TRUE,,NO_EXCEPTION_RECORDED,0,0,1,5,10,17,0.0,0.0,0.058824,1,17,0.058824,0,21,-0.058824,0.04,-0.04
rec_adf4e7acc1c7c811,STU_277779,277779,SISWA_090,Kls 9_SISWA_085,2025-08-27,AGUSTUS,Wednesday,TRUE,,NO_EXCEPTION_RECORDED,0,0,1,5,10,18,0.0,0.0,0.055556,1,18,0.055556,0,22,-0.055556,0.04,-0.04
rec_cd8780c1c6cdf77f,STU_277779,277779,SISWA_090,Kls 9_SISWA_085,2025-08-28,AGUSTUS,Thursday,TRUE,,NO_EXCEPTION_RECORDED,0,0,1,5,10,19,0.0,0.0,0.052632,1,19,0.052632,0,23,-0.052632,0.04,-0.04
rec_4f49bd65b6af17ed,STU_277779,277779,SISWA_090,Kls 9_SISWA_085,2025-08-29,AGUSTUS,Friday,TRUE,,NO_EXCEPTION_RECORDED,0,0,1,5,10,20,0.0,0.0,0.05,1,20,0.05,0,24,-0.05,0.0,0.0
rec_9c6b787922e41a9b,STU_277779,277779,SISWA_090,Kls 9_SISWA_085,2025-08-30,AGUSTUS,Saturday,FALSE,,NO_EXCEPTION_RECORDED,0,0,1,5,10,21,0.0,0.0,0.047619,1,21,0.047619,0,25,-0.047619,0.0,0.0
rec_b6ca0a20108d0242,STU_277779,277779,SISWA_090,Kls 9_SISWA_085,2025-08-31,AGUSTUS,Sunday,FALSE,,NO_EXCEPTION_RECORDED,0,0,1,5,10,21,0.0,0.0,0.047619,1,21,0.047619,0,26,-0.047619,0.0,0.0
rec_c5b7a4cc2ed3162f,STU_277779,277779,SISWA_090,Kls 9_SISWA_085,2025-09-01,SEPTEMBER,Monday,TRUE,i,SOURCE_MARK_I,0,0,1,5,10,20,0.0,0.0,0.05,1,21,0.047619,0,27,-0.047619,0.0,0.0
rec_6eac69847a1e4db2,STU_277779,277779,SISWA_090,Kls 9_SISWA_085,2025-09-02,SEPTEMBER,Tuesday,TRUE,,NO_EXCEPTION_RECORDED,1,1,2,5,10,21,0.2,0.1,0.095238,2,22,0.090909,1,1,0.109091,0.0,0.2
rec_3c5e59a018e1345b,STU_277779,277779,SISWA_090,Kls 9_SISWA_085,2025-09-03,SEPTEMBER,Wednesday,TRUE,,NO_EXCEPTION_RECORDED,1,1,2,5,10,22,0.2,0.1,0.090909,2,23,0.086957,0,2,0.113043,0.0,0.2
rec_5dbeeb80bf817818,STU_277779,277779,SISWA_090,Kls 9_SISWA_085,2025-09-04,SEPTEMBER,Thursday,TRUE,,NO_EXCEPTION_RECORDED,1,1,2,5,10,22,0.2,0.1,0.090909,2,24,0.083333,0,3,0.116667,0.0,0.2
rec_d0e9f853d88dccfc,STU_277779,277779,SISWA_090,Kls 9_SISWA_085,2025-09-05,SEPTEMBER,Friday,UNKNOWN,,NO_EXCEPTION_RECORDED,1,1,1,5,10,22,0.2,0.1,0.045455,2,25,0.08,0,4,0.12,0.0,0.2
rec_355f12f185f9a4b7,STU_277779,277779,SISWA_090,Kls 9_SISWA_085,2025-09-06,SEPTEMBER,Saturday,FALSE,,NO_EXCEPTION_RECORDED,1,1,1,5,10,22,0.2,0.1,0.045455,2,26,0.076923,0,5,0.123077,0.0,0.2
rec_d76176f936a2cd30,STU_277779,277779,SISWA_090,Kls 9_SISWA_085,2025-09-07,SEPTEMBER,Sunday,FALSE,,NO_EXCEPTION_RECORDED,1,1,1,5,10,21,0.2,0.1,0.047619,2,26,0.076923,0,6,0.123077,0.0,0.2
rec_0f85bf1841dc8060,STU_277779,277779,SISWA_090,Kls 9_SISWA_085,2025-09-08,SEPTEMBER,Monday,TRUE,,NO_EXCEPTION_RECORDED,1,1,1,5,10,20,0.2,0.1,0.05,2,26,0.076923,0,7,0.123077,0.0,0.2
rec_c30298a058169386,STU_277779,277779,SISWA_090,Kls 9_SISWA_085,2025-09-09,SEPTEMBER,Tuesday,TRUE,,NO_EXCEPTION_RECORDED,0,1,1,5,10,21,0.0,0.1,0.047619,2,27,0.074074,0,8,-0.074074,0.044444,-0.044444
rec_dc2346c73cf3e30e,STU_277779,277779,SISWA_090,Kls 9_SISWA_085,2025-09-10,SEPTEMBER,Wednesday,TRUE,,NO_EXCEPTION_RECORDED,0,1,1,5,10,22,0.0,0.1,0.045455,2,28,0.071429,0,9,-0.071429,0.044444,-0.044444
rec_58026d69fb31a75f,STU_277779,277779,SISWA_090,Kls 9_SISWA_085,2025-09-11,SEPTEMBER,Thursday,TRUE,,NO_EXCEPTION_RECORDED,0,1,1,5,10,22,0.0,0.1,0.045455,2,29,0.068966,0,10,-0.068966,0.044444,-0.044444
rec_8c69679a6ee632ae,STU_277779,277779,SISWA_090,Kls 9_SISWA_085,2025-09-12,SEPTEMBER,Friday,TRUE,,NO_EXCEPTION_RECORDED,0,1,1,5,10,22,0.0,0.1,0.045455,2,30,0.066667,0,11,-0.066667,0.044444,-0.044444
rec_5f1720957256e80e,STU_277779,277779,SISWA_090,Kls 9_SISWA_085,2025-09-13,SEPTEMBER,Saturday,FALSE,,NO_EXCEPTION_RECORDED,0,1,1,5,10,22,0.0,0.1,0.045455,2,31,0.064516,0,12,-0.064516,0.044444,-0.044444
rec_33f59cc78fcc38e1,STU_277779,277779,SISWA_090,Kls 9_SISWA_085,2025-09-14,SEPTEMBER,Sunday,FALSE,,NO_EXCEPTION_RECORDED,0,1,1,5,10,21,0.0,0.1,0.047619,2,31,0.064516,0,13,-0.064516,0.044444,-0.044444
rec_a4b45be58a24eb8d,STU_277779,277779,SISWA_090,Kls 9_SISWA_085,2025-09-15,SEPTEMBER,Monday,TRUE,,NO_EXCEPTION_RECORDED,0,1,1,5,10,20,0.0,0.1,0.05,2,31,0.064516,0,14,-0.064516,0.044444,-0.044444
rec_0831760b0aa5565b,STU_277779,277779,SISWA_090,Kls 9_SISWA_085,2025-09-16,SEPTEMBER,Tuesday,TRUE,,NO_EXCEPTION_RECORDED,0,0,1,5,10,21,0.0,0.0,0.047619,2,32,0.0625,0,15,-0.0625,0.0,0.0
rec_fbcac9d719fb14c2,STU_277779,277779,SISWA_090,Kls 9_SISWA_085,2025-09-17,SEPTEMBER,Wednesday,TRUE,,NO_EXCEPTION_RECORDED,0,0,1,5,10,22,0.0,0.0,0.045455,2,33,0.060606,0,16,-0.060606,0.0,0.0
rec_6a17a21eb6791e65,STU_277779,277779,SISWA_090,Kls 9_SISWA_085,2025-09-18,SEPTEMBER,Thursday,TRUE,,NO_EXCEPTION_RECORDED,0,0,1,5,10,22,0.0,0.0,0.045455,2,34,0.058824,0,17,-0.058824,0.0,0.0
rec_9b0a82fb30120679,STU_277779,277779,SISWA_090,Kls 9_SISWA_085,2025-09-19,SEPTEMBER,Friday,TRUE,,NO_EXCEPTION_RECORDED,0,0,1,5,10,22,0.0,0.0,0.045455,2,35,0.057143,0,18,-0.057143,0.0,0.0
rec_8c176a0188498494,STU_277779,277779,SISWA_090,Kls 9_SISWA_085,2025-09-20,SEPTEMBER,Saturday,FALSE,,NO_EXCEPTION_RECORDED,0,0,1,5,10,22,0.0,0.0,0.045455,2,36,0.055556,0,19,-0.055556,0.0,0.0
rec_d1863141bc46ea26,STU_277779,277779,SISWA_090,Kls 9_SISWA_085,2025-09-21,SEPTEMBER,Sunday,FALSE,,NO_EXCEPTION_RECORDED,0,0,1,5,10,21,0.0,0.0,0.047619,2,36,0.055556,0,20,-0.055556,0.0,0.0
rec_ec54a21a83f642e7,STU_277779,277779,SISWA_090,Kls 9_SISWA_085,2025-09-22,SEPTEMBER,Monday,TRUE,,NO_EXCEPTION_RECORDED,0,0,1,5,10,20,0.0,0.0,0.05,2,36,0.055556,0,21,-0.055556,0.0,0.0
rec_37ccd9f6b1467151,STU_277779,277779,SISWA_090,Kls 9_SISWA_085,2025-09-23,SEPTEMBER,Tuesday,TRUE,,NO_EXCEPTION_RECORDED,0,0,1,5,10,21,0.0,0.0,0.047619,2,37,0.054054,0,22,-0.054054,0.0,0.0
rec_9977c4688d791435,STU_277779,277779,SISWA_090,Kls 9_SISWA_085,2025-09-24,SEPTEMBER,Wednesday,TRUE,,NO_EXCEPTION_RECORDED,0,0,1,5,10,22,0.0,0.0,0.045455,2,38,0.052632,0,23,-0.052632,0.044444,-0.044444
rec_0ddd14c866417210,STU_277779,277779,SISWA_090,Kls 9_SISWA_085,2025-09-25,SEPTEMBER,Thursday,TRUE,,NO_EXCEPTION_RECORDED,0,0,1,5,10,22,0.0,0.0,0.045455,2,39,0.051282,0,24,-0.051282,0.066667,-0.066667
rec_b1ce1aeff0ff96b2,STU_277779,277779,SISWA_090,Kls 9_SISWA_085,2025-09-26,SEPTEMBER,Friday,TRUE,,NO_EXCEPTION_RECORDED,0,0,1,5,10,22,0.0,0.0,0.045455,2,40,0.05,0,25,-0.05,0.111111,-0.111111
rec_b0161859d91adffa,STU_277779,277779,SISWA_090,Kls 9_SISWA_085,2025-09-27,SEPTEMBER,Saturday,FALSE,,NO_EXCEPTION_RECORDED,0,0,1,5,10,22,0.0,0.0,0.045455,2,41,0.04878,0,26,-0.04878,0.133333,-0.133333
rec_9da34406d1816530,STU_277779,277779,SISWA_090,Kls 9_SISWA_085,2025-09-28,SEPTEMBER,Sunday,FALSE,,NO_EXCEPTION_RECORDED,0,0,1,5,10,21,0.0,0.0,0.047619,2,41,0.04878,0,27,-0.04878,0.133333,-0.133333
rec_e033a2b360719f8e,STU_277779,277779,SISWA_090,Kls 9_SISWA_085,2025-09-29,SEPTEMBER,Monday,TRUE,,NO_EXCEPTION_RECORDED,0,0,1,5,10,20,0.0,0.0,0.05,2,41,0.04878,0,28,-0.04878,0.133333,-0.133333
rec_dc1e0c6769eddc3e,STU_277779,277779,SISWA_090,Kls 9_SISWA_085,2025-09-30,SEPTEMBER,Tuesday,UNKNOWN,,NO_EXCEPTION_RECORDED,0,0,1,5,10,21,0.0,0.0,0.047619,2,42,0.047619,0,29,-0.047619,0.133333,-0.133333
rec_f3435603184a03eb,STU_291363,291363,SISWA_058,Kls 8_SISWA_052,2025-08-01,AGUSTUS,Friday,UNKNOWN,,NO_EXCEPTION_RECORDED,0,0,0,0,0,0,0.0,0.0,0.0,0,0,0.0,0,-1,0.0,0.0,0.0
rec_271a3b7a94a5a674,STU_291363,291363,SISWA_058,Kls 8_SISWA_052,2025-08-02,AGUSTUS,Saturday,FALSE,,NO_EXCEPTION_RECORDED,0,0,0,1,1,1,0.0,0.0,0.0,0,1,0.0,0,-1,0.0,0.0,0.0
rec_f01379dbf9e8794f,STU_291363,291363,SISWA_058,Kls 8_SISWA_052,2025-08-03,AGUSTUS,Sunday,FALSE,,NO_EXCEPTION_RECORDED,0,0,0,1,1,1,0.0,0.0,0.0,0,1,0.0,0,-1,0.0,0.0,0.0
rec_02596be532ae7bdf,STU_291363,291363,SISWA_058,Kls 8_SISWA_052,2025-08-04,AGUSTUS,Monday,UNKNOWN,,NO_EXCEPTION_RECORDED,0,0,0,1,1,1,0.0,0.0,0.0,0,1,0.0,0,-1,0.0,0.0,0.0
rec_4f0f34e509ce6163,STU_291363,291363,SISWA_058,Kls 8_SISWA_052,2025-08-05,AGUSTUS,Tuesday,TRUE,,NO_EXCEPTION_RECORDED,0,0,0,2,2,2,0.0,0.0,0.0,0,2,0.0,0,-1,0.0,0.0,0.0
rec_0906aed608325a0b,STU_291363,291363,SISWA_058,Kls 8_SISWA_052,2025-08-06,AGUSTUS,Wednesday,UNKNOWN,,NO_EXCEPTION_RECORDED,0,0,0,3,3,3,0.0,0.0,0.0,0,3,0.0,0,-1,0.0,0.0,0.0
rec_bdeaabf3e0f40ea3,STU_291363,291363,SISWA_058,Kls 8_SISWA_052,2025-08-07,AGUSTUS,Thursday,TRUE,,NO_EXCEPTION_RECORDED,0,0,0,4,4,4,0.0,0.0,0.0,0,4,0.0,0,-1,0.0,0.0,0.0
rec_ba9d052322bfafe1,STU_291363,291363,SISWA_058,Kls 8_SISWA_052,2025-08-08,AGUSTUS,Friday,TRUE,,NO_EXCEPTION_RECORDED,0,0,0,5,5,5,0.0,0.0,0.0,0,5,0.0,0,-1,0.0,0.011111,-0.011111
rec_0306024afd34bae4,STU_291363,291363,SISWA_058,Kls 8_SISWA_052,2025-08-09,AGUSTUS,Saturday,FALSE,,NO_EXCEPTION_RECORDED,0,0,0,5,6,6,0.0,0.0,0.0,0,6,0.0,0,-1,0.0,0.011111,-0.011111
rec_ea1d92f54a17b3b2,STU_291363,291363,SISWA_058,Kls 8_SISWA_052,2025-08-10,AGUSTUS,Sunday,FALSE,,NO_EXCEPTION_RECORDED,0,0,0,5,6,6,0.0,0.0,0.0,0,6,0.0,0,-1,0.0,0.011111,-0.011111
rec_564fafde951a95a8,STU_291363,291363,SISWA_058,Kls 8_SISWA_052,2025-08-11,AGUSTUS,Monday,TRUE,,NO_EXCEPTION_RECORDED,0,0,0,5,6,6,0.0,0.0,0.0,0,6,0.0,0,-1,0.0,0.011111,-0.011111
rec_441b21c0a45b67ca,STU_291363,291363,SISWA_058,Kls 8_SISWA_052,2025-08-12,AGUSTUS,Tuesday,TRUE,,NO_EXCEPTION_RECORDED,0,0,0,5,7,7,0.0,0.0,0.0,0,7,0.0,0,-1,0.0,0.011111,-0.011111
rec_149ad1f1ce1ca10c,STU_291363,291363,SISWA_058,Kls 8_SISWA_052,2025-08-13,AGUSTUS,Wednesday,TRUE,,NO_EXCEPTION_RECORDED,0,0,0,5,8,8,0.0,0.0,0.0,0,8,0.0,0,-1,0.0,0.022222,-0.022222
rec_ac0d3c97d0cba091,STU_291363,291363,SISWA_058,Kls 8_SISWA_052,2025-08-14,AGUSTUS,Thursday,UNKNOWN,,NO_EXCEPTION_RECORDED,0,0,0,5,9,9,0.0,0.0,0.0,0,9,0.0,0,-1,0.0,0.033333,-0.033333
rec_843f3c0d41050781,STU_291363,291363,SISWA_058,Kls 8_SISWA_052,2025-08-15,AGUSTUS,Friday,UNKNOWN,,NO_EXCEPTION_RECORDED,0,0,0,5,10,10,0.0,0.0,0.0,0,10,0.0,0,-1,0.0,0.022222,-0.022222
rec_dd4525e2bacc005f,STU_291363,291363,SISWA_058,Kls 8_SISWA_052,2025-08-16,AGUSTUS,Saturday,FALSE,,NO_EXCEPTION_RECORDED,0,0,0,5,10,11,0.0,0.0,0.0,0,11,0.0,0,-1,0.0,0.022222,-0.022222
rec_e3fdf83f0854fb29,STU_291363,291363,SISWA_058,Kls 8_SISWA_052,2025-08-17,AGUSTUS,Sunday,FALSE,,NO_EXCEPTION_RECORDED,0,0,0,5,10,11,0.0,0.0,0.0,0,11,0.0,0,-1,0.0,0.022222,-0.022222
rec_7e01052db4f2af27,STU_291363,291363,SISWA_058,Kls 8_SISWA_052,2025-08-18,AGUSTUS,Monday,UNKNOWN,,NO_EXCEPTION_RECORDED,0,0,0,5,10,11,0.0,0.0,0.0,0,11,0.0,0,-1,0.0,0.022222,-0.022222
rec_04df12e105ee2de9,STU_291363,291363,SISWA_058,Kls 8_SISWA_052,2025-08-19,AGUSTUS,Tuesday,TRUE,,NO_EXCEPTION_RECORDED,0,0,0,5,10,12,0.0,0.0,0.0,0,12,0.0,0,-1,0.0,0.022222,-0.022222
rec_18b45e21eb358b22,STU_291363,291363,SISWA_058,Kls 8_SISWA_052,2025-08-20,AGUSTUS,Wednesday,TRUE,,NO_EXCEPTION_RECORDED,0,0,0,5,10,13,0.0,0.0,0.0,0,13,0.0,0,-1,0.0,0.022222,-0.022222
rec_e091e648e3cb6f9e,STU_291363,291363,SISWA_058,Kls 8_SISWA_052,2025-08-21,AGUSTUS,Thursday,TRUE,,NO_EXCEPTION_RECORDED,0,0,0,5,10,14,0.0,0.0,0.0,0,14,0.0,0,-1,0.0,0.022222,-0.022222
rec_70a0e8e10ce783d8,STU_291363,291363,SISWA_058,Kls 8_SISWA_052,2025-08-22,AGUSTUS,Friday,UNKNOWN,,NO_EXCEPTION_RECORDED,0,0,0,5,10,15,0.0,0.0,0.0,0,15,0.0,0,-1,0.0,0.022222,-0.022222
rec_6313fcd99eb0d265,STU_291363,291363,SISWA_058,Kls 8_SISWA_052,2025-08-23,AGUSTUS,Saturday,FALSE,,NO_EXCEPTION_RECORDED,0,0,0,5,10,16,0.0,0.0,0.0,0,16,0.0,0,-1,0.0,0.022222,-0.022222
rec_c0b0a54626bd3444,STU_291363,291363,SISWA_058,Kls 8_SISWA_052,2025-08-24,AGUSTUS,Sunday,FALSE,,NO_EXCEPTION_RECORDED,0,0,0,5,10,16,0.0,0.0,0.0,0,16,0.0,0,-1,0.0,0.022222,-0.022222
rec_cdb8b720cd4f3fb3,STU_291363,291363,SISWA_058,Kls 8_SISWA_052,2025-08-25,AGUSTUS,Monday,TRUE,,NO_EXCEPTION_RECORDED,0,0,0,5,10,16,0.0,0.0,0.0,0,16,0.0,0,-1,0.0,0.022222,-0.022222
rec_adf63c5f01f293e2,STU_291363,291363,SISWA_058,Kls 8_SISWA_052,2025-08-26,AGUSTUS,Tuesday,TRUE,,NO_EXCEPTION_RECORDED,0,0,0,5,10,17,0.0,0.0,0.0,0,17,0.0,0,-1,0.0,0.033333,-0.033333
rec_df9ecc58231464de,STU_291363,291363,SISWA_058,Kls 8_SISWA_052,2025-08-27,AGUSTUS,Wednesday,TRUE,,NO_EXCEPTION_RECORDED,0,0,0,5,10,18,0.0,0.0,0.0,0,18,0.0,0,-1,0.0,0.022222,-0.022222
rec_0bcbc392542c57b4,STU_291363,291363,SISWA_058,Kls 8_SISWA_052,2025-08-28,AGUSTUS,Thursday,TRUE,,NO_EXCEPTION_RECORDED,0,0,0,5,10,19,0.0,0.0,0.0,0,19,0.0,0,-1,0.0,0.011111,-0.011111
rec_a3d06fb9cca60166,STU_291363,291363,SISWA_058,Kls 8_SISWA_052,2025-08-29,AGUSTUS,Friday,TRUE,,NO_EXCEPTION_RECORDED,0,0,0,5,10,20,0.0,0.0,0.0,0,20,0.0,0,-1,0.0,0.011111,-0.011111
rec_3dead7e1e44f9514,STU_291363,291363,SISWA_058,Kls 8_SISWA_052,2025-08-30,AGUSTUS,Saturday,FALSE,,NO_EXCEPTION_RECORDED,0,0,0,5,10,21,0.0,0.0,0.0,0,21,0.0,0,-1,0.0,0.011111,-0.011111
rec_ea888439d0a716ab,STU_291363,291363,SISWA_058,Kls 8_SISWA_052,2025-08-31,AGUSTUS,Sunday,FALSE,,NO_EXCEPTION_RECORDED,0,0,0,5,10,21,0.0,0.0,0.0,0,21,0.0,0,-1,0.0,0.011111,-0.011111
rec_90006c90f1ec88ca,STU_291363,291363,SISWA_058,Kls 8_SISWA_052,2025-09-01,SEPTEMBER,Monday,TRUE,,NO_EXCEPTION_RECORDED,0,0,0,5,10,20,0.0,0.0,0.0,0,21,0.0,0,-1,0.0,0.011111,-0.011111
rec_32aa86d685d0d3f6,STU_291363,291363,SISWA_058,Kls 8_SISWA_052,2025-09-02,SEPTEMBER,Tuesday,TRUE,,NO_EXCEPTION_RECORDED,0,0,0,5,10,21,0.0,0.0,0.0,0,22,0.0,0,-1,0.0,0.011111,-0.011111
rec_f4bec47edf011305,STU_291363,291363,SISWA_058,Kls 8_SISWA_052,2025-09-03,SEPTEMBER,Wednesday,TRUE,,NO_EXCEPTION_RECORDED,0,0,0,5,10,22,0.0,0.0,0.0,0,23,0.0,0,-1,0.0,0.022222,-0.022222
rec_bacbfb42f66d289d,STU_291363,291363,SISWA_058,Kls 8_SISWA_052,2025-09-04,SEPTEMBER,Thursday,TRUE,,NO_EXCEPTION_RECORDED,0,0,0,5,10,22,0.0,0.0,0.0,0,24,0.0,0,-1,0.0,0.022222,-0.022222
rec_295e6dffe9e281ac,STU_291363,291363,SISWA_058,Kls 8_SISWA_052,2025-09-05,SEPTEMBER,Friday,UNKNOWN,,NO_EXCEPTION_RECORDED,0,0,0,5,10,22,0.0,0.0,0.0,0,25,0.0,0,-1,0.0,0.022222,-0.022222
rec_735724f469abc91d,STU_291363,291363,SISWA_058,Kls 8_SISWA_052,2025-09-06,SEPTEMBER,Saturday,FALSE,,NO_EXCEPTION_RECORDED,0,0,0,5,10,22,0.0,0.0,0.0,0,26,0.0,0,-1,0.0,0.022222,-0.022222
rec_7b8c54771d73f78e,STU_291363,291363,SISWA_058,Kls 8_SISWA_052,2025-09-07,SEPTEMBER,Sunday,FALSE,,NO_EXCEPTION_RECORDED,0,0,0,5,10,21,0.0,0.0,0.0,0,26,0.0,0,-1,0.0,0.022222,-0.022222
rec_5bbce609cfe0ba05,STU_291363,291363,SISWA_058,Kls 8_SISWA_052,2025-09-08,SEPTEMBER,Monday,TRUE,,NO_EXCEPTION_RECORDED,0,0,0,5,10,20,0.0,0.0,0.0,0,26,0.0,0,-1,0.0,0.022222,-0.022222
rec_a05558720184f4f3,STU_291363,291363,SISWA_058,Kls 8_SISWA_052,2025-09-09,SEPTEMBER,Tuesday,TRUE,,NO_EXCEPTION_RECORDED,0,0,0,5,10,21,0.0,0.0,0.0,0,27,0.0,0,-1,0.0,0.011111,-0.011111
rec_f0a444abaef19054,STU_291363,291363,SISWA_058,Kls 8_SISWA_052,2025-09-10,SEPTEMBER,Wednesday,TRUE,,NO_EXCEPTION_RECORDED,0,0,0,5,10,22,0.0,0.0,0.0,0,28,0.0,0,-1,0.0,0.011111,-0.011111
rec_0bcf95a17a6402cb,STU_291363,291363,SISWA_058,Kls 8_SISWA_052,2025-09-11,SEPTEMBER,Thursday,TRUE,,NO_EXCEPTION_RECORDED,0,0,0,5,10,22,0.0,0.0,0.0,0,29,0.0,0,-1,0.0,0.011111,-0.011111
rec_d4bb7831a781410f,STU_291363,291363,SISWA_058,Kls 8_SISWA_052,2025-09-12,SEPTEMBER,Friday,TRUE,,NO_EXCEPTION_RECORDED,0,0,0,5,10,22,0.0,0.0,0.0,0,30,0.0,0,-1,0.0,0.011111,-0.011111
rec_5f0e822231a69ea2,STU_291363,291363,SISWA_058,Kls 8_SISWA_052,2025-09-13,SEPTEMBER,Saturday,FALSE,,NO_EXCEPTION_RECORDED,0,0,0,5,10,22,0.0,0.0,0.0,0,31,0.0,0,-1,0.0,0.011111,-0.011111
rec_75cf9ef71494851b,STU_291363,291363,SISWA_058,Kls 8_SISWA_052,2025-09-14,SEPTEMBER,Sunday,FALSE,,NO_EXCEPTION_RECORDED,0,0,0,5,10,21,0.0,0.0,0.0,0,31,0.0,0,-1,0.0,0.011111,-0.011111
rec_4e297f7946c1eb3a,STU_291363,291363,SISWA_058,Kls 8_SISWA_052,2025-09-15,SEPTEMBER,Monday,TRUE,,NO_EXCEPTION_RECORDED,0,0,0,5,10,20,0.0,0.0,0.0,0,31,0.0,0,-1,0.0,0.011111,-0.011111
rec_421a084004153ddf,STU_291363,291363,SISWA_058,Kls 8_SISWA_052,2025-09-16,SEPTEMBER,Tuesday,TRUE,,NO_EXCEPTION_RECORDED,0,0,0,5,10,21,0.0,0.0,0.0,0,32,0.0,0,-1,0.0,0.022222,-0.022222
rec_2ad36748a1450d35,STU_291363,291363,SISWA_058,Kls 8_SISWA_052,2025-09-17,SEPTEMBER,Wednesday,TRUE,,NO_EXCEPTION_RECORDED,0,0,0,5,10,22,0.0,0.0,0.0,0,33,0.0,0,-1,0.0,0.011111,-0.011111
rec_35fe555726c638c4,STU_291363,291363,SISWA_058,Kls 8_SISWA_052,2025-09-18,SEPTEMBER,Thursday,TRUE,,NO_EXCEPTION_RECORDED,0,0,0,5,10,22,0.0,0.0,0.0,0,34,0.0,0,-1,0.0,0.011111,-0.011111
rec_c99be5c5b1a9526b,STU_291363,291363,SISWA_058,Kls 8_SISWA_052,2025-09-19,SEPTEMBER,Friday,TRUE,,NO_EXCEPTION_RECORDED,0,0,0,5,10,22,0.0,0.0,0.0,0,35,0.0,0,-1,0.0,0.011111,-0.011111
rec_38dce2c8ba55e8eb,STU_291363,291363,SISWA_058,Kls 8_SISWA_052,2025-09-20,SEPTEMBER,Saturday,FALSE,,NO_EXCEPTION_RECORDED,0,0,0,5,10,22,0.0,0.0,0.0,0,36,0.0,0,-1,0.0,0.011111,-0.011111
rec_462f70632581c356,STU_291363,291363,SISWA_058,Kls 8_SISWA_052,2025-09-21,SEPTEMBER,Sunday,FALSE,,NO_EXCEPTION_RECORDED,0,0,0,5,10,21,0.0,0.0,0.0,0,36,0.0,0,-1,0.0,0.011111,-0.011111
rec_c6f23f1edf7686a5,STU_291363,291363,SISWA_058,Kls 8_SISWA_052,2025-09-22,SEPTEMBER,Monday,TRUE,,NO_EXCEPTION_RECORDED,0,0,0,5,10,20,0.0,0.0,0.0,0,36,0.0,0,-1,0.0,0.011111,-0.011111
rec_b403a970bc169f1e,STU_291363,291363,SISWA_058,Kls 8_SISWA_052,2025-09-23,SEPTEMBER,Tuesday,TRUE,,NO_EXCEPTION_RECORDED,0,0,0,5,10,21,0.0,0.0,0.0,0,37,0.0,0,-1,0.0,0.011111,-0.011111
rec_916ea29aba074324,STU_291363,291363,SISWA_058,Kls 8_SISWA_052,2025-09-24,SEPTEMBER,Wednesday,TRUE,,NO_EXCEPTION_RECORDED,0,0,0,5,10,22,0.0,0.0,0.0,0,38,0.0,0,-1,0.0,0.011111,-0.011111
rec_681a3ef8fc6a29c9,STU_291363,291363,SISWA_058,Kls 8_SISWA_052,2025-09-25,SEPTEMBER,Thursday,TRUE,,NO_EXCEPTION_RECORDED,0,0,0,5,10,22,0.0,0.0,0.0,0,39,0.0,0,-1,0.0,0.011111,-0.011111
rec_b4dca15b7ec180b9,STU_291363,291363,SISWA_058,Kls 8_SISWA_052,2025-09-26,SEPTEMBER,Friday,TRUE,,NO_EXCEPTION_RECORDED,0,0,0,5,10,22,0.0,0.0,0.0,0,40,0.0,0,-1,0.0,0.022222,-0.022222
rec_d61408f856b575ae,STU_291363,291363,SISWA_058,Kls 8_SISWA_052,2025-09-27,SEPTEMBER,Saturday,FALSE,,NO_EXCEPTION_RECORDED,0,0,0,5,10,22,0.0,0.0,0.0,0,41,0.0,0,-1,0.0,0.022222,-0.022222
rec_e0f6eac7edaa946f,STU_291363,291363,SISWA_058,Kls 8_SISWA_052,2025-09-28,SEPTEMBER,Sunday,FALSE,,NO_EXCEPTION_RECORDED,0,0,0,5,10,21,0.0,0.0,0.0,0,41,0.0,0,-1,0.0,0.022222,-0.022222
rec_caae121eeaee75dc,STU_291363,291363,SISWA_058,Kls 8_SISWA_052,2025-09-29,SEPTEMBER,Monday,TRUE,,NO_EXCEPTION_RECORDED,0,0,0,5,10,20,0.0,0.0,0.0,0,41,0.0,0,-1,0.0,0.022222,-0.022222
rec_bbd07f1838765abb,STU_291363,291363,SISWA_058,Kls 8_SISWA_052,2025-09-30,SEPTEMBER,Tuesday,UNKNOWN,,NO_EXCEPTION_RECORDED,0,0,0,5,10,21,0.0,0.0,0.0,0,42,0.0,0,-1,0.0,0.011111,-0.011111
rec_8dedf289e4a4aeac,STU_297044,297044,SISWA_023,Kls 7_SISWA_017,2025-08-01,AGUSTUS,Friday,UNKNOWN,,NO_EXCEPTION_RECORDED,0,0,0,0,0,0,0.0,0.0,0.0,0,0,0.0,0,-1,0.0,0.0,0.0
rec_92166083d87ebee5,STU_297044,297044,SISWA_023,Kls 7_SISWA_017,2025-08-02,AGUSTUS,Saturday,FALSE,,NO_EXCEPTION_RECORDED,0,0,0,1,1,1,0.0,0.0,0.0,0,1,0.0,0,-1,0.0,0.0,0.0
rec_ee87463cf2cfdae9,STU_297044,297044,SISWA_023,Kls 7_SISWA_017,2025-08-03,AGUSTUS,Sunday,FALSE,,NO_EXCEPTION_RECORDED,0,0,0,1,1,1,0.0,0.0,0.0,0,1,0.0,0,-1,0.0,0.0,0.0
rec_affa28c55d47bb77,STU_297044,297044,SISWA_023,Kls 7_SISWA_017,2025-08-04,AGUSTUS,Monday,UNKNOWN,,NO_EXCEPTION_RECORDED,0,0,0,1,1,1,0.0,0.0,0.0,0,1,0.0,0,-1,0.0,0.0,0.0
rec_c965c32dc62668fd,STU_297044,297044,SISWA_023,Kls 7_SISWA_017,2025-08-05,AGUSTUS,Tuesday,TRUE,,NO_EXCEPTION_RECORDED,0,0,0,2,2,2,0.0,0.0,0.0,0,2,0.0,0,-1,0.0,0.0,0.0
rec_da829b43ed969859,STU_297044,297044,SISWA_023,Kls 7_SISWA_017,2025-08-06,AGUSTUS,Wednesday,UNKNOWN,,NO_EXCEPTION_RECORDED,0,0,0,3,3,3,0.0,0.0,0.0,0,3,0.0,0,-1,0.0,0.0,0.0
rec_89e5efabf763e852,STU_297044,297044,SISWA_023,Kls 7_SISWA_017,2025-08-07,AGUSTUS,Thursday,TRUE,,NO_EXCEPTION_RECORDED,0,0,0,4,4,4,0.0,0.0,0.0,0,4,0.0,0,-1,0.0,0.0,0.0
rec_4f2515e363250a0e,STU_297044,297044,SISWA_023,Kls 7_SISWA_017,2025-08-08,AGUSTUS,Friday,TRUE,,NO_EXCEPTION_RECORDED,0,0,0,5,5,5,0.0,0.0,0.0,0,5,0.0,0,-1,0.0,0.0,0.0
rec_cc1c6d43642df767,STU_297044,297044,SISWA_023,Kls 7_SISWA_017,2025-08-09,AGUSTUS,Saturday,FALSE,,NO_EXCEPTION_RECORDED,0,0,0,5,6,6,0.0,0.0,0.0,0,6,0.0,0,-1,0.0,0.0,0.0
rec_33eeaf602418118b,STU_297044,297044,SISWA_023,Kls 7_SISWA_017,2025-08-10,AGUSTUS,Sunday,FALSE,,NO_EXCEPTION_RECORDED,0,0,0,5,6,6,0.0,0.0,0.0,0,6,0.0,0,-1,0.0,0.0,0.0
rec_d935a0f0fb2016ff,STU_297044,297044,SISWA_023,Kls 7_SISWA_017,2025-08-11,AGUSTUS,Monday,TRUE,,NO_EXCEPTION_RECORDED,0,0,0,5,6,6,0.0,0.0,0.0,0,6,0.0,0,-1,0.0,0.0,0.0
rec_61310467c7203fb8,STU_297044,297044,SISWA_023,Kls 7_SISWA_017,2025-08-12,AGUSTUS,Tuesday,TRUE,,NO_EXCEPTION_RECORDED,0,0,0,5,7,7,0.0,0.0,0.0,0,7,0.0,0,-1,0.0,0.0,0.0
rec_d2c39f6736763ed1,STU_297044,297044,SISWA_023,Kls 7_SISWA_017,2025-08-13,AGUSTUS,Wednesday,TRUE,,NO_EXCEPTION_RECORDED,0,0,0,5,8,8,0.0,0.0,0.0,0,8,0.0,0,-1,0.0,0.0,0.0
rec_efbdde8f71fb7ae6,STU_297044,297044,SISWA_023,Kls 7_SISWA_017,2025-08-14,AGUSTUS,Thursday,UNKNOWN,,NO_EXCEPTION_RECORDED,0,0,0,5,9,9,0.0,0.0,0.0,0,9,0.0,0,-1,0.0,0.0,0.0
rec_3b979f73050139af,STU_297044,297044,SISWA_023,Kls 7_SISWA_017,2025-08-15,AGUSTUS,Friday,UNKNOWN,,NO_EXCEPTION_RECORDED,0,0,0,5,10,10,0.0,0.0,0.0,0,10,0.0,0,-1,0.0,0.0,0.0
rec_8950748f18e06d3f,STU_297044,297044,SISWA_023,Kls 7_SISWA_017,2025-08-16,AGUSTUS,Saturday,FALSE,,NO_EXCEPTION_RECORDED,0,0,0,5,10,11,0.0,0.0,0.0,0,11,0.0,0,-1,0.0,0.0,0.0
rec_572ac499381f5451,STU_297044,297044,SISWA_023,Kls 7_SISWA_017,2025-08-17,AGUSTUS,Sunday,FALSE,,NO_EXCEPTION_RECORDED,0,0,0,5,10,11,0.0,0.0,0.0,0,11,0.0,0,-1,0.0,0.0,0.0
rec_7bbf4f67f150feda,STU_297044,297044,SISWA_023,Kls 7_SISWA_017,2025-08-18,AGUSTUS,Monday,UNKNOWN,,NO_EXCEPTION_RECORDED,0,0,0,5,10,11,0.0,0.0,0.0,0,11,0.0,0,-1,0.0,0.0,0.0
rec_b42812ad2dc9fa9b,STU_297044,297044,SISWA_023,Kls 7_SISWA_017,2025-08-19,AGUSTUS,Tuesday,TRUE,,NO_EXCEPTION_RECORDED,0,0,0,5,10,12,0.0,0.0,0.0,0,12,0.0,0,-1,0.0,0.0,0.0
rec_d5a9bd2853f7eaf7,STU_297044,297044,SISWA_023,Kls 7_SISWA_017,2025-08-20,AGUSTUS,Wednesday,TRUE,,NO_EXCEPTION_RECORDED,0,0,0,5,10,13,0.0,0.0,0.0,0,13,0.0,0,-1,0.0,0.0,0.0
rec_43811012d0c0623e,STU_297044,297044,SISWA_023,Kls 7_SISWA_017,2025-08-21,AGUSTUS,Thursday,TRUE,,NO_EXCEPTION_RECORDED,0,0,0,5,10,14,0.0,0.0,0.0,0,14,0.0,0,-1,0.0,0.0,0.0
rec_bda8c1899eabedd2,STU_297044,297044,SISWA_023,Kls 7_SISWA_017,2025-08-22,AGUSTUS,Friday,UNKNOWN,,NO_EXCEPTION_RECORDED,0,0,0,5,10,15,0.0,0.0,0.0,0,15,0.0,0,-1,0.0,0.0,0.0
rec_e33ee754154478c6,STU_297044,297044,SISWA_023,Kls 7_SISWA_017,2025-08-23,AGUSTUS,Saturday,FALSE,,NO_EXCEPTION_RECORDED,0,0,0,5,10,16,0.0,0.0,0.0,0,16,0.0,0,-1,0.0,0.0,0.0
rec_b40b3f166f1beb1e,STU_297044,297044,SISWA_023,Kls 7_SISWA_017,2025-08-24,AGUSTUS,Sunday,FALSE,,NO_EXCEPTION_RECORDED,0,0,0,5,10,16,0.0,0.0,0.0,0,16,0.0,0,-1,0.0,0.0,0.0
rec_9973868e5955ee98,STU_297044,297044,SISWA_023,Kls 7_SISWA_017,2025-08-25,AGUSTUS,Monday,TRUE,,NO_EXCEPTION_RECORDED,0,0,0,5,10,16,0.0,0.0,0.0,0,16,0.0,0,-1,0.0,0.0,0.0
rec_1e49c5c064b9b21f,STU_297044,297044,SISWA_023,Kls 7_SISWA_017,2025-08-26,AGUSTUS,Tuesday,TRUE,,NO_EXCEPTION_RECORDED,0,0,0,5,10,17,0.0,0.0,0.0,0,17,0.0,0,-1,0.0,0.030769,-0.030769
rec_78a22c2405bb489d,STU_297044,297044,SISWA_023,Kls 7_SISWA_017,2025-08-27,AGUSTUS,Wednesday,TRUE,,NO_EXCEPTION_RECORDED,0,0,0,5,10,18,0.0,0.0,0.0,0,18,0.0,0,-1,0.0,0.046154,-0.046154
rec_b0956a65c1705170,STU_297044,297044,SISWA_023,Kls 7_SISWA_017,2025-08-28,AGUSTUS,Thursday,TRUE,,NO_EXCEPTION_RECORDED,0,0,0,5,10,19,0.0,0.0,0.0,0,19,0.0,0,-1,0.0,0.061538,-0.061538
rec_5f65a014903714ed,STU_297044,297044,SISWA_023,Kls 7_SISWA_017,2025-08-29,AGUSTUS,Friday,TRUE,,NO_EXCEPTION_RECORDED,0,0,0,5,10,20,0.0,0.0,0.0,0,20,0.0,0,-1,0.0,0.061538,-0.061538
rec_31c49014a84160fb,STU_297044,297044,SISWA_023,Kls 7_SISWA_017,2025-08-30,AGUSTUS,Saturday,FALSE,,NO_EXCEPTION_RECORDED,0,0,0,5,10,21,0.0,0.0,0.0,0,21,0.0,0,-1,0.0,0.076923,-0.076923
rec_03a98cd3caf03a6f,STU_297044,297044,SISWA_023,Kls 7_SISWA_017,2025-08-31,AGUSTUS,Sunday,FALSE,,NO_EXCEPTION_RECORDED,0,0,0,5,10,21,0.0,0.0,0.0,0,21,0.0,0,-1,0.0,0.076923,-0.076923
rec_83c1710b66e37231,STU_297044,297044,SISWA_023,Kls 7_SISWA_017,2025-09-01,SEPTEMBER,Monday,TRUE,,NO_EXCEPTION_RECORDED,0,0,0,5,10,20,0.0,0.0,0.0,0,21,0.0,0,-1,0.0,0.076923,-0.076923
rec_134c1a8afb6962b3,STU_297044,297044,SISWA_023,Kls 7_SISWA_017,2025-09-02,SEPTEMBER,Tuesday,TRUE,,NO_EXCEPTION_RECORDED,0,0,0,5,10,21,0.0,0.0,0.0,0,22,0.0,0,-1,0.0,0.046154,-0.046154
rec_23e37ee8bcef6a64,STU_297044,297044,SISWA_023,Kls 7_SISWA_017,2025-09-03,SEPTEMBER,Wednesday,TRUE,,NO_EXCEPTION_RECORDED,0,0,0,5,10,22,0.0,0.0,0.0,0,23,0.0,0,-1,0.0,0.030769,-0.030769
rec_3d37db4f7547deb9,STU_297044,297044,SISWA_023,Kls 7_SISWA_017,2025-09-04,SEPTEMBER,Thursday,TRUE,,NO_EXCEPTION_RECORDED,0,0,0,5,10,22,0.0,0.0,0.0,0,24,0.0,0,-1,0.0,0.015385,-0.015385
rec_c28e00ac5fafeb64,STU_297044,297044,SISWA_023,Kls 7_SISWA_017,2025-09-05,SEPTEMBER,Friday,UNKNOWN,,NO_EXCEPTION_RECORDED,0,0,0,5,10,22,0.0,0.0,0.0,0,25,0.0,0,-1,0.0,0.015385,-0.015385
rec_c2b5d5b075b86020,STU_297044,297044,SISWA_023,Kls 7_SISWA_017,2025-09-06,SEPTEMBER,Saturday,FALSE,,NO_EXCEPTION_RECORDED,0,0,0,5,10,22,0.0,0.0,0.0,0,26,0.0,0,-1,0.0,0.0,0.0
rec_acf83195fb8f5f29,STU_297044,297044,SISWA_023,Kls 7_SISWA_017,2025-09-07,SEPTEMBER,Sunday,FALSE,,NO_EXCEPTION_RECORDED,0,0,0,5,10,21,0.0,0.0,0.0,0,26,0.0,0,-1,0.0,0.0,0.0
rec_c069768f9c7a773f,STU_297044,297044,SISWA_023,Kls 7_SISWA_017,2025-09-08,SEPTEMBER,Monday,TRUE,,NO_EXCEPTION_RECORDED,0,0,0,5,10,20,0.0,0.0,0.0,0,26,0.0,0,-1,0.0,0.0,0.0
rec_ace71c2f12d6381a,STU_297044,297044,SISWA_023,Kls 7_SISWA_017,2025-09-09,SEPTEMBER,Tuesday,TRUE,,NO_EXCEPTION_RECORDED,0,0,0,5,10,21,0.0,0.0,0.0,0,27,0.0,0,-1,0.0,0.015385,-0.015385
rec_fdc77afcf8ffdf57,STU_297044,297044,SISWA_023,Kls 7_SISWA_017,2025-09-10,SEPTEMBER,Wednesday,TRUE,,NO_EXCEPTION_RECORDED,0,0,0,5,10,22,0.0,0.0,0.0,0,28,0.0,0,-1,0.0,0.046154,-0.046154
rec_2a7c3e2aefeb2822,STU_297044,297044,SISWA_023,Kls 7_SISWA_017,2025-09-11,SEPTEMBER,Thursday,TRUE,,NO_EXCEPTION_RECORDED,0,0,0,5,10,22,0.0,0.0,0.0,0,29,0.0,0,-1,0.0,0.046154,-0.046154
rec_637163903b5eec7a,STU_297044,297044,SISWA_023,Kls 7_SISWA_017,2025-09-12,SEPTEMBER,Friday,TRUE,,NO_EXCEPTION_RECORDED,0,0,0,5,10,22,0.0,0.0,0.0,0,30,0.0,0,-1,0.0,0.061538,-0.061538
rec_22f823ff71babe6f,STU_297044,297044,SISWA_023,Kls 7_SISWA_017,2025-09-13,SEPTEMBER,Saturday,FALSE,,NO_EXCEPTION_RECORDED,0,0,0,5,10,22,0.0,0.0,0.0,0,31,0.0,0,-1,0.0,0.061538,-0.061538
rec_6953e33311fb5094,STU_297044,297044,SISWA_023,Kls 7_SISWA_017,2025-09-14,SEPTEMBER,Sunday,FALSE,,NO_EXCEPTION_RECORDED,0,0,0,5,10,21,0.0,0.0,0.0,0,31,0.0,0,-1,0.0,0.061538,-0.061538
rec_89c89d5a17942cf5,STU_297044,297044,SISWA_023,Kls 7_SISWA_017,2025-09-15,SEPTEMBER,Monday,TRUE,,NO_EXCEPTION_RECORDED,0,0,0,5,10,20,0.0,0.0,0.0,0,31,0.0,0,-1,0.0,0.061538,-0.061538
rec_f21c43bb9e05ad57,STU_297044,297044,SISWA_023,Kls 7_SISWA_017,2025-09-16,SEPTEMBER,Tuesday,TRUE,,NO_EXCEPTION_RECORDED,0,0,0,5,10,21,0.0,0.0,0.0,0,32,0.0,0,-1,0.0,0.046154,-0.046154
rec_895f090995dda68c,STU_297044,297044,SISWA_023,Kls 7_SISWA_017,2025-09-17,SEPTEMBER,Wednesday,TRUE,,NO_EXCEPTION_RECORDED,0,0,0,5,10,22,0.0,0.0,0.0,0,33,0.0,0,-1,0.0,0.015385,-0.015385
rec_d8c8d9fee35c5d41,STU_297044,297044,SISWA_023,Kls 7_SISWA_017,2025-09-18,SEPTEMBER,Thursday,TRUE,,NO_EXCEPTION_RECORDED,0,0,0,5,10,22,0.0,0.0,0.0,0,34,0.0,0,-1,0.0,0.030769,-0.030769
rec_4639c9061fad942e,STU_297044,297044,SISWA_023,Kls 7_SISWA_017,2025-09-19,SEPTEMBER,Friday,TRUE,,NO_EXCEPTION_RECORDED,0,0,0,5,10,22,0.0,0.0,0.0,0,35,0.0,0,-1,0.0,0.030769,-0.030769
rec_f7c98e421be32178,STU_297044,297044,SISWA_023,Kls 7_SISWA_017,2025-09-20,SEPTEMBER,Saturday,FALSE,,NO_EXCEPTION_RECORDED,0,0,0,5,10,22,0.0,0.0,0.0,0,36,0.0,0,-1,0.0,0.046154,-0.046154
rec_32dd6f575c205b17,STU_297044,297044,SISWA_023,Kls 7_SISWA_017,2025-09-21,SEPTEMBER,Sunday,FALSE,,NO_EXCEPTION_RECORDED,0,0,0,5,10,21,0.0,0.0,0.0,0,36,0.0,0,-1,0.0,0.046154,-0.046154
rec_9cf2b04698c03a18,STU_297044,297044,SISWA_023,Kls 7_SISWA_017,2025-09-22,SEPTEMBER,Monday,TRUE,,NO_EXCEPTION_RECORDED,0,0,0,5,10,20,0.0,0.0,0.0,0,36,0.0,0,-1,0.0,0.046154,-0.046154
rec_86420a4fa9a349a7,STU_297044,297044,SISWA_023,Kls 7_SISWA_017,2025-09-23,SEPTEMBER,Tuesday,TRUE,,NO_EXCEPTION_RECORDED,0,0,0,5,10,21,0.0,0.0,0.0,0,37,0.0,0,-1,0.0,0.061538,-0.061538
rec_197d84ed230a52b5,STU_297044,297044,SISWA_023,Kls 7_SISWA_017,2025-09-24,SEPTEMBER,Wednesday,TRUE,,NO_EXCEPTION_RECORDED,0,0,0,5,10,22,0.0,0.0,0.0,0,38,0.0,0,-1,0.0,0.076923,-0.076923
rec_6f03d818bd0d81ca,STU_297044,297044,SISWA_023,Kls 7_SISWA_017,2025-09-25,SEPTEMBER,Thursday,TRUE,,NO_EXCEPTION_RECORDED,0,0,0,5,10,22,0.0,0.0,0.0,0,39,0.0,0,-1,0.0,0.107692,-0.107692
rec_cad10b8d53cb66fd,STU_297044,297044,SISWA_023,Kls 7_SISWA_017,2025-09-26,SEPTEMBER,Friday,TRUE,,NO_EXCEPTION_RECORDED,0,0,0,5,10,22,0.0,0.0,0.0,0,40,0.0,0,-1,0.0,0.153846,-0.153846
rec_7e5b1ba8fa524244,STU_297044,297044,SISWA_023,Kls 7_SISWA_017,2025-09-27,SEPTEMBER,Saturday,FALSE,,NO_EXCEPTION_RECORDED,0,0,0,5,10,22,0.0,0.0,0.0,0,41,0.0,0,-1,0.0,0.169231,-0.169231
rec_906d935042f630e1,STU_297044,297044,SISWA_023,Kls 7_SISWA_017,2025-09-28,SEPTEMBER,Sunday,FALSE,,NO_EXCEPTION_RECORDED,0,0,0,5,10,21,0.0,0.0,0.0,0,41,0.0,0,-1,0.0,0.169231,-0.169231
rec_4df33e72785cacce,STU_297044,297044,SISWA_023,Kls 7_SISWA_017,2025-09-29,SEPTEMBER,Monday,TRUE,,NO_EXCEPTION_RECORDED,0,0,0,5,10,20,0.0,0.0,0.0,0,41,0.0,0,-1,0.0,0.169231,-0.169231
rec_83b43efd31382abb,STU_297044,297044,SISWA_023,Kls 7_SISWA_017,2025-09-30,SEPTEMBER,Tuesday,UNKNOWN,,NO_EXCEPTION_RECORDED,0,0,0,5,10,21,0.0,0.0,0.0,0,42,0.0,0,-1,0.0,0.153846,-0.153846
rec_a483f50c68749bc7,STU_297354,297354,SISWA_041,Kls 8_SISWA_032,2025-08-01,AGUSTUS,Friday,UNKNOWN,,NO_EXCEPTION_RECORDED,0,0,0,0,0,0,0.0,0.0,0.0,0,0,0.0,0,-1,0.0,0.0,0.0
rec_5d20bb251203bc19,STU_297354,297354,SISWA_041,Kls 8_SISWA_032,2025-08-02,AGUSTUS,Saturday,FALSE,,NO_EXCEPTION_RECORDED,0,0,0,1,1,1,0.0,0.0,0.0,0,1,0.0,0,-1,0.0,0.0,0.0
rec_c3fe0a966cbe6159,STU_297354,297354,SISWA_041,Kls 8_SISWA_032,2025-08-03,AGUSTUS,Sunday,FALSE,,NO_EXCEPTION_RECORDED,0,0,0,1,1,1,0.0,0.0,0.0,0,1,0.0,0,-1,0.0,0.0,0.0
rec_0be84ac1940f5783,STU_297354,297354,SISWA_041,Kls 8_SISWA_032,2025-08-04,AGUSTUS,Monday,UNKNOWN,,NO_EXCEPTION_RECORDED,0,0,0,1,1,1,0.0,0.0,0.0,0,1,0.0,0,-1,0.0,0.0,0.0
rec_2852dd3778191185,STU_297354,297354,SISWA_041,Kls 8_SISWA_032,2025-08-05,AGUSTUS,Tuesday,TRUE,,NO_EXCEPTION_RECORDED,0,0,0,2,2,2,0.0,0.0,0.0,0,2,0.0,0,-1,0.0,0.0,0.0
rec_1ceebc241af8b9aa,STU_297354,297354,SISWA_041,Kls 8_SISWA_032,2025-08-06,AGUSTUS,Wednesday,UNKNOWN,,NO_EXCEPTION_RECORDED,0,0,0,3,3,3,0.0,0.0,0.0,0,3,0.0,0,-1,0.0,0.0,0.0
rec_333b70917cb9611c,STU_297354,297354,SISWA_041,Kls 8_SISWA_032,2025-08-07,AGUSTUS,Thursday,TRUE,,NO_EXCEPTION_RECORDED,0,0,0,4,4,4,0.0,0.0,0.0,0,4,0.0,0,-1,0.0,0.0,0.0
rec_3acefafa8a4342b0,STU_297354,297354,SISWA_041,Kls 8_SISWA_032,2025-08-08,AGUSTUS,Friday,TRUE,,NO_EXCEPTION_RECORDED,0,0,0,5,5,5,0.0,0.0,0.0,0,5,0.0,0,-1,0.0,0.0,0.0
rec_b9d084ec912a8872,STU_297354,297354,SISWA_041,Kls 8_SISWA_032,2025-08-09,AGUSTUS,Saturday,FALSE,,NO_EXCEPTION_RECORDED,0,0,0,5,6,6,0.0,0.0,0.0,0,6,0.0,0,-1,0.0,0.0,0.0
rec_d2590af51833b966,STU_297354,297354,SISWA_041,Kls 8_SISWA_032,2025-08-10,AGUSTUS,Sunday,FALSE,,NO_EXCEPTION_RECORDED,0,0,0,5,6,6,0.0,0.0,0.0,0,6,0.0,0,-1,0.0,0.0,0.0
rec_1562efe3a46ce89f,STU_297354,297354,SISWA_041,Kls 8_SISWA_032,2025-08-11,AGUSTUS,Monday,TRUE,,NO_EXCEPTION_RECORDED,0,0,0,5,6,6,0.0,0.0,0.0,0,6,0.0,0,-1,0.0,0.0,0.0
rec_e2aa542dc95ed20b,STU_297354,297354,SISWA_041,Kls 8_SISWA_032,2025-08-12,AGUSTUS,Tuesday,TRUE,,NO_EXCEPTION_RECORDED,0,0,0,5,7,7,0.0,0.0,0.0,0,7,0.0,0,-1,0.0,0.011111,-0.011111
rec_663575a8123af892,STU_297354,297354,SISWA_041,Kls 8_SISWA_032,2025-08-13,AGUSTUS,Wednesday,TRUE,,NO_EXCEPTION_RECORDED,0,0,0,5,8,8,0.0,0.0,0.0,0,8,0.0,0,-1,0.0,0.011111,-0.011111
rec_515d41830fad3b0a,STU_297354,297354,SISWA_041,Kls 8_SISWA_032,2025-08-14,AGUSTUS,Thursday,UNKNOWN,,NO_EXCEPTION_RECORDED,0,0,0,5,9,9,0.0,0.0,0.0,0,9,0.0,0,-1,0.0,0.011111,-0.011111
rec_911289e60a3d9f6d,STU_297354,297354,SISWA_041,Kls 8_SISWA_032,2025-08-15,AGUSTUS,Friday,UNKNOWN,,NO_EXCEPTION_RECORDED,0,0,0,5,10,10,0.0,0.0,0.0,0,10,0.0,0,-1,0.0,0.011111,-0.011111
rec_09e7689d02ee635c,STU_297354,297354,SISWA_041,Kls 8_SISWA_032,2025-08-16,AGUSTUS,Saturday,FALSE,,NO_EXCEPTION_RECORDED,0,0,0,5,10,11,0.0,0.0,0.0,0,11,0.0,0,-1,0.0,0.011111,-0.011111
rec_c2f2e839f1bb1711,STU_297354,297354,SISWA_041,Kls 8_SISWA_032,2025-08-17,AGUSTUS,Sunday,FALSE,,NO_EXCEPTION_RECORDED,0,0,0,5,10,11,0.0,0.0,0.0,0,11,0.0,0,-1,0.0,0.011111,-0.011111
rec_1266338048714e13,STU_297354,297354,SISWA_041,Kls 8_SISWA_032,2025-08-18,AGUSTUS,Monday,UNKNOWN,,NO_EXCEPTION_RECORDED,0,0,0,5,10,11,0.0,0.0,0.0,0,11,0.0,0,-1,0.0,0.011111,-0.011111
rec_7789a9a1cb17aebe,STU_297354,297354,SISWA_041,Kls 8_SISWA_032,2025-08-19,AGUSTUS,Tuesday,TRUE,,NO_EXCEPTION_RECORDED,0,0,0,5,10,12,0.0,0.0,0.0,0,12,0.0,0,-1,0.0,0.0,0.0
rec_93cf75cddab1c4a9,STU_297354,297354,SISWA_041,Kls 8_SISWA_032,2025-08-20,AGUSTUS,Wednesday,TRUE,,NO_EXCEPTION_RECORDED,0,0,0,5,10,13,0.0,0.0,0.0,0,13,0.0,0,-1,0.0,0.011111,-0.011111
rec_bf4f4810069f55d8,STU_297354,297354,SISWA_041,Kls 8_SISWA_032,2025-08-21,AGUSTUS,Thursday,TRUE,,NO_EXCEPTION_RECORDED,0,0,0,5,10,14,0.0,0.0,0.0,0,14,0.0,0,-1,0.0,0.011111,-0.011111
rec_dbb25b376cf937fc,STU_297354,297354,SISWA_041,Kls 8_SISWA_032,2025-08-22,AGUSTUS,Friday,UNKNOWN,,NO_EXCEPTION_RECORDED,0,0,0,5,10,15,0.0,0.0,0.0,0,15,0.0,0,-1,0.0,0.011111,-0.011111
rec_2a290cf3247282ee,STU_297354,297354,SISWA_041,Kls 8_SISWA_032,2025-08-23,AGUSTUS,Saturday,FALSE,,NO_EXCEPTION_RECORDED,0,0,0,5,10,16,0.0,0.0,0.0,0,16,0.0,0,-1,0.0,0.011111,-0.011111
rec_b65c72310bc506eb,STU_297354,297354,SISWA_041,Kls 8_SISWA_032,2025-08-24,AGUSTUS,Sunday,FALSE,,NO_EXCEPTION_RECORDED,0,0,0,5,10,16,0.0,0.0,0.0,0,16,0.0,0,-1,0.0,0.011111,-0.011111
rec_da53caa259f82adb,STU_297354,297354,SISWA_041,Kls 8_SISWA_032,2025-08-25,AGUSTUS,Monday,TRUE,,NO_EXCEPTION_RECORDED,0,0,0,5,10,16,0.0,0.0,0.0,0,16,0.0,0,-1,0.0,0.011111,-0.011111
rec_8e369cce3975078c,STU_297354,297354,SISWA_041,Kls 8_SISWA_032,2025-08-26,AGUSTUS,Tuesday,TRUE,,NO_EXCEPTION_RECORDED,0,0,0,5,10,17,0.0,0.0,0.0,0,17,0.0,0,-1,0.0,0.011111,-0.011111
rec_4763d54d74695947,STU_297354,297354,SISWA_041,Kls 8_SISWA_032,2025-08-27,AGUSTUS,Wednesday,TRUE,,NO_EXCEPTION_RECORDED,0,0,0,5,10,18,0.0,0.0,0.0,0,18,0.0,0,-1,0.0,0.011111,-0.011111
rec_b4221df31b00f05a,STU_297354,297354,SISWA_041,Kls 8_SISWA_032,2025-08-28,AGUSTUS,Thursday,TRUE,,NO_EXCEPTION_RECORDED,0,0,0,5,10,19,0.0,0.0,0.0,0,19,0.0,0,-1,0.0,0.011111,-0.011111
rec_66d8cf5ff66ea7c4,STU_297354,297354,SISWA_041,Kls 8_SISWA_032,2025-08-29,AGUSTUS,Friday,TRUE,,NO_EXCEPTION_RECORDED,0,0,0,5,10,20,0.0,0.0,0.0,0,20,0.0,0,-1,0.0,0.022222,-0.022222
rec_b21c85914eb4558b,STU_297354,297354,SISWA_041,Kls 8_SISWA_032,2025-08-30,AGUSTUS,Saturday,FALSE,,NO_EXCEPTION_RECORDED,0,0,0,5,10,21,0.0,0.0,0.0,0,21,0.0,0,-1,0.0,0.022222,-0.022222
rec_d846dd8bfca45ef9,STU_297354,297354,SISWA_041,Kls 8_SISWA_032,2025-08-31,AGUSTUS,Sunday,FALSE,,NO_EXCEPTION_RECORDED,0,0,0,5,10,21,0.0,0.0,0.0,0,21,0.0,0,-1,0.0,0.022222,-0.022222
rec_7e87fbe1bf18c438,STU_297354,297354,SISWA_041,Kls 8_SISWA_032,2025-09-01,SEPTEMBER,Monday,TRUE,,NO_EXCEPTION_RECORDED,0,0,0,5,10,20,0.0,0.0,0.0,0,21,0.0,0,-1,0.0,0.022222,-0.022222
rec_6de3a50805c8ea8b,STU_297354,297354,SISWA_041,Kls 8_SISWA_032,2025-09-02,SEPTEMBER,Tuesday,TRUE,,NO_EXCEPTION_RECORDED,0,0,0,5,10,21,0.0,0.0,0.0,0,22,0.0,0,-1,0.0,0.022222,-0.022222
rec_21e96c96cfc73fb6,STU_297354,297354,SISWA_041,Kls 8_SISWA_032,2025-09-03,SEPTEMBER,Wednesday,TRUE,,NO_EXCEPTION_RECORDED,0,0,0,5,10,22,0.0,0.0,0.0,0,23,0.0,0,-1,0.0,0.011111,-0.011111
rec_5dab9a8ca8500b63,STU_297354,297354,SISWA_041,Kls 8_SISWA_032,2025-09-04,SEPTEMBER,Thursday,TRUE,,NO_EXCEPTION_RECORDED,0,0,0,5,10,22,0.0,0.0,0.0,0,24,0.0,0,-1,0.0,0.011111,-0.011111
rec_932e502bb77e27f4,STU_297354,297354,SISWA_041,Kls 8_SISWA_032,2025-09-05,SEPTEMBER,Friday,UNKNOWN,,NO_EXCEPTION_RECORDED,0,0,0,5,10,22,0.0,0.0,0.0,0,25,0.0,0,-1,0.0,0.0,0.0
rec_220a378bc598d2a7,STU_297354,297354,SISWA_041,Kls 8_SISWA_032,2025-09-06,SEPTEMBER,Saturday,FALSE,,NO_EXCEPTION_RECORDED,0,0,0,5,10,22,0.0,0.0,0.0,0,26,0.0,0,-1,0.0,0.0,0.0
rec_a883ad5c34293cc1,STU_297354,297354,SISWA_041,Kls 8_SISWA_032,2025-09-07,SEPTEMBER,Sunday,FALSE,,NO_EXCEPTION_RECORDED,0,0,0,5,10,21,0.0,0.0,0.0,0,26,0.0,0,-1,0.0,0.0,0.0
rec_3a8eb466ee7e8861,STU_297354,297354,SISWA_041,Kls 8_SISWA_032,2025-09-08,SEPTEMBER,Monday,TRUE,,NO_EXCEPTION_RECORDED,0,0,0,5,10,20,0.0,0.0,0.0,0,26,0.0,0,-1,0.0,0.0,0.0
rec_44435161841c8787,STU_297354,297354,SISWA_041,Kls 8_SISWA_032,2025-09-09,SEPTEMBER,Tuesday,TRUE,,NO_EXCEPTION_RECORDED,0,0,0,5,10,21,0.0,0.0,0.0,0,27,0.0,0,-1,0.0,0.0,0.0
rec_4ff1ba5bc56374a5,STU_297354,297354,SISWA_041,Kls 8_SISWA_032,2025-09-10,SEPTEMBER,Wednesday,TRUE,,NO_EXCEPTION_RECORDED,0,0,0,5,10,22,0.0,0.0,0.0,0,28,0.0,0,-1,0.0,0.0,0.0
rec_16b34d1cec4549fe,STU_297354,297354,SISWA_041,Kls 8_SISWA_032,2025-09-11,SEPTEMBER,Thursday,TRUE,,NO_EXCEPTION_RECORDED,0,0,0,5,10,22,0.0,0.0,0.0,0,29,0.0,0,-1,0.0,0.011111,-0.011111
rec_fdb7d0967b716360,STU_297354,297354,SISWA_041,Kls 8_SISWA_032,2025-09-12,SEPTEMBER,Friday,TRUE,,NO_EXCEPTION_RECORDED,0,0,0,5,10,22,0.0,0.0,0.0,0,30,0.0,0,-1,0.0,0.011111,-0.011111
rec_fe1aea0bf73c58ae,STU_297354,297354,SISWA_041,Kls 8_SISWA_032,2025-09-13,SEPTEMBER,Saturday,FALSE,,NO_EXCEPTION_RECORDED,0,0,0,5,10,22,0.0,0.0,0.0,0,31,0.0,0,-1,0.0,0.022222,-0.022222
rec_23a043752fec42e7,STU_297354,297354,SISWA_041,Kls 8_SISWA_032,2025-09-14,SEPTEMBER,Sunday,FALSE,,NO_EXCEPTION_RECORDED,0,0,0,5,10,21,0.0,0.0,0.0,0,31,0.0,0,-1,0.0,0.022222,-0.022222
rec_23aedbccbde7cc7f,STU_297354,297354,SISWA_041,Kls 8_SISWA_032,2025-09-15,SEPTEMBER,Monday,TRUE,,NO_EXCEPTION_RECORDED,0,0,0,5,10,20,0.0,0.0,0.0,0,31,0.0,0,-1,0.0,0.022222,-0.022222
rec_c305ae91fb795549,STU_297354,297354,SISWA_041,Kls 8_SISWA_032,2025-09-16,SEPTEMBER,Tuesday,TRUE,,NO_EXCEPTION_RECORDED,0,0,0,5,10,21,0.0,0.0,0.0,0,32,0.0,0,-1,0.0,0.044444,-0.044444
rec_083960e1370d5115,STU_297354,297354,SISWA_041,Kls 8_SISWA_032,2025-09-17,SEPTEMBER,Wednesday,TRUE,,NO_EXCEPTION_RECORDED,0,0,0,5,10,22,0.0,0.0,0.0,0,33,0.0,0,-1,0.0,0.055556,-0.055556
rec_50948dff0b629384,STU_297354,297354,SISWA_041,Kls 8_SISWA_032,2025-09-18,SEPTEMBER,Thursday,TRUE,,NO_EXCEPTION_RECORDED,0,0,0,5,10,22,0.0,0.0,0.0,0,34,0.0,0,-1,0.0,0.044444,-0.044444
rec_d6d7e12f308c82ab,STU_297354,297354,SISWA_041,Kls 8_SISWA_032,2025-09-19,SEPTEMBER,Friday,TRUE,,NO_EXCEPTION_RECORDED,0,0,0,5,10,22,0.0,0.0,0.0,0,35,0.0,0,-1,0.0,0.044444,-0.044444
rec_cea2a1549a1e44b9,STU_297354,297354,SISWA_041,Kls 8_SISWA_032,2025-09-20,SEPTEMBER,Saturday,FALSE,,NO_EXCEPTION_RECORDED,0,0,0,5,10,22,0.0,0.0,0.0,0,36,0.0,0,-1,0.0,0.033333,-0.033333
rec_f3db5f2c1b7438a3,STU_297354,297354,SISWA_041,Kls 8_SISWA_032,2025-09-21,SEPTEMBER,Sunday,FALSE,,NO_EXCEPTION_RECORDED,0,0,0,5,10,21,0.0,0.0,0.0,0,36,0.0,0,-1,0.0,0.033333,-0.033333
rec_5fdc50c647bde75d,STU_297354,297354,SISWA_041,Kls 8_SISWA_032,2025-09-22,SEPTEMBER,Monday,TRUE,,NO_EXCEPTION_RECORDED,0,0,0,5,10,20,0.0,0.0,0.0,0,36,0.0,0,-1,0.0,0.033333,-0.033333
rec_ac51e3f97064a3cb,STU_297354,297354,SISWA_041,Kls 8_SISWA_032,2025-09-23,SEPTEMBER,Tuesday,TRUE,,NO_EXCEPTION_RECORDED,0,0,0,5,10,21,0.0,0.0,0.0,0,37,0.0,0,-1,0.0,0.011111,-0.011111
rec_dd36827d10d9959e,STU_297354,297354,SISWA_041,Kls 8_SISWA_032,2025-09-24,SEPTEMBER,Wednesday,TRUE,,NO_EXCEPTION_RECORDED,0,0,0,5,10,22,0.0,0.0,0.0,0,38,0.0,0,-1,0.0,0.0,0.0
rec_62dad5f397490e86,STU_297354,297354,SISWA_041,Kls 8_SISWA_032,2025-09-25,SEPTEMBER,Thursday,TRUE,,NO_EXCEPTION_RECORDED,0,0,0,5,10,22,0.0,0.0,0.0,0,39,0.0,0,-1,0.0,0.0,0.0
rec_13e8a8af4aa6e44e,STU_297354,297354,SISWA_041,Kls 8_SISWA_032,2025-09-26,SEPTEMBER,Friday,TRUE,,NO_EXCEPTION_RECORDED,0,0,0,5,10,22,0.0,0.0,0.0,0,40,0.0,0,-1,0.0,0.0,0.0
rec_e463c7bcb0eee4ce,STU_297354,297354,SISWA_041,Kls 8_SISWA_032,2025-09-27,SEPTEMBER,Saturday,FALSE,,NO_EXCEPTION_RECORDED,0,0,0,5,10,22,0.0,0.0,0.0,0,41,0.0,0,-1,0.0,0.011111,-0.011111
rec_8fd4b55154dc3b78,STU_297354,297354,SISWA_041,Kls 8_SISWA_032,2025-09-28,SEPTEMBER,Sunday,FALSE,,NO_EXCEPTION_RECORDED,0,0,0,5,10,21,0.0,0.0,0.0,0,41,0.0,0,-1,0.0,0.011111,-0.011111
rec_69775bfa141f94df,STU_297354,297354,SISWA_041,Kls 8_SISWA_032,2025-09-29,SEPTEMBER,Monday,TRUE,,NO_EXCEPTION_RECORDED,0,0,0,5,10,20,0.0,0.0,0.0,0,41,0.0,0,-1,0.0,0.011111,-0.011111
rec_dbff5e41685a91f0,STU_297354,297354,SISWA_041,Kls 8_SISWA_032,2025-09-30,SEPTEMBER,Tuesday,UNKNOWN,,NO_EXCEPTION_RECORDED,0,0,0,5,10,21,0.0,0.0,0.0,0,42,0.0,0,-1,0.0,0.022222,-0.022222
rec_bb267157d7f063bb,STU_297409,297409,SISWA_021,Kls 7_SISWA_017,2025-08-01,AGUSTUS,Friday,UNKNOWN,,NO_EXCEPTION_RECORDED,0,0,0,0,0,0,0.0,0.0,0.0,0,0,0.0,0,-1,0.0,0.0,0.0
rec_9fd07dc03911ee5c,STU_297409,297409,SISWA_021,Kls 7_SISWA_017,2025-08-02,AGUSTUS,Saturday,FALSE,,NO_EXCEPTION_RECORDED,0,0,0,1,1,1,0.0,0.0,0.0,0,1,0.0,0,-1,0.0,0.0,0.0
rec_39f8bf3be417de9f,STU_297409,297409,SISWA_021,Kls 7_SISWA_017,2025-08-03,AGUSTUS,Sunday,FALSE,,NO_EXCEPTION_RECORDED,0,0,0,1,1,1,0.0,0.0,0.0,0,1,0.0,0,-1,0.0,0.0,0.0
rec_ba415bdc990c4f0c,STU_297409,297409,SISWA_021,Kls 7_SISWA_017,2025-08-04,AGUSTUS,Monday,UNKNOWN,,NO_EXCEPTION_RECORDED,0,0,0,1,1,1,0.0,0.0,0.0,0,1,0.0,0,-1,0.0,0.0,0.0
rec_b3ff195b68286139,STU_297409,297409,SISWA_021,Kls 7_SISWA_017,2025-08-05,AGUSTUS,Tuesday,TRUE,,NO_EXCEPTION_RECORDED,0,0,0,2,2,2,0.0,0.0,0.0,0,2,0.0,0,-1,0.0,0.0,0.0
rec_72fe2e425039be0f,STU_297409,297409,SISWA_021,Kls 7_SISWA_017,2025-08-06,AGUSTUS,Wednesday,UNKNOWN,,NO_EXCEPTION_RECORDED,0,0,0,3,3,3,0.0,0.0,0.0,0,3,0.0,0,-1,0.0,0.0,0.0
rec_22e6471e76381665,STU_297409,297409,SISWA_021,Kls 7_SISWA_017,2025-08-07,AGUSTUS,Thursday,TRUE,,NO_EXCEPTION_RECORDED,0,0,0,4,4,4,0.0,0.0,0.0,0,4,0.0,0,-1,0.0,0.0,0.0
rec_dc7c24f4ea5cee1f,STU_297409,297409,SISWA_021,Kls 7_SISWA_017,2025-08-08,AGUSTUS,Friday,TRUE,,NO_EXCEPTION_RECORDED,0,0,0,5,5,5,0.0,0.0,0.0,0,5,0.0,0,-1,0.0,0.0,0.0
rec_c767c919988ac0de,STU_297409,297409,SISWA_021,Kls 7_SISWA_017,2025-08-09,AGUSTUS,Saturday,FALSE,,NO_EXCEPTION_RECORDED,0,0,0,5,6,6,0.0,0.0,0.0,0,6,0.0,0,-1,0.0,0.0,0.0
rec_f8fe87969a5da1ca,STU_297409,297409,SISWA_021,Kls 7_SISWA_017,2025-08-10,AGUSTUS,Sunday,FALSE,,NO_EXCEPTION_RECORDED,0,0,0,5,6,6,0.0,0.0,0.0,0,6,0.0,0,-1,0.0,0.0,0.0
rec_8e4792bc36df4732,STU_297409,297409,SISWA_021,Kls 7_SISWA_017,2025-08-11,AGUSTUS,Monday,TRUE,,NO_EXCEPTION_RECORDED,0,0,0,5,6,6,0.0,0.0,0.0,0,6,0.0,0,-1,0.0,0.0,0.0
rec_df3ef240b0fa9586,STU_297409,297409,SISWA_021,Kls 7_SISWA_017,2025-08-12,AGUSTUS,Tuesday,TRUE,,NO_EXCEPTION_RECORDED,0,0,0,5,7,7,0.0,0.0,0.0,0,7,0.0,0,-1,0.0,0.0,0.0
rec_d5bd5d6829587c4e,STU_297409,297409,SISWA_021,Kls 7_SISWA_017,2025-08-13,AGUSTUS,Wednesday,TRUE,,NO_EXCEPTION_RECORDED,0,0,0,5,8,8,0.0,0.0,0.0,0,8,0.0,0,-1,0.0,0.0,0.0
rec_995e8e152925ce89,STU_297409,297409,SISWA_021,Kls 7_SISWA_017,2025-08-14,AGUSTUS,Thursday,UNKNOWN,,NO_EXCEPTION_RECORDED,0,0,0,5,9,9,0.0,0.0,0.0,0,9,0.0,0,-1,0.0,0.0,0.0
rec_e947f23a51a0c052,STU_297409,297409,SISWA_021,Kls 7_SISWA_017,2025-08-15,AGUSTUS,Friday,UNKNOWN,,NO_EXCEPTION_RECORDED,0,0,0,5,10,10,0.0,0.0,0.0,0,10,0.0,0,-1,0.0,0.0,0.0
rec_c29c485eeb6d66b7,STU_297409,297409,SISWA_021,Kls 7_SISWA_017,2025-08-16,AGUSTUS,Saturday,FALSE,,NO_EXCEPTION_RECORDED,0,0,0,5,10,11,0.0,0.0,0.0,0,11,0.0,0,-1,0.0,0.0,0.0
rec_d22a4721b3900522,STU_297409,297409,SISWA_021,Kls 7_SISWA_017,2025-08-17,AGUSTUS,Sunday,FALSE,,NO_EXCEPTION_RECORDED,0,0,0,5,10,11,0.0,0.0,0.0,0,11,0.0,0,-1,0.0,0.0,0.0
rec_98637bdf98476665,STU_297409,297409,SISWA_021,Kls 7_SISWA_017,2025-08-18,AGUSTUS,Monday,UNKNOWN,,NO_EXCEPTION_RECORDED,0,0,0,5,10,11,0.0,0.0,0.0,0,11,0.0,0,-1,0.0,0.0,0.0
rec_5a6e9e4e786f6308,STU_297409,297409,SISWA_021,Kls 7_SISWA_017,2025-08-19,AGUSTUS,Tuesday,TRUE,,NO_EXCEPTION_RECORDED,0,0,0,5,10,12,0.0,0.0,0.0,0,12,0.0,0,-1,0.0,0.0,0.0
rec_5eede74b27586995,STU_297409,297409,SISWA_021,Kls 7_SISWA_017,2025-08-20,AGUSTUS,Wednesday,TRUE,,NO_EXCEPTION_RECORDED,0,0,0,5,10,13,0.0,0.0,0.0,0,13,0.0,0,-1,0.0,0.0,0.0
rec_9b24366b3b8e3822,STU_297409,297409,SISWA_021,Kls 7_SISWA_017,2025-08-21,AGUSTUS,Thursday,TRUE,,NO_EXCEPTION_RECORDED,0,0,0,5,10,14,0.0,0.0,0.0,0,14,0.0,0,-1,0.0,0.0,0.0
rec_9c4356dc4cad21c5,STU_297409,297409,SISWA_021,Kls 7_SISWA_017,2025-08-22,AGUSTUS,Friday,UNKNOWN,,NO_EXCEPTION_RECORDED,0,0,0,5,10,15,0.0,0.0,0.0,0,15,0.0,0,-1,0.0,0.0,0.0
rec_f59f18cfa69118f1,STU_297409,297409,SISWA_021,Kls 7_SISWA_017,2025-08-23,AGUSTUS,Saturday,FALSE,,NO_EXCEPTION_RECORDED,0,0,0,5,10,16,0.0,0.0,0.0,0,16,0.0,0,-1,0.0,0.0,0.0
rec_7cdd5719b3e6de0d,STU_297409,297409,SISWA_021,Kls 7_SISWA_017,2025-08-24,AGUSTUS,Sunday,FALSE,,NO_EXCEPTION_RECORDED,0,0,0,5,10,16,0.0,0.0,0.0,0,16,0.0,0,-1,0.0,0.0,0.0
rec_923855ee727dfcea,STU_297409,297409,SISWA_021,Kls 7_SISWA_017,2025-08-25,AGUSTUS,Monday,TRUE,s,SOURCE_MARK_S,0,0,0,5,10,16,0.0,0.0,0.0,0,16,0.0,0,-1,0.0,0.0,0.0
rec_e66d81d283ef79ec,STU_297409,297409,SISWA_021,Kls 7_SISWA_017,2025-08-26,AGUSTUS,Tuesday,TRUE,,NO_EXCEPTION_RECORDED,1,1,1,5,10,17,0.2,0.1,0.058824,1,17,0.058824,1,1,0.141176,0.015385,0.184615
rec_76439b6462e88d29,STU_297409,297409,SISWA_021,Kls 7_SISWA_017,2025-08-27,AGUSTUS,Wednesday,TRUE,s,SOURCE_MARK_S,1,1,1,5,10,18,0.2,0.1,0.055556,1,18,0.055556,0,2,0.144444,0.030769,0.169231
rec_fe564cdec3e698da,STU_297409,297409,SISWA_021,Kls 7_SISWA_017,2025-08-28,AGUSTUS,Thursday,TRUE,,NO_EXCEPTION_RECORDED,2,2,2,5,10,19,0.4,0.2,0.105263,2,19,0.105263,1,1,0.294737,0.030769,0.369231
rec_4085507b67972c7a,STU_297409,297409,SISWA_021,Kls 7_SISWA_017,2025-08-29,AGUSTUS,Friday,TRUE,,NO_EXCEPTION_RECORDED,2,2,2,5,10,20,0.4,0.2,0.1,2,20,0.1,0,2,0.3,0.030769,0.369231
rec_1b65ece3b4cbdcc9,STU_297409,297409,SISWA_021,Kls 7_SISWA_017,2025-08-30,AGUSTUS,Saturday,FALSE,,NO_EXCEPTION_RECORDED,2,2,2,5,10,21,0.4,0.2,0.095238,2,21,0.095238,0,3,0.304762,0.046154,0.353846
rec_3513e6ce16ec2965,STU_297409,297409,SISWA_021,Kls 7_SISWA_017,2025-08-31,AGUSTUS,Sunday,FALSE,,NO_EXCEPTION_RECORDED,2,2,2,5,10,21,0.4,0.2,0.095238,2,21,0.095238,0,4,0.304762,0.046154,0.353846
rec_9bf7ba20c3f5c7a1,STU_297409,297409,SISWA_021,Kls 7_SISWA_017,2025-09-01,SEPTEMBER,Monday,TRUE,,NO_EXCEPTION_RECORDED,2,2,2,5,10,20,0.4,0.2,0.1,2,21,0.095238,0,5,0.304762,0.046154,0.353846
rec_9268c84fc9c18cae,STU_297409,297409,SISWA_021,Kls 7_SISWA_017,2025-09-02,SEPTEMBER,Tuesday,TRUE,,NO_EXCEPTION_RECORDED,1,2,2,5,10,21,0.2,0.2,0.095238,2,22,0.090909,0,6,0.109091,0.030769,0.169231
rec_c7d89aa146bd0e6b,STU_297409,297409,SISWA_021,Kls 7_SISWA_017,2025-09-03,SEPTEMBER,Wednesday,TRUE,,NO_EXCEPTION_RECORDED,1,2,2,5,10,22,0.2,0.2,0.090909,2,23,0.086957,0,7,0.113043,0.015385,0.184615
rec_6feb44450bd6c23d,STU_297409,297409,SISWA_021,Kls 7_SISWA_017,2025-09-04,SEPTEMBER,Thursday,TRUE,,NO_EXCEPTION_RECORDED,0,2,2,5,10,22,0.0,0.2,0.090909,2,24,0.083333,0,8,-0.083333,0.015385,-0.015385
rec_4344426f1def9f83,STU_297409,297409,SISWA_021,Kls 7_SISWA_017,2025-09-05,SEPTEMBER,Friday,UNKNOWN,,NO_EXCEPTION_RECORDED,0,2,2,5,10,22,0.0,0.2,0.090909,2,25,0.08,0,9,-0.08,0.015385,-0.015385
rec_a511782d1cef1290,STU_297409,297409,SISWA_021,Kls 7_SISWA_017,2025-09-06,SEPTEMBER,Saturday,FALSE,,NO_EXCEPTION_RECORDED,0,2,2,5,10,22,0.0,0.2,0.090909,2,26,0.076923,0,10,-0.076923,0.0,0.0
rec_a5c04f531c34fcd7,STU_297409,297409,SISWA_021,Kls 7_SISWA_017,2025-09-07,SEPTEMBER,Sunday,FALSE,,NO_EXCEPTION_RECORDED,0,2,2,5,10,21,0.0,0.2,0.095238,2,26,0.076923,0,11,-0.076923,0.0,0.0
rec_5dd46135e683fe12,STU_297409,297409,SISWA_021,Kls 7_SISWA_017,2025-09-08,SEPTEMBER,Monday,TRUE,,NO_EXCEPTION_RECORDED,0,2,2,5,10,20,0.0,0.2,0.1,2,26,0.076923,0,12,-0.076923,0.0,0.0
rec_0200596d8cdbdeca,STU_297409,297409,SISWA_021,Kls 7_SISWA_017,2025-09-09,SEPTEMBER,Tuesday,TRUE,,NO_EXCEPTION_RECORDED,0,1,2,5,10,21,0.0,0.1,0.095238,2,27,0.074074,0,13,-0.074074,0.015385,-0.015385
rec_71a25c9b2e341bd1,STU_297409,297409,SISWA_021,Kls 7_SISWA_017,2025-09-10,SEPTEMBER,Wednesday,TRUE,,NO_EXCEPTION_RECORDED,0,1,2,5,10,22,0.0,0.1,0.090909,2,28,0.071429,0,14,-0.071429,0.046154,-0.046154
rec_f896c4f1201f525d,STU_297409,297409,SISWA_021,Kls 7_SISWA_017,2025-09-11,SEPTEMBER,Thursday,TRUE,,NO_EXCEPTION_RECORDED,0,0,2,5,10,22,0.0,0.0,0.090909,2,29,0.068966,0,15,-0.068966,0.046154,-0.046154
rec_cf5ac39c0fee1543,STU_297409,297409,SISWA_021,Kls 7_SISWA_017,2025-09-12,SEPTEMBER,Friday,TRUE,,NO_EXCEPTION_RECORDED,0,0,2,5,10,22,0.0,0.0,0.090909,2,30,0.066667,0,16,-0.066667,0.061538,-0.061538
rec_80b075c2094f16b6,STU_297409,297409,SISWA_021,Kls 7_SISWA_017,2025-09-13,SEPTEMBER,Saturday,FALSE,,NO_EXCEPTION_RECORDED,0,0,2,5,10,22,0.0,0.0,0.090909,2,31,0.064516,0,17,-0.064516,0.061538,-0.061538
rec_7008ff9f245db1bb,STU_297409,297409,SISWA_021,Kls 7_SISWA_017,2025-09-14,SEPTEMBER,Sunday,FALSE,,NO_EXCEPTION_RECORDED,0,0,2,5,10,21,0.0,0.0,0.095238,2,31,0.064516,0,18,-0.064516,0.061538,-0.061538
rec_d1b95eaf127921c9,STU_297409,297409,SISWA_021,Kls 7_SISWA_017,2025-09-15,SEPTEMBER,Monday,TRUE,,NO_EXCEPTION_RECORDED,0,0,2,5,10,20,0.0,0.0,0.1,2,31,0.064516,0,19,-0.064516,0.061538,-0.061538
rec_e748879bdeaa1414,STU_297409,297409,SISWA_021,Kls 7_SISWA_017,2025-09-16,SEPTEMBER,Tuesday,TRUE,,NO_EXCEPTION_RECORDED,0,0,2,5,10,21,0.0,0.0,0.095238,2,32,0.0625,0,20,-0.0625,0.046154,-0.046154
rec_a07541c0ffdd8705,STU_297409,297409,SISWA_021,Kls 7_SISWA_017,2025-09-17,SEPTEMBER,Wednesday,TRUE,,NO_EXCEPTION_RECORDED,0,0,2,5,10,22,0.0,0.0,0.090909,2,33,0.060606,0,21,-0.060606,0.015385,-0.015385
rec_4e1317a1fea7e4d8,STU_297409,297409,SISWA_021,Kls 7_SISWA_017,2025-09-18,SEPTEMBER,Thursday,TRUE,,NO_EXCEPTION_RECORDED,0,0,2,5,10,22,0.0,0.0,0.090909,2,34,0.058824,0,22,-0.058824,0.030769,-0.030769
rec_2a86199421beefb0,STU_297409,297409,SISWA_021,Kls 7_SISWA_017,2025-09-19,SEPTEMBER,Friday,TRUE,,NO_EXCEPTION_RECORDED,0,0,2,5,10,22,0.0,0.0,0.090909,2,35,0.057143,0,23,-0.057143,0.030769,-0.030769
rec_0c3be0752c5ab9d6,STU_297409,297409,SISWA_021,Kls 7_SISWA_017,2025-09-20,SEPTEMBER,Saturday,FALSE,,NO_EXCEPTION_RECORDED,0,0,2,5,10,22,0.0,0.0,0.090909,2,36,0.055556,0,24,-0.055556,0.046154,-0.046154
rec_52a0a3594700de0d,STU_297409,297409,SISWA_021,Kls 7_SISWA_017,2025-09-21,SEPTEMBER,Sunday,FALSE,,NO_EXCEPTION_RECORDED,0,0,2,5,10,21,0.0,0.0,0.095238,2,36,0.055556,0,25,-0.055556,0.046154,-0.046154
rec_e5ecf58cea9ce4cd,STU_297409,297409,SISWA_021,Kls 7_SISWA_017,2025-09-22,SEPTEMBER,Monday,TRUE,,NO_EXCEPTION_RECORDED,0,0,2,5,10,20,0.0,0.0,0.1,2,36,0.055556,0,26,-0.055556,0.046154,-0.046154
rec_4d8cb1627465e8d0,STU_297409,297409,SISWA_021,Kls 7_SISWA_017,2025-09-23,SEPTEMBER,Tuesday,TRUE,,NO_EXCEPTION_RECORDED,0,0,2,5,10,21,0.0,0.0,0.095238,2,37,0.054054,0,27,-0.054054,0.061538,-0.061538
rec_f84cfdac6540f939,STU_297409,297409,SISWA_021,Kls 7_SISWA_017,2025-09-24,SEPTEMBER,Wednesday,TRUE,,NO_EXCEPTION_RECORDED,0,0,2,5,10,22,0.0,0.0,0.090909,2,38,0.052632,0,28,-0.052632,0.076923,-0.076923
rec_03a5ae4d8abd2f23,STU_297409,297409,SISWA_021,Kls 7_SISWA_017,2025-09-25,SEPTEMBER,Thursday,TRUE,,NO_EXCEPTION_RECORDED,0,0,1,5,10,22,0.0,0.0,0.045455,2,39,0.051282,0,29,-0.051282,0.107692,-0.107692
rec_74771dc824ae09e5,STU_297409,297409,SISWA_021,Kls 7_SISWA_017,2025-09-26,SEPTEMBER,Friday,TRUE,,NO_EXCEPTION_RECORDED,0,0,1,5,10,22,0.0,0.0,0.045455,2,40,0.05,0,30,-0.05,0.153846,-0.153846
rec_f5c05c003b6b55c4,STU_297409,297409,SISWA_021,Kls 7_SISWA_017,2025-09-27,SEPTEMBER,Saturday,FALSE,,NO_EXCEPTION_RECORDED,0,0,0,5,10,22,0.0,0.0,0.0,2,41,0.04878,0,31,-0.04878,0.169231,-0.169231
rec_16c9cb543c31a3c5,STU_297409,297409,SISWA_021,Kls 7_SISWA_017,2025-09-28,SEPTEMBER,Sunday,FALSE,,NO_EXCEPTION_RECORDED,0,0,0,5,10,21,0.0,0.0,0.0,2,41,0.04878,0,32,-0.04878,0.169231,-0.169231
rec_60ab188be6f375db,STU_297409,297409,SISWA_021,Kls 7_SISWA_017,2025-09-29,SEPTEMBER,Monday,TRUE,,NO_EXCEPTION_RECORDED,0,0,0,5,10,20,0.0,0.0,0.0,2,41,0.04878,0,33,-0.04878,0.169231,-0.169231
rec_1c97fadae487ffd8,STU_297409,297409,SISWA_021,Kls 7_SISWA_017,2025-09-30,SEPTEMBER,Tuesday,UNKNOWN,,NO_EXCEPTION_RECORDED,0,0,0,5,10,21,0.0,0.0,0.0,2,42,0.047619,0,34,-0.047619,0.153846,-0.153846
rec_c0c9868577b34c2f,STU_303460,303460,SISWA_018,Kls 7_SISWA_017,2025-08-01,AGUSTUS,Friday,UNKNOWN,,NO_EXCEPTION_RECORDED,0,0,0,0,0,0,0.0,0.0,0.0,0,0,0.0,0,-1,0.0,0.0,0.0
rec_573fe330dcd89b8b,STU_303460,303460,SISWA_018,Kls 7_SISWA_017,2025-08-02,AGUSTUS,Saturday,FALSE,,NO_EXCEPTION_RECORDED,0,0,0,1,1,1,0.0,0.0,0.0,0,1,0.0,0,-1,0.0,0.0,0.0
rec_7225c5ee51b43a16,STU_303460,303460,SISWA_018,Kls 7_SISWA_017,2025-08-03,AGUSTUS,Sunday,FALSE,,NO_EXCEPTION_RECORDED,0,0,0,1,1,1,0.0,0.0,0.0,0,1,0.0,0,-1,0.0,0.0,0.0
rec_92bcdb39c257f62b,STU_303460,303460,SISWA_018,Kls 7_SISWA_017,2025-08-04,AGUSTUS,Monday,UNKNOWN,,NO_EXCEPTION_RECORDED,0,0,0,1,1,1,0.0,0.0,0.0,0,1,0.0,0,-1,0.0,0.0,0.0
rec_e637d2f6d0e79a09,STU_303460,303460,SISWA_018,Kls 7_SISWA_017,2025-08-05,AGUSTUS,Tuesday,TRUE,,NO_EXCEPTION_RECORDED,0,0,0,2,2,2,0.0,0.0,0.0,0,2,0.0,0,-1,0.0,0.0,0.0
rec_fc15226e3d9bba2a,STU_303460,303460,SISWA_018,Kls 7_SISWA_017,2025-08-06,AGUSTUS,Wednesday,UNKNOWN,,NO_EXCEPTION_RECORDED,0,0,0,3,3,3,0.0,0.0,0.0,0,3,0.0,0,-1,0.0,0.0,0.0
rec_822ba2b99bbfd639,STU_303460,303460,SISWA_018,Kls 7_SISWA_017,2025-08-07,AGUSTUS,Thursday,TRUE,,NO_EXCEPTION_RECORDED,0,0,0,4,4,4,0.0,0.0,0.0,0,4,0.0,0,-1,0.0,0.0,0.0
rec_d07c83d0411d7364,STU_303460,303460,SISWA_018,Kls 7_SISWA_017,2025-08-08,AGUSTUS,Friday,TRUE,,NO_EXCEPTION_RECORDED,0,0,0,5,5,5,0.0,0.0,0.0,0,5,0.0,0,-1,0.0,0.0,0.0
rec_f5e5164125286300,STU_303460,303460,SISWA_018,Kls 7_SISWA_017,2025-08-09,AGUSTUS,Saturday,FALSE,,NO_EXCEPTION_RECORDED,0,0,0,5,6,6,0.0,0.0,0.0,0,6,0.0,0,-1,0.0,0.0,0.0
rec_504f51b979383586,STU_303460,303460,SISWA_018,Kls 7_SISWA_017,2025-08-10,AGUSTUS,Sunday,FALSE,,NO_EXCEPTION_RECORDED,0,0,0,5,6,6,0.0,0.0,0.0,0,6,0.0,0,-1,0.0,0.0,0.0
rec_0ab74a2d4bb33498,STU_303460,303460,SISWA_018,Kls 7_SISWA_017,2025-08-11,AGUSTUS,Monday,TRUE,,NO_EXCEPTION_RECORDED,0,0,0,5,6,6,0.0,0.0,0.0,0,6,0.0,0,-1,0.0,0.0,0.0
rec_01e35394d53dad4b,STU_303460,303460,SISWA_018,Kls 7_SISWA_017,2025-08-12,AGUSTUS,Tuesday,TRUE,,NO_EXCEPTION_RECORDED,0,0,0,5,7,7,0.0,0.0,0.0,0,7,0.0,0,-1,0.0,0.0,0.0
rec_5e2e8b508f68ca8b,STU_303460,303460,SISWA_018,Kls 7_SISWA_017,2025-08-13,AGUSTUS,Wednesday,TRUE,,NO_EXCEPTION_RECORDED,0,0,0,5,8,8,0.0,0.0,0.0,0,8,0.0,0,-1,0.0,0.0,0.0
rec_e1acfc5df40bcc04,STU_303460,303460,SISWA_018,Kls 7_SISWA_017,2025-08-14,AGUSTUS,Thursday,UNKNOWN,,NO_EXCEPTION_RECORDED,0,0,0,5,9,9,0.0,0.0,0.0,0,9,0.0,0,-1,0.0,0.0,0.0
rec_c22cdb2f8145b26e,STU_303460,303460,SISWA_018,Kls 7_SISWA_017,2025-08-15,AGUSTUS,Friday,UNKNOWN,,NO_EXCEPTION_RECORDED,0,0,0,5,10,10,0.0,0.0,0.0,0,10,0.0,0,-1,0.0,0.0,0.0
rec_bf5d3c99324300e7,STU_303460,303460,SISWA_018,Kls 7_SISWA_017,2025-08-16,AGUSTUS,Saturday,FALSE,,NO_EXCEPTION_RECORDED,0,0,0,5,10,11,0.0,0.0,0.0,0,11,0.0,0,-1,0.0,0.0,0.0
rec_e949a9d414b18f71,STU_303460,303460,SISWA_018,Kls 7_SISWA_017,2025-08-17,AGUSTUS,Sunday,FALSE,,NO_EXCEPTION_RECORDED,0,0,0,5,10,11,0.0,0.0,0.0,0,11,0.0,0,-1,0.0,0.0,0.0
rec_bdfeea42779c8ae0,STU_303460,303460,SISWA_018,Kls 7_SISWA_017,2025-08-18,AGUSTUS,Monday,UNKNOWN,,NO_EXCEPTION_RECORDED,0,0,0,5,10,11,0.0,0.0,0.0,0,11,0.0,0,-1,0.0,0.0,0.0
rec_7ecd5862b7fe7154,STU_303460,303460,SISWA_018,Kls 7_SISWA_017,2025-08-19,AGUSTUS,Tuesday,TRUE,,NO_EXCEPTION_RECORDED,0,0,0,5,10,12,0.0,0.0,0.0,0,12,0.0,0,-1,0.0,0.0,0.0
rec_218accc673d28549,STU_303460,303460,SISWA_018,Kls 7_SISWA_017,2025-08-20,AGUSTUS,Wednesday,TRUE,,NO_EXCEPTION_RECORDED,0,0,0,5,10,13,0.0,0.0,0.0,0,13,0.0,0,-1,0.0,0.0,0.0
rec_8a75125f1c8db212,STU_303460,303460,SISWA_018,Kls 7_SISWA_017,2025-08-21,AGUSTUS,Thursday,TRUE,,NO_EXCEPTION_RECORDED,0,0,0,5,10,14,0.0,0.0,0.0,0,14,0.0,0,-1,0.0,0.0,0.0
rec_62f4f7974d2e9bde,STU_303460,303460,SISWA_018,Kls 7_SISWA_017,2025-08-22,AGUSTUS,Friday,UNKNOWN,,NO_EXCEPTION_RECORDED,0,0,0,5,10,15,0.0,0.0,0.0,0,15,0.0,0,-1,0.0,0.0,0.0
rec_92cc32d02b81b673,STU_303460,303460,SISWA_018,Kls 7_SISWA_017,2025-08-23,AGUSTUS,Saturday,FALSE,,NO_EXCEPTION_RECORDED,0,0,0,5,10,16,0.0,0.0,0.0,0,16,0.0,0,-1,0.0,0.0,0.0
rec_9d0b8f49c9cfde57,STU_303460,303460,SISWA_018,Kls 7_SISWA_017,2025-08-24,AGUSTUS,Sunday,FALSE,,NO_EXCEPTION_RECORDED,0,0,0,5,10,16,0.0,0.0,0.0,0,16,0.0,0,-1,0.0,0.0,0.0
rec_6b3d5ce1d4b71f78,STU_303460,303460,SISWA_018,Kls 7_SISWA_017,2025-08-25,AGUSTUS,Monday,TRUE,s,SOURCE_MARK_S,0,0,0,5,10,16,0.0,0.0,0.0,0,16,0.0,0,-1,0.0,0.0,0.0
rec_d8c76b699b7d3133,STU_303460,303460,SISWA_018,Kls 7_SISWA_017,2025-08-26,AGUSTUS,Tuesday,TRUE,,NO_EXCEPTION_RECORDED,1,1,1,5,10,17,0.2,0.1,0.058824,1,17,0.058824,1,1,0.141176,0.015385,0.184615
rec_ed5d46120304e1ac,STU_303460,303460,SISWA_018,Kls 7_SISWA_017,2025-08-27,AGUSTUS,Wednesday,TRUE,,NO_EXCEPTION_RECORDED,1,1,1,5,10,18,0.2,0.1,0.055556,1,18,0.055556,0,2,0.144444,0.030769,0.169231
rec_6005c0ab31bd70f0,STU_303460,303460,SISWA_018,Kls 7_SISWA_017,2025-08-28,AGUSTUS,Thursday,TRUE,,NO_EXCEPTION_RECORDED,1,1,1,5,10,19,0.2,0.1,0.052632,1,19,0.052632,0,3,0.147368,0.046154,0.153846
rec_446cc6204a6fefcd,STU_303460,303460,SISWA_018,Kls 7_SISWA_017,2025-08-29,AGUSTUS,Friday,TRUE,,NO_EXCEPTION_RECORDED,1,1,1,5,10,20,0.2,0.1,0.05,1,20,0.05,0,4,0.15,0.046154,0.153846
rec_5fdc7f4320aea06d,STU_303460,303460,SISWA_018,Kls 7_SISWA_017,2025-08-30,AGUSTUS,Saturday,FALSE,,NO_EXCEPTION_RECORDED,1,1,1,5,10,21,0.2,0.1,0.047619,1,21,0.047619,0,5,0.152381,0.061538,0.138462
rec_0eabdb4de9dc4f06,STU_303460,303460,SISWA_018,Kls 7_SISWA_017,2025-08-31,AGUSTUS,Sunday,FALSE,,NO_EXCEPTION_RECORDED,1,1,1,5,10,21,0.2,0.1,0.047619,1,21,0.047619,0,6,0.152381,0.061538,0.138462
rec_6ae1ab88cf068b80,STU_303460,303460,SISWA_018,Kls 7_SISWA_017,2025-09-01,SEPTEMBER,Monday,TRUE,,NO_EXCEPTION_RECORDED,1,1,1,5,10,20,0.2,0.1,0.05,1,21,0.047619,0,7,0.152381,0.061538,0.138462
rec_1f6d4ccc3059b282,STU_303460,303460,SISWA_018,Kls 7_SISWA_017,2025-09-02,SEPTEMBER,Tuesday,TRUE,,NO_EXCEPTION_RECORDED,0,1,1,5,10,21,0.0,0.1,0.047619,1,22,0.045455,0,8,-0.045455,0.046154,-0.046154
rec_6d203ce5dcd4d5a0,STU_303460,303460,SISWA_018,Kls 7_SISWA_017,2025-09-03,SEPTEMBER,Wednesday,TRUE,,NO_EXCEPTION_RECORDED,0,1,1,5,10,22,0.0,0.1,0.045455,1,23,0.043478,0,9,-0.043478,0.030769,-0.030769
rec_c7de4101a3556337,STU_303460,303460,SISWA_018,Kls 7_SISWA_017,2025-09-04,SEPTEMBER,Thursday,TRUE,,NO_EXCEPTION_RECORDED,0,1,1,5,10,22,0.0,0.1,0.045455,1,24,0.041667,0,10,-0.041667,0.015385,-0.015385
rec_13b75dc186005220,STU_303460,303460,SISWA_018,Kls 7_SISWA_017,2025-09-05,SEPTEMBER,Friday,UNKNOWN,,NO_EXCEPTION_RECORDED,0,1,1,5,10,22,0.0,0.1,0.045455,1,25,0.04,0,11,-0.04,0.015385,-0.015385
rec_f097037c395e2cf1,STU_303460,303460,SISWA_018,Kls 7_SISWA_017,2025-09-06,SEPTEMBER,Saturday,FALSE,,NO_EXCEPTION_RECORDED,0,1,1,5,10,22,0.0,0.1,0.045455,1,26,0.038462,0,12,-0.038462,0.0,0.0
rec_f8477aaa8a0c0665,STU_303460,303460,SISWA_018,Kls 7_SISWA_017,2025-09-07,SEPTEMBER,Sunday,FALSE,,NO_EXCEPTION_RECORDED,0,1,1,5,10,21,0.0,0.1,0.047619,1,26,0.038462,0,13,-0.038462,0.0,0.0
rec_4e2168ef06447a31,STU_303460,303460,SISWA_018,Kls 7_SISWA_017,2025-09-08,SEPTEMBER,Monday,TRUE,,NO_EXCEPTION_RECORDED,0,1,1,5,10,20,0.0,0.1,0.05,1,26,0.038462,0,14,-0.038462,0.0,0.0
rec_46717b21712aeaa2,STU_303460,303460,SISWA_018,Kls 7_SISWA_017,2025-09-09,SEPTEMBER,Tuesday,TRUE,,NO_EXCEPTION_RECORDED,0,0,1,5,10,21,0.0,0.0,0.047619,1,27,0.037037,0,15,-0.037037,0.015385,-0.015385
rec_76a522892b57252c,STU_303460,303460,SISWA_018,Kls 7_SISWA_017,2025-09-10,SEPTEMBER,Wednesday,TRUE,,NO_EXCEPTION_RECORDED,0,0,1,5,10,22,0.0,0.0,0.045455,1,28,0.035714,0,16,-0.035714,0.046154,-0.046154
rec_e3a3f25575817988,STU_303460,303460,SISWA_018,Kls 7_SISWA_017,2025-09-11,SEPTEMBER,Thursday,TRUE,,NO_EXCEPTION_RECORDED,0,0,1,5,10,22,0.0,0.0,0.045455,1,29,0.034483,0,17,-0.034483,0.046154,-0.046154
rec_c6fef2cbe82d9f22,STU_303460,303460,SISWA_018,Kls 7_SISWA_017,2025-09-12,SEPTEMBER,Friday,TRUE,,NO_EXCEPTION_RECORDED,0,0,1,5,10,22,0.0,0.0,0.045455,1,30,0.033333,0,18,-0.033333,0.061538,-0.061538
rec_3ec84f8ca35c70d8,STU_303460,303460,SISWA_018,Kls 7_SISWA_017,2025-09-13,SEPTEMBER,Saturday,FALSE,,NO_EXCEPTION_RECORDED,0,0,1,5,10,22,0.0,0.0,0.045455,1,31,0.032258,0,19,-0.032258,0.061538,-0.061538
rec_b09bbd03f87c5938,STU_303460,303460,SISWA_018,Kls 7_SISWA_017,2025-09-14,SEPTEMBER,Sunday,FALSE,,NO_EXCEPTION_RECORDED,0,0,1,5,10,21,0.0,0.0,0.047619,1,31,0.032258,0,20,-0.032258,0.061538,-0.061538
rec_d4e6027b34cd4c08,STU_303460,303460,SISWA_018,Kls 7_SISWA_017,2025-09-15,SEPTEMBER,Monday,TRUE,,NO_EXCEPTION_RECORDED,0,0,1,5,10,20,0.0,0.0,0.05,1,31,0.032258,0,21,-0.032258,0.061538,-0.061538
rec_8a1cacc42c84dc4f,STU_303460,303460,SISWA_018,Kls 7_SISWA_017,2025-09-16,SEPTEMBER,Tuesday,TRUE,,NO_EXCEPTION_RECORDED,0,0,1,5,10,21,0.0,0.0,0.047619,1,32,0.03125,0,22,-0.03125,0.046154,-0.046154
rec_0a84e8bbbb074b8b,STU_303460,303460,SISWA_018,Kls 7_SISWA_017,2025-09-17,SEPTEMBER,Wednesday,TRUE,,NO_EXCEPTION_RECORDED,0,0,1,5,10,22,0.0,0.0,0.045455,1,33,0.030303,0,23,-0.030303,0.015385,-0.015385
rec_c497b92344c1f3b2,STU_303460,303460,SISWA_018,Kls 7_SISWA_017,2025-09-18,SEPTEMBER,Thursday,TRUE,,NO_EXCEPTION_RECORDED,0,0,1,5,10,22,0.0,0.0,0.045455,1,34,0.029412,0,24,-0.029412,0.030769,-0.030769
rec_2812c33ad73f4bd2,STU_303460,303460,SISWA_018,Kls 7_SISWA_017,2025-09-19,SEPTEMBER,Friday,TRUE,,NO_EXCEPTION_RECORDED,0,0,1,5,10,22,0.0,0.0,0.045455,1,35,0.028571,0,25,-0.028571,0.030769,-0.030769
rec_abec10c1f75c6572,STU_303460,303460,SISWA_018,Kls 7_SISWA_017,2025-09-20,SEPTEMBER,Saturday,FALSE,,NO_EXCEPTION_RECORDED,0,0,1,5,10,22,0.0,0.0,0.045455,1,36,0.027778,0,26,-0.027778,0.046154,-0.046154
rec_5f39613ca788135a,STU_303460,303460,SISWA_018,Kls 7_SISWA_017,2025-09-21,SEPTEMBER,Sunday,FALSE,,NO_EXCEPTION_RECORDED,0,0,1,5,10,21,0.0,0.0,0.047619,1,36,0.027778,0,27,-0.027778,0.046154,-0.046154
rec_456d12f2fa4b2e6a,STU_303460,303460,SISWA_018,Kls 7_SISWA_017,2025-09-22,SEPTEMBER,Monday,TRUE,,NO_EXCEPTION_RECORDED,0,0,1,5,10,20,0.0,0.0,0.05,1,36,0.027778,0,28,-0.027778,0.046154,-0.046154
rec_336147b2300ef967,STU_303460,303460,SISWA_018,Kls 7_SISWA_017,2025-09-23,SEPTEMBER,Tuesday,TRUE,,NO_EXCEPTION_RECORDED,0,0,1,5,10,21,0.0,0.0,0.047619,1,37,0.027027,0,29,-0.027027,0.061538,-0.061538
rec_2052951c352e4a27,STU_303460,303460,SISWA_018,Kls 7_SISWA_017,2025-09-24,SEPTEMBER,Wednesday,TRUE,s,SOURCE_MARK_S,0,0,1,5,10,22,0.0,0.0,0.045455,1,38,0.026316,0,30,-0.026316,0.076923,-0.076923
rec_e18eae588f7bb93a,STU_303460,303460,SISWA_018,Kls 7_SISWA_017,2025-09-25,SEPTEMBER,Thursday,TRUE,s,SOURCE_MARK_S,1,1,1,5,10,22,0.2,0.1,0.045455,2,39,0.051282,1,1,0.148718,0.092308,0.107692
rec_eeeda7ad131868a5,STU_303460,303460,SISWA_018,Kls 7_SISWA_017,2025-09-26,SEPTEMBER,Friday,TRUE,s,SOURCE_MARK_S,2,2,2,5,10,22,0.4,0.2,0.090909,3,40,0.075,2,1,0.325,0.123077,0.276923
rec_9a301b67461ab494,STU_303460,303460,SISWA_018,Kls 7_SISWA_017,2025-09-27,SEPTEMBER,Saturday,FALSE,,NO_EXCEPTION_RECORDED,3,3,3,5,10,22,0.6,0.3,0.136364,4,41,0.097561,3,1,0.502439,0.123077,0.476923
rec_31ec6521ef8ec871,STU_303460,303460,SISWA_018,Kls 7_SISWA_017,2025-09-28,SEPTEMBER,Sunday,FALSE,,NO_EXCEPTION_RECORDED,3,3,3,5,10,21,0.6,0.3,0.142857,4,41,0.097561,3,2,0.502439,0.123077,0.476923
rec_caec6b461658258b,STU_303460,303460,SISWA_018,Kls 7_SISWA_017,2025-09-29,SEPTEMBER,Monday,TRUE,,NO_EXCEPTION_RECORDED,3,3,3,5,10,20,0.6,0.3,0.15,4,41,0.097561,3,3,0.502439,0.123077,0.476923
rec_7c7634cc2f134e5c,STU_303460,303460,SISWA_018,Kls 7_SISWA_017,2025-09-30,SEPTEMBER,Tuesday,UNKNOWN,,NO_EXCEPTION_RECORDED,3,3,3,5,10,21,0.6,0.3,0.142857,4,42,0.095238,0,4,0.504762,0.107692,0.492308
rec_8df435270a4c42a9,STU_305374,305374,SISWA_053,Kls 8_SISWA_052,2025-08-01,AGUSTUS,Friday,UNKNOWN,,NO_EXCEPTION_RECORDED,0,0,0,0,0,0,0.0,0.0,0.0,0,0,0.0,0,-1,0.0,0.0,0.0
rec_ddd749afbff4c5c6,STU_305374,305374,SISWA_053,Kls 8_SISWA_052,2025-08-02,AGUSTUS,Saturday,FALSE,,NO_EXCEPTION_RECORDED,0,0,0,1,1,1,0.0,0.0,0.0,0,1,0.0,0,-1,0.0,0.0,0.0
rec_920744f72b7ac910,STU_305374,305374,SISWA_053,Kls 8_SISWA_052,2025-08-03,AGUSTUS,Sunday,FALSE,,NO_EXCEPTION_RECORDED,0,0,0,1,1,1,0.0,0.0,0.0,0,1,0.0,0,-1,0.0,0.0,0.0
rec_74dfcb315742f4e3,STU_305374,305374,SISWA_053,Kls 8_SISWA_052,2025-08-04,AGUSTUS,Monday,UNKNOWN,,NO_EXCEPTION_RECORDED,0,0,0,1,1,1,0.0,0.0,0.0,0,1,0.0,0,-1,0.0,0.0,0.0
rec_aed4be081abed6e9,STU_305374,305374,SISWA_053,Kls 8_SISWA_052,2025-08-05,AGUSTUS,Tuesday,TRUE,,NO_EXCEPTION_RECORDED,0,0,0,2,2,2,0.0,0.0,0.0,0,2,0.0,0,-1,0.0,0.0,0.0
rec_6e9123f2c7f7f35d,STU_305374,305374,SISWA_053,Kls 8_SISWA_052,2025-08-06,AGUSTUS,Wednesday,UNKNOWN,,NO_EXCEPTION_RECORDED,0,0,0,3,3,3,0.0,0.0,0.0,0,3,0.0,0,-1,0.0,0.0,0.0
rec_bddcd6a256ffcfff,STU_305374,305374,SISWA_053,Kls 8_SISWA_052,2025-08-07,AGUSTUS,Thursday,TRUE,,NO_EXCEPTION_RECORDED,0,0,0,4,4,4,0.0,0.0,0.0,0,4,0.0,0,-1,0.0,0.0,0.0
rec_75ee0f5027b13da0,STU_305374,305374,SISWA_053,Kls 8_SISWA_052,2025-08-08,AGUSTUS,Friday,TRUE,,NO_EXCEPTION_RECORDED,0,0,0,5,5,5,0.0,0.0,0.0,0,5,0.0,0,-1,0.0,0.011111,-0.011111
rec_fbaf62bfba802937,STU_305374,305374,SISWA_053,Kls 8_SISWA_052,2025-08-09,AGUSTUS,Saturday,FALSE,,NO_EXCEPTION_RECORDED,0,0,0,5,6,6,0.0,0.0,0.0,0,6,0.0,0,-1,0.0,0.011111,-0.011111
rec_92e284087708cab2,STU_305374,305374,SISWA_053,Kls 8_SISWA_052,2025-08-10,AGUSTUS,Sunday,FALSE,,NO_EXCEPTION_RECORDED,0,0,0,5,6,6,0.0,0.0,0.0,0,6,0.0,0,-1,0.0,0.011111,-0.011111
rec_9a0b8b0093aa65a9,STU_305374,305374,SISWA_053,Kls 8_SISWA_052,2025-08-11,AGUSTUS,Monday,TRUE,,NO_EXCEPTION_RECORDED,0,0,0,5,6,6,0.0,0.0,0.0,0,6,0.0,0,-1,0.0,0.011111,-0.011111
rec_9ad0b1d5744fa5c1,STU_305374,305374,SISWA_053,Kls 8_SISWA_052,2025-08-12,AGUSTUS,Tuesday,TRUE,,NO_EXCEPTION_RECORDED,0,0,0,5,7,7,0.0,0.0,0.0,0,7,0.0,0,-1,0.0,0.011111,-0.011111
rec_b8cc8fc958bc17ba,STU_305374,305374,SISWA_053,Kls 8_SISWA_052,2025-08-13,AGUSTUS,Wednesday,TRUE,,NO_EXCEPTION_RECORDED,0,0,0,5,8,8,0.0,0.0,0.0,0,8,0.0,0,-1,0.0,0.022222,-0.022222
rec_0b21a7f6ebd58f4b,STU_305374,305374,SISWA_053,Kls 8_SISWA_052,2025-08-14,AGUSTUS,Thursday,UNKNOWN,,NO_EXCEPTION_RECORDED,0,0,0,5,9,9,0.0,0.0,0.0,0,9,0.0,0,-1,0.0,0.033333,-0.033333
rec_60317b62ec3c6b6a,STU_305374,305374,SISWA_053,Kls 8_SISWA_052,2025-08-15,AGUSTUS,Friday,UNKNOWN,,NO_EXCEPTION_RECORDED,0,0,0,5,10,10,0.0,0.0,0.0,0,10,0.0,0,-1,0.0,0.022222,-0.022222
rec_585711f56ccac600,STU_305374,305374,SISWA_053,Kls 8_SISWA_052,2025-08-16,AGUSTUS,Saturday,FALSE,,NO_EXCEPTION_RECORDED,0,0,0,5,10,11,0.0,0.0,0.0,0,11,0.0,0,-1,0.0,0.022222,-0.022222
rec_b3642758fda5e637,STU_305374,305374,SISWA_053,Kls 8_SISWA_052,2025-08-17,AGUSTUS,Sunday,FALSE,,NO_EXCEPTION_RECORDED,0,0,0,5,10,11,0.0,0.0,0.0,0,11,0.0,0,-1,0.0,0.022222,-0.022222
rec_91a6dae9615b1ebd,STU_305374,305374,SISWA_053,Kls 8_SISWA_052,2025-08-18,AGUSTUS,Monday,UNKNOWN,,NO_EXCEPTION_RECORDED,0,0,0,5,10,11,0.0,0.0,0.0,0,11,0.0,0,-1,0.0,0.022222,-0.022222
rec_10437e4a2dddca7d,STU_305374,305374,SISWA_053,Kls 8_SISWA_052,2025-08-19,AGUSTUS,Tuesday,TRUE,,NO_EXCEPTION_RECORDED,0,0,0,5,10,12,0.0,0.0,0.0,0,12,0.0,0,-1,0.0,0.022222,-0.022222
rec_03adfcabe8cf5b68,STU_305374,305374,SISWA_053,Kls 8_SISWA_052,2025-08-20,AGUSTUS,Wednesday,TRUE,,NO_EXCEPTION_RECORDED,0,0,0,5,10,13,0.0,0.0,0.0,0,13,0.0,0,-1,0.0,0.022222,-0.022222
rec_e6ae5ea9a37d6e96,STU_305374,305374,SISWA_053,Kls 8_SISWA_052,2025-08-21,AGUSTUS,Thursday,TRUE,,NO_EXCEPTION_RECORDED,0,0,0,5,10,14,0.0,0.0,0.0,0,14,0.0,0,-1,0.0,0.022222,-0.022222
rec_1bcf6e8ad64b4fff,STU_305374,305374,SISWA_053,Kls 8_SISWA_052,2025-08-22,AGUSTUS,Friday,UNKNOWN,,NO_EXCEPTION_RECORDED,0,0,0,5,10,15,0.0,0.0,0.0,0,15,0.0,0,-1,0.0,0.022222,-0.022222
rec_4882d4bb60744a69,STU_305374,305374,SISWA_053,Kls 8_SISWA_052,2025-08-23,AGUSTUS,Saturday,FALSE,,NO_EXCEPTION_RECORDED,0,0,0,5,10,16,0.0,0.0,0.0,0,16,0.0,0,-1,0.0,0.022222,-0.022222
rec_8a3f12eeab366cea,STU_305374,305374,SISWA_053,Kls 8_SISWA_052,2025-08-24,AGUSTUS,Sunday,FALSE,,NO_EXCEPTION_RECORDED,0,0,0,5,10,16,0.0,0.0,0.0,0,16,0.0,0,-1,0.0,0.022222,-0.022222
rec_78872bd7ac95de29,STU_305374,305374,SISWA_053,Kls 8_SISWA_052,2025-08-25,AGUSTUS,Monday,TRUE,,NO_EXCEPTION_RECORDED,0,0,0,5,10,16,0.0,0.0,0.0,0,16,0.0,0,-1,0.0,0.022222,-0.022222
rec_32587d37fd830cf2,STU_305374,305374,SISWA_053,Kls 8_SISWA_052,2025-08-26,AGUSTUS,Tuesday,TRUE,,NO_EXCEPTION_RECORDED,0,0,0,5,10,17,0.0,0.0,0.0,0,17,0.0,0,-1,0.0,0.033333,-0.033333
rec_ee589a42e2d30cbf,STU_305374,305374,SISWA_053,Kls 8_SISWA_052,2025-08-27,AGUSTUS,Wednesday,TRUE,,NO_EXCEPTION_RECORDED,0,0,0,5,10,18,0.0,0.0,0.0,0,18,0.0,0,-1,0.0,0.022222,-0.022222
rec_d1e4e2f37674556a,STU_305374,305374,SISWA_053,Kls 8_SISWA_052,2025-08-28,AGUSTUS,Thursday,TRUE,,NO_EXCEPTION_RECORDED,0,0,0,5,10,19,0.0,0.0,0.0,0,19,0.0,0,-1,0.0,0.011111,-0.011111
rec_fd6d652401d6fd82,STU_305374,305374,SISWA_053,Kls 8_SISWA_052,2025-08-29,AGUSTUS,Friday,TRUE,,NO_EXCEPTION_RECORDED,0,0,0,5,10,20,0.0,0.0,0.0,0,20,0.0,0,-1,0.0,0.011111,-0.011111
rec_a5467a277972c75e,STU_305374,305374,SISWA_053,Kls 8_SISWA_052,2025-08-30,AGUSTUS,Saturday,FALSE,,NO_EXCEPTION_RECORDED,0,0,0,5,10,21,0.0,0.0,0.0,0,21,0.0,0,-1,0.0,0.011111,-0.011111
rec_142aff1a4a988dac,STU_305374,305374,SISWA_053,Kls 8_SISWA_052,2025-08-31,AGUSTUS,Sunday,FALSE,,NO_EXCEPTION_RECORDED,0,0,0,5,10,21,0.0,0.0,0.0,0,21,0.0,0,-1,0.0,0.011111,-0.011111
rec_a3231c69d8e92b22,STU_305374,305374,SISWA_053,Kls 8_SISWA_052,2025-09-01,SEPTEMBER,Monday,TRUE,i,SOURCE_MARK_I,0,0,0,5,10,20,0.0,0.0,0.0,0,21,0.0,0,-1,0.0,0.011111,-0.011111
rec_bc0cda9b315ff4e1,STU_305374,305374,SISWA_053,Kls 8_SISWA_052,2025-09-02,SEPTEMBER,Tuesday,TRUE,i,SOURCE_MARK_I,1,1,1,5,10,21,0.2,0.1,0.047619,1,22,0.045455,1,1,0.154545,0.0,0.2
rec_52e094e817de6784,STU_305374,305374,SISWA_053,Kls 8_SISWA_052,2025-09-03,SEPTEMBER,Wednesday,TRUE,,NO_EXCEPTION_RECORDED,2,2,2,5,10,22,0.4,0.2,0.090909,2,23,0.086957,2,1,0.313043,0.0,0.4
rec_79e8cf3a974ca15a,STU_305374,305374,SISWA_053,Kls 8_SISWA_052,2025-09-04,SEPTEMBER,Thursday,TRUE,,NO_EXCEPTION_RECORDED,2,2,2,5,10,22,0.4,0.2,0.090909,2,24,0.083333,0,2,0.316667,0.0,0.4
rec_b5cccd7f1bf811b4,STU_305374,305374,SISWA_053,Kls 8_SISWA_052,2025-09-05,SEPTEMBER,Friday,UNKNOWN,,NO_EXCEPTION_RECORDED,2,2,2,5,10,22,0.4,0.2,0.090909,2,25,0.08,0,3,0.32,0.0,0.4
rec_c891b07b9eb26c64,STU_305374,305374,SISWA_053,Kls 8_SISWA_052,2025-09-06,SEPTEMBER,Saturday,FALSE,,NO_EXCEPTION_RECORDED,2,2,2,5,10,22,0.4,0.2,0.090909,2,26,0.076923,0,4,0.323077,0.0,0.4
rec_ab03fdfd8470d590,STU_305374,305374,SISWA_053,Kls 8_SISWA_052,2025-09-07,SEPTEMBER,Sunday,FALSE,,NO_EXCEPTION_RECORDED,2,2,2,5,10,21,0.4,0.2,0.095238,2,26,0.076923,0,5,0.323077,0.0,0.4
rec_a52de0d550fda810,STU_305374,305374,SISWA_053,Kls 8_SISWA_052,2025-09-08,SEPTEMBER,Monday,TRUE,,NO_EXCEPTION_RECORDED,2,2,2,5,10,20,0.4,0.2,0.1,2,26,0.076923,0,6,0.323077,0.0,0.4
rec_0eedf71115a0e13f,STU_305374,305374,SISWA_053,Kls 8_SISWA_052,2025-09-09,SEPTEMBER,Tuesday,TRUE,,NO_EXCEPTION_RECORDED,1,2,2,5,10,21,0.2,0.2,0.095238,2,27,0.074074,0,7,0.125926,0.0,0.2
rec_84b590a51c5e4cc8,STU_305374,305374,SISWA_053,Kls 8_SISWA_052,2025-09-10,SEPTEMBER,Wednesday,TRUE,,NO_EXCEPTION_RECORDED,0,2,2,5,10,22,0.0,0.2,0.090909,2,28,0.071429,0,8,-0.071429,0.011111,-0.011111
rec_f797462a6f33e6a6,STU_305374,305374,SISWA_053,Kls 8_SISWA_052,2025-09-11,SEPTEMBER,Thursday,TRUE,,NO_EXCEPTION_RECORDED,0,2,2,5,10,22,0.0,0.2,0.090909,2,29,0.068966,0,9,-0.068966,0.011111,-0.011111
rec_dccbc23c597bc172,STU_305374,305374,SISWA_053,Kls 8_SISWA_052,2025-09-12,SEPTEMBER,Friday,TRUE,,NO_EXCEPTION_RECORDED,0,2,2,5,10,22,0.0,0.2,0.090909,2,30,0.066667,0,10,-0.066667,0.011111,-0.011111
rec_7d043f7af5790022,STU_305374,305374,SISWA_053,Kls 8_SISWA_052,2025-09-13,SEPTEMBER,Saturday,FALSE,,NO_EXCEPTION_RECORDED,0,2,2,5,10,22,0.0,0.2,0.090909,2,31,0.064516,0,11,-0.064516,0.011111,-0.011111
rec_0a2c3ca12b47f5dc,STU_305374,305374,SISWA_053,Kls 8_SISWA_052,2025-09-14,SEPTEMBER,Sunday,FALSE,,NO_EXCEPTION_RECORDED,0,2,2,5,10,21,0.0,0.2,0.095238,2,31,0.064516,0,12,-0.064516,0.011111,-0.011111
rec_5c4c737681a34b80,STU_305374,305374,SISWA_053,Kls 8_SISWA_052,2025-09-15,SEPTEMBER,Monday,TRUE,,NO_EXCEPTION_RECORDED,0,2,2,5,10,20,0.0,0.2,0.1,2,31,0.064516,0,13,-0.064516,0.011111,-0.011111
rec_71d482fef33245c8,STU_305374,305374,SISWA_053,Kls 8_SISWA_052,2025-09-16,SEPTEMBER,Tuesday,TRUE,,NO_EXCEPTION_RECORDED,0,1,2,5,10,21,0.0,0.1,0.095238,2,32,0.0625,0,14,-0.0625,0.022222,-0.022222
rec_ff6276ec97656ab4,STU_305374,305374,SISWA_053,Kls 8_SISWA_052,2025-09-17,SEPTEMBER,Wednesday,TRUE,,NO_EXCEPTION_RECORDED,0,0,2,5,10,22,0.0,0.0,0.090909,2,33,0.060606,0,15,-0.060606,0.011111,-0.011111
rec_554eaacea1d18c6e,STU_305374,305374,SISWA_053,Kls 8_SISWA_052,2025-09-18,SEPTEMBER,Thursday,TRUE,,NO_EXCEPTION_RECORDED,0,0,2,5,10,22,0.0,0.0,0.090909,2,34,0.058824,0,16,-0.058824,0.011111,-0.011111
rec_30b4501600489c16,STU_305374,305374,SISWA_053,Kls 8_SISWA_052,2025-09-19,SEPTEMBER,Friday,TRUE,,NO_EXCEPTION_RECORDED,0,0,2,5,10,22,0.0,0.0,0.090909,2,35,0.057143,0,17,-0.057143,0.011111,-0.011111
rec_4d49dd3fdd8e2477,STU_305374,305374,SISWA_053,Kls 8_SISWA_052,2025-09-20,SEPTEMBER,Saturday,FALSE,,NO_EXCEPTION_RECORDED,0,0,2,5,10,22,0.0,0.0,0.090909,2,36,0.055556,0,18,-0.055556,0.011111,-0.011111
rec_4dae374daffb1fe1,STU_305374,305374,SISWA_053,Kls 8_SISWA_052,2025-09-21,SEPTEMBER,Sunday,FALSE,,NO_EXCEPTION_RECORDED,0,0,2,5,10,21,0.0,0.0,0.095238,2,36,0.055556,0,19,-0.055556,0.011111,-0.011111
rec_0c777b8d20012bb2,STU_305374,305374,SISWA_053,Kls 8_SISWA_052,2025-09-22,SEPTEMBER,Monday,TRUE,,NO_EXCEPTION_RECORDED,0,0,2,5,10,20,0.0,0.0,0.1,2,36,0.055556,0,20,-0.055556,0.011111,-0.011111
rec_0ddd22e565e22fdd,STU_305374,305374,SISWA_053,Kls 8_SISWA_052,2025-09-23,SEPTEMBER,Tuesday,TRUE,,NO_EXCEPTION_RECORDED,0,0,2,5,10,21,0.0,0.0,0.095238,2,37,0.054054,0,21,-0.054054,0.011111,-0.011111
rec_43bb1f0eb71606bb,STU_305374,305374,SISWA_053,Kls 8_SISWA_052,2025-09-24,SEPTEMBER,Wednesday,TRUE,,NO_EXCEPTION_RECORDED,0,0,2,5,10,22,0.0,0.0,0.090909,2,38,0.052632,0,22,-0.052632,0.011111,-0.011111
rec_87d920a82a13dd30,STU_305374,305374,SISWA_053,Kls 8_SISWA_052,2025-09-25,SEPTEMBER,Thursday,TRUE,,NO_EXCEPTION_RECORDED,0,0,2,5,10,22,0.0,0.0,0.090909,2,39,0.051282,0,23,-0.051282,0.011111,-0.011111
rec_edf533d91d601c64,STU_305374,305374,SISWA_053,Kls 8_SISWA_052,2025-09-26,SEPTEMBER,Friday,TRUE,,NO_EXCEPTION_RECORDED,0,0,2,5,10,22,0.0,0.0,0.090909,2,40,0.05,0,24,-0.05,0.022222,-0.022222
rec_33ffb8c7d713d932,STU_305374,305374,SISWA_053,Kls 8_SISWA_052,2025-09-27,SEPTEMBER,Saturday,FALSE,,NO_EXCEPTION_RECORDED,0,0,2,5,10,22,0.0,0.0,0.090909,2,41,0.04878,0,25,-0.04878,0.022222,-0.022222
rec_2e2987970c1a0cec,STU_305374,305374,SISWA_053,Kls 8_SISWA_052,2025-09-28,SEPTEMBER,Sunday,FALSE,,NO_EXCEPTION_RECORDED,0,0,2,5,10,21,0.0,0.0,0.095238,2,41,0.04878,0,26,-0.04878,0.022222,-0.022222
rec_46deffc56b61056b,STU_305374,305374,SISWA_053,Kls 8_SISWA_052,2025-09-29,SEPTEMBER,Monday,TRUE,,NO_EXCEPTION_RECORDED,0,0,2,5,10,20,0.0,0.0,0.1,2,41,0.04878,0,27,-0.04878,0.022222,-0.022222
rec_aa0e05ff02c74812,STU_305374,305374,SISWA_053,Kls 8_SISWA_052,2025-09-30,SEPTEMBER,Tuesday,UNKNOWN,,NO_EXCEPTION_RECORDED,0,0,2,5,10,21,0.0,0.0,0.095238,2,42,0.047619,0,28,-0.047619,0.011111,-0.011111
rec_934b547c65433c73,STU_306367,306367,SISWA_081,Kls 9_SISWA_072,2025-08-01,AGUSTUS,Friday,UNKNOWN,,NO_EXCEPTION_RECORDED,0,0,0,0,0,0,0.0,0.0,0.0,0,0,0.0,0,-1,0.0,0.0,0.0
rec_3c928829ac949003,STU_306367,306367,SISWA_081,Kls 9_SISWA_072,2025-08-02,AGUSTUS,Saturday,FALSE,,NO_EXCEPTION_RECORDED,0,0,0,1,1,1,0.0,0.0,0.0,0,1,0.0,0,-1,0.0,0.0,0.0
rec_5dae46e1836b8478,STU_306367,306367,SISWA_081,Kls 9_SISWA_072,2025-08-03,AGUSTUS,Sunday,FALSE,,NO_EXCEPTION_RECORDED,0,0,0,1,1,1,0.0,0.0,0.0,0,1,0.0,0,-1,0.0,0.0,0.0
rec_1940982c801d3a1b,STU_306367,306367,SISWA_081,Kls 9_SISWA_072,2025-08-04,AGUSTUS,Monday,UNKNOWN,,NO_EXCEPTION_RECORDED,0,0,0,1,1,1,0.0,0.0,0.0,0,1,0.0,0,-1,0.0,0.0,0.0
rec_95dda84e51bdcd7a,STU_306367,306367,SISWA_081,Kls 9_SISWA_072,2025-08-05,AGUSTUS,Tuesday,TRUE,,NO_EXCEPTION_RECORDED,0,0,0,2,2,2,0.0,0.0,0.0,0,2,0.0,0,-1,0.0,0.0,0.0
rec_00444d35bdc6901a,STU_306367,306367,SISWA_081,Kls 9_SISWA_072,2025-08-06,AGUSTUS,Wednesday,UNKNOWN,,NO_EXCEPTION_RECORDED,0,0,0,3,3,3,0.0,0.0,0.0,0,3,0.0,0,-1,0.0,0.0,0.0
rec_c0bfad9ef5239f78,STU_306367,306367,SISWA_081,Kls 9_SISWA_072,2025-08-07,AGUSTUS,Thursday,TRUE,,NO_EXCEPTION_RECORDED,0,0,0,4,4,4,0.0,0.0,0.0,0,4,0.0,0,-1,0.0,0.0,0.0
rec_c8cce7462eb9dbbd,STU_306367,306367,SISWA_081,Kls 9_SISWA_072,2025-08-08,AGUSTUS,Friday,TRUE,,NO_EXCEPTION_RECORDED,0,0,0,5,5,5,0.0,0.0,0.0,0,5,0.0,0,-1,0.0,0.0,0.0
rec_432a6c44abbab276,STU_306367,306367,SISWA_081,Kls 9_SISWA_072,2025-08-09,AGUSTUS,Saturday,FALSE,,NO_EXCEPTION_RECORDED,0,0,0,5,6,6,0.0,0.0,0.0,0,6,0.0,0,-1,0.0,0.0,0.0
rec_13449fd517c7455c,STU_306367,306367,SISWA_081,Kls 9_SISWA_072,2025-08-10,AGUSTUS,Sunday,FALSE,,NO_EXCEPTION_RECORDED,0,0,0,5,6,6,0.0,0.0,0.0,0,6,0.0,0,-1,0.0,0.0,0.0
rec_9786f849f39927f8,STU_306367,306367,SISWA_081,Kls 9_SISWA_072,2025-08-11,AGUSTUS,Monday,TRUE,,NO_EXCEPTION_RECORDED,0,0,0,5,6,6,0.0,0.0,0.0,0,6,0.0,0,-1,0.0,0.0,0.0
rec_057a2877f7f93508,STU_306367,306367,SISWA_081,Kls 9_SISWA_072,2025-08-12,AGUSTUS,Tuesday,TRUE,,NO_EXCEPTION_RECORDED,0,0,0,5,7,7,0.0,0.0,0.0,0,7,0.0,0,-1,0.0,0.0,0.0
rec_7cde290ee37eed7a,STU_306367,306367,SISWA_081,Kls 9_SISWA_072,2025-08-13,AGUSTUS,Wednesday,TRUE,,NO_EXCEPTION_RECORDED,0,0,0,5,8,8,0.0,0.0,0.0,0,8,0.0,0,-1,0.0,0.0,0.0
rec_7e30f1a677905aea,STU_306367,306367,SISWA_081,Kls 9_SISWA_072,2025-08-14,AGUSTUS,Thursday,UNKNOWN,,NO_EXCEPTION_RECORDED,0,0,0,5,9,9,0.0,0.0,0.0,0,9,0.0,0,-1,0.0,0.0,0.0
rec_766b54dab04bb95a,STU_306367,306367,SISWA_081,Kls 9_SISWA_072,2025-08-15,AGUSTUS,Friday,UNKNOWN,,NO_EXCEPTION_RECORDED,0,0,0,5,10,10,0.0,0.0,0.0,0,10,0.0,0,-1,0.0,0.0,0.0
rec_debaf8e049927cd8,STU_306367,306367,SISWA_081,Kls 9_SISWA_072,2025-08-16,AGUSTUS,Saturday,FALSE,,NO_EXCEPTION_RECORDED,0,0,0,5,10,11,0.0,0.0,0.0,0,11,0.0,0,-1,0.0,0.0,0.0
rec_1cf6c44f65a8d535,STU_306367,306367,SISWA_081,Kls 9_SISWA_072,2025-08-17,AGUSTUS,Sunday,FALSE,,NO_EXCEPTION_RECORDED,0,0,0,5,10,11,0.0,0.0,0.0,0,11,0.0,0,-1,0.0,0.0,0.0
rec_e239b628c3123adf,STU_306367,306367,SISWA_081,Kls 9_SISWA_072,2025-08-18,AGUSTUS,Monday,UNKNOWN,,NO_EXCEPTION_RECORDED,0,0,0,5,10,11,0.0,0.0,0.0,0,11,0.0,0,-1,0.0,0.0,0.0
rec_0137931b36f1e949,STU_306367,306367,SISWA_081,Kls 9_SISWA_072,2025-08-19,AGUSTUS,Tuesday,TRUE,,NO_EXCEPTION_RECORDED,0,0,0,5,10,12,0.0,0.0,0.0,0,12,0.0,0,-1,0.0,0.0,0.0
rec_fe27d74958ff5163,STU_306367,306367,SISWA_081,Kls 9_SISWA_072,2025-08-20,AGUSTUS,Wednesday,TRUE,,NO_EXCEPTION_RECORDED,0,0,0,5,10,13,0.0,0.0,0.0,0,13,0.0,0,-1,0.0,0.0,0.0
rec_b93454bc8966c1b0,STU_306367,306367,SISWA_081,Kls 9_SISWA_072,2025-08-21,AGUSTUS,Thursday,TRUE,,NO_EXCEPTION_RECORDED,0,0,0,5,10,14,0.0,0.0,0.0,0,14,0.0,0,-1,0.0,0.0,0.0
rec_66e8fcbd0163cea8,STU_306367,306367,SISWA_081,Kls 9_SISWA_072,2025-08-22,AGUSTUS,Friday,UNKNOWN,,NO_EXCEPTION_RECORDED,0,0,0,5,10,15,0.0,0.0,0.0,0,15,0.0,0,-1,0.0,0.0,0.0
rec_846c1dffca8e9c8c,STU_306367,306367,SISWA_081,Kls 9_SISWA_072,2025-08-23,AGUSTUS,Saturday,FALSE,,NO_EXCEPTION_RECORDED,0,0,0,5,10,16,0.0,0.0,0.0,0,16,0.0,0,-1,0.0,0.0,0.0
rec_3e0a497d7478fc0a,STU_306367,306367,SISWA_081,Kls 9_SISWA_072,2025-08-24,AGUSTUS,Sunday,FALSE,,NO_EXCEPTION_RECORDED,0,0,0,5,10,16,0.0,0.0,0.0,0,16,0.0,0,-1,0.0,0.0,0.0
rec_794681a50e60d84d,STU_306367,306367,SISWA_081,Kls 9_SISWA_072,2025-08-25,AGUSTUS,Monday,TRUE,,NO_EXCEPTION_RECORDED,0,0,0,5,10,16,0.0,0.0,0.0,0,16,0.0,0,-1,0.0,0.0,0.0
rec_36686a1906358257,STU_306367,306367,SISWA_081,Kls 9_SISWA_072,2025-08-26,AGUSTUS,Tuesday,TRUE,,NO_EXCEPTION_RECORDED,0,0,0,5,10,17,0.0,0.0,0.0,0,17,0.0,0,-1,0.0,0.0,0.0
rec_d12fc2c6412695d7,STU_306367,306367,SISWA_081,Kls 9_SISWA_072,2025-08-27,AGUSTUS,Wednesday,TRUE,,NO_EXCEPTION_RECORDED,0,0,0,5,10,18,0.0,0.0,0.0,0,18,0.0,0,-1,0.0,0.018182,-0.018182
rec_664fa65c7e993d4f,STU_306367,306367,SISWA_081,Kls 9_SISWA_072,2025-08-28,AGUSTUS,Thursday,TRUE,,NO_EXCEPTION_RECORDED,0,0,0,5,10,19,0.0,0.0,0.0,0,19,0.0,0,-1,0.0,0.018182,-0.018182
rec_c77d687d06c4e307,STU_306367,306367,SISWA_081,Kls 9_SISWA_072,2025-08-29,AGUSTUS,Friday,TRUE,,NO_EXCEPTION_RECORDED,0,0,0,5,10,20,0.0,0.0,0.0,0,20,0.0,0,-1,0.0,0.036364,-0.036364
rec_ff904b599dba4175,STU_306367,306367,SISWA_081,Kls 9_SISWA_072,2025-08-30,AGUSTUS,Saturday,FALSE,,NO_EXCEPTION_RECORDED,0,0,0,5,10,21,0.0,0.0,0.0,0,21,0.0,0,-1,0.0,0.036364,-0.036364
rec_ff8688c15ee48b86,STU_306367,306367,SISWA_081,Kls 9_SISWA_072,2025-08-31,AGUSTUS,Sunday,FALSE,,NO_EXCEPTION_RECORDED,0,0,0,5,10,21,0.0,0.0,0.0,0,21,0.0,0,-1,0.0,0.036364,-0.036364
rec_902e62ea6b76cd6e,STU_306367,306367,SISWA_081,Kls 9_SISWA_072,2025-09-01,SEPTEMBER,Monday,TRUE,,NO_EXCEPTION_RECORDED,0,0,0,5,10,20,0.0,0.0,0.0,0,21,0.0,0,-1,0.0,0.036364,-0.036364
rec_1934809e8dd29275,STU_306367,306367,SISWA_081,Kls 9_SISWA_072,2025-09-02,SEPTEMBER,Tuesday,TRUE,,NO_EXCEPTION_RECORDED,0,0,0,5,10,21,0.0,0.0,0.0,0,22,0.0,0,-1,0.0,0.036364,-0.036364
rec_57867588675fd0f5,STU_306367,306367,SISWA_081,Kls 9_SISWA_072,2025-09-03,SEPTEMBER,Wednesday,TRUE,,NO_EXCEPTION_RECORDED,0,0,0,5,10,22,0.0,0.0,0.0,0,23,0.0,0,-1,0.0,0.036364,-0.036364
rec_62470dc0c265a6d9,STU_306367,306367,SISWA_081,Kls 9_SISWA_072,2025-09-04,SEPTEMBER,Thursday,TRUE,,NO_EXCEPTION_RECORDED,0,0,0,5,10,22,0.0,0.0,0.0,0,24,0.0,0,-1,0.0,0.054545,-0.054545
rec_8d8babe97fd4c2c8,STU_306367,306367,SISWA_081,Kls 9_SISWA_072,2025-09-05,SEPTEMBER,Friday,UNKNOWN,,NO_EXCEPTION_RECORDED,0,0,0,5,10,22,0.0,0.0,0.0,0,25,0.0,0,-1,0.0,0.072727,-0.072727
rec_57496a71203fe7f8,STU_306367,306367,SISWA_081,Kls 9_SISWA_072,2025-09-06,SEPTEMBER,Saturday,FALSE,,NO_EXCEPTION_RECORDED,0,0,0,5,10,22,0.0,0.0,0.0,0,26,0.0,0,-1,0.0,0.072727,-0.072727
rec_d5ccc2895a5c8cb9,STU_306367,306367,SISWA_081,Kls 9_SISWA_072,2025-09-07,SEPTEMBER,Sunday,FALSE,,NO_EXCEPTION_RECORDED,0,0,0,5,10,21,0.0,0.0,0.0,0,26,0.0,0,-1,0.0,0.072727,-0.072727
rec_b425865b96a0f49a,STU_306367,306367,SISWA_081,Kls 9_SISWA_072,2025-09-08,SEPTEMBER,Monday,TRUE,,NO_EXCEPTION_RECORDED,0,0,0,5,10,20,0.0,0.0,0.0,0,26,0.0,0,-1,0.0,0.072727,-0.072727
rec_898d46a38d04eea2,STU_306367,306367,SISWA_081,Kls 9_SISWA_072,2025-09-09,SEPTEMBER,Tuesday,TRUE,,NO_EXCEPTION_RECORDED,0,0,0,5,10,21,0.0,0.0,0.0,0,27,0.0,0,-1,0.0,0.072727,-0.072727
rec_5c6deec4d253671d,STU_306367,306367,SISWA_081,Kls 9_SISWA_072,2025-09-10,SEPTEMBER,Wednesday,TRUE,,NO_EXCEPTION_RECORDED,0,0,0,5,10,22,0.0,0.0,0.0,0,28,0.0,0,-1,0.0,0.090909,-0.090909
rec_36e686c527a6ca33,STU_306367,306367,SISWA_081,Kls 9_SISWA_072,2025-09-11,SEPTEMBER,Thursday,TRUE,,NO_EXCEPTION_RECORDED,0,0,0,5,10,22,0.0,0.0,0.0,0,29,0.0,0,-1,0.0,0.090909,-0.090909
rec_811985aa6cb3aa43,STU_306367,306367,SISWA_081,Kls 9_SISWA_072,2025-09-12,SEPTEMBER,Friday,TRUE,,NO_EXCEPTION_RECORDED,0,0,0,5,10,22,0.0,0.0,0.0,0,30,0.0,0,-1,0.0,0.072727,-0.072727
rec_a3e23fe271efc80a,STU_306367,306367,SISWA_081,Kls 9_SISWA_072,2025-09-13,SEPTEMBER,Saturday,FALSE,,NO_EXCEPTION_RECORDED,0,0,0,5,10,22,0.0,0.0,0.0,0,31,0.0,0,-1,0.0,0.072727,-0.072727
rec_5fcb7d825b249530,STU_306367,306367,SISWA_081,Kls 9_SISWA_072,2025-09-14,SEPTEMBER,Sunday,FALSE,,NO_EXCEPTION_RECORDED,0,0,0,5,10,21,0.0,0.0,0.0,0,31,0.0,0,-1,0.0,0.072727,-0.072727
rec_95eefcbd73dbe39a,STU_306367,306367,SISWA_081,Kls 9_SISWA_072,2025-09-15,SEPTEMBER,Monday,TRUE,,NO_EXCEPTION_RECORDED,0,0,0,5,10,20,0.0,0.0,0.0,0,31,0.0,0,-1,0.0,0.072727,-0.072727
rec_9b0dd4e66b069a43,STU_306367,306367,SISWA_081,Kls 9_SISWA_072,2025-09-16,SEPTEMBER,Tuesday,TRUE,,NO_EXCEPTION_RECORDED,0,0,0,5,10,21,0.0,0.0,0.0,0,32,0.0,0,-1,0.0,0.072727,-0.072727
rec_379210d094637dfd,STU_306367,306367,SISWA_081,Kls 9_SISWA_072,2025-09-17,SEPTEMBER,Wednesday,TRUE,,NO_EXCEPTION_RECORDED,0,0,0,5,10,22,0.0,0.0,0.0,0,33,0.0,0,-1,0.0,0.036364,-0.036364
rec_d593f0a112444876,STU_306367,306367,SISWA_081,Kls 9_SISWA_072,2025-09-18,SEPTEMBER,Thursday,TRUE,,NO_EXCEPTION_RECORDED,0,0,0,5,10,22,0.0,0.0,0.0,0,34,0.0,0,-1,0.0,0.036364,-0.036364
rec_82bd2bca8f39ce49,STU_306367,306367,SISWA_081,Kls 9_SISWA_072,2025-09-19,SEPTEMBER,Friday,TRUE,,NO_EXCEPTION_RECORDED,0,0,0,5,10,22,0.0,0.0,0.0,0,35,0.0,0,-1,0.0,0.036364,-0.036364
rec_b0a7e0f6271e41a8,STU_306367,306367,SISWA_081,Kls 9_SISWA_072,2025-09-20,SEPTEMBER,Saturday,FALSE,,NO_EXCEPTION_RECORDED,0,0,0,5,10,22,0.0,0.0,0.0,0,36,0.0,0,-1,0.0,0.054545,-0.054545
rec_80a80de1addeb400,STU_306367,306367,SISWA_081,Kls 9_SISWA_072,2025-09-21,SEPTEMBER,Sunday,FALSE,,NO_EXCEPTION_RECORDED,0,0,0,5,10,21,0.0,0.0,0.0,0,36,0.0,0,-1,0.0,0.054545,-0.054545
rec_b4c62357444a09b2,STU_306367,306367,SISWA_081,Kls 9_SISWA_072,2025-09-22,SEPTEMBER,Monday,TRUE,,NO_EXCEPTION_RECORDED,0,0,0,5,10,20,0.0,0.0,0.0,0,36,0.0,0,-1,0.0,0.054545,-0.054545
rec_bb2eda121ab78f64,STU_306367,306367,SISWA_081,Kls 9_SISWA_072,2025-09-23,SEPTEMBER,Tuesday,TRUE,,NO_EXCEPTION_RECORDED,0,0,0,5,10,21,0.0,0.0,0.0,0,37,0.0,0,-1,0.0,0.145455,-0.145455
rec_9ebe119a00ebdd49,STU_306367,306367,SISWA_081,Kls 9_SISWA_072,2025-09-24,SEPTEMBER,Wednesday,TRUE,,NO_EXCEPTION_RECORDED,0,0,0,5,10,22,0.0,0.0,0.0,0,38,0.0,0,-1,0.0,0.236364,-0.236364
rec_ac1872574b570582,STU_306367,306367,SISWA_081,Kls 9_SISWA_072,2025-09-25,SEPTEMBER,Thursday,TRUE,,NO_EXCEPTION_RECORDED,0,0,0,5,10,22,0.0,0.0,0.0,0,39,0.0,0,-1,0.0,0.309091,-0.309091
rec_697c383e7f798a87,STU_306367,306367,SISWA_081,Kls 9_SISWA_072,2025-09-26,SEPTEMBER,Friday,TRUE,s,SOURCE_MARK_S,0,0,0,5,10,22,0.0,0.0,0.0,0,40,0.0,0,-1,0.0,0.345455,-0.345455
rec_8b23d73ff7ec631f,STU_306367,306367,SISWA_081,Kls 9_SISWA_072,2025-09-27,SEPTEMBER,Saturday,FALSE,,NO_EXCEPTION_RECORDED,1,1,1,5,10,22,0.2,0.1,0.045455,1,41,0.02439,1,1,0.17561,0.345455,-0.145455
rec_f447ceaa4a57e484,STU_306367,306367,SISWA_081,Kls 9_SISWA_072,2025-09-28,SEPTEMBER,Sunday,FALSE,,NO_EXCEPTION_RECORDED,1,1,1,5,10,21,0.2,0.1,0.047619,1,41,0.02439,1,2,0.17561,0.345455,-0.145455
rec_bfd8eedbd2d68671,STU_306367,306367,SISWA_081,Kls 9_SISWA_072,2025-09-29,SEPTEMBER,Monday,TRUE,,NO_EXCEPTION_RECORDED,1,1,1,5,10,20,0.2,0.1,0.05,1,41,0.02439,1,3,0.17561,0.345455,-0.145455
rec_52a6648c78e7f665,STU_306367,306367,SISWA_081,Kls 9_SISWA_072,2025-09-30,SEPTEMBER,Tuesday,UNKNOWN,,NO_EXCEPTION_RECORDED,1,1,1,5,10,21,0.2,0.1,0.047619,1,42,0.02381,0,4,0.17619,0.272727,-0.072727
rec_e0cfbd108f3c3c0a,STU_308752,308752,SISWA_043,Kls 8_SISWA_032,2025-08-01,AGUSTUS,Friday,UNKNOWN,,NO_EXCEPTION_RECORDED,0,0,0,0,0,0,0.0,0.0,0.0,0,0,0.0,0,-1,0.0,0.0,0.0
rec_33faac77d7809c23,STU_308752,308752,SISWA_043,Kls 8_SISWA_032,2025-08-02,AGUSTUS,Saturday,FALSE,,NO_EXCEPTION_RECORDED,0,0,0,1,1,1,0.0,0.0,0.0,0,1,0.0,0,-1,0.0,0.0,0.0
rec_78f4b2986ea73ff4,STU_308752,308752,SISWA_043,Kls 8_SISWA_032,2025-08-03,AGUSTUS,Sunday,FALSE,,NO_EXCEPTION_RECORDED,0,0,0,1,1,1,0.0,0.0,0.0,0,1,0.0,0,-1,0.0,0.0,0.0
rec_2c7015af7dd238be,STU_308752,308752,SISWA_043,Kls 8_SISWA_032,2025-08-04,AGUSTUS,Monday,UNKNOWN,,NO_EXCEPTION_RECORDED,0,0,0,1,1,1,0.0,0.0,0.0,0,1,0.0,0,-1,0.0,0.0,0.0
rec_c090988926c3b42f,STU_308752,308752,SISWA_043,Kls 8_SISWA_032,2025-08-05,AGUSTUS,Tuesday,TRUE,,NO_EXCEPTION_RECORDED,0,0,0,2,2,2,0.0,0.0,0.0,0,2,0.0,0,-1,0.0,0.0,0.0
rec_ad9ef03711df234d,STU_308752,308752,SISWA_043,Kls 8_SISWA_032,2025-08-06,AGUSTUS,Wednesday,UNKNOWN,,NO_EXCEPTION_RECORDED,0,0,0,3,3,3,0.0,0.0,0.0,0,3,0.0,0,-1,0.0,0.0,0.0
rec_7d3282be8e77a5c4,STU_308752,308752,SISWA_043,Kls 8_SISWA_032,2025-08-07,AGUSTUS,Thursday,TRUE,,NO_EXCEPTION_RECORDED,0,0,0,4,4,4,0.0,0.0,0.0,0,4,0.0,0,-1,0.0,0.0,0.0
rec_929fbf6642e21ae5,STU_308752,308752,SISWA_043,Kls 8_SISWA_032,2025-08-08,AGUSTUS,Friday,TRUE,,NO_EXCEPTION_RECORDED,0,0,0,5,5,5,0.0,0.0,0.0,0,5,0.0,0,-1,0.0,0.0,0.0
rec_77c0dba60d9a2366,STU_308752,308752,SISWA_043,Kls 8_SISWA_032,2025-08-09,AGUSTUS,Saturday,FALSE,,NO_EXCEPTION_RECORDED,0,0,0,5,6,6,0.0,0.0,0.0,0,6,0.0,0,-1,0.0,0.0,0.0
rec_be28eb89f92a387c,STU_308752,308752,SISWA_043,Kls 8_SISWA_032,2025-08-10,AGUSTUS,Sunday,FALSE,,NO_EXCEPTION_RECORDED,0,0,0,5,6,6,0.0,0.0,0.0,0,6,0.0,0,-1,0.0,0.0,0.0
rec_e4797849eeb8065e,STU_308752,308752,SISWA_043,Kls 8_SISWA_032,2025-08-11,AGUSTUS,Monday,TRUE,,NO_EXCEPTION_RECORDED,0,0,0,5,6,6,0.0,0.0,0.0,0,6,0.0,0,-1,0.0,0.0,0.0
rec_9a9e500b73ccc966,STU_308752,308752,SISWA_043,Kls 8_SISWA_032,2025-08-12,AGUSTUS,Tuesday,TRUE,,NO_EXCEPTION_RECORDED,0,0,0,5,7,7,0.0,0.0,0.0,0,7,0.0,0,-1,0.0,0.011111,-0.011111
rec_ec0b5d7d1f32fed5,STU_308752,308752,SISWA_043,Kls 8_SISWA_032,2025-08-13,AGUSTUS,Wednesday,TRUE,,NO_EXCEPTION_RECORDED,0,0,0,5,8,8,0.0,0.0,0.0,0,8,0.0,0,-1,0.0,0.011111,-0.011111
rec_7770c1db6e117d2d,STU_308752,308752,SISWA_043,Kls 8_SISWA_032,2025-08-14,AGUSTUS,Thursday,UNKNOWN,,NO_EXCEPTION_RECORDED,0,0,0,5,9,9,0.0,0.0,0.0,0,9,0.0,0,-1,0.0,0.011111,-0.011111
rec_9426fa0894f59093,STU_308752,308752,SISWA_043,Kls 8_SISWA_032,2025-08-15,AGUSTUS,Friday,UNKNOWN,,NO_EXCEPTION_RECORDED,0,0,0,5,10,10,0.0,0.0,0.0,0,10,0.0,0,-1,0.0,0.011111,-0.011111
rec_15ff92d0da33d656,STU_308752,308752,SISWA_043,Kls 8_SISWA_032,2025-08-16,AGUSTUS,Saturday,FALSE,,NO_EXCEPTION_RECORDED,0,0,0,5,10,11,0.0,0.0,0.0,0,11,0.0,0,-1,0.0,0.011111,-0.011111
rec_9c84d6dc65daeebd,STU_308752,308752,SISWA_043,Kls 8_SISWA_032,2025-08-17,AGUSTUS,Sunday,FALSE,,NO_EXCEPTION_RECORDED,0,0,0,5,10,11,0.0,0.0,0.0,0,11,0.0,0,-1,0.0,0.011111,-0.011111
rec_9a932bdae958c51e,STU_308752,308752,SISWA_043,Kls 8_SISWA_032,2025-08-18,AGUSTUS,Monday,UNKNOWN,,NO_EXCEPTION_RECORDED,0,0,0,5,10,11,0.0,0.0,0.0,0,11,0.0,0,-1,0.0,0.011111,-0.011111
rec_e6a7bfef4a1edb89,STU_308752,308752,SISWA_043,Kls 8_SISWA_032,2025-08-19,AGUSTUS,Tuesday,TRUE,s,SOURCE_MARK_S,0,0,0,5,10,12,0.0,0.0,0.0,0,12,0.0,0,-1,0.0,0.0,0.0
rec_b4830ce95f551cc3,STU_308752,308752,SISWA_043,Kls 8_SISWA_032,2025-08-20,AGUSTUS,Wednesday,TRUE,,NO_EXCEPTION_RECORDED,1,1,1,5,10,13,0.2,0.1,0.076923,1,13,0.076923,1,1,0.123077,0.0,0.2
rec_2defb3a4cdf1621e,STU_308752,308752,SISWA_043,Kls 8_SISWA_032,2025-08-21,AGUSTUS,Thursday,TRUE,,NO_EXCEPTION_RECORDED,1,1,1,5,10,14,0.2,0.1,0.071429,1,14,0.071429,0,2,0.128571,0.0,0.2
rec_5e57e965440ffebe,STU_308752,308752,SISWA_043,Kls 8_SISWA_032,2025-08-22,AGUSTUS,Friday,UNKNOWN,,NO_EXCEPTION_RECORDED,1,1,1,5,10,15,0.2,0.1,0.066667,1,15,0.066667,0,3,0.133333,0.0,0.2
rec_6e84afb59691a7eb,STU_308752,308752,SISWA_043,Kls 8_SISWA_032,2025-08-23,AGUSTUS,Saturday,FALSE,,NO_EXCEPTION_RECORDED,1,1,1,5,10,16,0.2,0.1,0.0625,1,16,0.0625,0,4,0.1375,0.0,0.2
rec_1968d994a9f1e212,STU_308752,308752,SISWA_043,Kls 8_SISWA_032,2025-08-24,AGUSTUS,Sunday,FALSE,,NO_EXCEPTION_RECORDED,1,1,1,5,10,16,0.2,0.1,0.0625,1,16,0.0625,0,5,0.1375,0.0,0.2
rec_11026b9d864d8a9b,STU_308752,308752,SISWA_043,Kls 8_SISWA_032,2025-08-25,AGUSTUS,Monday,TRUE,,NO_EXCEPTION_RECORDED,1,1,1,5,10,16,0.2,0.1,0.0625,1,16,0.0625,0,6,0.1375,0.0,0.2
rec_7ba1959d48d7aa76,STU_308752,308752,SISWA_043,Kls 8_SISWA_032,2025-08-26,AGUSTUS,Tuesday,TRUE,,NO_EXCEPTION_RECORDED,1,1,1,5,10,17,0.2,0.1,0.058824,1,17,0.058824,0,7,0.141176,0.0,0.2
rec_beab8734d000ba53,STU_308752,308752,SISWA_043,Kls 8_SISWA_032,2025-08-27,AGUSTUS,Wednesday,TRUE,,NO_EXCEPTION_RECORDED,0,1,1,5,10,18,0.0,0.1,0.055556,1,18,0.055556,0,8,-0.055556,0.011111,-0.011111
rec_945e202368597dcf,STU_308752,308752,SISWA_043,Kls 8_SISWA_032,2025-08-28,AGUSTUS,Thursday,TRUE,,NO_EXCEPTION_RECORDED,0,1,1,5,10,19,0.0,0.1,0.052632,1,19,0.052632,0,9,-0.052632,0.011111,-0.011111
rec_c7353530b9a6e152,STU_308752,308752,SISWA_043,Kls 8_SISWA_032,2025-08-29,AGUSTUS,Friday,TRUE,,NO_EXCEPTION_RECORDED,0,1,1,5,10,20,0.0,0.1,0.05,1,20,0.05,0,10,-0.05,0.022222,-0.022222
rec_c77cd2e1e77d2fa6,STU_308752,308752,SISWA_043,Kls 8_SISWA_032,2025-08-30,AGUSTUS,Saturday,FALSE,,NO_EXCEPTION_RECORDED,0,1,1,5,10,21,0.0,0.1,0.047619,1,21,0.047619,0,11,-0.047619,0.022222,-0.022222
rec_020a98f63c7c218e,STU_308752,308752,SISWA_043,Kls 8_SISWA_032,2025-08-31,AGUSTUS,Sunday,FALSE,,NO_EXCEPTION_RECORDED,0,1,1,5,10,21,0.0,0.1,0.047619,1,21,0.047619,0,12,-0.047619,0.022222,-0.022222
rec_b73cd70ed5a62b9e,STU_308752,308752,SISWA_043,Kls 8_SISWA_032,2025-09-01,SEPTEMBER,Monday,TRUE,,NO_EXCEPTION_RECORDED,0,1,1,5,10,20,0.0,0.1,0.05,1,21,0.047619,0,13,-0.047619,0.022222,-0.022222
rec_8b6f15611e95d9a0,STU_308752,308752,SISWA_043,Kls 8_SISWA_032,2025-09-02,SEPTEMBER,Tuesday,TRUE,,NO_EXCEPTION_RECORDED,0,1,1,5,10,21,0.0,0.1,0.047619,1,22,0.045455,0,14,-0.045455,0.022222,-0.022222
rec_08754ba6e843c1fe,STU_308752,308752,SISWA_043,Kls 8_SISWA_032,2025-09-03,SEPTEMBER,Wednesday,TRUE,,NO_EXCEPTION_RECORDED,0,0,1,5,10,22,0.0,0.0,0.045455,1,23,0.043478,0,15,-0.043478,0.011111,-0.011111
rec_9821048e847e70c9,STU_308752,308752,SISWA_043,Kls 8_SISWA_032,2025-09-04,SEPTEMBER,Thursday,TRUE,,NO_EXCEPTION_RECORDED,0,0,1,5,10,22,0.0,0.0,0.045455,1,24,0.041667,0,16,-0.041667,0.011111,-0.011111
rec_30868f1dd24249c2,STU_308752,308752,SISWA_043,Kls 8_SISWA_032,2025-09-05,SEPTEMBER,Friday,UNKNOWN,,NO_EXCEPTION_RECORDED,0,0,1,5,10,22,0.0,0.0,0.045455,1,25,0.04,0,17,-0.04,0.0,0.0
rec_bdc8ef1f26634f72,STU_308752,308752,SISWA_043,Kls 8_SISWA_032,2025-09-06,SEPTEMBER,Saturday,FALSE,,NO_EXCEPTION_RECORDED,0,0,1,5,10,22,0.0,0.0,0.045455,1,26,0.038462,0,18,-0.038462,0.0,0.0
rec_d3e0e89f16c80d2a,STU_308752,308752,SISWA_043,Kls 8_SISWA_032,2025-09-07,SEPTEMBER,Sunday,FALSE,,NO_EXCEPTION_RECORDED,0,0,1,5,10,21,0.0,0.0,0.047619,1,26,0.038462,0,19,-0.038462,0.0,0.0
rec_7b508592a4038e26,STU_308752,308752,SISWA_043,Kls 8_SISWA_032,2025-09-08,SEPTEMBER,Monday,TRUE,,NO_EXCEPTION_RECORDED,0,0,1,5,10,20,0.0,0.0,0.05,1,26,0.038462,0,20,-0.038462,0.0,0.0
rec_5e2caad3f276872a,STU_308752,308752,SISWA_043,Kls 8_SISWA_032,2025-09-09,SEPTEMBER,Tuesday,TRUE,,NO_EXCEPTION_RECORDED,0,0,1,5,10,21,0.0,0.0,0.047619,1,27,0.037037,0,21,-0.037037,0.0,0.0
rec_4eae9db9b0a53d9e,STU_308752,308752,SISWA_043,Kls 8_SISWA_032,2025-09-10,SEPTEMBER,Wednesday,TRUE,,NO_EXCEPTION_RECORDED,0,0,1,5,10,22,0.0,0.0,0.045455,1,28,0.035714,0,22,-0.035714,0.0,0.0
rec_261982ded7c0254c,STU_308752,308752,SISWA_043,Kls 8_SISWA_032,2025-09-11,SEPTEMBER,Thursday,TRUE,,NO_EXCEPTION_RECORDED,0,0,1,5,10,22,0.0,0.0,0.045455,1,29,0.034483,0,23,-0.034483,0.011111,-0.011111
rec_84c338e13dd94a61,STU_308752,308752,SISWA_043,Kls 8_SISWA_032,2025-09-12,SEPTEMBER,Friday,TRUE,,NO_EXCEPTION_RECORDED,0,0,1,5,10,22,0.0,0.0,0.045455,1,30,0.033333,0,24,-0.033333,0.011111,-0.011111
rec_bf1bcf5313350e41,STU_308752,308752,SISWA_043,Kls 8_SISWA_032,2025-09-13,SEPTEMBER,Saturday,FALSE,,NO_EXCEPTION_RECORDED,0,0,1,5,10,22,0.0,0.0,0.045455,1,31,0.032258,0,25,-0.032258,0.022222,-0.022222
rec_aa85124bc7048a42,STU_308752,308752,SISWA_043,Kls 8_SISWA_032,2025-09-14,SEPTEMBER,Sunday,FALSE,,NO_EXCEPTION_RECORDED,0,0,1,5,10,21,0.0,0.0,0.047619,1,31,0.032258,0,26,-0.032258,0.022222,-0.022222
rec_4a10bdd98d65192d,STU_308752,308752,SISWA_043,Kls 8_SISWA_032,2025-09-15,SEPTEMBER,Monday,TRUE,s,SOURCE_MARK_S,0,0,1,5,10,20,0.0,0.0,0.05,1,31,0.032258,0,27,-0.032258,0.022222,-0.022222
rec_30988cefcbe93a23,STU_308752,308752,SISWA_043,Kls 8_SISWA_032,2025-09-16,SEPTEMBER,Tuesday,TRUE,,NO_EXCEPTION_RECORDED,1,1,2,5,10,21,0.2,0.1,0.095238,2,32,0.0625,1,1,0.1375,0.033333,0.166667
rec_6588e2eece3daf42,STU_308752,308752,SISWA_043,Kls 8_SISWA_032,2025-09-17,SEPTEMBER,Wednesday,TRUE,,NO_EXCEPTION_RECORDED,1,1,2,5,10,22,0.2,0.1,0.090909,2,33,0.060606,0,2,0.139394,0.044444,0.155556
rec_a5924f067005a589,STU_308752,308752,SISWA_043,Kls 8_SISWA_032,2025-09-18,SEPTEMBER,Thursday,TRUE,,NO_EXCEPTION_RECORDED,1,1,2,5,10,22,0.2,0.1,0.090909,2,34,0.058824,0,3,0.141176,0.033333,0.166667
rec_d420b4095c748c99,STU_308752,308752,SISWA_043,Kls 8_SISWA_032,2025-09-19,SEPTEMBER,Friday,TRUE,,NO_EXCEPTION_RECORDED,1,1,1,5,10,22,0.2,0.1,0.045455,2,35,0.057143,0,4,0.142857,0.033333,0.166667
rec_6c73d27d775966fc,STU_308752,308752,SISWA_043,Kls 8_SISWA_032,2025-09-20,SEPTEMBER,Saturday,FALSE,,NO_EXCEPTION_RECORDED,1,1,1,5,10,22,0.2,0.1,0.045455,2,36,0.055556,0,5,0.144444,0.022222,0.177778
rec_535acfe1157d9dec,STU_308752,308752,SISWA_043,Kls 8_SISWA_032,2025-09-21,SEPTEMBER,Sunday,FALSE,,NO_EXCEPTION_RECORDED,1,1,1,5,10,21,0.2,0.1,0.047619,2,36,0.055556,0,6,0.144444,0.022222,0.177778
rec_69bed9522c57e741,STU_308752,308752,SISWA_043,Kls 8_SISWA_032,2025-09-22,SEPTEMBER,Monday,TRUE,,NO_EXCEPTION_RECORDED,1,1,1,5,10,20,0.2,0.1,0.05,2,36,0.055556,0,7,0.144444,0.022222,0.177778
rec_f7b26e20ab12be1e,STU_308752,308752,SISWA_043,Kls 8_SISWA_032,2025-09-23,SEPTEMBER,Tuesday,TRUE,,NO_EXCEPTION_RECORDED,0,1,1,5,10,21,0.0,0.1,0.047619,2,37,0.054054,0,8,-0.054054,0.011111,-0.011111
rec_bf7c9b01d1d8a50a,STU_308752,308752,SISWA_043,Kls 8_SISWA_032,2025-09-24,SEPTEMBER,Wednesday,TRUE,,NO_EXCEPTION_RECORDED,0,1,1,5,10,22,0.0,0.1,0.045455,2,38,0.052632,0,9,-0.052632,0.0,0.0
rec_81f7f8d0145f0dfc,STU_308752,308752,SISWA_043,Kls 8_SISWA_032,2025-09-25,SEPTEMBER,Thursday,TRUE,,NO_EXCEPTION_RECORDED,0,1,1,5,10,22,0.0,0.1,0.045455,2,39,0.051282,0,10,-0.051282,0.0,0.0
rec_e07af345a6219fde,STU_308752,308752,SISWA_043,Kls 8_SISWA_032,2025-09-26,SEPTEMBER,Friday,TRUE,,NO_EXCEPTION_RECORDED,0,1,1,5,10,22,0.0,0.1,0.045455,2,40,0.05,0,11,-0.05,0.0,0.0
rec_2a6b70854a22bc54,STU_308752,308752,SISWA_043,Kls 8_SISWA_032,2025-09-27,SEPTEMBER,Saturday,FALSE,,NO_EXCEPTION_RECORDED,0,1,1,5,10,22,0.0,0.1,0.045455,2,41,0.04878,0,12,-0.04878,0.011111,-0.011111
rec_68f735ef61b49b96,STU_308752,308752,SISWA_043,Kls 8_SISWA_032,2025-09-28,SEPTEMBER,Sunday,FALSE,,NO_EXCEPTION_RECORDED,0,1,1,5,10,21,0.0,0.1,0.047619,2,41,0.04878,0,13,-0.04878,0.011111,-0.011111
rec_7183a2ab3e3bb617,STU_308752,308752,SISWA_043,Kls 8_SISWA_032,2025-09-29,SEPTEMBER,Monday,TRUE,,NO_EXCEPTION_RECORDED,0,1,1,5,10,20,0.0,0.1,0.05,2,41,0.04878,0,14,-0.04878,0.011111,-0.011111
rec_ae9f6eff19f5514b,STU_308752,308752,SISWA_043,Kls 8_SISWA_032,2025-09-30,SEPTEMBER,Tuesday,UNKNOWN,,NO_EXCEPTION_RECORDED,0,0,1,5,10,21,0.0,0.0,0.047619,2,42,0.047619,0,15,-0.047619,0.022222,-0.022222
rec_6e24abc06fcd500b,STU_318165,318165,SISWA_022,Kls 7_SISWA_017,2025-08-01,AGUSTUS,Friday,UNKNOWN,,NO_EXCEPTION_RECORDED,0,0,0,0,0,0,0.0,0.0,0.0,0,0,0.0,0,-1,0.0,0.0,0.0
rec_a55966d33d1073ac,STU_318165,318165,SISWA_022,Kls 7_SISWA_017,2025-08-02,AGUSTUS,Saturday,FALSE,,NO_EXCEPTION_RECORDED,0,0,0,1,1,1,0.0,0.0,0.0,0,1,0.0,0,-1,0.0,0.0,0.0
rec_ad9baf50a09fbdcc,STU_318165,318165,SISWA_022,Kls 7_SISWA_017,2025-08-03,AGUSTUS,Sunday,FALSE,,NO_EXCEPTION_RECORDED,0,0,0,1,1,1,0.0,0.0,0.0,0,1,0.0,0,-1,0.0,0.0,0.0
rec_7d38745eae4c7e0f,STU_318165,318165,SISWA_022,Kls 7_SISWA_017,2025-08-04,AGUSTUS,Monday,UNKNOWN,,NO_EXCEPTION_RECORDED,0,0,0,1,1,1,0.0,0.0,0.0,0,1,0.0,0,-1,0.0,0.0,0.0
rec_c41ca62f073ca4dc,STU_318165,318165,SISWA_022,Kls 7_SISWA_017,2025-08-05,AGUSTUS,Tuesday,TRUE,,NO_EXCEPTION_RECORDED,0,0,0,2,2,2,0.0,0.0,0.0,0,2,0.0,0,-1,0.0,0.0,0.0
rec_c4ceea441857b918,STU_318165,318165,SISWA_022,Kls 7_SISWA_017,2025-08-06,AGUSTUS,Wednesday,UNKNOWN,,NO_EXCEPTION_RECORDED,0,0,0,3,3,3,0.0,0.0,0.0,0,3,0.0,0,-1,0.0,0.0,0.0
rec_8fe3bc118c5a0160,STU_318165,318165,SISWA_022,Kls 7_SISWA_017,2025-08-07,AGUSTUS,Thursday,TRUE,,NO_EXCEPTION_RECORDED,0,0,0,4,4,4,0.0,0.0,0.0,0,4,0.0,0,-1,0.0,0.0,0.0
rec_dbcecbf345cc8e80,STU_318165,318165,SISWA_022,Kls 7_SISWA_017,2025-08-08,AGUSTUS,Friday,TRUE,,NO_EXCEPTION_RECORDED,0,0,0,5,5,5,0.0,0.0,0.0,0,5,0.0,0,-1,0.0,0.0,0.0
rec_8daea5d74f9cb7b3,STU_318165,318165,SISWA_022,Kls 7_SISWA_017,2025-08-09,AGUSTUS,Saturday,FALSE,,NO_EXCEPTION_RECORDED,0,0,0,5,6,6,0.0,0.0,0.0,0,6,0.0,0,-1,0.0,0.0,0.0
rec_f47667baa4fef720,STU_318165,318165,SISWA_022,Kls 7_SISWA_017,2025-08-10,AGUSTUS,Sunday,FALSE,,NO_EXCEPTION_RECORDED,0,0,0,5,6,6,0.0,0.0,0.0,0,6,0.0,0,-1,0.0,0.0,0.0
rec_46dbd7ea49c78154,STU_318165,318165,SISWA_022,Kls 7_SISWA_017,2025-08-11,AGUSTUS,Monday,TRUE,,NO_EXCEPTION_RECORDED,0,0,0,5,6,6,0.0,0.0,0.0,0,6,0.0,0,-1,0.0,0.0,0.0
rec_3d5222ae0a006aa9,STU_318165,318165,SISWA_022,Kls 7_SISWA_017,2025-08-12,AGUSTUS,Tuesday,TRUE,,NO_EXCEPTION_RECORDED,0,0,0,5,7,7,0.0,0.0,0.0,0,7,0.0,0,-1,0.0,0.0,0.0
rec_23d7a24202af12d3,STU_318165,318165,SISWA_022,Kls 7_SISWA_017,2025-08-13,AGUSTUS,Wednesday,TRUE,,NO_EXCEPTION_RECORDED,0,0,0,5,8,8,0.0,0.0,0.0,0,8,0.0,0,-1,0.0,0.0,0.0
rec_90a38856e6284747,STU_318165,318165,SISWA_022,Kls 7_SISWA_017,2025-08-14,AGUSTUS,Thursday,UNKNOWN,,NO_EXCEPTION_RECORDED,0,0,0,5,9,9,0.0,0.0,0.0,0,9,0.0,0,-1,0.0,0.0,0.0
rec_8aa244b791fddcbe,STU_318165,318165,SISWA_022,Kls 7_SISWA_017,2025-08-15,AGUSTUS,Friday,UNKNOWN,,NO_EXCEPTION_RECORDED,0,0,0,5,10,10,0.0,0.0,0.0,0,10,0.0,0,-1,0.0,0.0,0.0
rec_0d76bff8242d8123,STU_318165,318165,SISWA_022,Kls 7_SISWA_017,2025-08-16,AGUSTUS,Saturday,FALSE,,NO_EXCEPTION_RECORDED,0,0,0,5,10,11,0.0,0.0,0.0,0,11,0.0,0,-1,0.0,0.0,0.0
rec_b119eb2c058e5cea,STU_318165,318165,SISWA_022,Kls 7_SISWA_017,2025-08-17,AGUSTUS,Sunday,FALSE,,NO_EXCEPTION_RECORDED,0,0,0,5,10,11,0.0,0.0,0.0,0,11,0.0,0,-1,0.0,0.0,0.0
rec_92d5e21f85cb4129,STU_318165,318165,SISWA_022,Kls 7_SISWA_017,2025-08-18,AGUSTUS,Monday,UNKNOWN,,NO_EXCEPTION_RECORDED,0,0,0,5,10,11,0.0,0.0,0.0,0,11,0.0,0,-1,0.0,0.0,0.0
rec_7d8fa694f28dee4c,STU_318165,318165,SISWA_022,Kls 7_SISWA_017,2025-08-19,AGUSTUS,Tuesday,TRUE,,NO_EXCEPTION_RECORDED,0,0,0,5,10,12,0.0,0.0,0.0,0,12,0.0,0,-1,0.0,0.0,0.0
rec_af4e2ab2129bed58,STU_318165,318165,SISWA_022,Kls 7_SISWA_017,2025-08-20,AGUSTUS,Wednesday,TRUE,,NO_EXCEPTION_RECORDED,0,0,0,5,10,13,0.0,0.0,0.0,0,13,0.0,0,-1,0.0,0.0,0.0
rec_1349059f0a1885e7,STU_318165,318165,SISWA_022,Kls 7_SISWA_017,2025-08-21,AGUSTUS,Thursday,TRUE,,NO_EXCEPTION_RECORDED,0,0,0,5,10,14,0.0,0.0,0.0,0,14,0.0,0,-1,0.0,0.0,0.0
rec_6f77380e2426db43,STU_318165,318165,SISWA_022,Kls 7_SISWA_017,2025-08-22,AGUSTUS,Friday,UNKNOWN,,NO_EXCEPTION_RECORDED,0,0,0,5,10,15,0.0,0.0,0.0,0,15,0.0,0,-1,0.0,0.0,0.0
rec_08e9673fa68d0683,STU_318165,318165,SISWA_022,Kls 7_SISWA_017,2025-08-23,AGUSTUS,Saturday,FALSE,,NO_EXCEPTION_RECORDED,0,0,0,5,10,16,0.0,0.0,0.0,0,16,0.0,0,-1,0.0,0.0,0.0
rec_f771ade28b16f747,STU_318165,318165,SISWA_022,Kls 7_SISWA_017,2025-08-24,AGUSTUS,Sunday,FALSE,,NO_EXCEPTION_RECORDED,0,0,0,5,10,16,0.0,0.0,0.0,0,16,0.0,0,-1,0.0,0.0,0.0
rec_cb19eb85fc0fa55e,STU_318165,318165,SISWA_022,Kls 7_SISWA_017,2025-08-25,AGUSTUS,Monday,TRUE,,NO_EXCEPTION_RECORDED,0,0,0,5,10,16,0.0,0.0,0.0,0,16,0.0,0,-1,0.0,0.0,0.0
rec_afed676014f06ff0,STU_318165,318165,SISWA_022,Kls 7_SISWA_017,2025-08-26,AGUSTUS,Tuesday,TRUE,,NO_EXCEPTION_RECORDED,0,0,0,5,10,17,0.0,0.0,0.0,0,17,0.0,0,-1,0.0,0.030769,-0.030769
rec_47d98838346b6767,STU_318165,318165,SISWA_022,Kls 7_SISWA_017,2025-08-27,AGUSTUS,Wednesday,TRUE,,NO_EXCEPTION_RECORDED,0,0,0,5,10,18,0.0,0.0,0.0,0,18,0.0,0,-1,0.0,0.046154,-0.046154
rec_c65a7b36b37fd3c3,STU_318165,318165,SISWA_022,Kls 7_SISWA_017,2025-08-28,AGUSTUS,Thursday,TRUE,,NO_EXCEPTION_RECORDED,0,0,0,5,10,19,0.0,0.0,0.0,0,19,0.0,0,-1,0.0,0.061538,-0.061538
rec_5906a4a79bbeb666,STU_318165,318165,SISWA_022,Kls 7_SISWA_017,2025-08-29,AGUSTUS,Friday,TRUE,,NO_EXCEPTION_RECORDED,0,0,0,5,10,20,0.0,0.0,0.0,0,20,0.0,0,-1,0.0,0.061538,-0.061538
rec_880401db7f7cd2c2,STU_318165,318165,SISWA_022,Kls 7_SISWA_017,2025-08-30,AGUSTUS,Saturday,FALSE,,NO_EXCEPTION_RECORDED,0,0,0,5,10,21,0.0,0.0,0.0,0,21,0.0,0,-1,0.0,0.076923,-0.076923
rec_d1e9b974217a7975,STU_318165,318165,SISWA_022,Kls 7_SISWA_017,2025-08-31,AGUSTUS,Sunday,FALSE,,NO_EXCEPTION_RECORDED,0,0,0,5,10,21,0.0,0.0,0.0,0,21,0.0,0,-1,0.0,0.076923,-0.076923
rec_ef0576125eec4b4e,STU_318165,318165,SISWA_022,Kls 7_SISWA_017,2025-09-01,SEPTEMBER,Monday,TRUE,,NO_EXCEPTION_RECORDED,0,0,0,5,10,20,0.0,0.0,0.0,0,21,0.0,0,-1,0.0,0.076923,-0.076923
rec_227c7953137bc8f2,STU_318165,318165,SISWA_022,Kls 7_SISWA_017,2025-09-02,SEPTEMBER,Tuesday,TRUE,,NO_EXCEPTION_RECORDED,0,0,0,5,10,21,0.0,0.0,0.0,0,22,0.0,0,-1,0.0,0.046154,-0.046154
rec_047e1938939bef0f,STU_318165,318165,SISWA_022,Kls 7_SISWA_017,2025-09-03,SEPTEMBER,Wednesday,TRUE,,NO_EXCEPTION_RECORDED,0,0,0,5,10,22,0.0,0.0,0.0,0,23,0.0,0,-1,0.0,0.030769,-0.030769
rec_f7a3f47967cc0d3b,STU_318165,318165,SISWA_022,Kls 7_SISWA_017,2025-09-04,SEPTEMBER,Thursday,TRUE,,NO_EXCEPTION_RECORDED,0,0,0,5,10,22,0.0,0.0,0.0,0,24,0.0,0,-1,0.0,0.015385,-0.015385
rec_4fbfedf143cb78b3,STU_318165,318165,SISWA_022,Kls 7_SISWA_017,2025-09-05,SEPTEMBER,Friday,UNKNOWN,,NO_EXCEPTION_RECORDED,0,0,0,5,10,22,0.0,0.0,0.0,0,25,0.0,0,-1,0.0,0.015385,-0.015385
rec_5c9a657a315bcc50,STU_318165,318165,SISWA_022,Kls 7_SISWA_017,2025-09-06,SEPTEMBER,Saturday,FALSE,,NO_EXCEPTION_RECORDED,0,0,0,5,10,22,0.0,0.0,0.0,0,26,0.0,0,-1,0.0,0.0,0.0
rec_28cc2729f0a4623a,STU_318165,318165,SISWA_022,Kls 7_SISWA_017,2025-09-07,SEPTEMBER,Sunday,FALSE,,NO_EXCEPTION_RECORDED,0,0,0,5,10,21,0.0,0.0,0.0,0,26,0.0,0,-1,0.0,0.0,0.0
rec_807a8f3f8fbdb6be,STU_318165,318165,SISWA_022,Kls 7_SISWA_017,2025-09-08,SEPTEMBER,Monday,TRUE,,NO_EXCEPTION_RECORDED,0,0,0,5,10,20,0.0,0.0,0.0,0,26,0.0,0,-1,0.0,0.0,0.0
rec_04b8f7fefe38f67c,STU_318165,318165,SISWA_022,Kls 7_SISWA_017,2025-09-09,SEPTEMBER,Tuesday,TRUE,,NO_EXCEPTION_RECORDED,0,0,0,5,10,21,0.0,0.0,0.0,0,27,0.0,0,-1,0.0,0.015385,-0.015385
rec_53c7ba9c53c09f3b,STU_318165,318165,SISWA_022,Kls 7_SISWA_017,2025-09-10,SEPTEMBER,Wednesday,TRUE,,NO_EXCEPTION_RECORDED,0,0,0,5,10,22,0.0,0.0,0.0,0,28,0.0,0,-1,0.0,0.046154,-0.046154
rec_d9077f559440f0f0,STU_318165,318165,SISWA_022,Kls 7_SISWA_017,2025-09-11,SEPTEMBER,Thursday,TRUE,,NO_EXCEPTION_RECORDED,0,0,0,5,10,22,0.0,0.0,0.0,0,29,0.0,0,-1,0.0,0.046154,-0.046154
rec_7ce242f7ce84b049,STU_318165,318165,SISWA_022,Kls 7_SISWA_017,2025-09-12,SEPTEMBER,Friday,TRUE,,NO_EXCEPTION_RECORDED,0,0,0,5,10,22,0.0,0.0,0.0,0,30,0.0,0,-1,0.0,0.061538,-0.061538
rec_ef6384371fcc6169,STU_318165,318165,SISWA_022,Kls 7_SISWA_017,2025-09-13,SEPTEMBER,Saturday,FALSE,,NO_EXCEPTION_RECORDED,0,0,0,5,10,22,0.0,0.0,0.0,0,31,0.0,0,-1,0.0,0.061538,-0.061538
rec_ee8125f0af52c7f0,STU_318165,318165,SISWA_022,Kls 7_SISWA_017,2025-09-14,SEPTEMBER,Sunday,FALSE,,NO_EXCEPTION_RECORDED,0,0,0,5,10,21,0.0,0.0,0.0,0,31,0.0,0,-1,0.0,0.061538,-0.061538
rec_da9be4211660339e,STU_318165,318165,SISWA_022,Kls 7_SISWA_017,2025-09-15,SEPTEMBER,Monday,TRUE,,NO_EXCEPTION_RECORDED,0,0,0,5,10,20,0.0,0.0,0.0,0,31,0.0,0,-1,0.0,0.061538,-0.061538
rec_9af9c5074fd16e16,STU_318165,318165,SISWA_022,Kls 7_SISWA_017,2025-09-16,SEPTEMBER,Tuesday,TRUE,,NO_EXCEPTION_RECORDED,0,0,0,5,10,21,0.0,0.0,0.0,0,32,0.0,0,-1,0.0,0.046154,-0.046154
rec_8cf13c5b12b10f31,STU_318165,318165,SISWA_022,Kls 7_SISWA_017,2025-09-17,SEPTEMBER,Wednesday,TRUE,,NO_EXCEPTION_RECORDED,0,0,0,5,10,22,0.0,0.0,0.0,0,33,0.0,0,-1,0.0,0.015385,-0.015385
rec_7a88b44e4001f9b8,STU_318165,318165,SISWA_022,Kls 7_SISWA_017,2025-09-18,SEPTEMBER,Thursday,TRUE,,NO_EXCEPTION_RECORDED,0,0,0,5,10,22,0.0,0.0,0.0,0,34,0.0,0,-1,0.0,0.030769,-0.030769
rec_96e0f429e87162ac,STU_318165,318165,SISWA_022,Kls 7_SISWA_017,2025-09-19,SEPTEMBER,Friday,TRUE,,NO_EXCEPTION_RECORDED,0,0,0,5,10,22,0.0,0.0,0.0,0,35,0.0,0,-1,0.0,0.030769,-0.030769
rec_4718e3e3ac3bae03,STU_318165,318165,SISWA_022,Kls 7_SISWA_017,2025-09-20,SEPTEMBER,Saturday,FALSE,,NO_EXCEPTION_RECORDED,0,0,0,5,10,22,0.0,0.0,0.0,0,36,0.0,0,-1,0.0,0.046154,-0.046154
rec_8fc80faca95b668f,STU_318165,318165,SISWA_022,Kls 7_SISWA_017,2025-09-21,SEPTEMBER,Sunday,FALSE,,NO_EXCEPTION_RECORDED,0,0,0,5,10,21,0.0,0.0,0.0,0,36,0.0,0,-1,0.0,0.046154,-0.046154
rec_1c2604233ee6e83e,STU_318165,318165,SISWA_022,Kls 7_SISWA_017,2025-09-22,SEPTEMBER,Monday,TRUE,,NO_EXCEPTION_RECORDED,0,0,0,5,10,20,0.0,0.0,0.0,0,36,0.0,0,-1,0.0,0.046154,-0.046154
rec_c6f1dd4cc19520ee,STU_318165,318165,SISWA_022,Kls 7_SISWA_017,2025-09-23,SEPTEMBER,Tuesday,TRUE,,NO_EXCEPTION_RECORDED,0,0,0,5,10,21,0.0,0.0,0.0,0,37,0.0,0,-1,0.0,0.061538,-0.061538
rec_5332bfb487efbc8d,STU_318165,318165,SISWA_022,Kls 7_SISWA_017,2025-09-24,SEPTEMBER,Wednesday,TRUE,,NO_EXCEPTION_RECORDED,0,0,0,5,10,22,0.0,0.0,0.0,0,38,0.0,0,-1,0.0,0.076923,-0.076923
rec_d7b09f6aabef7601,STU_318165,318165,SISWA_022,Kls 7_SISWA_017,2025-09-25,SEPTEMBER,Thursday,TRUE,,NO_EXCEPTION_RECORDED,0,0,0,5,10,22,0.0,0.0,0.0,0,39,0.0,0,-1,0.0,0.107692,-0.107692
rec_51f16f48ef084959,STU_318165,318165,SISWA_022,Kls 7_SISWA_017,2025-09-26,SEPTEMBER,Friday,TRUE,,NO_EXCEPTION_RECORDED,0,0,0,5,10,22,0.0,0.0,0.0,0,40,0.0,0,-1,0.0,0.153846,-0.153846
rec_646edad5c05a50d7,STU_318165,318165,SISWA_022,Kls 7_SISWA_017,2025-09-27,SEPTEMBER,Saturday,FALSE,,NO_EXCEPTION_RECORDED,0,0,0,5,10,22,0.0,0.0,0.0,0,41,0.0,0,-1,0.0,0.169231,-0.169231
rec_91244ab19ec8beba,STU_318165,318165,SISWA_022,Kls 7_SISWA_017,2025-09-28,SEPTEMBER,Sunday,FALSE,,NO_EXCEPTION_RECORDED,0,0,0,5,10,21,0.0,0.0,0.0,0,41,0.0,0,-1,0.0,0.169231,-0.169231
rec_07515b1f19bf0e66,STU_318165,318165,SISWA_022,Kls 7_SISWA_017,2025-09-29,SEPTEMBER,Monday,TRUE,,NO_EXCEPTION_RECORDED,0,0,0,5,10,20,0.0,0.0,0.0,0,41,0.0,0,-1,0.0,0.169231,-0.169231
rec_1c925d2224a05930,STU_318165,318165,SISWA_022,Kls 7_SISWA_017,2025-09-30,SEPTEMBER,Tuesday,UNKNOWN,,NO_EXCEPTION_RECORDED,0,0,0,5,10,21,0.0,0.0,0.0,0,42,0.0,0,-1,0.0,0.153846,-0.153846
rec_963e68d0c83aefc0,STU_321927,321927,SISWA_084,Kls 9_SISWA_072,2025-08-01,AGUSTUS,Friday,UNKNOWN,,NO_EXCEPTION_RECORDED,0,0,0,0,0,0,0.0,0.0,0.0,0,0,0.0,0,-1,0.0,0.0,0.0
rec_09911765405f987f,STU_321927,321927,SISWA_084,Kls 9_SISWA_072,2025-08-02,AGUSTUS,Saturday,FALSE,,NO_EXCEPTION_RECORDED,0,0,0,1,1,1,0.0,0.0,0.0,0,1,0.0,0,-1,0.0,0.0,0.0
rec_bc4337bca0a16f11,STU_321927,321927,SISWA_084,Kls 9_SISWA_072,2025-08-03,AGUSTUS,Sunday,FALSE,,NO_EXCEPTION_RECORDED,0,0,0,1,1,1,0.0,0.0,0.0,0,1,0.0,0,-1,0.0,0.0,0.0
rec_4e6b8fa413e29f86,STU_321927,321927,SISWA_084,Kls 9_SISWA_072,2025-08-04,AGUSTUS,Monday,UNKNOWN,,NO_EXCEPTION_RECORDED,0,0,0,1,1,1,0.0,0.0,0.0,0,1,0.0,0,-1,0.0,0.0,0.0
rec_4cba695ec884598f,STU_321927,321927,SISWA_084,Kls 9_SISWA_072,2025-08-05,AGUSTUS,Tuesday,TRUE,,NO_EXCEPTION_RECORDED,0,0,0,2,2,2,0.0,0.0,0.0,0,2,0.0,0,-1,0.0,0.0,0.0
rec_19073e9a7d2190ce,STU_321927,321927,SISWA_084,Kls 9_SISWA_072,2025-08-06,AGUSTUS,Wednesday,UNKNOWN,,NO_EXCEPTION_RECORDED,0,0,0,3,3,3,0.0,0.0,0.0,0,3,0.0,0,-1,0.0,0.0,0.0
rec_640836fa8844a4b2,STU_321927,321927,SISWA_084,Kls 9_SISWA_072,2025-08-07,AGUSTUS,Thursday,TRUE,,NO_EXCEPTION_RECORDED,0,0,0,4,4,4,0.0,0.0,0.0,0,4,0.0,0,-1,0.0,0.0,0.0
rec_f8ac1b90e1b80d16,STU_321927,321927,SISWA_084,Kls 9_SISWA_072,2025-08-08,AGUSTUS,Friday,TRUE,,NO_EXCEPTION_RECORDED,0,0,0,5,5,5,0.0,0.0,0.0,0,5,0.0,0,-1,0.0,0.0,0.0
rec_72f6fcaeb6ea4863,STU_321927,321927,SISWA_084,Kls 9_SISWA_072,2025-08-09,AGUSTUS,Saturday,FALSE,,NO_EXCEPTION_RECORDED,0,0,0,5,6,6,0.0,0.0,0.0,0,6,0.0,0,-1,0.0,0.0,0.0
rec_a0a9f3aa803f0b50,STU_321927,321927,SISWA_084,Kls 9_SISWA_072,2025-08-10,AGUSTUS,Sunday,FALSE,,NO_EXCEPTION_RECORDED,0,0,0,5,6,6,0.0,0.0,0.0,0,6,0.0,0,-1,0.0,0.0,0.0
rec_a9f74919117a3d82,STU_321927,321927,SISWA_084,Kls 9_SISWA_072,2025-08-11,AGUSTUS,Monday,TRUE,,NO_EXCEPTION_RECORDED,0,0,0,5,6,6,0.0,0.0,0.0,0,6,0.0,0,-1,0.0,0.0,0.0
rec_7b6a7bf7d796f7ec,STU_321927,321927,SISWA_084,Kls 9_SISWA_072,2025-08-12,AGUSTUS,Tuesday,TRUE,,NO_EXCEPTION_RECORDED,0,0,0,5,7,7,0.0,0.0,0.0,0,7,0.0,0,-1,0.0,0.0,0.0
rec_275ca4a442084946,STU_321927,321927,SISWA_084,Kls 9_SISWA_072,2025-08-13,AGUSTUS,Wednesday,TRUE,,NO_EXCEPTION_RECORDED,0,0,0,5,8,8,0.0,0.0,0.0,0,8,0.0,0,-1,0.0,0.0,0.0
rec_cc60619aeff0f621,STU_321927,321927,SISWA_084,Kls 9_SISWA_072,2025-08-14,AGUSTUS,Thursday,UNKNOWN,,NO_EXCEPTION_RECORDED,0,0,0,5,9,9,0.0,0.0,0.0,0,9,0.0,0,-1,0.0,0.0,0.0
rec_761d08e99870a309,STU_321927,321927,SISWA_084,Kls 9_SISWA_072,2025-08-15,AGUSTUS,Friday,UNKNOWN,,NO_EXCEPTION_RECORDED,0,0,0,5,10,10,0.0,0.0,0.0,0,10,0.0,0,-1,0.0,0.0,0.0
rec_3d7012b0eae26846,STU_321927,321927,SISWA_084,Kls 9_SISWA_072,2025-08-16,AGUSTUS,Saturday,FALSE,,NO_EXCEPTION_RECORDED,0,0,0,5,10,11,0.0,0.0,0.0,0,11,0.0,0,-1,0.0,0.0,0.0
rec_7e9828676cc179f9,STU_321927,321927,SISWA_084,Kls 9_SISWA_072,2025-08-17,AGUSTUS,Sunday,FALSE,,NO_EXCEPTION_RECORDED,0,0,0,5,10,11,0.0,0.0,0.0,0,11,0.0,0,-1,0.0,0.0,0.0
rec_ca03e777a819c3b0,STU_321927,321927,SISWA_084,Kls 9_SISWA_072,2025-08-18,AGUSTUS,Monday,UNKNOWN,,NO_EXCEPTION_RECORDED,0,0,0,5,10,11,0.0,0.0,0.0,0,11,0.0,0,-1,0.0,0.0,0.0
rec_a1e57e38d81c0428,STU_321927,321927,SISWA_084,Kls 9_SISWA_072,2025-08-19,AGUSTUS,Tuesday,TRUE,,NO_EXCEPTION_RECORDED,0,0,0,5,10,12,0.0,0.0,0.0,0,12,0.0,0,-1,0.0,0.0,0.0
rec_40c87a332b167da4,STU_321927,321927,SISWA_084,Kls 9_SISWA_072,2025-08-20,AGUSTUS,Wednesday,TRUE,,NO_EXCEPTION_RECORDED,0,0,0,5,10,13,0.0,0.0,0.0,0,13,0.0,0,-1,0.0,0.0,0.0
rec_b5347b63b08b30d7,STU_321927,321927,SISWA_084,Kls 9_SISWA_072,2025-08-21,AGUSTUS,Thursday,TRUE,,NO_EXCEPTION_RECORDED,0,0,0,5,10,14,0.0,0.0,0.0,0,14,0.0,0,-1,0.0,0.0,0.0
rec_558f66bba086b3e2,STU_321927,321927,SISWA_084,Kls 9_SISWA_072,2025-08-22,AGUSTUS,Friday,UNKNOWN,,NO_EXCEPTION_RECORDED,0,0,0,5,10,15,0.0,0.0,0.0,0,15,0.0,0,-1,0.0,0.0,0.0
rec_63fbda3ed6a05dfc,STU_321927,321927,SISWA_084,Kls 9_SISWA_072,2025-08-23,AGUSTUS,Saturday,FALSE,,NO_EXCEPTION_RECORDED,0,0,0,5,10,16,0.0,0.0,0.0,0,16,0.0,0,-1,0.0,0.0,0.0
rec_f3aa7ec7e23db622,STU_321927,321927,SISWA_084,Kls 9_SISWA_072,2025-08-24,AGUSTUS,Sunday,FALSE,,NO_EXCEPTION_RECORDED,0,0,0,5,10,16,0.0,0.0,0.0,0,16,0.0,0,-1,0.0,0.0,0.0
rec_51f107a26af7797b,STU_321927,321927,SISWA_084,Kls 9_SISWA_072,2025-08-25,AGUSTUS,Monday,TRUE,,NO_EXCEPTION_RECORDED,0,0,0,5,10,16,0.0,0.0,0.0,0,16,0.0,0,-1,0.0,0.0,0.0
rec_ad894a8a371e6183,STU_321927,321927,SISWA_084,Kls 9_SISWA_072,2025-08-26,AGUSTUS,Tuesday,TRUE,,NO_EXCEPTION_RECORDED,0,0,0,5,10,17,0.0,0.0,0.0,0,17,0.0,0,-1,0.0,0.0,0.0
rec_ef61827c92327944,STU_321927,321927,SISWA_084,Kls 9_SISWA_072,2025-08-27,AGUSTUS,Wednesday,TRUE,,NO_EXCEPTION_RECORDED,0,0,0,5,10,18,0.0,0.0,0.0,0,18,0.0,0,-1,0.0,0.018182,-0.018182
rec_9cd0e04d3c2ebef4,STU_321927,321927,SISWA_084,Kls 9_SISWA_072,2025-08-28,AGUSTUS,Thursday,TRUE,,NO_EXCEPTION_RECORDED,0,0,0,5,10,19,0.0,0.0,0.0,0,19,0.0,0,-1,0.0,0.018182,-0.018182
rec_988bfddedaa2a2c5,STU_321927,321927,SISWA_084,Kls 9_SISWA_072,2025-08-29,AGUSTUS,Friday,TRUE,,NO_EXCEPTION_RECORDED,0,0,0,5,10,20,0.0,0.0,0.0,0,20,0.0,0,-1,0.0,0.036364,-0.036364
rec_12776614335f4db2,STU_321927,321927,SISWA_084,Kls 9_SISWA_072,2025-08-30,AGUSTUS,Saturday,FALSE,,NO_EXCEPTION_RECORDED,0,0,0,5,10,21,0.0,0.0,0.0,0,21,0.0,0,-1,0.0,0.036364,-0.036364
rec_9430ca76d030c092,STU_321927,321927,SISWA_084,Kls 9_SISWA_072,2025-08-31,AGUSTUS,Sunday,FALSE,,NO_EXCEPTION_RECORDED,0,0,0,5,10,21,0.0,0.0,0.0,0,21,0.0,0,-1,0.0,0.036364,-0.036364
rec_457660fef449e8aa,STU_321927,321927,SISWA_084,Kls 9_SISWA_072,2025-09-01,SEPTEMBER,Monday,TRUE,,NO_EXCEPTION_RECORDED,0,0,0,5,10,20,0.0,0.0,0.0,0,21,0.0,0,-1,0.0,0.036364,-0.036364
rec_709a65716c651d2c,STU_321927,321927,SISWA_084,Kls 9_SISWA_072,2025-09-02,SEPTEMBER,Tuesday,TRUE,,NO_EXCEPTION_RECORDED,0,0,0,5,10,21,0.0,0.0,0.0,0,22,0.0,0,-1,0.0,0.036364,-0.036364
rec_f0dc0e10a8e03fe3,STU_321927,321927,SISWA_084,Kls 9_SISWA_072,2025-09-03,SEPTEMBER,Wednesday,TRUE,,NO_EXCEPTION_RECORDED,0,0,0,5,10,22,0.0,0.0,0.0,0,23,0.0,0,-1,0.0,0.036364,-0.036364
rec_9567d1e9c1846639,STU_321927,321927,SISWA_084,Kls 9_SISWA_072,2025-09-04,SEPTEMBER,Thursday,TRUE,,NO_EXCEPTION_RECORDED,0,0,0,5,10,22,0.0,0.0,0.0,0,24,0.0,0,-1,0.0,0.054545,-0.054545
rec_09efe093f68f0f5f,STU_321927,321927,SISWA_084,Kls 9_SISWA_072,2025-09-05,SEPTEMBER,Friday,UNKNOWN,,NO_EXCEPTION_RECORDED,0,0,0,5,10,22,0.0,0.0,0.0,0,25,0.0,0,-1,0.0,0.072727,-0.072727
rec_77ec75d6855933ab,STU_321927,321927,SISWA_084,Kls 9_SISWA_072,2025-09-06,SEPTEMBER,Saturday,FALSE,,NO_EXCEPTION_RECORDED,0,0,0,5,10,22,0.0,0.0,0.0,0,26,0.0,0,-1,0.0,0.072727,-0.072727
rec_8792f15b68b8ccdb,STU_321927,321927,SISWA_084,Kls 9_SISWA_072,2025-09-07,SEPTEMBER,Sunday,FALSE,,NO_EXCEPTION_RECORDED,0,0,0,5,10,21,0.0,0.0,0.0,0,26,0.0,0,-1,0.0,0.072727,-0.072727
rec_8b771994744851eb,STU_321927,321927,SISWA_084,Kls 9_SISWA_072,2025-09-08,SEPTEMBER,Monday,TRUE,,NO_EXCEPTION_RECORDED,0,0,0,5,10,20,0.0,0.0,0.0,0,26,0.0,0,-1,0.0,0.072727,-0.072727
rec_95dacf53a6add7ad,STU_321927,321927,SISWA_084,Kls 9_SISWA_072,2025-09-09,SEPTEMBER,Tuesday,TRUE,,NO_EXCEPTION_RECORDED,0,0,0,5,10,21,0.0,0.0,0.0,0,27,0.0,0,-1,0.0,0.072727,-0.072727
rec_326606abcbd21e1c,STU_321927,321927,SISWA_084,Kls 9_SISWA_072,2025-09-10,SEPTEMBER,Wednesday,TRUE,,NO_EXCEPTION_RECORDED,0,0,0,5,10,22,0.0,0.0,0.0,0,28,0.0,0,-1,0.0,0.090909,-0.090909
rec_479fac51393629c8,STU_321927,321927,SISWA_084,Kls 9_SISWA_072,2025-09-11,SEPTEMBER,Thursday,TRUE,,NO_EXCEPTION_RECORDED,0,0,0,5,10,22,0.0,0.0,0.0,0,29,0.0,0,-1,0.0,0.090909,-0.090909
rec_3b91ed5383467667,STU_321927,321927,SISWA_084,Kls 9_SISWA_072,2025-09-12,SEPTEMBER,Friday,TRUE,,NO_EXCEPTION_RECORDED,0,0,0,5,10,22,0.0,0.0,0.0,0,30,0.0,0,-1,0.0,0.072727,-0.072727
rec_c90117ff17e608ca,STU_321927,321927,SISWA_084,Kls 9_SISWA_072,2025-09-13,SEPTEMBER,Saturday,FALSE,,NO_EXCEPTION_RECORDED,0,0,0,5,10,22,0.0,0.0,0.0,0,31,0.0,0,-1,0.0,0.072727,-0.072727
rec_c9b62edb4ad0b33a,STU_321927,321927,SISWA_084,Kls 9_SISWA_072,2025-09-14,SEPTEMBER,Sunday,FALSE,,NO_EXCEPTION_RECORDED,0,0,0,5,10,21,0.0,0.0,0.0,0,31,0.0,0,-1,0.0,0.072727,-0.072727
rec_eb936b29e4af6616,STU_321927,321927,SISWA_084,Kls 9_SISWA_072,2025-09-15,SEPTEMBER,Monday,TRUE,,NO_EXCEPTION_RECORDED,0,0,0,5,10,20,0.0,0.0,0.0,0,31,0.0,0,-1,0.0,0.072727,-0.072727
rec_7d750f3da1815532,STU_321927,321927,SISWA_084,Kls 9_SISWA_072,2025-09-16,SEPTEMBER,Tuesday,TRUE,,NO_EXCEPTION_RECORDED,0,0,0,5,10,21,0.0,0.0,0.0,0,32,0.0,0,-1,0.0,0.072727,-0.072727
rec_8888d2682c9728a7,STU_321927,321927,SISWA_084,Kls 9_SISWA_072,2025-09-17,SEPTEMBER,Wednesday,TRUE,,NO_EXCEPTION_RECORDED,0,0,0,5,10,22,0.0,0.0,0.0,0,33,0.0,0,-1,0.0,0.036364,-0.036364
rec_6f0fba21b799a635,STU_321927,321927,SISWA_084,Kls 9_SISWA_072,2025-09-18,SEPTEMBER,Thursday,TRUE,,NO_EXCEPTION_RECORDED,0,0,0,5,10,22,0.0,0.0,0.0,0,34,0.0,0,-1,0.0,0.036364,-0.036364
rec_c8153c19d4cef4d4,STU_321927,321927,SISWA_084,Kls 9_SISWA_072,2025-09-19,SEPTEMBER,Friday,TRUE,,NO_EXCEPTION_RECORDED,0,0,0,5,10,22,0.0,0.0,0.0,0,35,0.0,0,-1,0.0,0.036364,-0.036364
rec_bf41ccb966e82ec8,STU_321927,321927,SISWA_084,Kls 9_SISWA_072,2025-09-20,SEPTEMBER,Saturday,FALSE,,NO_EXCEPTION_RECORDED,0,0,0,5,10,22,0.0,0.0,0.0,0,36,0.0,0,-1,0.0,0.054545,-0.054545
rec_5761b6c1928769f9,STU_321927,321927,SISWA_084,Kls 9_SISWA_072,2025-09-21,SEPTEMBER,Sunday,FALSE,,NO_EXCEPTION_RECORDED,0,0,0,5,10,21,0.0,0.0,0.0,0,36,0.0,0,-1,0.0,0.054545,-0.054545
rec_d62667ad7059c26b,STU_321927,321927,SISWA_084,Kls 9_SISWA_072,2025-09-22,SEPTEMBER,Monday,TRUE,,NO_EXCEPTION_RECORDED,0,0,0,5,10,20,0.0,0.0,0.0,0,36,0.0,0,-1,0.0,0.054545,-0.054545
rec_ffe1241f7bb39f9d,STU_321927,321927,SISWA_084,Kls 9_SISWA_072,2025-09-23,SEPTEMBER,Tuesday,TRUE,,NO_EXCEPTION_RECORDED,0,0,0,5,10,21,0.0,0.0,0.0,0,37,0.0,0,-1,0.0,0.145455,-0.145455
rec_e74449ed5d649952,STU_321927,321927,SISWA_084,Kls 9_SISWA_072,2025-09-24,SEPTEMBER,Wednesday,TRUE,,NO_EXCEPTION_RECORDED,0,0,0,5,10,22,0.0,0.0,0.0,0,38,0.0,0,-1,0.0,0.236364,-0.236364
rec_50f93d9bbac40bb7,STU_321927,321927,SISWA_084,Kls 9_SISWA_072,2025-09-25,SEPTEMBER,Thursday,TRUE,,NO_EXCEPTION_RECORDED,0,0,0,5,10,22,0.0,0.0,0.0,0,39,0.0,0,-1,0.0,0.309091,-0.309091
rec_0c0bb733f2976a0c,STU_321927,321927,SISWA_084,Kls 9_SISWA_072,2025-09-26,SEPTEMBER,Friday,TRUE,,NO_EXCEPTION_RECORDED,0,0,0,5,10,22,0.0,0.0,0.0,0,40,0.0,0,-1,0.0,0.345455,-0.345455
rec_27fbf113dc5bd07d,STU_321927,321927,SISWA_084,Kls 9_SISWA_072,2025-09-27,SEPTEMBER,Saturday,FALSE,,NO_EXCEPTION_RECORDED,0,0,0,5,10,22,0.0,0.0,0.0,0,41,0.0,0,-1,0.0,0.363636,-0.363636
rec_dfd970f81a0492fb,STU_321927,321927,SISWA_084,Kls 9_SISWA_072,2025-09-28,SEPTEMBER,Sunday,FALSE,,NO_EXCEPTION_RECORDED,0,0,0,5,10,21,0.0,0.0,0.0,0,41,0.0,0,-1,0.0,0.363636,-0.363636
rec_e9bddee1f578cb6a,STU_321927,321927,SISWA_084,Kls 9_SISWA_072,2025-09-29,SEPTEMBER,Monday,TRUE,,NO_EXCEPTION_RECORDED,0,0,0,5,10,20,0.0,0.0,0.0,0,41,0.0,0,-1,0.0,0.363636,-0.363636
rec_8010516edbcfb648,STU_321927,321927,SISWA_084,Kls 9_SISWA_072,2025-09-30,SEPTEMBER,Tuesday,UNKNOWN,,NO_EXCEPTION_RECORDED,0,0,0,5,10,21,0.0,0.0,0.0,0,42,0.0,0,-1,0.0,0.290909,-0.290909
rec_f56346ead36e2fb4,STU_322962,322962,SISWA_009,Kls 7_SISWA_001,2025-08-01,AGUSTUS,Friday,UNKNOWN,,NO_EXCEPTION_RECORDED,0,0,0,0,0,0,0.0,0.0,0.0,0,0,0.0,0,-1,0.0,0.0,0.0
rec_2abc110c298ad66d,STU_322962,322962,SISWA_009,Kls 7_SISWA_001,2025-08-02,AGUSTUS,Saturday,FALSE,,NO_EXCEPTION_RECORDED,0,0,0,1,1,1,0.0,0.0,0.0,0,1,0.0,0,-1,0.0,0.0,0.0
rec_3f0ba7424ba982e4,STU_322962,322962,SISWA_009,Kls 7_SISWA_001,2025-08-03,AGUSTUS,Sunday,FALSE,,NO_EXCEPTION_RECORDED,0,0,0,1,1,1,0.0,0.0,0.0,0,1,0.0,0,-1,0.0,0.0,0.0
rec_7aa640eeb2ea9958,STU_322962,322962,SISWA_009,Kls 7_SISWA_001,2025-08-04,AGUSTUS,Monday,UNKNOWN,,NO_EXCEPTION_RECORDED,0,0,0,1,1,1,0.0,0.0,0.0,0,1,0.0,0,-1,0.0,0.0,0.0
rec_c0e6cc83fb7df8ce,STU_322962,322962,SISWA_009,Kls 7_SISWA_001,2025-08-05,AGUSTUS,Tuesday,TRUE,,NO_EXCEPTION_RECORDED,0,0,0,2,2,2,0.0,0.0,0.0,0,2,0.0,0,-1,0.0,0.0,0.0
rec_7eeb45fde04c91e8,STU_322962,322962,SISWA_009,Kls 7_SISWA_001,2025-08-06,AGUSTUS,Wednesday,UNKNOWN,,NO_EXCEPTION_RECORDED,0,0,0,3,3,3,0.0,0.0,0.0,0,3,0.0,0,-1,0.0,0.0,0.0
rec_a16ded90f1786acc,STU_322962,322962,SISWA_009,Kls 7_SISWA_001,2025-08-07,AGUSTUS,Thursday,TRUE,,NO_EXCEPTION_RECORDED,0,0,0,4,4,4,0.0,0.0,0.0,0,4,0.0,0,-1,0.0,0.0,0.0
rec_b4abb56db5cd26c0,STU_322962,322962,SISWA_009,Kls 7_SISWA_001,2025-08-08,AGUSTUS,Friday,TRUE,,NO_EXCEPTION_RECORDED,0,0,0,5,5,5,0.0,0.0,0.0,0,5,0.0,0,-1,0.0,0.0,0.0
rec_5cdb63171521f21b,STU_322962,322962,SISWA_009,Kls 7_SISWA_001,2025-08-09,AGUSTUS,Saturday,FALSE,,NO_EXCEPTION_RECORDED,0,0,0,5,6,6,0.0,0.0,0.0,0,6,0.0,0,-1,0.0,0.0,0.0
rec_4812166fd4da01d6,STU_322962,322962,SISWA_009,Kls 7_SISWA_001,2025-08-10,AGUSTUS,Sunday,FALSE,,NO_EXCEPTION_RECORDED,0,0,0,5,6,6,0.0,0.0,0.0,0,6,0.0,0,-1,0.0,0.0,0.0
rec_1ee16b39e302d611,STU_322962,322962,SISWA_009,Kls 7_SISWA_001,2025-08-11,AGUSTUS,Monday,TRUE,,NO_EXCEPTION_RECORDED,0,0,0,5,6,6,0.0,0.0,0.0,0,6,0.0,0,-1,0.0,0.0,0.0
rec_201530dcb34ab8d0,STU_322962,322962,SISWA_009,Kls 7_SISWA_001,2025-08-12,AGUSTUS,Tuesday,TRUE,,NO_EXCEPTION_RECORDED,0,0,0,5,7,7,0.0,0.0,0.0,0,7,0.0,0,-1,0.0,0.0,0.0
rec_bdd5cd8445545f0b,STU_322962,322962,SISWA_009,Kls 7_SISWA_001,2025-08-13,AGUSTUS,Wednesday,TRUE,,NO_EXCEPTION_RECORDED,0,0,0,5,8,8,0.0,0.0,0.0,0,8,0.0,0,-1,0.0,0.015385,-0.015385
rec_53dea2f6ca8844fa,STU_322962,322962,SISWA_009,Kls 7_SISWA_001,2025-08-14,AGUSTUS,Thursday,UNKNOWN,,NO_EXCEPTION_RECORDED,0,0,0,5,9,9,0.0,0.0,0.0,0,9,0.0,0,-1,0.0,0.015385,-0.015385
rec_eced4979b435ad62,STU_322962,322962,SISWA_009,Kls 7_SISWA_001,2025-08-15,AGUSTUS,Friday,UNKNOWN,,NO_EXCEPTION_RECORDED,0,0,0,5,10,10,0.0,0.0,0.0,0,10,0.0,0,-1,0.0,0.015385,-0.015385
rec_7f6f954b9b09acc1,STU_322962,322962,SISWA_009,Kls 7_SISWA_001,2025-08-16,AGUSTUS,Saturday,FALSE,,NO_EXCEPTION_RECORDED,0,0,0,5,10,11,0.0,0.0,0.0,0,11,0.0,0,-1,0.0,0.015385,-0.015385
rec_bd47ccf19042ad10,STU_322962,322962,SISWA_009,Kls 7_SISWA_001,2025-08-17,AGUSTUS,Sunday,FALSE,,NO_EXCEPTION_RECORDED,0,0,0,5,10,11,0.0,0.0,0.0,0,11,0.0,0,-1,0.0,0.015385,-0.015385
rec_6755a22ca923a959,STU_322962,322962,SISWA_009,Kls 7_SISWA_001,2025-08-18,AGUSTUS,Monday,UNKNOWN,,NO_EXCEPTION_RECORDED,0,0,0,5,10,11,0.0,0.0,0.0,0,11,0.0,0,-1,0.0,0.015385,-0.015385
rec_c9fa9052fed9e52f,STU_322962,322962,SISWA_009,Kls 7_SISWA_001,2025-08-19,AGUSTUS,Tuesday,TRUE,,NO_EXCEPTION_RECORDED,0,0,0,5,10,12,0.0,0.0,0.0,0,12,0.0,0,-1,0.0,0.015385,-0.015385
rec_a45bf73167e0d57c,STU_322962,322962,SISWA_009,Kls 7_SISWA_001,2025-08-20,AGUSTUS,Wednesday,TRUE,,NO_EXCEPTION_RECORDED,0,0,0,5,10,13,0.0,0.0,0.0,0,13,0.0,0,-1,0.0,0.0,0.0
rec_87d5c02997d30f18,STU_322962,322962,SISWA_009,Kls 7_SISWA_001,2025-08-21,AGUSTUS,Thursday,TRUE,,NO_EXCEPTION_RECORDED,0,0,0,5,10,14,0.0,0.0,0.0,0,14,0.0,0,-1,0.0,0.0,0.0
rec_4e2c6558146b0843,STU_322962,322962,SISWA_009,Kls 7_SISWA_001,2025-08-22,AGUSTUS,Friday,UNKNOWN,,NO_EXCEPTION_RECORDED,0,0,0,5,10,15,0.0,0.0,0.0,0,15,0.0,0,-1,0.0,0.0,0.0
rec_6ce53764ba3f6141,STU_322962,322962,SISWA_009,Kls 7_SISWA_001,2025-08-23,AGUSTUS,Saturday,FALSE,,NO_EXCEPTION_RECORDED,0,0,0,5,10,16,0.0,0.0,0.0,0,16,0.0,0,-1,0.0,0.0,0.0
rec_62ba83d469a18ca7,STU_322962,322962,SISWA_009,Kls 7_SISWA_001,2025-08-24,AGUSTUS,Sunday,FALSE,,NO_EXCEPTION_RECORDED,0,0,0,5,10,16,0.0,0.0,0.0,0,16,0.0,0,-1,0.0,0.0,0.0
rec_57450787c0fbfa96,STU_322962,322962,SISWA_009,Kls 7_SISWA_001,2025-08-25,AGUSTUS,Monday,TRUE,,NO_EXCEPTION_RECORDED,0,0,0,5,10,16,0.0,0.0,0.0,0,16,0.0,0,-1,0.0,0.0,0.0
rec_614e0c1a7e06bb0e,STU_322962,322962,SISWA_009,Kls 7_SISWA_001,2025-08-26,AGUSTUS,Tuesday,TRUE,,NO_EXCEPTION_RECORDED,0,0,0,5,10,17,0.0,0.0,0.0,0,17,0.0,0,-1,0.0,0.015385,-0.015385
rec_3a185959ed274485,STU_322962,322962,SISWA_009,Kls 7_SISWA_001,2025-08-27,AGUSTUS,Wednesday,TRUE,,NO_EXCEPTION_RECORDED,0,0,0,5,10,18,0.0,0.0,0.0,0,18,0.0,0,-1,0.0,0.015385,-0.015385
rec_9d03cb4e548bc391,STU_322962,322962,SISWA_009,Kls 7_SISWA_001,2025-08-28,AGUSTUS,Thursday,TRUE,,NO_EXCEPTION_RECORDED,0,0,0,5,10,19,0.0,0.0,0.0,0,19,0.0,0,-1,0.0,0.015385,-0.015385
rec_f26180bb60eb6497,STU_322962,322962,SISWA_009,Kls 7_SISWA_001,2025-08-29,AGUSTUS,Friday,TRUE,,NO_EXCEPTION_RECORDED,0,0,0,5,10,20,0.0,0.0,0.0,0,20,0.0,0,-1,0.0,0.015385,-0.015385
rec_ad112a83f5699755,STU_322962,322962,SISWA_009,Kls 7_SISWA_001,2025-08-30,AGUSTUS,Saturday,FALSE,,NO_EXCEPTION_RECORDED,0,0,0,5,10,21,0.0,0.0,0.0,0,21,0.0,0,-1,0.0,0.015385,-0.015385
rec_5c82639e93acc42b,STU_322962,322962,SISWA_009,Kls 7_SISWA_001,2025-08-31,AGUSTUS,Sunday,FALSE,,NO_EXCEPTION_RECORDED,0,0,0,5,10,21,0.0,0.0,0.0,0,21,0.0,0,-1,0.0,0.015385,-0.015385
rec_5f1f02e0736bcfc8,STU_322962,322962,SISWA_009,Kls 7_SISWA_001,2025-09-01,SEPTEMBER,Monday,TRUE,,NO_EXCEPTION_RECORDED,0,0,0,5,10,20,0.0,0.0,0.0,0,21,0.0,0,-1,0.0,0.015385,-0.015385
rec_45b52a32f890b705,STU_322962,322962,SISWA_009,Kls 7_SISWA_001,2025-09-02,SEPTEMBER,Tuesday,TRUE,,NO_EXCEPTION_RECORDED,0,0,0,5,10,21,0.0,0.0,0.0,0,22,0.0,0,-1,0.0,0.0,0.0
rec_0f1c136cee965cfb,STU_322962,322962,SISWA_009,Kls 7_SISWA_001,2025-09-03,SEPTEMBER,Wednesday,TRUE,,NO_EXCEPTION_RECORDED,0,0,0,5,10,22,0.0,0.0,0.0,0,23,0.0,0,-1,0.0,0.0,0.0
rec_4210c99387870bc1,STU_322962,322962,SISWA_009,Kls 7_SISWA_001,2025-09-04,SEPTEMBER,Thursday,TRUE,,NO_EXCEPTION_RECORDED,0,0,0,5,10,22,0.0,0.0,0.0,0,24,0.0,0,-1,0.0,0.0,0.0
rec_27ed7b63dd056a78,STU_322962,322962,SISWA_009,Kls 7_SISWA_001,2025-09-05,SEPTEMBER,Friday,UNKNOWN,,NO_EXCEPTION_RECORDED,0,0,0,5,10,22,0.0,0.0,0.0,0,25,0.0,0,-1,0.0,0.0,0.0
rec_332024dcd3a89671,STU_322962,322962,SISWA_009,Kls 7_SISWA_001,2025-09-06,SEPTEMBER,Saturday,FALSE,,NO_EXCEPTION_RECORDED,0,0,0,5,10,22,0.0,0.0,0.0,0,26,0.0,0,-1,0.0,0.0,0.0
rec_9ea7951c6d4cc9c8,STU_322962,322962,SISWA_009,Kls 7_SISWA_001,2025-09-07,SEPTEMBER,Sunday,FALSE,,NO_EXCEPTION_RECORDED,0,0,0,5,10,21,0.0,0.0,0.0,0,26,0.0,0,-1,0.0,0.0,0.0
rec_15e0a2c3aa10cca0,STU_322962,322962,SISWA_009,Kls 7_SISWA_001,2025-09-08,SEPTEMBER,Monday,TRUE,,NO_EXCEPTION_RECORDED,0,0,0,5,10,20,0.0,0.0,0.0,0,26,0.0,0,-1,0.0,0.0,0.0
rec_abdb2e7cdffe0f3a,STU_322962,322962,SISWA_009,Kls 7_SISWA_001,2025-09-09,SEPTEMBER,Tuesday,TRUE,,NO_EXCEPTION_RECORDED,0,0,0,5,10,21,0.0,0.0,0.0,0,27,0.0,0,-1,0.0,0.0,0.0
rec_246cdc7b27efda32,STU_322962,322962,SISWA_009,Kls 7_SISWA_001,2025-09-10,SEPTEMBER,Wednesday,TRUE,,NO_EXCEPTION_RECORDED,0,0,0,5,10,22,0.0,0.0,0.0,0,28,0.0,0,-1,0.0,0.0,0.0
rec_2e6ad90f8c20b7ae,STU_322962,322962,SISWA_009,Kls 7_SISWA_001,2025-09-11,SEPTEMBER,Thursday,TRUE,,NO_EXCEPTION_RECORDED,0,0,0,5,10,22,0.0,0.0,0.0,0,29,0.0,0,-1,0.0,0.0,0.0
rec_8bc08611281c40b2,STU_322962,322962,SISWA_009,Kls 7_SISWA_001,2025-09-12,SEPTEMBER,Friday,TRUE,,NO_EXCEPTION_RECORDED,0,0,0,5,10,22,0.0,0.0,0.0,0,30,0.0,0,-1,0.0,0.015385,-0.015385
rec_d8a29c1ac0e15562,STU_322962,322962,SISWA_009,Kls 7_SISWA_001,2025-09-13,SEPTEMBER,Saturday,FALSE,,NO_EXCEPTION_RECORDED,0,0,0,5,10,22,0.0,0.0,0.0,0,31,0.0,0,-1,0.0,0.015385,-0.015385
rec_9000c1a069588b2b,STU_322962,322962,SISWA_009,Kls 7_SISWA_001,2025-09-14,SEPTEMBER,Sunday,FALSE,,NO_EXCEPTION_RECORDED,0,0,0,5,10,21,0.0,0.0,0.0,0,31,0.0,0,-1,0.0,0.015385,-0.015385
rec_99e2c9625f462124,STU_322962,322962,SISWA_009,Kls 7_SISWA_001,2025-09-15,SEPTEMBER,Monday,TRUE,,NO_EXCEPTION_RECORDED,0,0,0,5,10,20,0.0,0.0,0.0,0,31,0.0,0,-1,0.0,0.015385,-0.015385
rec_e410f78137a6f1de,STU_322962,322962,SISWA_009,Kls 7_SISWA_001,2025-09-16,SEPTEMBER,Tuesday,TRUE,,NO_EXCEPTION_RECORDED,0,0,0,5,10,21,0.0,0.0,0.0,0,32,0.0,0,-1,0.0,0.015385,-0.015385
rec_15f73c858ed91dd9,STU_322962,322962,SISWA_009,Kls 7_SISWA_001,2025-09-17,SEPTEMBER,Wednesday,TRUE,,NO_EXCEPTION_RECORDED,0,0,0,5,10,22,0.0,0.0,0.0,0,33,0.0,0,-1,0.0,0.015385,-0.015385
rec_5f9a36ee84c5f65b,STU_322962,322962,SISWA_009,Kls 7_SISWA_001,2025-09-18,SEPTEMBER,Thursday,TRUE,,NO_EXCEPTION_RECORDED,0,0,0,5,10,22,0.0,0.0,0.0,0,34,0.0,0,-1,0.0,0.015385,-0.015385
rec_96345a1ec9f67302,STU_322962,322962,SISWA_009,Kls 7_SISWA_001,2025-09-19,SEPTEMBER,Friday,TRUE,,NO_EXCEPTION_RECORDED,0,0,0,5,10,22,0.0,0.0,0.0,0,35,0.0,0,-1,0.0,0.0,0.0
rec_6e9f650cb0f5f301,STU_322962,322962,SISWA_009,Kls 7_SISWA_001,2025-09-20,SEPTEMBER,Saturday,FALSE,,NO_EXCEPTION_RECORDED,0,0,0,5,10,22,0.0,0.0,0.0,0,36,0.0,0,-1,0.0,0.0,0.0
rec_3492d3b5a63e5e52,STU_322962,322962,SISWA_009,Kls 7_SISWA_001,2025-09-21,SEPTEMBER,Sunday,FALSE,,NO_EXCEPTION_RECORDED,0,0,0,5,10,21,0.0,0.0,0.0,0,36,0.0,0,-1,0.0,0.0,0.0
rec_0fb87ce7c21f1dfe,STU_322962,322962,SISWA_009,Kls 7_SISWA_001,2025-09-22,SEPTEMBER,Monday,TRUE,,NO_EXCEPTION_RECORDED,0,0,0,5,10,20,0.0,0.0,0.0,0,36,0.0,0,-1,0.0,0.0,0.0
rec_a643854e528e2be3,STU_322962,322962,SISWA_009,Kls 7_SISWA_001,2025-09-23,SEPTEMBER,Tuesday,TRUE,s,SOURCE_MARK_S,0,0,0,5,10,21,0.0,0.0,0.0,0,37,0.0,0,-1,0.0,0.0,0.0
rec_f1159b5d9e2a0ea0,STU_322962,322962,SISWA_009,Kls 7_SISWA_001,2025-09-24,SEPTEMBER,Wednesday,TRUE,s,SOURCE_MARK_S,1,1,1,5,10,22,0.2,0.1,0.045455,1,38,0.026316,1,1,0.173684,0.0,0.2
rec_1e9ee490f8da63d7,STU_322962,322962,SISWA_009,Kls 7_SISWA_001,2025-09-25,SEPTEMBER,Thursday,TRUE,s,SOURCE_MARK_S,2,2,2,5,10,22,0.4,0.2,0.090909,2,39,0.051282,2,1,0.348718,0.015385,0.384615
rec_2874165f63a2d730,STU_322962,322962,SISWA_009,Kls 7_SISWA_001,2025-09-26,SEPTEMBER,Friday,TRUE,,NO_EXCEPTION_RECORDED,3,3,3,5,10,22,0.6,0.3,0.136364,3,40,0.075,3,1,0.525,0.015385,0.584615
rec_6e1300ef6917617b,STU_322962,322962,SISWA_009,Kls 7_SISWA_001,2025-09-27,SEPTEMBER,Saturday,FALSE,,NO_EXCEPTION_RECORDED,3,3,3,5,10,22,0.6,0.3,0.136364,3,41,0.073171,0,2,0.526829,0.015385,0.584615
rec_c44ab32f8532739c,STU_322962,322962,SISWA_009,Kls 7_SISWA_001,2025-09-28,SEPTEMBER,Sunday,FALSE,,NO_EXCEPTION_RECORDED,3,3,3,5,10,21,0.6,0.3,0.142857,3,41,0.073171,0,3,0.526829,0.015385,0.584615
rec_e65011652966bd09,STU_322962,322962,SISWA_009,Kls 7_SISWA_001,2025-09-29,SEPTEMBER,Monday,TRUE,,NO_EXCEPTION_RECORDED,3,3,3,5,10,20,0.6,0.3,0.15,3,41,0.073171,0,4,0.526829,0.015385,0.584615
rec_13a8256a618fa535,STU_322962,322962,SISWA_009,Kls 7_SISWA_001,2025-09-30,SEPTEMBER,Tuesday,UNKNOWN,,NO_EXCEPTION_RECORDED,3,3,3,5,10,21,0.6,0.3,0.142857,3,42,0.071429,0,5,0.528571,0.030769,0.569231
rec_495b159506c58426,STU_326384,326384,SISWA_096,Kls 9_SISWA_085,2025-08-01,AGUSTUS,Friday,UNKNOWN,,NO_EXCEPTION_RECORDED,0,0,0,0,0,0,0.0,0.0,0.0,0,0,0.0,0,-1,0.0,0.0,0.0
rec_7f2430116bf05a0f,STU_326384,326384,SISWA_096,Kls 9_SISWA_085,2025-08-02,AGUSTUS,Saturday,FALSE,,NO_EXCEPTION_RECORDED,0,0,0,1,1,1,0.0,0.0,0.0,0,1,0.0,0,-1,0.0,0.0,0.0
rec_852d1640f189de7d,STU_326384,326384,SISWA_096,Kls 9_SISWA_085,2025-08-03,AGUSTUS,Sunday,FALSE,,NO_EXCEPTION_RECORDED,0,0,0,1,1,1,0.0,0.0,0.0,0,1,0.0,0,-1,0.0,0.0,0.0
rec_bc95603245cf38de,STU_326384,326384,SISWA_096,Kls 9_SISWA_085,2025-08-04,AGUSTUS,Monday,UNKNOWN,,NO_EXCEPTION_RECORDED,0,0,0,1,1,1,0.0,0.0,0.0,0,1,0.0,0,-1,0.0,0.0,0.0
rec_2e51d5bd5f9ec1bb,STU_326384,326384,SISWA_096,Kls 9_SISWA_085,2025-08-05,AGUSTUS,Tuesday,TRUE,,NO_EXCEPTION_RECORDED,0,0,0,2,2,2,0.0,0.0,0.0,0,2,0.0,0,-1,0.0,0.0,0.0
rec_7a1dc4be8aff48a2,STU_326384,326384,SISWA_096,Kls 9_SISWA_085,2025-08-06,AGUSTUS,Wednesday,UNKNOWN,,NO_EXCEPTION_RECORDED,0,0,0,3,3,3,0.0,0.0,0.0,0,3,0.0,0,-1,0.0,0.033333,-0.033333
rec_c8be3080f0a48c7f,STU_326384,326384,SISWA_096,Kls 9_SISWA_085,2025-08-07,AGUSTUS,Thursday,TRUE,,NO_EXCEPTION_RECORDED,0,0,0,4,4,4,0.0,0.0,0.0,0,4,0.0,0,-1,0.0,0.025,-0.025
rec_c7457a15e764cb21,STU_326384,326384,SISWA_096,Kls 9_SISWA_085,2025-08-08,AGUSTUS,Friday,TRUE,,NO_EXCEPTION_RECORDED,0,0,0,5,5,5,0.0,0.0,0.0,0,5,0.0,0,-1,0.0,0.04,-0.04
rec_9baf14d4bfa96f4d,STU_326384,326384,SISWA_096,Kls 9_SISWA_085,2025-08-09,AGUSTUS,Saturday,FALSE,,NO_EXCEPTION_RECORDED,0,0,0,5,6,6,0.0,0.0,0.0,0,6,0.0,0,-1,0.0,0.06,-0.06
rec_f8a3bc9d1ab9dedd,STU_326384,326384,SISWA_096,Kls 9_SISWA_085,2025-08-10,AGUSTUS,Sunday,FALSE,,NO_EXCEPTION_RECORDED,0,0,0,5,6,6,0.0,0.0,0.0,0,6,0.0,0,-1,0.0,0.06,-0.06
rec_76e7edb15a118b38,STU_326384,326384,SISWA_096,Kls 9_SISWA_085,2025-08-11,AGUSTUS,Monday,TRUE,,NO_EXCEPTION_RECORDED,0,0,0,5,6,6,0.0,0.0,0.0,0,6,0.0,0,-1,0.0,0.06,-0.06
rec_9ed1237056ffa85f,STU_326384,326384,SISWA_096,Kls 9_SISWA_085,2025-08-12,AGUSTUS,Tuesday,TRUE,,NO_EXCEPTION_RECORDED,0,0,0,5,7,7,0.0,0.0,0.0,0,7,0.0,0,-1,0.0,0.06,-0.06
rec_8f5b6a93c62b81b1,STU_326384,326384,SISWA_096,Kls 9_SISWA_085,2025-08-13,AGUSTUS,Wednesday,TRUE,,NO_EXCEPTION_RECORDED,0,0,0,5,8,8,0.0,0.0,0.0,0,8,0.0,0,-1,0.0,0.04,-0.04
rec_b463d3eb9cf085e0,STU_326384,326384,SISWA_096,Kls 9_SISWA_085,2025-08-14,AGUSTUS,Thursday,UNKNOWN,,NO_EXCEPTION_RECORDED,0,0,0,5,9,9,0.0,0.0,0.0,0,9,0.0,0,-1,0.0,0.04,-0.04
rec_42373c7c3321cf11,STU_326384,326384,SISWA_096,Kls 9_SISWA_085,2025-08-15,AGUSTUS,Friday,UNKNOWN,,NO_EXCEPTION_RECORDED,0,0,0,5,10,10,0.0,0.0,0.0,0,10,0.0,0,-1,0.0,0.02,-0.02
rec_e88021058fa12fac,STU_326384,326384,SISWA_096,Kls 9_SISWA_085,2025-08-16,AGUSTUS,Saturday,FALSE,,NO_EXCEPTION_RECORDED,0,0,0,5,10,11,0.0,0.0,0.0,0,11,0.0,0,-1,0.0,0.0,0.0
rec_f8598501263cf6f4,STU_326384,326384,SISWA_096,Kls 9_SISWA_085,2025-08-17,AGUSTUS,Sunday,FALSE,,NO_EXCEPTION_RECORDED,0,0,0,5,10,11,0.0,0.0,0.0,0,11,0.0,0,-1,0.0,0.0,0.0
rec_614709fbd2770eca,STU_326384,326384,SISWA_096,Kls 9_SISWA_085,2025-08-18,AGUSTUS,Monday,UNKNOWN,,NO_EXCEPTION_RECORDED,0,0,0,5,10,11,0.0,0.0,0.0,0,11,0.0,0,-1,0.0,0.0,0.0
rec_c88cc1a4f0708899,STU_326384,326384,SISWA_096,Kls 9_SISWA_085,2025-08-19,AGUSTUS,Tuesday,TRUE,,NO_EXCEPTION_RECORDED,0,0,0,5,10,12,0.0,0.0,0.0,0,12,0.0,0,-1,0.0,0.0,0.0
rec_b3364b0b41b03f51,STU_326384,326384,SISWA_096,Kls 9_SISWA_085,2025-08-20,AGUSTUS,Wednesday,TRUE,,NO_EXCEPTION_RECORDED,0,0,0,5,10,13,0.0,0.0,0.0,0,13,0.0,0,-1,0.0,0.0,0.0
rec_ea2f8d2aab46e900,STU_326384,326384,SISWA_096,Kls 9_SISWA_085,2025-08-21,AGUSTUS,Thursday,TRUE,,NO_EXCEPTION_RECORDED,0,0,0,5,10,14,0.0,0.0,0.0,0,14,0.0,0,-1,0.0,0.0,0.0
rec_8c8ef40b00696c1c,STU_326384,326384,SISWA_096,Kls 9_SISWA_085,2025-08-22,AGUSTUS,Friday,UNKNOWN,,NO_EXCEPTION_RECORDED,0,0,0,5,10,15,0.0,0.0,0.0,0,15,0.0,0,-1,0.0,0.04,-0.04
rec_720caf352acbe980,STU_326384,326384,SISWA_096,Kls 9_SISWA_085,2025-08-23,AGUSTUS,Saturday,FALSE,,NO_EXCEPTION_RECORDED,0,0,0,5,10,16,0.0,0.0,0.0,0,16,0.0,0,-1,0.0,0.04,-0.04
rec_3118a9ce4c5c6bac,STU_326384,326384,SISWA_096,Kls 9_SISWA_085,2025-08-24,AGUSTUS,Sunday,FALSE,,NO_EXCEPTION_RECORDED,0,0,0,5,10,16,0.0,0.0,0.0,0,16,0.0,0,-1,0.0,0.04,-0.04
rec_c86bfac644802f2e,STU_326384,326384,SISWA_096,Kls 9_SISWA_085,2025-08-25,AGUSTUS,Monday,TRUE,,NO_EXCEPTION_RECORDED,0,0,0,5,10,16,0.0,0.0,0.0,0,16,0.0,0,-1,0.0,0.04,-0.04
rec_29530e750baec425,STU_326384,326384,SISWA_096,Kls 9_SISWA_085,2025-08-26,AGUSTUS,Tuesday,TRUE,,NO_EXCEPTION_RECORDED,0,0,0,5,10,17,0.0,0.0,0.0,0,17,0.0,0,-1,0.0,0.04,-0.04
rec_edff2ae369f9292e,STU_326384,326384,SISWA_096,Kls 9_SISWA_085,2025-08-27,AGUSTUS,Wednesday,TRUE,,NO_EXCEPTION_RECORDED,0,0,0,5,10,18,0.0,0.0,0.0,0,18,0.0,0,-1,0.0,0.04,-0.04
rec_35f3ab8819c78ef5,STU_326384,326384,SISWA_096,Kls 9_SISWA_085,2025-08-28,AGUSTUS,Thursday,TRUE,,NO_EXCEPTION_RECORDED,0,0,0,5,10,19,0.0,0.0,0.0,0,19,0.0,0,-1,0.0,0.04,-0.04
rec_7dd4853d33f2ee17,STU_326384,326384,SISWA_096,Kls 9_SISWA_085,2025-08-29,AGUSTUS,Friday,TRUE,,NO_EXCEPTION_RECORDED,0,0,0,5,10,20,0.0,0.0,0.0,0,20,0.0,0,-1,0.0,0.0,0.0
rec_997852339c4bd900,STU_326384,326384,SISWA_096,Kls 9_SISWA_085,2025-08-30,AGUSTUS,Saturday,FALSE,,NO_EXCEPTION_RECORDED,0,0,0,5,10,21,0.0,0.0,0.0,0,21,0.0,0,-1,0.0,0.0,0.0
rec_d83346119efd58dd,STU_326384,326384,SISWA_096,Kls 9_SISWA_085,2025-08-31,AGUSTUS,Sunday,FALSE,,NO_EXCEPTION_RECORDED,0,0,0,5,10,21,0.0,0.0,0.0,0,21,0.0,0,-1,0.0,0.0,0.0
rec_b739b259da87654a,STU_326384,326384,SISWA_096,Kls 9_SISWA_085,2025-09-01,SEPTEMBER,Monday,TRUE,,NO_EXCEPTION_RECORDED,0,0,0,5,10,20,0.0,0.0,0.0,0,21,0.0,0,-1,0.0,0.0,0.0
rec_3c412e09f8a2968a,STU_326384,326384,SISWA_096,Kls 9_SISWA_085,2025-09-02,SEPTEMBER,Tuesday,TRUE,,NO_EXCEPTION_RECORDED,0,0,0,5,10,21,0.0,0.0,0.0,0,22,0.0,0,-1,0.0,0.020408,-0.020408
rec_e1975e7252fef202,STU_326384,326384,SISWA_096,Kls 9_SISWA_085,2025-09-03,SEPTEMBER,Wednesday,TRUE,,NO_EXCEPTION_RECORDED,0,0,0,5,10,22,0.0,0.0,0.0,0,23,0.0,0,-1,0.0,0.020833,-0.020833
rec_32c412cdba8ce6fd,STU_326384,326384,SISWA_096,Kls 9_SISWA_085,2025-09-04,SEPTEMBER,Thursday,TRUE,,NO_EXCEPTION_RECORDED,0,0,0,5,10,22,0.0,0.0,0.0,0,24,0.0,0,-1,0.0,0.021277,-0.021277
rec_a69ca41d3c0ca987,STU_326384,326384,SISWA_096,Kls 9_SISWA_085,2025-09-05,SEPTEMBER,Friday,UNKNOWN,,NO_EXCEPTION_RECORDED,0,0,0,5,10,22,0.0,0.0,0.0,0,25,0.0,0,-1,0.0,0.021739,-0.021739
rec_16edbff390b3e52e,STU_326384,326384,SISWA_096,Kls 9_SISWA_085,2025-09-06,SEPTEMBER,Saturday,FALSE,,NO_EXCEPTION_RECORDED,0,0,0,5,10,22,0.0,0.0,0.0,0,26,0.0,0,-1,0.0,0.022222,-0.022222
rec_6f89e6132cfa0f66,STU_326384,326384,SISWA_096,Kls 9_SISWA_085,2025-09-07,SEPTEMBER,Sunday,FALSE,,NO_EXCEPTION_RECORDED,0,0,0,5,10,21,0.0,0.0,0.0,0,26,0.0,0,-1,0.0,0.022222,-0.022222
rec_3e7707994de118bd,STU_326384,326384,SISWA_096,Kls 9_SISWA_085,2025-09-08,SEPTEMBER,Monday,TRUE,,NO_EXCEPTION_RECORDED,0,0,0,5,10,20,0.0,0.0,0.0,0,26,0.0,0,-1,0.0,0.022222,-0.022222
rec_78ada0835b6ba9ca,STU_326384,326384,SISWA_096,Kls 9_SISWA_085,2025-09-09,SEPTEMBER,Tuesday,TRUE,,NO_EXCEPTION_RECORDED,0,0,0,5,10,21,0.0,0.0,0.0,0,27,0.0,0,-1,0.0,0.044444,-0.044444
rec_08e7546d0e2f544b,STU_326384,326384,SISWA_096,Kls 9_SISWA_085,2025-09-10,SEPTEMBER,Wednesday,TRUE,,NO_EXCEPTION_RECORDED,0,0,0,5,10,22,0.0,0.0,0.0,0,28,0.0,0,-1,0.0,0.044444,-0.044444
rec_34f88b4ba2869404,STU_326384,326384,SISWA_096,Kls 9_SISWA_085,2025-09-11,SEPTEMBER,Thursday,TRUE,,NO_EXCEPTION_RECORDED,0,0,0,5,10,22,0.0,0.0,0.0,0,29,0.0,0,-1,0.0,0.044444,-0.044444
rec_0d6621ff7c4e56c4,STU_326384,326384,SISWA_096,Kls 9_SISWA_085,2025-09-12,SEPTEMBER,Friday,TRUE,,NO_EXCEPTION_RECORDED,0,0,0,5,10,22,0.0,0.0,0.0,0,30,0.0,0,-1,0.0,0.044444,-0.044444
rec_8ac2737a4c0ac0a6,STU_326384,326384,SISWA_096,Kls 9_SISWA_085,2025-09-13,SEPTEMBER,Saturday,FALSE,,NO_EXCEPTION_RECORDED,0,0,0,5,10,22,0.0,0.0,0.0,0,31,0.0,0,-1,0.0,0.044444,-0.044444
rec_fd671929093ec987,STU_326384,326384,SISWA_096,Kls 9_SISWA_085,2025-09-14,SEPTEMBER,Sunday,FALSE,,NO_EXCEPTION_RECORDED,0,0,0,5,10,21,0.0,0.0,0.0,0,31,0.0,0,-1,0.0,0.044444,-0.044444
rec_f2f23134475e2bfd,STU_326384,326384,SISWA_096,Kls 9_SISWA_085,2025-09-15,SEPTEMBER,Monday,TRUE,,NO_EXCEPTION_RECORDED,0,0,0,5,10,20,0.0,0.0,0.0,0,31,0.0,0,-1,0.0,0.044444,-0.044444
rec_1cf40ed4a04a8e37,STU_326384,326384,SISWA_096,Kls 9_SISWA_085,2025-09-16,SEPTEMBER,Tuesday,TRUE,,NO_EXCEPTION_RECORDED,0,0,0,5,10,21,0.0,0.0,0.0,0,32,0.0,0,-1,0.0,0.0,0.0
rec_0b6d741615f45837,STU_326384,326384,SISWA_096,Kls 9_SISWA_085,2025-09-17,SEPTEMBER,Wednesday,TRUE,,NO_EXCEPTION_RECORDED,0,0,0,5,10,22,0.0,0.0,0.0,0,33,0.0,0,-1,0.0,0.0,0.0
rec_3c0bed71c8543cb0,STU_326384,326384,SISWA_096,Kls 9_SISWA_085,2025-09-18,SEPTEMBER,Thursday,TRUE,,NO_EXCEPTION_RECORDED,0,0,0,5,10,22,0.0,0.0,0.0,0,34,0.0,0,-1,0.0,0.0,0.0
rec_5e63a6cb94f5690e,STU_326384,326384,SISWA_096,Kls 9_SISWA_085,2025-09-19,SEPTEMBER,Friday,TRUE,,NO_EXCEPTION_RECORDED,0,0,0,5,10,22,0.0,0.0,0.0,0,35,0.0,0,-1,0.0,0.0,0.0
rec_0b2ed561048c8ca1,STU_326384,326384,SISWA_096,Kls 9_SISWA_085,2025-09-20,SEPTEMBER,Saturday,FALSE,,NO_EXCEPTION_RECORDED,0,0,0,5,10,22,0.0,0.0,0.0,0,36,0.0,0,-1,0.0,0.0,0.0
rec_0844ae80cdca05ad,STU_326384,326384,SISWA_096,Kls 9_SISWA_085,2025-09-21,SEPTEMBER,Sunday,FALSE,,NO_EXCEPTION_RECORDED,0,0,0,5,10,21,0.0,0.0,0.0,0,36,0.0,0,-1,0.0,0.0,0.0
rec_3f1776da2164a8f4,STU_326384,326384,SISWA_096,Kls 9_SISWA_085,2025-09-22,SEPTEMBER,Monday,TRUE,,NO_EXCEPTION_RECORDED,0,0,0,5,10,20,0.0,0.0,0.0,0,36,0.0,0,-1,0.0,0.0,0.0
rec_99d515f8a5006b94,STU_326384,326384,SISWA_096,Kls 9_SISWA_085,2025-09-23,SEPTEMBER,Tuesday,TRUE,,NO_EXCEPTION_RECORDED,0,0,0,5,10,21,0.0,0.0,0.0,0,37,0.0,0,-1,0.0,0.0,0.0
rec_e1db2f5afe089bb1,STU_326384,326384,SISWA_096,Kls 9_SISWA_085,2025-09-24,SEPTEMBER,Wednesday,TRUE,,NO_EXCEPTION_RECORDED,0,0,0,5,10,22,0.0,0.0,0.0,0,38,0.0,0,-1,0.0,0.044444,-0.044444
rec_76d353f82f462626,STU_326384,326384,SISWA_096,Kls 9_SISWA_085,2025-09-25,SEPTEMBER,Thursday,TRUE,,NO_EXCEPTION_RECORDED,0,0,0,5,10,22,0.0,0.0,0.0,0,39,0.0,0,-1,0.0,0.066667,-0.066667
rec_c447d1a240b3bf49,STU_326384,326384,SISWA_096,Kls 9_SISWA_085,2025-09-26,SEPTEMBER,Friday,TRUE,,NO_EXCEPTION_RECORDED,0,0,0,5,10,22,0.0,0.0,0.0,0,40,0.0,0,-1,0.0,0.111111,-0.111111
rec_e35dc06edd5fa3a8,STU_326384,326384,SISWA_096,Kls 9_SISWA_085,2025-09-27,SEPTEMBER,Saturday,FALSE,,NO_EXCEPTION_RECORDED,0,0,0,5,10,22,0.0,0.0,0.0,0,41,0.0,0,-1,0.0,0.133333,-0.133333
rec_eb5943f864fef555,STU_326384,326384,SISWA_096,Kls 9_SISWA_085,2025-09-28,SEPTEMBER,Sunday,FALSE,,NO_EXCEPTION_RECORDED,0,0,0,5,10,21,0.0,0.0,0.0,0,41,0.0,0,-1,0.0,0.133333,-0.133333
rec_f509c2f9dfaae15c,STU_326384,326384,SISWA_096,Kls 9_SISWA_085,2025-09-29,SEPTEMBER,Monday,TRUE,,NO_EXCEPTION_RECORDED,0,0,0,5,10,20,0.0,0.0,0.0,0,41,0.0,0,-1,0.0,0.133333,-0.133333
rec_cee9bcf26a6a7396,STU_326384,326384,SISWA_096,Kls 9_SISWA_085,2025-09-30,SEPTEMBER,Tuesday,UNKNOWN,,NO_EXCEPTION_RECORDED,0,0,0,5,10,21,0.0,0.0,0.0,0,42,0.0,0,-1,0.0,0.133333,-0.133333
rec_2435ad9616ffa45b,STU_334027,334027,SISWA_019,Kls 7_SISWA_017,2025-08-01,AGUSTUS,Friday,UNKNOWN,,NO_EXCEPTION_RECORDED,0,0,0,0,0,0,0.0,0.0,0.0,0,0,0.0,0,-1,0.0,0.0,0.0
rec_1d36df21d0d2bae7,STU_334027,334027,SISWA_019,Kls 7_SISWA_017,2025-08-02,AGUSTUS,Saturday,FALSE,,NO_EXCEPTION_RECORDED,0,0,0,1,1,1,0.0,0.0,0.0,0,1,0.0,0,-1,0.0,0.0,0.0
rec_737314a8fe700d4e,STU_334027,334027,SISWA_019,Kls 7_SISWA_017,2025-08-03,AGUSTUS,Sunday,FALSE,,NO_EXCEPTION_RECORDED,0,0,0,1,1,1,0.0,0.0,0.0,0,1,0.0,0,-1,0.0,0.0,0.0
rec_90d56d78fec51056,STU_334027,334027,SISWA_019,Kls 7_SISWA_017,2025-08-04,AGUSTUS,Monday,UNKNOWN,,NO_EXCEPTION_RECORDED,0,0,0,1,1,1,0.0,0.0,0.0,0,1,0.0,0,-1,0.0,0.0,0.0
rec_9b42a8b22babc5de,STU_334027,334027,SISWA_019,Kls 7_SISWA_017,2025-08-05,AGUSTUS,Tuesday,TRUE,,NO_EXCEPTION_RECORDED,0,0,0,2,2,2,0.0,0.0,0.0,0,2,0.0,0,-1,0.0,0.0,0.0
rec_aa8f53a53e00d375,STU_334027,334027,SISWA_019,Kls 7_SISWA_017,2025-08-06,AGUSTUS,Wednesday,UNKNOWN,,NO_EXCEPTION_RECORDED,0,0,0,3,3,3,0.0,0.0,0.0,0,3,0.0,0,-1,0.0,0.0,0.0
rec_bd517754831f99ee,STU_334027,334027,SISWA_019,Kls 7_SISWA_017,2025-08-07,AGUSTUS,Thursday,TRUE,,NO_EXCEPTION_RECORDED,0,0,0,4,4,4,0.0,0.0,0.0,0,4,0.0,0,-1,0.0,0.0,0.0
rec_61fff4f03af43b8a,STU_334027,334027,SISWA_019,Kls 7_SISWA_017,2025-08-08,AGUSTUS,Friday,TRUE,,NO_EXCEPTION_RECORDED,0,0,0,5,5,5,0.0,0.0,0.0,0,5,0.0,0,-1,0.0,0.0,0.0
rec_ebc8958081e58cf5,STU_334027,334027,SISWA_019,Kls 7_SISWA_017,2025-08-09,AGUSTUS,Saturday,FALSE,,NO_EXCEPTION_RECORDED,0,0,0,5,6,6,0.0,0.0,0.0,0,6,0.0,0,-1,0.0,0.0,0.0
rec_0e480c57a4499075,STU_334027,334027,SISWA_019,Kls 7_SISWA_017,2025-08-10,AGUSTUS,Sunday,FALSE,,NO_EXCEPTION_RECORDED,0,0,0,5,6,6,0.0,0.0,0.0,0,6,0.0,0,-1,0.0,0.0,0.0
rec_5104933feb01873f,STU_334027,334027,SISWA_019,Kls 7_SISWA_017,2025-08-11,AGUSTUS,Monday,TRUE,,NO_EXCEPTION_RECORDED,0,0,0,5,6,6,0.0,0.0,0.0,0,6,0.0,0,-1,0.0,0.0,0.0
rec_b08cc3a15efcfb96,STU_334027,334027,SISWA_019,Kls 7_SISWA_017,2025-08-12,AGUSTUS,Tuesday,TRUE,,NO_EXCEPTION_RECORDED,0,0,0,5,7,7,0.0,0.0,0.0,0,7,0.0,0,-1,0.0,0.0,0.0
rec_162140a957c01fea,STU_334027,334027,SISWA_019,Kls 7_SISWA_017,2025-08-13,AGUSTUS,Wednesday,TRUE,,NO_EXCEPTION_RECORDED,0,0,0,5,8,8,0.0,0.0,0.0,0,8,0.0,0,-1,0.0,0.0,0.0
rec_0a476096fccd927c,STU_334027,334027,SISWA_019,Kls 7_SISWA_017,2025-08-14,AGUSTUS,Thursday,UNKNOWN,,NO_EXCEPTION_RECORDED,0,0,0,5,9,9,0.0,0.0,0.0,0,9,0.0,0,-1,0.0,0.0,0.0
rec_fe7c9251a9c49862,STU_334027,334027,SISWA_019,Kls 7_SISWA_017,2025-08-15,AGUSTUS,Friday,UNKNOWN,,NO_EXCEPTION_RECORDED,0,0,0,5,10,10,0.0,0.0,0.0,0,10,0.0,0,-1,0.0,0.0,0.0
rec_53bce141b62f04ee,STU_334027,334027,SISWA_019,Kls 7_SISWA_017,2025-08-16,AGUSTUS,Saturday,FALSE,,NO_EXCEPTION_RECORDED,0,0,0,5,10,11,0.0,0.0,0.0,0,11,0.0,0,-1,0.0,0.0,0.0
rec_34cf7c8ac5c18543,STU_334027,334027,SISWA_019,Kls 7_SISWA_017,2025-08-17,AGUSTUS,Sunday,FALSE,,NO_EXCEPTION_RECORDED,0,0,0,5,10,11,0.0,0.0,0.0,0,11,0.0,0,-1,0.0,0.0,0.0
rec_4107eb7f6c22e270,STU_334027,334027,SISWA_019,Kls 7_SISWA_017,2025-08-18,AGUSTUS,Monday,UNKNOWN,,NO_EXCEPTION_RECORDED,0,0,0,5,10,11,0.0,0.0,0.0,0,11,0.0,0,-1,0.0,0.0,0.0
rec_9f58d9cf2f8e4140,STU_334027,334027,SISWA_019,Kls 7_SISWA_017,2025-08-19,AGUSTUS,Tuesday,TRUE,,NO_EXCEPTION_RECORDED,0,0,0,5,10,12,0.0,0.0,0.0,0,12,0.0,0,-1,0.0,0.0,0.0
rec_eb101ba4aa2d5740,STU_334027,334027,SISWA_019,Kls 7_SISWA_017,2025-08-20,AGUSTUS,Wednesday,TRUE,,NO_EXCEPTION_RECORDED,0,0,0,5,10,13,0.0,0.0,0.0,0,13,0.0,0,-1,0.0,0.0,0.0
rec_517f4d61d7dba171,STU_334027,334027,SISWA_019,Kls 7_SISWA_017,2025-08-21,AGUSTUS,Thursday,TRUE,,NO_EXCEPTION_RECORDED,0,0,0,5,10,14,0.0,0.0,0.0,0,14,0.0,0,-1,0.0,0.0,0.0
rec_2861395c1f0925a8,STU_334027,334027,SISWA_019,Kls 7_SISWA_017,2025-08-22,AGUSTUS,Friday,UNKNOWN,,NO_EXCEPTION_RECORDED,0,0,0,5,10,15,0.0,0.0,0.0,0,15,0.0,0,-1,0.0,0.0,0.0
rec_88164b1e7a77f14f,STU_334027,334027,SISWA_019,Kls 7_SISWA_017,2025-08-23,AGUSTUS,Saturday,FALSE,,NO_EXCEPTION_RECORDED,0,0,0,5,10,16,0.0,0.0,0.0,0,16,0.0,0,-1,0.0,0.0,0.0
rec_87d88ef5fb5187e7,STU_334027,334027,SISWA_019,Kls 7_SISWA_017,2025-08-24,AGUSTUS,Sunday,FALSE,,NO_EXCEPTION_RECORDED,0,0,0,5,10,16,0.0,0.0,0.0,0,16,0.0,0,-1,0.0,0.0,0.0
rec_c38119757b9b054f,STU_334027,334027,SISWA_019,Kls 7_SISWA_017,2025-08-25,AGUSTUS,Monday,TRUE,,NO_EXCEPTION_RECORDED,0,0,0,5,10,16,0.0,0.0,0.0,0,16,0.0,0,-1,0.0,0.0,0.0
rec_50adb2b009269338,STU_334027,334027,SISWA_019,Kls 7_SISWA_017,2025-08-26,AGUSTUS,Tuesday,TRUE,,NO_EXCEPTION_RECORDED,0,0,0,5,10,17,0.0,0.0,0.0,0,17,0.0,0,-1,0.0,0.030769,-0.030769
rec_bdf5d77b597cd838,STU_334027,334027,SISWA_019,Kls 7_SISWA_017,2025-08-27,AGUSTUS,Wednesday,TRUE,,NO_EXCEPTION_RECORDED,0,0,0,5,10,18,0.0,0.0,0.0,0,18,0.0,0,-1,0.0,0.046154,-0.046154
rec_11aa2c465a6f4ea9,STU_334027,334027,SISWA_019,Kls 7_SISWA_017,2025-08-28,AGUSTUS,Thursday,TRUE,,NO_EXCEPTION_RECORDED,0,0,0,5,10,19,0.0,0.0,0.0,0,19,0.0,0,-1,0.0,0.061538,-0.061538
rec_a55f5f8f04e5c42d,STU_334027,334027,SISWA_019,Kls 7_SISWA_017,2025-08-29,AGUSTUS,Friday,TRUE,,NO_EXCEPTION_RECORDED,0,0,0,5,10,20,0.0,0.0,0.0,0,20,0.0,0,-1,0.0,0.061538,-0.061538
rec_0e448a955c275623,STU_334027,334027,SISWA_019,Kls 7_SISWA_017,2025-08-30,AGUSTUS,Saturday,FALSE,,NO_EXCEPTION_RECORDED,0,0,0,5,10,21,0.0,0.0,0.0,0,21,0.0,0,-1,0.0,0.076923,-0.076923
rec_c4e0bbed463c1139,STU_334027,334027,SISWA_019,Kls 7_SISWA_017,2025-08-31,AGUSTUS,Sunday,FALSE,,NO_EXCEPTION_RECORDED,0,0,0,5,10,21,0.0,0.0,0.0,0,21,0.0,0,-1,0.0,0.076923,-0.076923
rec_97325ba774cbd8d3,STU_334027,334027,SISWA_019,Kls 7_SISWA_017,2025-09-01,SEPTEMBER,Monday,TRUE,,NO_EXCEPTION_RECORDED,0,0,0,5,10,20,0.0,0.0,0.0,0,21,0.0,0,-1,0.0,0.076923,-0.076923
rec_b0ded59eccba4023,STU_334027,334027,SISWA_019,Kls 7_SISWA_017,2025-09-02,SEPTEMBER,Tuesday,TRUE,,NO_EXCEPTION_RECORDED,0,0,0,5,10,21,0.0,0.0,0.0,0,22,0.0,0,-1,0.0,0.046154,-0.046154
rec_fb41543c256bc497,STU_334027,334027,SISWA_019,Kls 7_SISWA_017,2025-09-03,SEPTEMBER,Wednesday,TRUE,,NO_EXCEPTION_RECORDED,0,0,0,5,10,22,0.0,0.0,0.0,0,23,0.0,0,-1,0.0,0.030769,-0.030769
rec_5a865914c8146e0a,STU_334027,334027,SISWA_019,Kls 7_SISWA_017,2025-09-04,SEPTEMBER,Thursday,TRUE,,NO_EXCEPTION_RECORDED,0,0,0,5,10,22,0.0,0.0,0.0,0,24,0.0,0,-1,0.0,0.015385,-0.015385
rec_af1e9d6027e2e606,STU_334027,334027,SISWA_019,Kls 7_SISWA_017,2025-09-05,SEPTEMBER,Friday,UNKNOWN,,NO_EXCEPTION_RECORDED,0,0,0,5,10,22,0.0,0.0,0.0,0,25,0.0,0,-1,0.0,0.015385,-0.015385
rec_9b7de03014f46640,STU_334027,334027,SISWA_019,Kls 7_SISWA_017,2025-09-06,SEPTEMBER,Saturday,FALSE,,NO_EXCEPTION_RECORDED,0,0,0,5,10,22,0.0,0.0,0.0,0,26,0.0,0,-1,0.0,0.0,0.0
rec_56e108170916257e,STU_334027,334027,SISWA_019,Kls 7_SISWA_017,2025-09-07,SEPTEMBER,Sunday,FALSE,,NO_EXCEPTION_RECORDED,0,0,0,5,10,21,0.0,0.0,0.0,0,26,0.0,0,-1,0.0,0.0,0.0
rec_285d07a82daef442,STU_334027,334027,SISWA_019,Kls 7_SISWA_017,2025-09-08,SEPTEMBER,Monday,TRUE,,NO_EXCEPTION_RECORDED,0,0,0,5,10,20,0.0,0.0,0.0,0,26,0.0,0,-1,0.0,0.0,0.0
rec_977e61be7a14f7c4,STU_334027,334027,SISWA_019,Kls 7_SISWA_017,2025-09-09,SEPTEMBER,Tuesday,TRUE,,NO_EXCEPTION_RECORDED,0,0,0,5,10,21,0.0,0.0,0.0,0,27,0.0,0,-1,0.0,0.015385,-0.015385
rec_385c9a84f4fda184,STU_334027,334027,SISWA_019,Kls 7_SISWA_017,2025-09-10,SEPTEMBER,Wednesday,TRUE,,NO_EXCEPTION_RECORDED,0,0,0,5,10,22,0.0,0.0,0.0,0,28,0.0,0,-1,0.0,0.046154,-0.046154
rec_7dc8c06be422a474,STU_334027,334027,SISWA_019,Kls 7_SISWA_017,2025-09-11,SEPTEMBER,Thursday,TRUE,,NO_EXCEPTION_RECORDED,0,0,0,5,10,22,0.0,0.0,0.0,0,29,0.0,0,-1,0.0,0.046154,-0.046154
rec_3a1970331826dcfd,STU_334027,334027,SISWA_019,Kls 7_SISWA_017,2025-09-12,SEPTEMBER,Friday,TRUE,,NO_EXCEPTION_RECORDED,0,0,0,5,10,22,0.0,0.0,0.0,0,30,0.0,0,-1,0.0,0.061538,-0.061538
rec_29e10c901eab864f,STU_334027,334027,SISWA_019,Kls 7_SISWA_017,2025-09-13,SEPTEMBER,Saturday,FALSE,,NO_EXCEPTION_RECORDED,0,0,0,5,10,22,0.0,0.0,0.0,0,31,0.0,0,-1,0.0,0.061538,-0.061538
rec_40143abeaf396560,STU_334027,334027,SISWA_019,Kls 7_SISWA_017,2025-09-14,SEPTEMBER,Sunday,FALSE,,NO_EXCEPTION_RECORDED,0,0,0,5,10,21,0.0,0.0,0.0,0,31,0.0,0,-1,0.0,0.061538,-0.061538
rec_6d911934f2dd9cc4,STU_334027,334027,SISWA_019,Kls 7_SISWA_017,2025-09-15,SEPTEMBER,Monday,TRUE,,NO_EXCEPTION_RECORDED,0,0,0,5,10,20,0.0,0.0,0.0,0,31,0.0,0,-1,0.0,0.061538,-0.061538
rec_6b3c26817bd06920,STU_334027,334027,SISWA_019,Kls 7_SISWA_017,2025-09-16,SEPTEMBER,Tuesday,TRUE,,NO_EXCEPTION_RECORDED,0,0,0,5,10,21,0.0,0.0,0.0,0,32,0.0,0,-1,0.0,0.046154,-0.046154
rec_a368c77453d52244,STU_334027,334027,SISWA_019,Kls 7_SISWA_017,2025-09-17,SEPTEMBER,Wednesday,TRUE,,NO_EXCEPTION_RECORDED,0,0,0,5,10,22,0.0,0.0,0.0,0,33,0.0,0,-1,0.0,0.015385,-0.015385
rec_7e0f9a516b7c6396,STU_334027,334027,SISWA_019,Kls 7_SISWA_017,2025-09-18,SEPTEMBER,Thursday,TRUE,,NO_EXCEPTION_RECORDED,0,0,0,5,10,22,0.0,0.0,0.0,0,34,0.0,0,-1,0.0,0.030769,-0.030769
rec_2976cf2b5cab963d,STU_334027,334027,SISWA_019,Kls 7_SISWA_017,2025-09-19,SEPTEMBER,Friday,TRUE,,NO_EXCEPTION_RECORDED,0,0,0,5,10,22,0.0,0.0,0.0,0,35,0.0,0,-1,0.0,0.030769,-0.030769
rec_1dd4d1ef6c5cc6de,STU_334027,334027,SISWA_019,Kls 7_SISWA_017,2025-09-20,SEPTEMBER,Saturday,FALSE,,NO_EXCEPTION_RECORDED,0,0,0,5,10,22,0.0,0.0,0.0,0,36,0.0,0,-1,0.0,0.046154,-0.046154
rec_a09508ae462fb0ac,STU_334027,334027,SISWA_019,Kls 7_SISWA_017,2025-09-21,SEPTEMBER,Sunday,FALSE,,NO_EXCEPTION_RECORDED,0,0,0,5,10,21,0.0,0.0,0.0,0,36,0.0,0,-1,0.0,0.046154,-0.046154
rec_e9d4c91d8e311aa3,STU_334027,334027,SISWA_019,Kls 7_SISWA_017,2025-09-22,SEPTEMBER,Monday,TRUE,,NO_EXCEPTION_RECORDED,0,0,0,5,10,20,0.0,0.0,0.0,0,36,0.0,0,-1,0.0,0.046154,-0.046154
rec_5b87da61daad606a,STU_334027,334027,SISWA_019,Kls 7_SISWA_017,2025-09-23,SEPTEMBER,Tuesday,TRUE,,NO_EXCEPTION_RECORDED,0,0,0,5,10,21,0.0,0.0,0.0,0,37,0.0,0,-1,0.0,0.061538,-0.061538
rec_05717f13a15ede10,STU_334027,334027,SISWA_019,Kls 7_SISWA_017,2025-09-24,SEPTEMBER,Wednesday,TRUE,,NO_EXCEPTION_RECORDED,0,0,0,5,10,22,0.0,0.0,0.0,0,38,0.0,0,-1,0.0,0.076923,-0.076923
rec_535523cce24d5283,STU_334027,334027,SISWA_019,Kls 7_SISWA_017,2025-09-25,SEPTEMBER,Thursday,TRUE,,NO_EXCEPTION_RECORDED,0,0,0,5,10,22,0.0,0.0,0.0,0,39,0.0,0,-1,0.0,0.107692,-0.107692
rec_e326e0397aa2c44f,STU_334027,334027,SISWA_019,Kls 7_SISWA_017,2025-09-26,SEPTEMBER,Friday,TRUE,,NO_EXCEPTION_RECORDED,0,0,0,5,10,22,0.0,0.0,0.0,0,40,0.0,0,-1,0.0,0.153846,-0.153846
rec_d3e3f6b57a931d17,STU_334027,334027,SISWA_019,Kls 7_SISWA_017,2025-09-27,SEPTEMBER,Saturday,FALSE,,NO_EXCEPTION_RECORDED,0,0,0,5,10,22,0.0,0.0,0.0,0,41,0.0,0,-1,0.0,0.169231,-0.169231
rec_3601695e5db0fdec,STU_334027,334027,SISWA_019,Kls 7_SISWA_017,2025-09-28,SEPTEMBER,Sunday,FALSE,,NO_EXCEPTION_RECORDED,0,0,0,5,10,21,0.0,0.0,0.0,0,41,0.0,0,-1,0.0,0.169231,-0.169231
rec_00f1fc410f6e7e88,STU_334027,334027,SISWA_019,Kls 7_SISWA_017,2025-09-29,SEPTEMBER,Monday,TRUE,,NO_EXCEPTION_RECORDED,0,0,0,5,10,20,0.0,0.0,0.0,0,41,0.0,0,-1,0.0,0.169231,-0.169231
rec_4f80d63d6348116f,STU_334027,334027,SISWA_019,Kls 7_SISWA_017,2025-09-30,SEPTEMBER,Tuesday,UNKNOWN,,NO_EXCEPTION_RECORDED,0,0,0,5,10,21,0.0,0.0,0.0,0,42,0.0,0,-1,0.0,0.153846,-0.153846
rec_b610f425be2468ef,STU_345817,345817,SISWA_020,Kls 7_SISWA_017,2025-08-01,AGUSTUS,Friday,UNKNOWN,,NO_EXCEPTION_RECORDED,0,0,0,0,0,0,0.0,0.0,0.0,0,0,0.0,0,-1,0.0,0.0,0.0
rec_aab11f1dbb3bf42f,STU_345817,345817,SISWA_020,Kls 7_SISWA_017,2025-08-02,AGUSTUS,Saturday,FALSE,,NO_EXCEPTION_RECORDED,0,0,0,1,1,1,0.0,0.0,0.0,0,1,0.0,0,-1,0.0,0.0,0.0
rec_667cbf5493173766,STU_345817,345817,SISWA_020,Kls 7_SISWA_017,2025-08-03,AGUSTUS,Sunday,FALSE,,NO_EXCEPTION_RECORDED,0,0,0,1,1,1,0.0,0.0,0.0,0,1,0.0,0,-1,0.0,0.0,0.0
rec_feef09550302d69c,STU_345817,345817,SISWA_020,Kls 7_SISWA_017,2025-08-04,AGUSTUS,Monday,UNKNOWN,,NO_EXCEPTION_RECORDED,0,0,0,1,1,1,0.0,0.0,0.0,0,1,0.0,0,-1,0.0,0.0,0.0
rec_487639dc1d093c07,STU_345817,345817,SISWA_020,Kls 7_SISWA_017,2025-08-05,AGUSTUS,Tuesday,TRUE,,NO_EXCEPTION_RECORDED,0,0,0,2,2,2,0.0,0.0,0.0,0,2,0.0,0,-1,0.0,0.0,0.0
rec_70279018b77189d0,STU_345817,345817,SISWA_020,Kls 7_SISWA_017,2025-08-06,AGUSTUS,Wednesday,UNKNOWN,,NO_EXCEPTION_RECORDED,0,0,0,3,3,3,0.0,0.0,0.0,0,3,0.0,0,-1,0.0,0.0,0.0
rec_f2f9bf375c4e3501,STU_345817,345817,SISWA_020,Kls 7_SISWA_017,2025-08-07,AGUSTUS,Thursday,TRUE,,NO_EXCEPTION_RECORDED,0,0,0,4,4,4,0.0,0.0,0.0,0,4,0.0,0,-1,0.0,0.0,0.0
rec_32410efb12c91aad,STU_345817,345817,SISWA_020,Kls 7_SISWA_017,2025-08-08,AGUSTUS,Friday,TRUE,,NO_EXCEPTION_RECORDED,0,0,0,5,5,5,0.0,0.0,0.0,0,5,0.0,0,-1,0.0,0.0,0.0
rec_67c44f61dad8640e,STU_345817,345817,SISWA_020,Kls 7_SISWA_017,2025-08-09,AGUSTUS,Saturday,FALSE,,NO_EXCEPTION_RECORDED,0,0,0,5,6,6,0.0,0.0,0.0,0,6,0.0,0,-1,0.0,0.0,0.0
rec_7007a1b1b8da7340,STU_345817,345817,SISWA_020,Kls 7_SISWA_017,2025-08-10,AGUSTUS,Sunday,FALSE,,NO_EXCEPTION_RECORDED,0,0,0,5,6,6,0.0,0.0,0.0,0,6,0.0,0,-1,0.0,0.0,0.0
rec_02059038fbf9ab33,STU_345817,345817,SISWA_020,Kls 7_SISWA_017,2025-08-11,AGUSTUS,Monday,TRUE,,NO_EXCEPTION_RECORDED,0,0,0,5,6,6,0.0,0.0,0.0,0,6,0.0,0,-1,0.0,0.0,0.0
rec_53b94456bc6d940e,STU_345817,345817,SISWA_020,Kls 7_SISWA_017,2025-08-12,AGUSTUS,Tuesday,TRUE,,NO_EXCEPTION_RECORDED,0,0,0,5,7,7,0.0,0.0,0.0,0,7,0.0,0,-1,0.0,0.0,0.0
rec_4be3d447e2ea96a3,STU_345817,345817,SISWA_020,Kls 7_SISWA_017,2025-08-13,AGUSTUS,Wednesday,TRUE,,NO_EXCEPTION_RECORDED,0,0,0,5,8,8,0.0,0.0,0.0,0,8,0.0,0,-1,0.0,0.0,0.0
rec_20ea5ec167ac60e6,STU_345817,345817,SISWA_020,Kls 7_SISWA_017,2025-08-14,AGUSTUS,Thursday,UNKNOWN,,NO_EXCEPTION_RECORDED,0,0,0,5,9,9,0.0,0.0,0.0,0,9,0.0,0,-1,0.0,0.0,0.0
rec_9c50d89e2c740281,STU_345817,345817,SISWA_020,Kls 7_SISWA_017,2025-08-15,AGUSTUS,Friday,UNKNOWN,,NO_EXCEPTION_RECORDED,0,0,0,5,10,10,0.0,0.0,0.0,0,10,0.0,0,-1,0.0,0.0,0.0
rec_ad32fb4528c59a94,STU_345817,345817,SISWA_020,Kls 7_SISWA_017,2025-08-16,AGUSTUS,Saturday,FALSE,,NO_EXCEPTION_RECORDED,0,0,0,5,10,11,0.0,0.0,0.0,0,11,0.0,0,-1,0.0,0.0,0.0
rec_2bab93e74a8a5055,STU_345817,345817,SISWA_020,Kls 7_SISWA_017,2025-08-17,AGUSTUS,Sunday,FALSE,,NO_EXCEPTION_RECORDED,0,0,0,5,10,11,0.0,0.0,0.0,0,11,0.0,0,-1,0.0,0.0,0.0
rec_77f9b05888960bc6,STU_345817,345817,SISWA_020,Kls 7_SISWA_017,2025-08-18,AGUSTUS,Monday,UNKNOWN,,NO_EXCEPTION_RECORDED,0,0,0,5,10,11,0.0,0.0,0.0,0,11,0.0,0,-1,0.0,0.0,0.0
rec_c71928e30f1d7885,STU_345817,345817,SISWA_020,Kls 7_SISWA_017,2025-08-19,AGUSTUS,Tuesday,TRUE,,NO_EXCEPTION_RECORDED,0,0,0,5,10,12,0.0,0.0,0.0,0,12,0.0,0,-1,0.0,0.0,0.0
rec_8987c5795b5cdc8d,STU_345817,345817,SISWA_020,Kls 7_SISWA_017,2025-08-20,AGUSTUS,Wednesday,TRUE,,NO_EXCEPTION_RECORDED,0,0,0,5,10,13,0.0,0.0,0.0,0,13,0.0,0,-1,0.0,0.0,0.0
rec_385870795d38d721,STU_345817,345817,SISWA_020,Kls 7_SISWA_017,2025-08-21,AGUSTUS,Thursday,TRUE,,NO_EXCEPTION_RECORDED,0,0,0,5,10,14,0.0,0.0,0.0,0,14,0.0,0,-1,0.0,0.0,0.0
rec_c09c8bce6dc080f7,STU_345817,345817,SISWA_020,Kls 7_SISWA_017,2025-08-22,AGUSTUS,Friday,UNKNOWN,,NO_EXCEPTION_RECORDED,0,0,0,5,10,15,0.0,0.0,0.0,0,15,0.0,0,-1,0.0,0.0,0.0
rec_670d2891584fb421,STU_345817,345817,SISWA_020,Kls 7_SISWA_017,2025-08-23,AGUSTUS,Saturday,FALSE,,NO_EXCEPTION_RECORDED,0,0,0,5,10,16,0.0,0.0,0.0,0,16,0.0,0,-1,0.0,0.0,0.0
rec_1690f23d007bc413,STU_345817,345817,SISWA_020,Kls 7_SISWA_017,2025-08-24,AGUSTUS,Sunday,FALSE,,NO_EXCEPTION_RECORDED,0,0,0,5,10,16,0.0,0.0,0.0,0,16,0.0,0,-1,0.0,0.0,0.0
rec_ecc7226b290420ca,STU_345817,345817,SISWA_020,Kls 7_SISWA_017,2025-08-25,AGUSTUS,Monday,TRUE,,NO_EXCEPTION_RECORDED,0,0,0,5,10,16,0.0,0.0,0.0,0,16,0.0,0,-1,0.0,0.0,0.0
rec_0754d0ee20830b6d,STU_345817,345817,SISWA_020,Kls 7_SISWA_017,2025-08-26,AGUSTUS,Tuesday,TRUE,,NO_EXCEPTION_RECORDED,0,0,0,5,10,17,0.0,0.0,0.0,0,17,0.0,0,-1,0.0,0.030769,-0.030769
rec_b656cb0358079db5,STU_345817,345817,SISWA_020,Kls 7_SISWA_017,2025-08-27,AGUSTUS,Wednesday,TRUE,,NO_EXCEPTION_RECORDED,0,0,0,5,10,18,0.0,0.0,0.0,0,18,0.0,0,-1,0.0,0.046154,-0.046154
rec_90c32dbd8d6a683f,STU_345817,345817,SISWA_020,Kls 7_SISWA_017,2025-08-28,AGUSTUS,Thursday,TRUE,,NO_EXCEPTION_RECORDED,0,0,0,5,10,19,0.0,0.0,0.0,0,19,0.0,0,-1,0.0,0.061538,-0.061538
rec_0a32d340554345cb,STU_345817,345817,SISWA_020,Kls 7_SISWA_017,2025-08-29,AGUSTUS,Friday,TRUE,,NO_EXCEPTION_RECORDED,0,0,0,5,10,20,0.0,0.0,0.0,0,20,0.0,0,-1,0.0,0.061538,-0.061538
rec_9a2dba9d1e5b757f,STU_345817,345817,SISWA_020,Kls 7_SISWA_017,2025-08-30,AGUSTUS,Saturday,FALSE,,NO_EXCEPTION_RECORDED,0,0,0,5,10,21,0.0,0.0,0.0,0,21,0.0,0,-1,0.0,0.076923,-0.076923
rec_2cb312936774f92e,STU_345817,345817,SISWA_020,Kls 7_SISWA_017,2025-08-31,AGUSTUS,Sunday,FALSE,,NO_EXCEPTION_RECORDED,0,0,0,5,10,21,0.0,0.0,0.0,0,21,0.0,0,-1,0.0,0.076923,-0.076923
rec_647864308bb0a526,STU_345817,345817,SISWA_020,Kls 7_SISWA_017,2025-09-01,SEPTEMBER,Monday,TRUE,,NO_EXCEPTION_RECORDED,0,0,0,5,10,20,0.0,0.0,0.0,0,21,0.0,0,-1,0.0,0.076923,-0.076923
rec_09fe4d935eca6fab,STU_345817,345817,SISWA_020,Kls 7_SISWA_017,2025-09-02,SEPTEMBER,Tuesday,TRUE,,NO_EXCEPTION_RECORDED,0,0,0,5,10,21,0.0,0.0,0.0,0,22,0.0,0,-1,0.0,0.046154,-0.046154
rec_03695f2711276e6f,STU_345817,345817,SISWA_020,Kls 7_SISWA_017,2025-09-03,SEPTEMBER,Wednesday,TRUE,,NO_EXCEPTION_RECORDED,0,0,0,5,10,22,0.0,0.0,0.0,0,23,0.0,0,-1,0.0,0.030769,-0.030769
rec_e0da35138840565e,STU_345817,345817,SISWA_020,Kls 7_SISWA_017,2025-09-04,SEPTEMBER,Thursday,TRUE,,NO_EXCEPTION_RECORDED,0,0,0,5,10,22,0.0,0.0,0.0,0,24,0.0,0,-1,0.0,0.015385,-0.015385
rec_a8eb63d8b0351aa8,STU_345817,345817,SISWA_020,Kls 7_SISWA_017,2025-09-05,SEPTEMBER,Friday,UNKNOWN,,NO_EXCEPTION_RECORDED,0,0,0,5,10,22,0.0,0.0,0.0,0,25,0.0,0,-1,0.0,0.015385,-0.015385
rec_2e55a2370fe558fb,STU_345817,345817,SISWA_020,Kls 7_SISWA_017,2025-09-06,SEPTEMBER,Saturday,FALSE,,NO_EXCEPTION_RECORDED,0,0,0,5,10,22,0.0,0.0,0.0,0,26,0.0,0,-1,0.0,0.0,0.0
rec_da10f24b7d6277c0,STU_345817,345817,SISWA_020,Kls 7_SISWA_017,2025-09-07,SEPTEMBER,Sunday,FALSE,,NO_EXCEPTION_RECORDED,0,0,0,5,10,21,0.0,0.0,0.0,0,26,0.0,0,-1,0.0,0.0,0.0
rec_6532d4bb9940e92d,STU_345817,345817,SISWA_020,Kls 7_SISWA_017,2025-09-08,SEPTEMBER,Monday,TRUE,,NO_EXCEPTION_RECORDED,0,0,0,5,10,20,0.0,0.0,0.0,0,26,0.0,0,-1,0.0,0.0,0.0
rec_c3c6cd31bb345054,STU_345817,345817,SISWA_020,Kls 7_SISWA_017,2025-09-09,SEPTEMBER,Tuesday,TRUE,,NO_EXCEPTION_RECORDED,0,0,0,5,10,21,0.0,0.0,0.0,0,27,0.0,0,-1,0.0,0.015385,-0.015385
rec_b6f1e0aceca6e4dd,STU_345817,345817,SISWA_020,Kls 7_SISWA_017,2025-09-10,SEPTEMBER,Wednesday,TRUE,,NO_EXCEPTION_RECORDED,0,0,0,5,10,22,0.0,0.0,0.0,0,28,0.0,0,-1,0.0,0.046154,-0.046154
rec_055fbcc9f03a056e,STU_345817,345817,SISWA_020,Kls 7_SISWA_017,2025-09-11,SEPTEMBER,Thursday,TRUE,,NO_EXCEPTION_RECORDED,0,0,0,5,10,22,0.0,0.0,0.0,0,29,0.0,0,-1,0.0,0.046154,-0.046154
rec_0a66885f30589959,STU_345817,345817,SISWA_020,Kls 7_SISWA_017,2025-09-12,SEPTEMBER,Friday,TRUE,,NO_EXCEPTION_RECORDED,0,0,0,5,10,22,0.0,0.0,0.0,0,30,0.0,0,-1,0.0,0.061538,-0.061538
rec_58a33726ae7eaf9a,STU_345817,345817,SISWA_020,Kls 7_SISWA_017,2025-09-13,SEPTEMBER,Saturday,FALSE,,NO_EXCEPTION_RECORDED,0,0,0,5,10,22,0.0,0.0,0.0,0,31,0.0,0,-1,0.0,0.061538,-0.061538
rec_b6cc497406636749,STU_345817,345817,SISWA_020,Kls 7_SISWA_017,2025-09-14,SEPTEMBER,Sunday,FALSE,,NO_EXCEPTION_RECORDED,0,0,0,5,10,21,0.0,0.0,0.0,0,31,0.0,0,-1,0.0,0.061538,-0.061538
rec_4a744816b24584ca,STU_345817,345817,SISWA_020,Kls 7_SISWA_017,2025-09-15,SEPTEMBER,Monday,TRUE,,NO_EXCEPTION_RECORDED,0,0,0,5,10,20,0.0,0.0,0.0,0,31,0.0,0,-1,0.0,0.061538,-0.061538
rec_374d1afb495648db,STU_345817,345817,SISWA_020,Kls 7_SISWA_017,2025-09-16,SEPTEMBER,Tuesday,TRUE,,NO_EXCEPTION_RECORDED,0,0,0,5,10,21,0.0,0.0,0.0,0,32,0.0,0,-1,0.0,0.046154,-0.046154
rec_93e039e705555a1f,STU_345817,345817,SISWA_020,Kls 7_SISWA_017,2025-09-17,SEPTEMBER,Wednesday,TRUE,,NO_EXCEPTION_RECORDED,0,0,0,5,10,22,0.0,0.0,0.0,0,33,0.0,0,-1,0.0,0.015385,-0.015385
rec_9ba996435f46099d,STU_345817,345817,SISWA_020,Kls 7_SISWA_017,2025-09-18,SEPTEMBER,Thursday,TRUE,,NO_EXCEPTION_RECORDED,0,0,0,5,10,22,0.0,0.0,0.0,0,34,0.0,0,-1,0.0,0.030769,-0.030769
rec_414c8d43387fbf34,STU_345817,345817,SISWA_020,Kls 7_SISWA_017,2025-09-19,SEPTEMBER,Friday,TRUE,,NO_EXCEPTION_RECORDED,0,0,0,5,10,22,0.0,0.0,0.0,0,35,0.0,0,-1,0.0,0.030769,-0.030769
rec_9dbe4482305158de,STU_345817,345817,SISWA_020,Kls 7_SISWA_017,2025-09-20,SEPTEMBER,Saturday,FALSE,,NO_EXCEPTION_RECORDED,0,0,0,5,10,22,0.0,0.0,0.0,0,36,0.0,0,-1,0.0,0.046154,-0.046154
rec_ec08ddd6ddbad355,STU_345817,345817,SISWA_020,Kls 7_SISWA_017,2025-09-21,SEPTEMBER,Sunday,FALSE,,NO_EXCEPTION_RECORDED,0,0,0,5,10,21,0.0,0.0,0.0,0,36,0.0,0,-1,0.0,0.046154,-0.046154
rec_b8c3f010376da52e,STU_345817,345817,SISWA_020,Kls 7_SISWA_017,2025-09-22,SEPTEMBER,Monday,TRUE,,NO_EXCEPTION_RECORDED,0,0,0,5,10,20,0.0,0.0,0.0,0,36,0.0,0,-1,0.0,0.046154,-0.046154
rec_e75f64e0df972136,STU_345817,345817,SISWA_020,Kls 7_SISWA_017,2025-09-23,SEPTEMBER,Tuesday,TRUE,,NO_EXCEPTION_RECORDED,0,0,0,5,10,21,0.0,0.0,0.0,0,37,0.0,0,-1,0.0,0.061538,-0.061538
rec_98e544e93288bac7,STU_345817,345817,SISWA_020,Kls 7_SISWA_017,2025-09-24,SEPTEMBER,Wednesday,TRUE,,NO_EXCEPTION_RECORDED,0,0,0,5,10,22,0.0,0.0,0.0,0,38,0.0,0,-1,0.0,0.076923,-0.076923
rec_0818659099384fc2,STU_345817,345817,SISWA_020,Kls 7_SISWA_017,2025-09-25,SEPTEMBER,Thursday,TRUE,,NO_EXCEPTION_RECORDED,0,0,0,5,10,22,0.0,0.0,0.0,0,39,0.0,0,-1,0.0,0.107692,-0.107692
rec_22316a6a0f2b61cd,STU_345817,345817,SISWA_020,Kls 7_SISWA_017,2025-09-26,SEPTEMBER,Friday,TRUE,,NO_EXCEPTION_RECORDED,0,0,0,5,10,22,0.0,0.0,0.0,0,40,0.0,0,-1,0.0,0.153846,-0.153846
rec_9a2eea4e26480a7e,STU_345817,345817,SISWA_020,Kls 7_SISWA_017,2025-09-27,SEPTEMBER,Saturday,FALSE,,NO_EXCEPTION_RECORDED,0,0,0,5,10,22,0.0,0.0,0.0,0,41,0.0,0,-1,0.0,0.169231,-0.169231
rec_c0aac7e4e824988a,STU_345817,345817,SISWA_020,Kls 7_SISWA_017,2025-09-28,SEPTEMBER,Sunday,FALSE,,NO_EXCEPTION_RECORDED,0,0,0,5,10,21,0.0,0.0,0.0,0,41,0.0,0,-1,0.0,0.169231,-0.169231
rec_7acdb9e257d4153c,STU_345817,345817,SISWA_020,Kls 7_SISWA_017,2025-09-29,SEPTEMBER,Monday,TRUE,,NO_EXCEPTION_RECORDED,0,0,0,5,10,20,0.0,0.0,0.0,0,41,0.0,0,-1,0.0,0.169231,-0.169231
rec_871b81e182b22604,STU_345817,345817,SISWA_020,Kls 7_SISWA_017,2025-09-30,SEPTEMBER,Tuesday,UNKNOWN,,NO_EXCEPTION_RECORDED,0,0,0,5,10,21,0.0,0.0,0.0,0,42,0.0,0,-1,0.0,0.153846,-0.153846
rec_5fc9e228e46b5aff,STU_349749,349749,SISWA_088,Kls 9_SISWA_085,2025-08-01,AGUSTUS,Friday,UNKNOWN,,NO_EXCEPTION_RECORDED,0,0,0,0,0,0,0.0,0.0,0.0,0,0,0.0,0,-1,0.0,0.0,0.0
rec_63560e3605e134c7,STU_349749,349749,SISWA_088,Kls 9_SISWA_085,2025-08-02,AGUSTUS,Saturday,FALSE,,NO_EXCEPTION_RECORDED,0,0,0,1,1,1,0.0,0.0,0.0,0,1,0.0,0,-1,0.0,0.0,0.0
rec_627086ccda9ad395,STU_349749,349749,SISWA_088,Kls 9_SISWA_085,2025-08-03,AGUSTUS,Sunday,FALSE,,NO_EXCEPTION_RECORDED,0,0,0,1,1,1,0.0,0.0,0.0,0,1,0.0,0,-1,0.0,0.0,0.0
rec_3257562a9ad3c0f5,STU_349749,349749,SISWA_088,Kls 9_SISWA_085,2025-08-04,AGUSTUS,Monday,UNKNOWN,,NO_EXCEPTION_RECORDED,0,0,0,1,1,1,0.0,0.0,0.0,0,1,0.0,0,-1,0.0,0.0,0.0
rec_b51c4bb7065ed2e5,STU_349749,349749,SISWA_088,Kls 9_SISWA_085,2025-08-05,AGUSTUS,Tuesday,TRUE,,NO_EXCEPTION_RECORDED,0,0,0,2,2,2,0.0,0.0,0.0,0,2,0.0,0,-1,0.0,0.0,0.0
rec_55f08a9bcf1c219f,STU_349749,349749,SISWA_088,Kls 9_SISWA_085,2025-08-06,AGUSTUS,Wednesday,UNKNOWN,,NO_EXCEPTION_RECORDED,0,0,0,3,3,3,0.0,0.0,0.0,0,3,0.0,0,-1,0.0,0.033333,-0.033333
rec_d631ac46f6e76c71,STU_349749,349749,SISWA_088,Kls 9_SISWA_085,2025-08-07,AGUSTUS,Thursday,TRUE,,NO_EXCEPTION_RECORDED,0,0,0,4,4,4,0.0,0.0,0.0,0,4,0.0,0,-1,0.0,0.025,-0.025
rec_d9e1342e368be709,STU_349749,349749,SISWA_088,Kls 9_SISWA_085,2025-08-08,AGUSTUS,Friday,TRUE,,NO_EXCEPTION_RECORDED,0,0,0,5,5,5,0.0,0.0,0.0,0,5,0.0,0,-1,0.0,0.04,-0.04
rec_140baa9a713edb69,STU_349749,349749,SISWA_088,Kls 9_SISWA_085,2025-08-09,AGUSTUS,Saturday,FALSE,,NO_EXCEPTION_RECORDED,0,0,0,5,6,6,0.0,0.0,0.0,0,6,0.0,0,-1,0.0,0.06,-0.06
rec_cba337ebfd15fc08,STU_349749,349749,SISWA_088,Kls 9_SISWA_085,2025-08-10,AGUSTUS,Sunday,FALSE,,NO_EXCEPTION_RECORDED,0,0,0,5,6,6,0.0,0.0,0.0,0,6,0.0,0,-1,0.0,0.06,-0.06
rec_270f460ed7a8eb17,STU_349749,349749,SISWA_088,Kls 9_SISWA_085,2025-08-11,AGUSTUS,Monday,TRUE,,NO_EXCEPTION_RECORDED,0,0,0,5,6,6,0.0,0.0,0.0,0,6,0.0,0,-1,0.0,0.06,-0.06
rec_b888fad1bb3a35c8,STU_349749,349749,SISWA_088,Kls 9_SISWA_085,2025-08-12,AGUSTUS,Tuesday,TRUE,,NO_EXCEPTION_RECORDED,0,0,0,5,7,7,0.0,0.0,0.0,0,7,0.0,0,-1,0.0,0.06,-0.06
rec_ac6d2fe63e47e86a,STU_349749,349749,SISWA_088,Kls 9_SISWA_085,2025-08-13,AGUSTUS,Wednesday,TRUE,,NO_EXCEPTION_RECORDED,0,0,0,5,8,8,0.0,0.0,0.0,0,8,0.0,0,-1,0.0,0.04,-0.04
rec_8225a575502963c1,STU_349749,349749,SISWA_088,Kls 9_SISWA_085,2025-08-14,AGUSTUS,Thursday,UNKNOWN,,NO_EXCEPTION_RECORDED,0,0,0,5,9,9,0.0,0.0,0.0,0,9,0.0,0,-1,0.0,0.04,-0.04
rec_e3d3d940ee1ac415,STU_349749,349749,SISWA_088,Kls 9_SISWA_085,2025-08-15,AGUSTUS,Friday,UNKNOWN,,NO_EXCEPTION_RECORDED,0,0,0,5,10,10,0.0,0.0,0.0,0,10,0.0,0,-1,0.0,0.02,-0.02
rec_ee18183b6d337956,STU_349749,349749,SISWA_088,Kls 9_SISWA_085,2025-08-16,AGUSTUS,Saturday,FALSE,,NO_EXCEPTION_RECORDED,0,0,0,5,10,11,0.0,0.0,0.0,0,11,0.0,0,-1,0.0,0.0,0.0
rec_ddf86dc425eda971,STU_349749,349749,SISWA_088,Kls 9_SISWA_085,2025-08-17,AGUSTUS,Sunday,FALSE,,NO_EXCEPTION_RECORDED,0,0,0,5,10,11,0.0,0.0,0.0,0,11,0.0,0,-1,0.0,0.0,0.0
rec_3415e4cea0441e6b,STU_349749,349749,SISWA_088,Kls 9_SISWA_085,2025-08-18,AGUSTUS,Monday,UNKNOWN,,NO_EXCEPTION_RECORDED,0,0,0,5,10,11,0.0,0.0,0.0,0,11,0.0,0,-1,0.0,0.0,0.0
rec_0b8c8809ff3990cf,STU_349749,349749,SISWA_088,Kls 9_SISWA_085,2025-08-19,AGUSTUS,Tuesday,TRUE,,NO_EXCEPTION_RECORDED,0,0,0,5,10,12,0.0,0.0,0.0,0,12,0.0,0,-1,0.0,0.0,0.0
rec_420ab4bd81a262af,STU_349749,349749,SISWA_088,Kls 9_SISWA_085,2025-08-20,AGUSTUS,Wednesday,TRUE,,NO_EXCEPTION_RECORDED,0,0,0,5,10,13,0.0,0.0,0.0,0,13,0.0,0,-1,0.0,0.0,0.0
rec_08a09fda8f12c223,STU_349749,349749,SISWA_088,Kls 9_SISWA_085,2025-08-21,AGUSTUS,Thursday,TRUE,,NO_EXCEPTION_RECORDED,0,0,0,5,10,14,0.0,0.0,0.0,0,14,0.0,0,-1,0.0,0.0,0.0
rec_3d053f82d75d6f19,STU_349749,349749,SISWA_088,Kls 9_SISWA_085,2025-08-22,AGUSTUS,Friday,UNKNOWN,,NO_EXCEPTION_RECORDED,0,0,0,5,10,15,0.0,0.0,0.0,0,15,0.0,0,-1,0.0,0.04,-0.04
rec_f13fc05a97d6504f,STU_349749,349749,SISWA_088,Kls 9_SISWA_085,2025-08-23,AGUSTUS,Saturday,FALSE,,NO_EXCEPTION_RECORDED,0,0,0,5,10,16,0.0,0.0,0.0,0,16,0.0,0,-1,0.0,0.04,-0.04
rec_731bd64a264330af,STU_349749,349749,SISWA_088,Kls 9_SISWA_085,2025-08-24,AGUSTUS,Sunday,FALSE,,NO_EXCEPTION_RECORDED,0,0,0,5,10,16,0.0,0.0,0.0,0,16,0.0,0,-1,0.0,0.04,-0.04
rec_5dff34b6e74b27bd,STU_349749,349749,SISWA_088,Kls 9_SISWA_085,2025-08-25,AGUSTUS,Monday,TRUE,,NO_EXCEPTION_RECORDED,0,0,0,5,10,16,0.0,0.0,0.0,0,16,0.0,0,-1,0.0,0.04,-0.04
rec_c57494ef22ab6aee,STU_349749,349749,SISWA_088,Kls 9_SISWA_085,2025-08-26,AGUSTUS,Tuesday,TRUE,,NO_EXCEPTION_RECORDED,0,0,0,5,10,17,0.0,0.0,0.0,0,17,0.0,0,-1,0.0,0.04,-0.04
rec_73f080c481c11356,STU_349749,349749,SISWA_088,Kls 9_SISWA_085,2025-08-27,AGUSTUS,Wednesday,TRUE,,NO_EXCEPTION_RECORDED,0,0,0,5,10,18,0.0,0.0,0.0,0,18,0.0,0,-1,0.0,0.04,-0.04
rec_a7b014f4564eed2d,STU_349749,349749,SISWA_088,Kls 9_SISWA_085,2025-08-28,AGUSTUS,Thursday,TRUE,,NO_EXCEPTION_RECORDED,0,0,0,5,10,19,0.0,0.0,0.0,0,19,0.0,0,-1,0.0,0.04,-0.04
rec_a22a5c15dcec599e,STU_349749,349749,SISWA_088,Kls 9_SISWA_085,2025-08-29,AGUSTUS,Friday,TRUE,,NO_EXCEPTION_RECORDED,0,0,0,5,10,20,0.0,0.0,0.0,0,20,0.0,0,-1,0.0,0.0,0.0
rec_4299daeb82f292cb,STU_349749,349749,SISWA_088,Kls 9_SISWA_085,2025-08-30,AGUSTUS,Saturday,FALSE,,NO_EXCEPTION_RECORDED,0,0,0,5,10,21,0.0,0.0,0.0,0,21,0.0,0,-1,0.0,0.0,0.0
rec_9e64add6f952e965,STU_349749,349749,SISWA_088,Kls 9_SISWA_085,2025-08-31,AGUSTUS,Sunday,FALSE,,NO_EXCEPTION_RECORDED,0,0,0,5,10,21,0.0,0.0,0.0,0,21,0.0,0,-1,0.0,0.0,0.0
rec_211d5a4c158b60c2,STU_349749,349749,SISWA_088,Kls 9_SISWA_085,2025-09-01,SEPTEMBER,Monday,TRUE,,NO_EXCEPTION_RECORDED,0,0,0,5,10,20,0.0,0.0,0.0,0,21,0.0,0,-1,0.0,0.0,0.0
rec_1ee498863e13d2f7,STU_349749,349749,SISWA_088,Kls 9_SISWA_085,2025-09-02,SEPTEMBER,Tuesday,TRUE,,NO_EXCEPTION_RECORDED,0,0,0,5,10,21,0.0,0.0,0.0,0,22,0.0,0,-1,0.0,0.020408,-0.020408
rec_10ff0aa8f3ecd325,STU_349749,349749,SISWA_088,Kls 9_SISWA_085,2025-09-03,SEPTEMBER,Wednesday,TRUE,,NO_EXCEPTION_RECORDED,0,0,0,5,10,22,0.0,0.0,0.0,0,23,0.0,0,-1,0.0,0.020833,-0.020833
rec_bc6cccc1a731eaf3,STU_349749,349749,SISWA_088,Kls 9_SISWA_085,2025-09-04,SEPTEMBER,Thursday,TRUE,,NO_EXCEPTION_RECORDED,0,0,0,5,10,22,0.0,0.0,0.0,0,24,0.0,0,-1,0.0,0.021277,-0.021277
rec_b3e942cccbf8cc65,STU_349749,349749,SISWA_088,Kls 9_SISWA_085,2025-09-05,SEPTEMBER,Friday,UNKNOWN,,NO_EXCEPTION_RECORDED,0,0,0,5,10,22,0.0,0.0,0.0,0,25,0.0,0,-1,0.0,0.021739,-0.021739
rec_346701baf7ad7830,STU_349749,349749,SISWA_088,Kls 9_SISWA_085,2025-09-06,SEPTEMBER,Saturday,FALSE,,NO_EXCEPTION_RECORDED,0,0,0,5,10,22,0.0,0.0,0.0,0,26,0.0,0,-1,0.0,0.022222,-0.022222
rec_23bbd2b2936960f7,STU_349749,349749,SISWA_088,Kls 9_SISWA_085,2025-09-07,SEPTEMBER,Sunday,FALSE,,NO_EXCEPTION_RECORDED,0,0,0,5,10,21,0.0,0.0,0.0,0,26,0.0,0,-1,0.0,0.022222,-0.022222
rec_6ee90a4bc8722da9,STU_349749,349749,SISWA_088,Kls 9_SISWA_085,2025-09-08,SEPTEMBER,Monday,TRUE,,NO_EXCEPTION_RECORDED,0,0,0,5,10,20,0.0,0.0,0.0,0,26,0.0,0,-1,0.0,0.022222,-0.022222
rec_f1d3c9bb66b7ddaa,STU_349749,349749,SISWA_088,Kls 9_SISWA_085,2025-09-09,SEPTEMBER,Tuesday,TRUE,,NO_EXCEPTION_RECORDED,0,0,0,5,10,21,0.0,0.0,0.0,0,27,0.0,0,-1,0.0,0.044444,-0.044444
rec_e5e10cf00ada4f19,STU_349749,349749,SISWA_088,Kls 9_SISWA_085,2025-09-10,SEPTEMBER,Wednesday,TRUE,,NO_EXCEPTION_RECORDED,0,0,0,5,10,22,0.0,0.0,0.0,0,28,0.0,0,-1,0.0,0.044444,-0.044444
rec_30abafe2905f0693,STU_349749,349749,SISWA_088,Kls 9_SISWA_085,2025-09-11,SEPTEMBER,Thursday,TRUE,,NO_EXCEPTION_RECORDED,0,0,0,5,10,22,0.0,0.0,0.0,0,29,0.0,0,-1,0.0,0.044444,-0.044444
rec_7552407d40fc0cf0,STU_349749,349749,SISWA_088,Kls 9_SISWA_085,2025-09-12,SEPTEMBER,Friday,TRUE,,NO_EXCEPTION_RECORDED,0,0,0,5,10,22,0.0,0.0,0.0,0,30,0.0,0,-1,0.0,0.044444,-0.044444
rec_f658392e046d5178,STU_349749,349749,SISWA_088,Kls 9_SISWA_085,2025-09-13,SEPTEMBER,Saturday,FALSE,,NO_EXCEPTION_RECORDED,0,0,0,5,10,22,0.0,0.0,0.0,0,31,0.0,0,-1,0.0,0.044444,-0.044444
rec_c5691ef4468941a1,STU_349749,349749,SISWA_088,Kls 9_SISWA_085,2025-09-14,SEPTEMBER,Sunday,FALSE,,NO_EXCEPTION_RECORDED,0,0,0,5,10,21,0.0,0.0,0.0,0,31,0.0,0,-1,0.0,0.044444,-0.044444
rec_ee67e6157cf9cd48,STU_349749,349749,SISWA_088,Kls 9_SISWA_085,2025-09-15,SEPTEMBER,Monday,TRUE,,NO_EXCEPTION_RECORDED,0,0,0,5,10,20,0.0,0.0,0.0,0,31,0.0,0,-1,0.0,0.044444,-0.044444
rec_8475e5be9b33833e,STU_349749,349749,SISWA_088,Kls 9_SISWA_085,2025-09-16,SEPTEMBER,Tuesday,TRUE,,NO_EXCEPTION_RECORDED,0,0,0,5,10,21,0.0,0.0,0.0,0,32,0.0,0,-1,0.0,0.0,0.0
rec_43795d4040ec3a41,STU_349749,349749,SISWA_088,Kls 9_SISWA_085,2025-09-17,SEPTEMBER,Wednesday,TRUE,,NO_EXCEPTION_RECORDED,0,0,0,5,10,22,0.0,0.0,0.0,0,33,0.0,0,-1,0.0,0.0,0.0
rec_6e5c212b571f4c4f,STU_349749,349749,SISWA_088,Kls 9_SISWA_085,2025-09-18,SEPTEMBER,Thursday,TRUE,,NO_EXCEPTION_RECORDED,0,0,0,5,10,22,0.0,0.0,0.0,0,34,0.0,0,-1,0.0,0.0,0.0
rec_8c5b15aedfe25dbe,STU_349749,349749,SISWA_088,Kls 9_SISWA_085,2025-09-19,SEPTEMBER,Friday,TRUE,,NO_EXCEPTION_RECORDED,0,0,0,5,10,22,0.0,0.0,0.0,0,35,0.0,0,-1,0.0,0.0,0.0
rec_b364cc4a3d17d797,STU_349749,349749,SISWA_088,Kls 9_SISWA_085,2025-09-20,SEPTEMBER,Saturday,FALSE,,NO_EXCEPTION_RECORDED,0,0,0,5,10,22,0.0,0.0,0.0,0,36,0.0,0,-1,0.0,0.0,0.0
rec_ee52d2e42a936f3d,STU_349749,349749,SISWA_088,Kls 9_SISWA_085,2025-09-21,SEPTEMBER,Sunday,FALSE,,NO_EXCEPTION_RECORDED,0,0,0,5,10,21,0.0,0.0,0.0,0,36,0.0,0,-1,0.0,0.0,0.0
rec_c0ad3ee2c5db82a6,STU_349749,349749,SISWA_088,Kls 9_SISWA_085,2025-09-22,SEPTEMBER,Monday,TRUE,,NO_EXCEPTION_RECORDED,0,0,0,5,10,20,0.0,0.0,0.0,0,36,0.0,0,-1,0.0,0.0,0.0
rec_1394e469d225962b,STU_349749,349749,SISWA_088,Kls 9_SISWA_085,2025-09-23,SEPTEMBER,Tuesday,TRUE,s,SOURCE_MARK_S,0,0,0,5,10,21,0.0,0.0,0.0,0,37,0.0,0,-1,0.0,0.0,0.0
rec_f6cb5c3547f18410,STU_349749,349749,SISWA_088,Kls 9_SISWA_085,2025-09-24,SEPTEMBER,Wednesday,TRUE,,NO_EXCEPTION_RECORDED,1,1,1,5,10,22,0.2,0.1,0.045455,1,38,0.026316,1,1,0.173684,0.022222,0.177778
rec_609317e230f3796a,STU_349749,349749,SISWA_088,Kls 9_SISWA_085,2025-09-25,SEPTEMBER,Thursday,TRUE,,NO_EXCEPTION_RECORDED,1,1,1,5,10,22,0.2,0.1,0.045455,1,39,0.025641,0,2,0.174359,0.044444,0.155556
rec_baa3a3939e535903,STU_349749,349749,SISWA_088,Kls 9_SISWA_085,2025-09-26,SEPTEMBER,Friday,TRUE,,NO_EXCEPTION_RECORDED,1,1,1,5,10,22,0.2,0.1,0.045455,1,40,0.025,0,3,0.175,0.088889,0.111111
rec_a2898bbf46e8a437,STU_349749,349749,SISWA_088,Kls 9_SISWA_085,2025-09-27,SEPTEMBER,Saturday,FALSE,,NO_EXCEPTION_RECORDED,1,1,1,5,10,22,0.2,0.1,0.045455,1,41,0.02439,0,4,0.17561,0.111111,0.088889
rec_0b7a3b5329ae6910,STU_349749,349749,SISWA_088,Kls 9_SISWA_085,2025-09-28,SEPTEMBER,Sunday,FALSE,,NO_EXCEPTION_RECORDED,1,1,1,5,10,21,0.2,0.1,0.047619,1,41,0.02439,0,5,0.17561,0.111111,0.088889
rec_7bf21cb6ab3eb08f,STU_349749,349749,SISWA_088,Kls 9_SISWA_085,2025-09-29,SEPTEMBER,Monday,TRUE,,NO_EXCEPTION_RECORDED,1,1,1,5,10,20,0.2,0.1,0.05,1,41,0.02439,0,6,0.17561,0.111111,0.088889
rec_82587129a5ba5ec7,STU_349749,349749,SISWA_088,Kls 9_SISWA_085,2025-09-30,SEPTEMBER,Tuesday,UNKNOWN,,NO_EXCEPTION_RECORDED,1,1,1,5,10,21,0.2,0.1,0.047619,1,42,0.02381,0,7,0.17619,0.111111,0.088889
rec_97492660b179427e,STU_354971,354971,SISWA_068,Kls 8_SISWA_052,2025-08-01,AGUSTUS,Friday,UNKNOWN,,NO_EXCEPTION_RECORDED,0,0,0,0,0,0,0.0,0.0,0.0,0,0,0.0,0,-1,0.0,0.0,0.0
rec_b7700da59a5a703b,STU_354971,354971,SISWA_068,Kls 8_SISWA_052,2025-08-02,AGUSTUS,Saturday,FALSE,,NO_EXCEPTION_RECORDED,0,0,0,1,1,1,0.0,0.0,0.0,0,1,0.0,0,-1,0.0,0.0,0.0
rec_11e7e02edcc01122,STU_354971,354971,SISWA_068,Kls 8_SISWA_052,2025-08-03,AGUSTUS,Sunday,FALSE,,NO_EXCEPTION_RECORDED,0,0,0,1,1,1,0.0,0.0,0.0,0,1,0.0,0,-1,0.0,0.0,0.0
rec_97c3b01245fd05cd,STU_354971,354971,SISWA_068,Kls 8_SISWA_052,2025-08-04,AGUSTUS,Monday,UNKNOWN,,NO_EXCEPTION_RECORDED,0,0,0,1,1,1,0.0,0.0,0.0,0,1,0.0,0,-1,0.0,0.0,0.0
rec_01efc8c0b963dd48,STU_354971,354971,SISWA_068,Kls 8_SISWA_052,2025-08-05,AGUSTUS,Tuesday,TRUE,,NO_EXCEPTION_RECORDED,0,0,0,2,2,2,0.0,0.0,0.0,0,2,0.0,0,-1,0.0,0.0,0.0
rec_7671982050f415b5,STU_354971,354971,SISWA_068,Kls 8_SISWA_052,2025-08-06,AGUSTUS,Wednesday,UNKNOWN,,NO_EXCEPTION_RECORDED,0,0,0,3,3,3,0.0,0.0,0.0,0,3,0.0,0,-1,0.0,0.0,0.0
rec_1f793ec4f1397ef7,STU_354971,354971,SISWA_068,Kls 8_SISWA_052,2025-08-07,AGUSTUS,Thursday,TRUE,,NO_EXCEPTION_RECORDED,0,0,0,4,4,4,0.0,0.0,0.0,0,4,0.0,0,-1,0.0,0.0,0.0
rec_a0b48a582944878d,STU_354971,354971,SISWA_068,Kls 8_SISWA_052,2025-08-08,AGUSTUS,Friday,TRUE,,NO_EXCEPTION_RECORDED,0,0,0,5,5,5,0.0,0.0,0.0,0,5,0.0,0,-1,0.0,0.011111,-0.011111
rec_9340315386c02160,STU_354971,354971,SISWA_068,Kls 8_SISWA_052,2025-08-09,AGUSTUS,Saturday,FALSE,,NO_EXCEPTION_RECORDED,0,0,0,5,6,6,0.0,0.0,0.0,0,6,0.0,0,-1,0.0,0.011111,-0.011111
rec_2c4b84f90bee8664,STU_354971,354971,SISWA_068,Kls 8_SISWA_052,2025-08-10,AGUSTUS,Sunday,FALSE,,NO_EXCEPTION_RECORDED,0,0,0,5,6,6,0.0,0.0,0.0,0,6,0.0,0,-1,0.0,0.011111,-0.011111
rec_a60eeb6c49c8b881,STU_354971,354971,SISWA_068,Kls 8_SISWA_052,2025-08-11,AGUSTUS,Monday,TRUE,,NO_EXCEPTION_RECORDED,0,0,0,5,6,6,0.0,0.0,0.0,0,6,0.0,0,-1,0.0,0.011111,-0.011111
rec_5ae4bbc2ed80022d,STU_354971,354971,SISWA_068,Kls 8_SISWA_052,2025-08-12,AGUSTUS,Tuesday,TRUE,,NO_EXCEPTION_RECORDED,0,0,0,5,7,7,0.0,0.0,0.0,0,7,0.0,0,-1,0.0,0.011111,-0.011111
rec_8f8356c8845db6ee,STU_354971,354971,SISWA_068,Kls 8_SISWA_052,2025-08-13,AGUSTUS,Wednesday,TRUE,,NO_EXCEPTION_RECORDED,0,0,0,5,8,8,0.0,0.0,0.0,0,8,0.0,0,-1,0.0,0.022222,-0.022222
rec_eec3bca33670dafa,STU_354971,354971,SISWA_068,Kls 8_SISWA_052,2025-08-14,AGUSTUS,Thursday,UNKNOWN,,NO_EXCEPTION_RECORDED,0,0,0,5,9,9,0.0,0.0,0.0,0,9,0.0,0,-1,0.0,0.033333,-0.033333
rec_10a3b3b17b2bab2c,STU_354971,354971,SISWA_068,Kls 8_SISWA_052,2025-08-15,AGUSTUS,Friday,UNKNOWN,,NO_EXCEPTION_RECORDED,0,0,0,5,10,10,0.0,0.0,0.0,0,10,0.0,0,-1,0.0,0.022222,-0.022222
rec_698b1ab3d15dbfe2,STU_354971,354971,SISWA_068,Kls 8_SISWA_052,2025-08-16,AGUSTUS,Saturday,FALSE,,NO_EXCEPTION_RECORDED,0,0,0,5,10,11,0.0,0.0,0.0,0,11,0.0,0,-1,0.0,0.022222,-0.022222
rec_fc1b2417adf44875,STU_354971,354971,SISWA_068,Kls 8_SISWA_052,2025-08-17,AGUSTUS,Sunday,FALSE,,NO_EXCEPTION_RECORDED,0,0,0,5,10,11,0.0,0.0,0.0,0,11,0.0,0,-1,0.0,0.022222,-0.022222
rec_d01cd3b7d63f3b7b,STU_354971,354971,SISWA_068,Kls 8_SISWA_052,2025-08-18,AGUSTUS,Monday,UNKNOWN,,NO_EXCEPTION_RECORDED,0,0,0,5,10,11,0.0,0.0,0.0,0,11,0.0,0,-1,0.0,0.022222,-0.022222
rec_f00818bda60b376f,STU_354971,354971,SISWA_068,Kls 8_SISWA_052,2025-08-19,AGUSTUS,Tuesday,TRUE,,NO_EXCEPTION_RECORDED,0,0,0,5,10,12,0.0,0.0,0.0,0,12,0.0,0,-1,0.0,0.022222,-0.022222
rec_5f614a5d86a29821,STU_354971,354971,SISWA_068,Kls 8_SISWA_052,2025-08-20,AGUSTUS,Wednesday,TRUE,,NO_EXCEPTION_RECORDED,0,0,0,5,10,13,0.0,0.0,0.0,0,13,0.0,0,-1,0.0,0.022222,-0.022222
rec_6b8e261c395b1b08,STU_354971,354971,SISWA_068,Kls 8_SISWA_052,2025-08-21,AGUSTUS,Thursday,TRUE,,NO_EXCEPTION_RECORDED,0,0,0,5,10,14,0.0,0.0,0.0,0,14,0.0,0,-1,0.0,0.022222,-0.022222
rec_8f6a8b0146b835cd,STU_354971,354971,SISWA_068,Kls 8_SISWA_052,2025-08-22,AGUSTUS,Friday,UNKNOWN,,NO_EXCEPTION_RECORDED,0,0,0,5,10,15,0.0,0.0,0.0,0,15,0.0,0,-1,0.0,0.022222,-0.022222
rec_a9d7d170bc27d0e5,STU_354971,354971,SISWA_068,Kls 8_SISWA_052,2025-08-23,AGUSTUS,Saturday,FALSE,,NO_EXCEPTION_RECORDED,0,0,0,5,10,16,0.0,0.0,0.0,0,16,0.0,0,-1,0.0,0.022222,-0.022222
rec_80c1061594899772,STU_354971,354971,SISWA_068,Kls 8_SISWA_052,2025-08-24,AGUSTUS,Sunday,FALSE,,NO_EXCEPTION_RECORDED,0,0,0,5,10,16,0.0,0.0,0.0,0,16,0.0,0,-1,0.0,0.022222,-0.022222
rec_acd604ffd218ee10,STU_354971,354971,SISWA_068,Kls 8_SISWA_052,2025-08-25,AGUSTUS,Monday,TRUE,,NO_EXCEPTION_RECORDED,0,0,0,5,10,16,0.0,0.0,0.0,0,16,0.0,0,-1,0.0,0.022222,-0.022222
rec_bc8396d90d47d5af,STU_354971,354971,SISWA_068,Kls 8_SISWA_052,2025-08-26,AGUSTUS,Tuesday,TRUE,,NO_EXCEPTION_RECORDED,0,0,0,5,10,17,0.0,0.0,0.0,0,17,0.0,0,-1,0.0,0.033333,-0.033333
rec_56b0a7c463c08897,STU_354971,354971,SISWA_068,Kls 8_SISWA_052,2025-08-27,AGUSTUS,Wednesday,TRUE,,NO_EXCEPTION_RECORDED,0,0,0,5,10,18,0.0,0.0,0.0,0,18,0.0,0,-1,0.0,0.022222,-0.022222
rec_2f8ff0fc680fbf00,STU_354971,354971,SISWA_068,Kls 8_SISWA_052,2025-08-28,AGUSTUS,Thursday,TRUE,,NO_EXCEPTION_RECORDED,0,0,0,5,10,19,0.0,0.0,0.0,0,19,0.0,0,-1,0.0,0.011111,-0.011111
rec_306fc55de582bff2,STU_354971,354971,SISWA_068,Kls 8_SISWA_052,2025-08-29,AGUSTUS,Friday,TRUE,,NO_EXCEPTION_RECORDED,0,0,0,5,10,20,0.0,0.0,0.0,0,20,0.0,0,-1,0.0,0.011111,-0.011111
rec_9e9dc3f730d66b37,STU_354971,354971,SISWA_068,Kls 8_SISWA_052,2025-08-30,AGUSTUS,Saturday,FALSE,,NO_EXCEPTION_RECORDED,0,0,0,5,10,21,0.0,0.0,0.0,0,21,0.0,0,-1,0.0,0.011111,-0.011111
rec_7a9bed3e3f75f3e1,STU_354971,354971,SISWA_068,Kls 8_SISWA_052,2025-08-31,AGUSTUS,Sunday,FALSE,,NO_EXCEPTION_RECORDED,0,0,0,5,10,21,0.0,0.0,0.0,0,21,0.0,0,-1,0.0,0.011111,-0.011111
rec_7da986920fc37d77,STU_354971,354971,SISWA_068,Kls 8_SISWA_052,2025-09-01,SEPTEMBER,Monday,TRUE,,NO_EXCEPTION_RECORDED,0,0,0,5,10,20,0.0,0.0,0.0,0,21,0.0,0,-1,0.0,0.011111,-0.011111
rec_e02acc5f6d76191e,STU_354971,354971,SISWA_068,Kls 8_SISWA_052,2025-09-02,SEPTEMBER,Tuesday,TRUE,,NO_EXCEPTION_RECORDED,0,0,0,5,10,21,0.0,0.0,0.0,0,22,0.0,0,-1,0.0,0.011111,-0.011111
rec_2a165521706e94f0,STU_354971,354971,SISWA_068,Kls 8_SISWA_052,2025-09-03,SEPTEMBER,Wednesday,TRUE,,NO_EXCEPTION_RECORDED,0,0,0,5,10,22,0.0,0.0,0.0,0,23,0.0,0,-1,0.0,0.022222,-0.022222
rec_a3d75423e95d946f,STU_354971,354971,SISWA_068,Kls 8_SISWA_052,2025-09-04,SEPTEMBER,Thursday,TRUE,,NO_EXCEPTION_RECORDED,0,0,0,5,10,22,0.0,0.0,0.0,0,24,0.0,0,-1,0.0,0.022222,-0.022222
rec_52bc2ed28d538bf4,STU_354971,354971,SISWA_068,Kls 8_SISWA_052,2025-09-05,SEPTEMBER,Friday,UNKNOWN,,NO_EXCEPTION_RECORDED,0,0,0,5,10,22,0.0,0.0,0.0,0,25,0.0,0,-1,0.0,0.022222,-0.022222
rec_cac69a592b4584eb,STU_354971,354971,SISWA_068,Kls 8_SISWA_052,2025-09-06,SEPTEMBER,Saturday,FALSE,,NO_EXCEPTION_RECORDED,0,0,0,5,10,22,0.0,0.0,0.0,0,26,0.0,0,-1,0.0,0.022222,-0.022222
rec_de9b90ef3e7744d9,STU_354971,354971,SISWA_068,Kls 8_SISWA_052,2025-09-07,SEPTEMBER,Sunday,FALSE,,NO_EXCEPTION_RECORDED,0,0,0,5,10,21,0.0,0.0,0.0,0,26,0.0,0,-1,0.0,0.022222,-0.022222
rec_6ab4431a97e4b741,STU_354971,354971,SISWA_068,Kls 8_SISWA_052,2025-09-08,SEPTEMBER,Monday,TRUE,,NO_EXCEPTION_RECORDED,0,0,0,5,10,20,0.0,0.0,0.0,0,26,0.0,0,-1,0.0,0.022222,-0.022222
rec_78450116aa698def,STU_354971,354971,SISWA_068,Kls 8_SISWA_052,2025-09-09,SEPTEMBER,Tuesday,TRUE,,NO_EXCEPTION_RECORDED,0,0,0,5,10,21,0.0,0.0,0.0,0,27,0.0,0,-1,0.0,0.011111,-0.011111
rec_4e3a8688d5bd1d6b,STU_354971,354971,SISWA_068,Kls 8_SISWA_052,2025-09-10,SEPTEMBER,Wednesday,TRUE,,NO_EXCEPTION_RECORDED,0,0,0,5,10,22,0.0,0.0,0.0,0,28,0.0,0,-1,0.0,0.011111,-0.011111
rec_cc65f5c7ef4d6a78,STU_354971,354971,SISWA_068,Kls 8_SISWA_052,2025-09-11,SEPTEMBER,Thursday,TRUE,,NO_EXCEPTION_RECORDED,0,0,0,5,10,22,0.0,0.0,0.0,0,29,0.0,0,-1,0.0,0.011111,-0.011111
rec_0ca913a184c4a8fc,STU_354971,354971,SISWA_068,Kls 8_SISWA_052,2025-09-12,SEPTEMBER,Friday,TRUE,,NO_EXCEPTION_RECORDED,0,0,0,5,10,22,0.0,0.0,0.0,0,30,0.0,0,-1,0.0,0.011111,-0.011111
rec_ad7ff786fd782df3,STU_354971,354971,SISWA_068,Kls 8_SISWA_052,2025-09-13,SEPTEMBER,Saturday,FALSE,,NO_EXCEPTION_RECORDED,0,0,0,5,10,22,0.0,0.0,0.0,0,31,0.0,0,-1,0.0,0.011111,-0.011111
rec_3e686dedd26b4d16,STU_354971,354971,SISWA_068,Kls 8_SISWA_052,2025-09-14,SEPTEMBER,Sunday,FALSE,,NO_EXCEPTION_RECORDED,0,0,0,5,10,21,0.0,0.0,0.0,0,31,0.0,0,-1,0.0,0.011111,-0.011111
rec_fe5954cbe13a94ec,STU_354971,354971,SISWA_068,Kls 8_SISWA_052,2025-09-15,SEPTEMBER,Monday,TRUE,,NO_EXCEPTION_RECORDED,0,0,0,5,10,20,0.0,0.0,0.0,0,31,0.0,0,-1,0.0,0.011111,-0.011111
rec_fc203e9749df5543,STU_354971,354971,SISWA_068,Kls 8_SISWA_052,2025-09-16,SEPTEMBER,Tuesday,TRUE,,NO_EXCEPTION_RECORDED,0,0,0,5,10,21,0.0,0.0,0.0,0,32,0.0,0,-1,0.0,0.022222,-0.022222
rec_65cd93c57adacae1,STU_354971,354971,SISWA_068,Kls 8_SISWA_052,2025-09-17,SEPTEMBER,Wednesday,TRUE,,NO_EXCEPTION_RECORDED,0,0,0,5,10,22,0.0,0.0,0.0,0,33,0.0,0,-1,0.0,0.011111,-0.011111
rec_b39ede777dacf300,STU_354971,354971,SISWA_068,Kls 8_SISWA_052,2025-09-18,SEPTEMBER,Thursday,TRUE,,NO_EXCEPTION_RECORDED,0,0,0,5,10,22,0.0,0.0,0.0,0,34,0.0,0,-1,0.0,0.011111,-0.011111
rec_a842ff1074019395,STU_354971,354971,SISWA_068,Kls 8_SISWA_052,2025-09-19,SEPTEMBER,Friday,TRUE,,NO_EXCEPTION_RECORDED,0,0,0,5,10,22,0.0,0.0,0.0,0,35,0.0,0,-1,0.0,0.011111,-0.011111
rec_5bea21ee1f53702b,STU_354971,354971,SISWA_068,Kls 8_SISWA_052,2025-09-20,SEPTEMBER,Saturday,FALSE,,NO_EXCEPTION_RECORDED,0,0,0,5,10,22,0.0,0.0,0.0,0,36,0.0,0,-1,0.0,0.011111,-0.011111
rec_205652b87114195e,STU_354971,354971,SISWA_068,Kls 8_SISWA_052,2025-09-21,SEPTEMBER,Sunday,FALSE,,NO_EXCEPTION_RECORDED,0,0,0,5,10,21,0.0,0.0,0.0,0,36,0.0,0,-1,0.0,0.011111,-0.011111
rec_5c29c5a69679bfe0,STU_354971,354971,SISWA_068,Kls 8_SISWA_052,2025-09-22,SEPTEMBER,Monday,TRUE,,NO_EXCEPTION_RECORDED,0,0,0,5,10,20,0.0,0.0,0.0,0,36,0.0,0,-1,0.0,0.011111,-0.011111
rec_1661da8be4d3e334,STU_354971,354971,SISWA_068,Kls 8_SISWA_052,2025-09-23,SEPTEMBER,Tuesday,TRUE,,NO_EXCEPTION_RECORDED,0,0,0,5,10,21,0.0,0.0,0.0,0,37,0.0,0,-1,0.0,0.011111,-0.011111
rec_de93d6d428120aee,STU_354971,354971,SISWA_068,Kls 8_SISWA_052,2025-09-24,SEPTEMBER,Wednesday,TRUE,,NO_EXCEPTION_RECORDED,0,0,0,5,10,22,0.0,0.0,0.0,0,38,0.0,0,-1,0.0,0.011111,-0.011111
rec_4c4ff9c8504c9a5c,STU_354971,354971,SISWA_068,Kls 8_SISWA_052,2025-09-25,SEPTEMBER,Thursday,TRUE,,NO_EXCEPTION_RECORDED,0,0,0,5,10,22,0.0,0.0,0.0,0,39,0.0,0,-1,0.0,0.011111,-0.011111
rec_56bf9c51912a0409,STU_354971,354971,SISWA_068,Kls 8_SISWA_052,2025-09-26,SEPTEMBER,Friday,TRUE,,NO_EXCEPTION_RECORDED,0,0,0,5,10,22,0.0,0.0,0.0,0,40,0.0,0,-1,0.0,0.022222,-0.022222
rec_86fa1e4604c9b6b8,STU_354971,354971,SISWA_068,Kls 8_SISWA_052,2025-09-27,SEPTEMBER,Saturday,FALSE,,NO_EXCEPTION_RECORDED,0,0,0,5,10,22,0.0,0.0,0.0,0,41,0.0,0,-1,0.0,0.022222,-0.022222
rec_06d2b8db5f8fafad,STU_354971,354971,SISWA_068,Kls 8_SISWA_052,2025-09-28,SEPTEMBER,Sunday,FALSE,,NO_EXCEPTION_RECORDED,0,0,0,5,10,21,0.0,0.0,0.0,0,41,0.0,0,-1,0.0,0.022222,-0.022222
rec_2efbaa317a46c41e,STU_354971,354971,SISWA_068,Kls 8_SISWA_052,2025-09-29,SEPTEMBER,Monday,TRUE,,NO_EXCEPTION_RECORDED,0,0,0,5,10,20,0.0,0.0,0.0,0,41,0.0,0,-1,0.0,0.022222,-0.022222
rec_58c50514262c82a0,STU_354971,354971,SISWA_068,Kls 8_SISWA_052,2025-09-30,SEPTEMBER,Tuesday,UNKNOWN,,NO_EXCEPTION_RECORDED,0,0,0,5,10,21,0.0,0.0,0.0,0,42,0.0,0,-1,0.0,0.011111,-0.011111
rec_3f16f37bd00e3310,STU_355524,355524,SISWA_066,Kls 8_SISWA_052,2025-08-01,AGUSTUS,Friday,UNKNOWN,,NO_EXCEPTION_RECORDED,0,0,0,0,0,0,0.0,0.0,0.0,0,0,0.0,0,-1,0.0,0.0,0.0
rec_6af6e760c7a04bfe,STU_355524,355524,SISWA_066,Kls 8_SISWA_052,2025-08-02,AGUSTUS,Saturday,FALSE,,NO_EXCEPTION_RECORDED,0,0,0,1,1,1,0.0,0.0,0.0,0,1,0.0,0,-1,0.0,0.0,0.0
rec_c668f78d24c08a33,STU_355524,355524,SISWA_066,Kls 8_SISWA_052,2025-08-03,AGUSTUS,Sunday,FALSE,,NO_EXCEPTION_RECORDED,0,0,0,1,1,1,0.0,0.0,0.0,0,1,0.0,0,-1,0.0,0.0,0.0
rec_80005cf19c514b49,STU_355524,355524,SISWA_066,Kls 8_SISWA_052,2025-08-04,AGUSTUS,Monday,UNKNOWN,,NO_EXCEPTION_RECORDED,0,0,0,1,1,1,0.0,0.0,0.0,0,1,0.0,0,-1,0.0,0.0,0.0
rec_e57ce6b5c572f034,STU_355524,355524,SISWA_066,Kls 8_SISWA_052,2025-08-05,AGUSTUS,Tuesday,TRUE,,NO_EXCEPTION_RECORDED,0,0,0,2,2,2,0.0,0.0,0.0,0,2,0.0,0,-1,0.0,0.0,0.0
rec_41286e516a2977b2,STU_355524,355524,SISWA_066,Kls 8_SISWA_052,2025-08-06,AGUSTUS,Wednesday,UNKNOWN,,NO_EXCEPTION_RECORDED,0,0,0,3,3,3,0.0,0.0,0.0,0,3,0.0,0,-1,0.0,0.0,0.0
rec_ff3f6c34ffb2aa02,STU_355524,355524,SISWA_066,Kls 8_SISWA_052,2025-08-07,AGUSTUS,Thursday,TRUE,,NO_EXCEPTION_RECORDED,0,0,0,4,4,4,0.0,0.0,0.0,0,4,0.0,0,-1,0.0,0.0,0.0
rec_a1ac4c7153ad86fd,STU_355524,355524,SISWA_066,Kls 8_SISWA_052,2025-08-08,AGUSTUS,Friday,TRUE,,NO_EXCEPTION_RECORDED,0,0,0,5,5,5,0.0,0.0,0.0,0,5,0.0,0,-1,0.0,0.011111,-0.011111
rec_07f08583abd59db3,STU_355524,355524,SISWA_066,Kls 8_SISWA_052,2025-08-09,AGUSTUS,Saturday,FALSE,,NO_EXCEPTION_RECORDED,0,0,0,5,6,6,0.0,0.0,0.0,0,6,0.0,0,-1,0.0,0.011111,-0.011111
rec_d4897e29bd93fb15,STU_355524,355524,SISWA_066,Kls 8_SISWA_052,2025-08-10,AGUSTUS,Sunday,FALSE,,NO_EXCEPTION_RECORDED,0,0,0,5,6,6,0.0,0.0,0.0,0,6,0.0,0,-1,0.0,0.011111,-0.011111
rec_353953c08067a106,STU_355524,355524,SISWA_066,Kls 8_SISWA_052,2025-08-11,AGUSTUS,Monday,TRUE,,NO_EXCEPTION_RECORDED,0,0,0,5,6,6,0.0,0.0,0.0,0,6,0.0,0,-1,0.0,0.011111,-0.011111
rec_13889ea13f8d5a4a,STU_355524,355524,SISWA_066,Kls 8_SISWA_052,2025-08-12,AGUSTUS,Tuesday,TRUE,,NO_EXCEPTION_RECORDED,0,0,0,5,7,7,0.0,0.0,0.0,0,7,0.0,0,-1,0.0,0.011111,-0.011111
rec_3a64e2931ed05494,STU_355524,355524,SISWA_066,Kls 8_SISWA_052,2025-08-13,AGUSTUS,Wednesday,TRUE,,NO_EXCEPTION_RECORDED,0,0,0,5,8,8,0.0,0.0,0.0,0,8,0.0,0,-1,0.0,0.022222,-0.022222
rec_e8098298066433ed,STU_355524,355524,SISWA_066,Kls 8_SISWA_052,2025-08-14,AGUSTUS,Thursday,UNKNOWN,,NO_EXCEPTION_RECORDED,0,0,0,5,9,9,0.0,0.0,0.0,0,9,0.0,0,-1,0.0,0.033333,-0.033333
rec_c4ea08c104b93bdc,STU_355524,355524,SISWA_066,Kls 8_SISWA_052,2025-08-15,AGUSTUS,Friday,UNKNOWN,,NO_EXCEPTION_RECORDED,0,0,0,5,10,10,0.0,0.0,0.0,0,10,0.0,0,-1,0.0,0.022222,-0.022222
rec_5362aa2278a41226,STU_355524,355524,SISWA_066,Kls 8_SISWA_052,2025-08-16,AGUSTUS,Saturday,FALSE,,NO_EXCEPTION_RECORDED,0,0,0,5,10,11,0.0,0.0,0.0,0,11,0.0,0,-1,0.0,0.022222,-0.022222
rec_d5e9694ee5f824ea,STU_355524,355524,SISWA_066,Kls 8_SISWA_052,2025-08-17,AGUSTUS,Sunday,FALSE,,NO_EXCEPTION_RECORDED,0,0,0,5,10,11,0.0,0.0,0.0,0,11,0.0,0,-1,0.0,0.022222,-0.022222
rec_3ca1e52c2f76702a,STU_355524,355524,SISWA_066,Kls 8_SISWA_052,2025-08-18,AGUSTUS,Monday,UNKNOWN,,NO_EXCEPTION_RECORDED,0,0,0,5,10,11,0.0,0.0,0.0,0,11,0.0,0,-1,0.0,0.022222,-0.022222
rec_b96469ed34c84d74,STU_355524,355524,SISWA_066,Kls 8_SISWA_052,2025-08-19,AGUSTUS,Tuesday,TRUE,,NO_EXCEPTION_RECORDED,0,0,0,5,10,12,0.0,0.0,0.0,0,12,0.0,0,-1,0.0,0.022222,-0.022222
rec_496a4b637a2d905c,STU_355524,355524,SISWA_066,Kls 8_SISWA_052,2025-08-20,AGUSTUS,Wednesday,TRUE,,NO_EXCEPTION_RECORDED,0,0,0,5,10,13,0.0,0.0,0.0,0,13,0.0,0,-1,0.0,0.022222,-0.022222
rec_e0a0e66a4be9b259,STU_355524,355524,SISWA_066,Kls 8_SISWA_052,2025-08-21,AGUSTUS,Thursday,TRUE,,NO_EXCEPTION_RECORDED,0,0,0,5,10,14,0.0,0.0,0.0,0,14,0.0,0,-1,0.0,0.022222,-0.022222
rec_01c7e2849e2bfe70,STU_355524,355524,SISWA_066,Kls 8_SISWA_052,2025-08-22,AGUSTUS,Friday,UNKNOWN,,NO_EXCEPTION_RECORDED,0,0,0,5,10,15,0.0,0.0,0.0,0,15,0.0,0,-1,0.0,0.022222,-0.022222
rec_967126f025ba992c,STU_355524,355524,SISWA_066,Kls 8_SISWA_052,2025-08-23,AGUSTUS,Saturday,FALSE,,NO_EXCEPTION_RECORDED,0,0,0,5,10,16,0.0,0.0,0.0,0,16,0.0,0,-1,0.0,0.022222,-0.022222
rec_d90e1ee237298fa8,STU_355524,355524,SISWA_066,Kls 8_SISWA_052,2025-08-24,AGUSTUS,Sunday,FALSE,,NO_EXCEPTION_RECORDED,0,0,0,5,10,16,0.0,0.0,0.0,0,16,0.0,0,-1,0.0,0.022222,-0.022222
rec_d774a82a46aee3ba,STU_355524,355524,SISWA_066,Kls 8_SISWA_052,2025-08-25,AGUSTUS,Monday,TRUE,,NO_EXCEPTION_RECORDED,0,0,0,5,10,16,0.0,0.0,0.0,0,16,0.0,0,-1,0.0,0.022222,-0.022222
rec_3c2781e92bfd24a4,STU_355524,355524,SISWA_066,Kls 8_SISWA_052,2025-08-26,AGUSTUS,Tuesday,TRUE,,NO_EXCEPTION_RECORDED,0,0,0,5,10,17,0.0,0.0,0.0,0,17,0.0,0,-1,0.0,0.033333,-0.033333
rec_f4833035b570a852,STU_355524,355524,SISWA_066,Kls 8_SISWA_052,2025-08-27,AGUSTUS,Wednesday,TRUE,,NO_EXCEPTION_RECORDED,0,0,0,5,10,18,0.0,0.0,0.0,0,18,0.0,0,-1,0.0,0.022222,-0.022222
rec_54762bc6b7835fbb,STU_355524,355524,SISWA_066,Kls 8_SISWA_052,2025-08-28,AGUSTUS,Thursday,TRUE,,NO_EXCEPTION_RECORDED,0,0,0,5,10,19,0.0,0.0,0.0,0,19,0.0,0,-1,0.0,0.011111,-0.011111
rec_c28eb3368c43ab30,STU_355524,355524,SISWA_066,Kls 8_SISWA_052,2025-08-29,AGUSTUS,Friday,TRUE,,NO_EXCEPTION_RECORDED,0,0,0,5,10,20,0.0,0.0,0.0,0,20,0.0,0,-1,0.0,0.011111,-0.011111
rec_5dc2c98ecbade70c,STU_355524,355524,SISWA_066,Kls 8_SISWA_052,2025-08-30,AGUSTUS,Saturday,FALSE,,NO_EXCEPTION_RECORDED,0,0,0,5,10,21,0.0,0.0,0.0,0,21,0.0,0,-1,0.0,0.011111,-0.011111
rec_a6569e300c5080eb,STU_355524,355524,SISWA_066,Kls 8_SISWA_052,2025-08-31,AGUSTUS,Sunday,FALSE,,NO_EXCEPTION_RECORDED,0,0,0,5,10,21,0.0,0.0,0.0,0,21,0.0,0,-1,0.0,0.011111,-0.011111
rec_03bc1fe2d528b05c,STU_355524,355524,SISWA_066,Kls 8_SISWA_052,2025-09-01,SEPTEMBER,Monday,TRUE,,NO_EXCEPTION_RECORDED,0,0,0,5,10,20,0.0,0.0,0.0,0,21,0.0,0,-1,0.0,0.011111,-0.011111
rec_2a122bc68fd00130,STU_355524,355524,SISWA_066,Kls 8_SISWA_052,2025-09-02,SEPTEMBER,Tuesday,TRUE,,NO_EXCEPTION_RECORDED,0,0,0,5,10,21,0.0,0.0,0.0,0,22,0.0,0,-1,0.0,0.011111,-0.011111
rec_d8d8158bdd634452,STU_355524,355524,SISWA_066,Kls 8_SISWA_052,2025-09-03,SEPTEMBER,Wednesday,TRUE,,NO_EXCEPTION_RECORDED,0,0,0,5,10,22,0.0,0.0,0.0,0,23,0.0,0,-1,0.0,0.022222,-0.022222
rec_b3ab9556b03061d6,STU_355524,355524,SISWA_066,Kls 8_SISWA_052,2025-09-04,SEPTEMBER,Thursday,TRUE,,NO_EXCEPTION_RECORDED,0,0,0,5,10,22,0.0,0.0,0.0,0,24,0.0,0,-1,0.0,0.022222,-0.022222
rec_a763bfb4ea87b202,STU_355524,355524,SISWA_066,Kls 8_SISWA_052,2025-09-05,SEPTEMBER,Friday,UNKNOWN,,NO_EXCEPTION_RECORDED,0,0,0,5,10,22,0.0,0.0,0.0,0,25,0.0,0,-1,0.0,0.022222,-0.022222
rec_72772a9536675667,STU_355524,355524,SISWA_066,Kls 8_SISWA_052,2025-09-06,SEPTEMBER,Saturday,FALSE,,NO_EXCEPTION_RECORDED,0,0,0,5,10,22,0.0,0.0,0.0,0,26,0.0,0,-1,0.0,0.022222,-0.022222
rec_eccdb66ac4019b89,STU_355524,355524,SISWA_066,Kls 8_SISWA_052,2025-09-07,SEPTEMBER,Sunday,FALSE,,NO_EXCEPTION_RECORDED,0,0,0,5,10,21,0.0,0.0,0.0,0,26,0.0,0,-1,0.0,0.022222,-0.022222
rec_31f0c8bacc932c99,STU_355524,355524,SISWA_066,Kls 8_SISWA_052,2025-09-08,SEPTEMBER,Monday,TRUE,,NO_EXCEPTION_RECORDED,0,0,0,5,10,20,0.0,0.0,0.0,0,26,0.0,0,-1,0.0,0.022222,-0.022222
rec_f95f3bb485329843,STU_355524,355524,SISWA_066,Kls 8_SISWA_052,2025-09-09,SEPTEMBER,Tuesday,TRUE,,NO_EXCEPTION_RECORDED,0,0,0,5,10,21,0.0,0.0,0.0,0,27,0.0,0,-1,0.0,0.011111,-0.011111
rec_bea7bcbe7c10ab60,STU_355524,355524,SISWA_066,Kls 8_SISWA_052,2025-09-10,SEPTEMBER,Wednesday,TRUE,,NO_EXCEPTION_RECORDED,0,0,0,5,10,22,0.0,0.0,0.0,0,28,0.0,0,-1,0.0,0.011111,-0.011111
rec_c16e9b68bcdcb194,STU_355524,355524,SISWA_066,Kls 8_SISWA_052,2025-09-11,SEPTEMBER,Thursday,TRUE,,NO_EXCEPTION_RECORDED,0,0,0,5,10,22,0.0,0.0,0.0,0,29,0.0,0,-1,0.0,0.011111,-0.011111
rec_21b0d67feb786e88,STU_355524,355524,SISWA_066,Kls 8_SISWA_052,2025-09-12,SEPTEMBER,Friday,TRUE,,NO_EXCEPTION_RECORDED,0,0,0,5,10,22,0.0,0.0,0.0,0,30,0.0,0,-1,0.0,0.011111,-0.011111
rec_1724bdae7991e2d0,STU_355524,355524,SISWA_066,Kls 8_SISWA_052,2025-09-13,SEPTEMBER,Saturday,FALSE,,NO_EXCEPTION_RECORDED,0,0,0,5,10,22,0.0,0.0,0.0,0,31,0.0,0,-1,0.0,0.011111,-0.011111
rec_92c86ca84fa8f998,STU_355524,355524,SISWA_066,Kls 8_SISWA_052,2025-09-14,SEPTEMBER,Sunday,FALSE,,NO_EXCEPTION_RECORDED,0,0,0,5,10,21,0.0,0.0,0.0,0,31,0.0,0,-1,0.0,0.011111,-0.011111
rec_502594322ed65560,STU_355524,355524,SISWA_066,Kls 8_SISWA_052,2025-09-15,SEPTEMBER,Monday,TRUE,,NO_EXCEPTION_RECORDED,0,0,0,5,10,20,0.0,0.0,0.0,0,31,0.0,0,-1,0.0,0.011111,-0.011111
rec_3f7c21f8449a2984,STU_355524,355524,SISWA_066,Kls 8_SISWA_052,2025-09-16,SEPTEMBER,Tuesday,TRUE,,NO_EXCEPTION_RECORDED,0,0,0,5,10,21,0.0,0.0,0.0,0,32,0.0,0,-1,0.0,0.022222,-0.022222
rec_41a1c157ffc8ef71,STU_355524,355524,SISWA_066,Kls 8_SISWA_052,2025-09-17,SEPTEMBER,Wednesday,TRUE,,NO_EXCEPTION_RECORDED,0,0,0,5,10,22,0.0,0.0,0.0,0,33,0.0,0,-1,0.0,0.011111,-0.011111
rec_d315230dd5872c00,STU_355524,355524,SISWA_066,Kls 8_SISWA_052,2025-09-18,SEPTEMBER,Thursday,TRUE,,NO_EXCEPTION_RECORDED,0,0,0,5,10,22,0.0,0.0,0.0,0,34,0.0,0,-1,0.0,0.011111,-0.011111
rec_a547e958153fdf2d,STU_355524,355524,SISWA_066,Kls 8_SISWA_052,2025-09-19,SEPTEMBER,Friday,TRUE,,NO_EXCEPTION_RECORDED,0,0,0,5,10,22,0.0,0.0,0.0,0,35,0.0,0,-1,0.0,0.011111,-0.011111
rec_b66ede89310e8486,STU_355524,355524,SISWA_066,Kls 8_SISWA_052,2025-09-20,SEPTEMBER,Saturday,FALSE,,NO_EXCEPTION_RECORDED,0,0,0,5,10,22,0.0,0.0,0.0,0,36,0.0,0,-1,0.0,0.011111,-0.011111
rec_4d27082fdbedd907,STU_355524,355524,SISWA_066,Kls 8_SISWA_052,2025-09-21,SEPTEMBER,Sunday,FALSE,,NO_EXCEPTION_RECORDED,0,0,0,5,10,21,0.0,0.0,0.0,0,36,0.0,0,-1,0.0,0.011111,-0.011111
rec_7d10d508221b4b70,STU_355524,355524,SISWA_066,Kls 8_SISWA_052,2025-09-22,SEPTEMBER,Monday,TRUE,,NO_EXCEPTION_RECORDED,0,0,0,5,10,20,0.0,0.0,0.0,0,36,0.0,0,-1,0.0,0.011111,-0.011111
rec_a947198863c39575,STU_355524,355524,SISWA_066,Kls 8_SISWA_052,2025-09-23,SEPTEMBER,Tuesday,TRUE,,NO_EXCEPTION_RECORDED,0,0,0,5,10,21,0.0,0.0,0.0,0,37,0.0,0,-1,0.0,0.011111,-0.011111
rec_b860e82b3295e1e2,STU_355524,355524,SISWA_066,Kls 8_SISWA_052,2025-09-24,SEPTEMBER,Wednesday,TRUE,,NO_EXCEPTION_RECORDED,0,0,0,5,10,22,0.0,0.0,0.0,0,38,0.0,0,-1,0.0,0.011111,-0.011111
rec_1a56b66375b3bb9a,STU_355524,355524,SISWA_066,Kls 8_SISWA_052,2025-09-25,SEPTEMBER,Thursday,TRUE,,NO_EXCEPTION_RECORDED,0,0,0,5,10,22,0.0,0.0,0.0,0,39,0.0,0,-1,0.0,0.011111,-0.011111
rec_4efc712a88cc6461,STU_355524,355524,SISWA_066,Kls 8_SISWA_052,2025-09-26,SEPTEMBER,Friday,TRUE,,NO_EXCEPTION_RECORDED,0,0,0,5,10,22,0.0,0.0,0.0,0,40,0.0,0,-1,0.0,0.022222,-0.022222
rec_f6094e23b4223e83,STU_355524,355524,SISWA_066,Kls 8_SISWA_052,2025-09-27,SEPTEMBER,Saturday,FALSE,,NO_EXCEPTION_RECORDED,0,0,0,5,10,22,0.0,0.0,0.0,0,41,0.0,0,-1,0.0,0.022222,-0.022222
rec_625747bfc8809e0d,STU_355524,355524,SISWA_066,Kls 8_SISWA_052,2025-09-28,SEPTEMBER,Sunday,FALSE,,NO_EXCEPTION_RECORDED,0,0,0,5,10,21,0.0,0.0,0.0,0,41,0.0,0,-1,0.0,0.022222,-0.022222
rec_be98274178d78c66,STU_355524,355524,SISWA_066,Kls 8_SISWA_052,2025-09-29,SEPTEMBER,Monday,TRUE,,NO_EXCEPTION_RECORDED,0,0,0,5,10,20,0.0,0.0,0.0,0,41,0.0,0,-1,0.0,0.022222,-0.022222
rec_14f4c15732531887,STU_355524,355524,SISWA_066,Kls 8_SISWA_052,2025-09-30,SEPTEMBER,Tuesday,UNKNOWN,,NO_EXCEPTION_RECORDED,0,0,0,5,10,21,0.0,0.0,0.0,0,42,0.0,0,-1,0.0,0.011111,-0.011111
rec_8c1777034bcb63e3,STU_356201,356201,SISWA_027,Kls 7_SISWA_017,2025-08-01,AGUSTUS,Friday,UNKNOWN,,NO_EXCEPTION_RECORDED,0,0,0,0,0,0,0.0,0.0,0.0,0,0,0.0,0,-1,0.0,0.0,0.0
rec_b89bab86205419b9,STU_356201,356201,SISWA_027,Kls 7_SISWA_017,2025-08-02,AGUSTUS,Saturday,FALSE,,NO_EXCEPTION_RECORDED,0,0,0,1,1,1,0.0,0.0,0.0,0,1,0.0,0,-1,0.0,0.0,0.0
rec_2dfb0f84fb53f195,STU_356201,356201,SISWA_027,Kls 7_SISWA_017,2025-08-03,AGUSTUS,Sunday,FALSE,,NO_EXCEPTION_RECORDED,0,0,0,1,1,1,0.0,0.0,0.0,0,1,0.0,0,-1,0.0,0.0,0.0
rec_ff5e65356c074a4c,STU_356201,356201,SISWA_027,Kls 7_SISWA_017,2025-08-04,AGUSTUS,Monday,UNKNOWN,,NO_EXCEPTION_RECORDED,0,0,0,1,1,1,0.0,0.0,0.0,0,1,0.0,0,-1,0.0,0.0,0.0
rec_5bfd16a8298402c3,STU_356201,356201,SISWA_027,Kls 7_SISWA_017,2025-08-05,AGUSTUS,Tuesday,TRUE,,NO_EXCEPTION_RECORDED,0,0,0,2,2,2,0.0,0.0,0.0,0,2,0.0,0,-1,0.0,0.0,0.0
rec_aeb88cc50b434865,STU_356201,356201,SISWA_027,Kls 7_SISWA_017,2025-08-06,AGUSTUS,Wednesday,UNKNOWN,,NO_EXCEPTION_RECORDED,0,0,0,3,3,3,0.0,0.0,0.0,0,3,0.0,0,-1,0.0,0.0,0.0
rec_c4453479d2fcce17,STU_356201,356201,SISWA_027,Kls 7_SISWA_017,2025-08-07,AGUSTUS,Thursday,TRUE,,NO_EXCEPTION_RECORDED,0,0,0,4,4,4,0.0,0.0,0.0,0,4,0.0,0,-1,0.0,0.0,0.0
rec_66e0c35661db37e9,STU_356201,356201,SISWA_027,Kls 7_SISWA_017,2025-08-08,AGUSTUS,Friday,TRUE,,NO_EXCEPTION_RECORDED,0,0,0,5,5,5,0.0,0.0,0.0,0,5,0.0,0,-1,0.0,0.0,0.0
rec_b42fc1299b8c1d18,STU_356201,356201,SISWA_027,Kls 7_SISWA_017,2025-08-09,AGUSTUS,Saturday,FALSE,,NO_EXCEPTION_RECORDED,0,0,0,5,6,6,0.0,0.0,0.0,0,6,0.0,0,-1,0.0,0.0,0.0
rec_721651c3507d6098,STU_356201,356201,SISWA_027,Kls 7_SISWA_017,2025-08-10,AGUSTUS,Sunday,FALSE,,NO_EXCEPTION_RECORDED,0,0,0,5,6,6,0.0,0.0,0.0,0,6,0.0,0,-1,0.0,0.0,0.0
rec_b03d9e39bddb70c0,STU_356201,356201,SISWA_027,Kls 7_SISWA_017,2025-08-11,AGUSTUS,Monday,TRUE,,NO_EXCEPTION_RECORDED,0,0,0,5,6,6,0.0,0.0,0.0,0,6,0.0,0,-1,0.0,0.0,0.0
rec_1c6cdb9a60432dd3,STU_356201,356201,SISWA_027,Kls 7_SISWA_017,2025-08-12,AGUSTUS,Tuesday,TRUE,,NO_EXCEPTION_RECORDED,0,0,0,5,7,7,0.0,0.0,0.0,0,7,0.0,0,-1,0.0,0.0,0.0
rec_28f1b957bb2adc6e,STU_356201,356201,SISWA_027,Kls 7_SISWA_017,2025-08-13,AGUSTUS,Wednesday,TRUE,,NO_EXCEPTION_RECORDED,0,0,0,5,8,8,0.0,0.0,0.0,0,8,0.0,0,-1,0.0,0.0,0.0
rec_e2d50a8f48cefb19,STU_356201,356201,SISWA_027,Kls 7_SISWA_017,2025-08-14,AGUSTUS,Thursday,UNKNOWN,,NO_EXCEPTION_RECORDED,0,0,0,5,9,9,0.0,0.0,0.0,0,9,0.0,0,-1,0.0,0.0,0.0
rec_d2449247aa17f5b9,STU_356201,356201,SISWA_027,Kls 7_SISWA_017,2025-08-15,AGUSTUS,Friday,UNKNOWN,,NO_EXCEPTION_RECORDED,0,0,0,5,10,10,0.0,0.0,0.0,0,10,0.0,0,-1,0.0,0.0,0.0
rec_52255303a5ab5c1b,STU_356201,356201,SISWA_027,Kls 7_SISWA_017,2025-08-16,AGUSTUS,Saturday,FALSE,,NO_EXCEPTION_RECORDED,0,0,0,5,10,11,0.0,0.0,0.0,0,11,0.0,0,-1,0.0,0.0,0.0
rec_153bda2b902cff74,STU_356201,356201,SISWA_027,Kls 7_SISWA_017,2025-08-17,AGUSTUS,Sunday,FALSE,,NO_EXCEPTION_RECORDED,0,0,0,5,10,11,0.0,0.0,0.0,0,11,0.0,0,-1,0.0,0.0,0.0
rec_cb346171171ae1e3,STU_356201,356201,SISWA_027,Kls 7_SISWA_017,2025-08-18,AGUSTUS,Monday,UNKNOWN,,NO_EXCEPTION_RECORDED,0,0,0,5,10,11,0.0,0.0,0.0,0,11,0.0,0,-1,0.0,0.0,0.0
rec_b7f2c09554e2b0b0,STU_356201,356201,SISWA_027,Kls 7_SISWA_017,2025-08-19,AGUSTUS,Tuesday,TRUE,,NO_EXCEPTION_RECORDED,0,0,0,5,10,12,0.0,0.0,0.0,0,12,0.0,0,-1,0.0,0.0,0.0
rec_2f8214ac73ce8e57,STU_356201,356201,SISWA_027,Kls 7_SISWA_017,2025-08-20,AGUSTUS,Wednesday,TRUE,,NO_EXCEPTION_RECORDED,0,0,0,5,10,13,0.0,0.0,0.0,0,13,0.0,0,-1,0.0,0.0,0.0
rec_593fc32d1c1c6923,STU_356201,356201,SISWA_027,Kls 7_SISWA_017,2025-08-21,AGUSTUS,Thursday,TRUE,,NO_EXCEPTION_RECORDED,0,0,0,5,10,14,0.0,0.0,0.0,0,14,0.0,0,-1,0.0,0.0,0.0
rec_ff909d186790c1c6,STU_356201,356201,SISWA_027,Kls 7_SISWA_017,2025-08-22,AGUSTUS,Friday,UNKNOWN,,NO_EXCEPTION_RECORDED,0,0,0,5,10,15,0.0,0.0,0.0,0,15,0.0,0,-1,0.0,0.0,0.0
rec_89353a6ba89b9cdb,STU_356201,356201,SISWA_027,Kls 7_SISWA_017,2025-08-23,AGUSTUS,Saturday,FALSE,,NO_EXCEPTION_RECORDED,0,0,0,5,10,16,0.0,0.0,0.0,0,16,0.0,0,-1,0.0,0.0,0.0
rec_4d76f53693f137d4,STU_356201,356201,SISWA_027,Kls 7_SISWA_017,2025-08-24,AGUSTUS,Sunday,FALSE,,NO_EXCEPTION_RECORDED,0,0,0,5,10,16,0.0,0.0,0.0,0,16,0.0,0,-1,0.0,0.0,0.0
rec_af3a3d18c066ca43,STU_356201,356201,SISWA_027,Kls 7_SISWA_017,2025-08-25,AGUSTUS,Monday,TRUE,,NO_EXCEPTION_RECORDED,0,0,0,5,10,16,0.0,0.0,0.0,0,16,0.0,0,-1,0.0,0.0,0.0
rec_bd2e57368639c5cc,STU_356201,356201,SISWA_027,Kls 7_SISWA_017,2025-08-26,AGUSTUS,Tuesday,TRUE,,NO_EXCEPTION_RECORDED,0,0,0,5,10,17,0.0,0.0,0.0,0,17,0.0,0,-1,0.0,0.030769,-0.030769
rec_6694938f21ce720e,STU_356201,356201,SISWA_027,Kls 7_SISWA_017,2025-08-27,AGUSTUS,Wednesday,TRUE,,NO_EXCEPTION_RECORDED,0,0,0,5,10,18,0.0,0.0,0.0,0,18,0.0,0,-1,0.0,0.046154,-0.046154
rec_5b3a60980fd7e3df,STU_356201,356201,SISWA_027,Kls 7_SISWA_017,2025-08-28,AGUSTUS,Thursday,TRUE,,NO_EXCEPTION_RECORDED,0,0,0,5,10,19,0.0,0.0,0.0,0,19,0.0,0,-1,0.0,0.061538,-0.061538
rec_d552ffa33d0585d8,STU_356201,356201,SISWA_027,Kls 7_SISWA_017,2025-08-29,AGUSTUS,Friday,TRUE,,NO_EXCEPTION_RECORDED,0,0,0,5,10,20,0.0,0.0,0.0,0,20,0.0,0,-1,0.0,0.061538,-0.061538
rec_c186eed380569a79,STU_356201,356201,SISWA_027,Kls 7_SISWA_017,2025-08-30,AGUSTUS,Saturday,FALSE,,NO_EXCEPTION_RECORDED,0,0,0,5,10,21,0.0,0.0,0.0,0,21,0.0,0,-1,0.0,0.076923,-0.076923
rec_33086bd3100aedf7,STU_356201,356201,SISWA_027,Kls 7_SISWA_017,2025-08-31,AGUSTUS,Sunday,FALSE,,NO_EXCEPTION_RECORDED,0,0,0,5,10,21,0.0,0.0,0.0,0,21,0.0,0,-1,0.0,0.076923,-0.076923
rec_97495363244637bf,STU_356201,356201,SISWA_027,Kls 7_SISWA_017,2025-09-01,SEPTEMBER,Monday,TRUE,,NO_EXCEPTION_RECORDED,0,0,0,5,10,20,0.0,0.0,0.0,0,21,0.0,0,-1,0.0,0.076923,-0.076923
rec_fd52ec6ab89a7e5f,STU_356201,356201,SISWA_027,Kls 7_SISWA_017,2025-09-02,SEPTEMBER,Tuesday,TRUE,,NO_EXCEPTION_RECORDED,0,0,0,5,10,21,0.0,0.0,0.0,0,22,0.0,0,-1,0.0,0.046154,-0.046154
rec_4b88646b446b2a34,STU_356201,356201,SISWA_027,Kls 7_SISWA_017,2025-09-03,SEPTEMBER,Wednesday,TRUE,,NO_EXCEPTION_RECORDED,0,0,0,5,10,22,0.0,0.0,0.0,0,23,0.0,0,-1,0.0,0.030769,-0.030769
rec_fac755dd50aade41,STU_356201,356201,SISWA_027,Kls 7_SISWA_017,2025-09-04,SEPTEMBER,Thursday,TRUE,,NO_EXCEPTION_RECORDED,0,0,0,5,10,22,0.0,0.0,0.0,0,24,0.0,0,-1,0.0,0.015385,-0.015385
rec_f47c842df9d4eefb,STU_356201,356201,SISWA_027,Kls 7_SISWA_017,2025-09-05,SEPTEMBER,Friday,UNKNOWN,,NO_EXCEPTION_RECORDED,0,0,0,5,10,22,0.0,0.0,0.0,0,25,0.0,0,-1,0.0,0.015385,-0.015385
rec_da2a2b1f1562d973,STU_356201,356201,SISWA_027,Kls 7_SISWA_017,2025-09-06,SEPTEMBER,Saturday,FALSE,,NO_EXCEPTION_RECORDED,0,0,0,5,10,22,0.0,0.0,0.0,0,26,0.0,0,-1,0.0,0.0,0.0
rec_ff185a12e1e218ea,STU_356201,356201,SISWA_027,Kls 7_SISWA_017,2025-09-07,SEPTEMBER,Sunday,FALSE,,NO_EXCEPTION_RECORDED,0,0,0,5,10,21,0.0,0.0,0.0,0,26,0.0,0,-1,0.0,0.0,0.0
rec_458cabab2648040b,STU_356201,356201,SISWA_027,Kls 7_SISWA_017,2025-09-08,SEPTEMBER,Monday,TRUE,,NO_EXCEPTION_RECORDED,0,0,0,5,10,20,0.0,0.0,0.0,0,26,0.0,0,-1,0.0,0.0,0.0
rec_73493396410ab447,STU_356201,356201,SISWA_027,Kls 7_SISWA_017,2025-09-09,SEPTEMBER,Tuesday,TRUE,s,SOURCE_MARK_S,0,0,0,5,10,21,0.0,0.0,0.0,0,27,0.0,0,-1,0.0,0.015385,-0.015385
rec_0a2cbc589f00fda7,STU_356201,356201,SISWA_027,Kls 7_SISWA_017,2025-09-10,SEPTEMBER,Wednesday,TRUE,,NO_EXCEPTION_RECORDED,1,1,1,5,10,22,0.2,0.1,0.045455,1,28,0.035714,1,1,0.164286,0.030769,0.169231
rec_c75c6d9cb1658bc6,STU_356201,356201,SISWA_027,Kls 7_SISWA_017,2025-09-11,SEPTEMBER,Thursday,TRUE,,NO_EXCEPTION_RECORDED,1,1,1,5,10,22,0.2,0.1,0.045455,1,29,0.034483,0,2,0.165517,0.030769,0.169231
rec_55ae6e8ce23f596e,STU_356201,356201,SISWA_027,Kls 7_SISWA_017,2025-09-12,SEPTEMBER,Friday,TRUE,,NO_EXCEPTION_RECORDED,1,1,1,5,10,22,0.2,0.1,0.045455,1,30,0.033333,0,3,0.166667,0.046154,0.153846
rec_916dad5f9687e797,STU_356201,356201,SISWA_027,Kls 7_SISWA_017,2025-09-13,SEPTEMBER,Saturday,FALSE,,NO_EXCEPTION_RECORDED,1,1,1,5,10,22,0.2,0.1,0.045455,1,31,0.032258,0,4,0.167742,0.046154,0.153846
rec_cee8dbaeed484087,STU_356201,356201,SISWA_027,Kls 7_SISWA_017,2025-09-14,SEPTEMBER,Sunday,FALSE,,NO_EXCEPTION_RECORDED,1,1,1,5,10,21,0.2,0.1,0.047619,1,31,0.032258,0,5,0.167742,0.046154,0.153846
rec_f06e4b8510f2576e,STU_356201,356201,SISWA_027,Kls 7_SISWA_017,2025-09-15,SEPTEMBER,Monday,TRUE,,NO_EXCEPTION_RECORDED,1,1,1,5,10,20,0.2,0.1,0.05,1,31,0.032258,0,6,0.167742,0.046154,0.153846
rec_134a0a986746606d,STU_356201,356201,SISWA_027,Kls 7_SISWA_017,2025-09-16,SEPTEMBER,Tuesday,TRUE,,NO_EXCEPTION_RECORDED,1,1,1,5,10,21,0.2,0.1,0.047619,1,32,0.03125,0,7,0.16875,0.030769,0.169231
rec_2bcfeab1b798fee2,STU_356201,356201,SISWA_027,Kls 7_SISWA_017,2025-09-17,SEPTEMBER,Wednesday,TRUE,,NO_EXCEPTION_RECORDED,0,1,1,5,10,22,0.0,0.1,0.045455,1,33,0.030303,0,8,-0.030303,0.015385,-0.015385
rec_a34222a6f17e206b,STU_356201,356201,SISWA_027,Kls 7_SISWA_017,2025-09-18,SEPTEMBER,Thursday,TRUE,,NO_EXCEPTION_RECORDED,0,1,1,5,10,22,0.0,0.1,0.045455,1,34,0.029412,0,9,-0.029412,0.030769,-0.030769
rec_1b708ea2e10e8cb0,STU_356201,356201,SISWA_027,Kls 7_SISWA_017,2025-09-19,SEPTEMBER,Friday,TRUE,,NO_EXCEPTION_RECORDED,0,1,1,5,10,22,0.0,0.1,0.045455,1,35,0.028571,0,10,-0.028571,0.030769,-0.030769
rec_f6ab47b06a5980c2,STU_356201,356201,SISWA_027,Kls 7_SISWA_017,2025-09-20,SEPTEMBER,Saturday,FALSE,,NO_EXCEPTION_RECORDED,0,1,1,5,10,22,0.0,0.1,0.045455,1,36,0.027778,0,11,-0.027778,0.046154,-0.046154
rec_09d7ea48f62fedc0,STU_356201,356201,SISWA_027,Kls 7_SISWA_017,2025-09-21,SEPTEMBER,Sunday,FALSE,,NO_EXCEPTION_RECORDED,0,1,1,5,10,21,0.0,0.1,0.047619,1,36,0.027778,0,12,-0.027778,0.046154,-0.046154
rec_6f058e0f644e9a14,STU_356201,356201,SISWA_027,Kls 7_SISWA_017,2025-09-22,SEPTEMBER,Monday,TRUE,,NO_EXCEPTION_RECORDED,0,1,1,5,10,20,0.0,0.1,0.05,1,36,0.027778,0,13,-0.027778,0.046154,-0.046154
rec_26bae9ee0f0693a4,STU_356201,356201,SISWA_027,Kls 7_SISWA_017,2025-09-23,SEPTEMBER,Tuesday,TRUE,,NO_EXCEPTION_RECORDED,0,1,1,5,10,21,0.0,0.1,0.047619,1,37,0.027027,0,14,-0.027027,0.061538,-0.061538
rec_dc9b58d4f20acb82,STU_356201,356201,SISWA_027,Kls 7_SISWA_017,2025-09-24,SEPTEMBER,Wednesday,TRUE,,NO_EXCEPTION_RECORDED,0,0,1,5,10,22,0.0,0.0,0.045455,1,38,0.026316,0,15,-0.026316,0.076923,-0.076923
rec_9bc46d63e4ba9411,STU_356201,356201,SISWA_027,Kls 7_SISWA_017,2025-09-25,SEPTEMBER,Thursday,TRUE,s,SOURCE_MARK_S,0,0,1,5,10,22,0.0,0.0,0.045455,1,39,0.025641,0,16,-0.025641,0.107692,-0.107692
rec_7c22efc937672c34,STU_356201,356201,SISWA_027,Kls 7_SISWA_017,2025-09-26,SEPTEMBER,Friday,TRUE,s,SOURCE_MARK_S,1,1,2,5,10,22,0.2,0.1,0.090909,2,40,0.05,1,1,0.15,0.138462,0.061538
rec_0a49af43befb36f8,STU_356201,356201,SISWA_027,Kls 7_SISWA_017,2025-09-27,SEPTEMBER,Saturday,FALSE,,NO_EXCEPTION_RECORDED,2,2,3,5,10,22,0.4,0.2,0.136364,3,41,0.073171,2,1,0.326829,0.138462,0.261538
rec_3a132a8959c2de0e,STU_356201,356201,SISWA_027,Kls 7_SISWA_017,2025-09-28,SEPTEMBER,Sunday,FALSE,,NO_EXCEPTION_RECORDED,2,2,3,5,10,21,0.4,0.2,0.142857,3,41,0.073171,2,2,0.326829,0.138462,0.261538
rec_d608c34d1bc39f54,STU_356201,356201,SISWA_027,Kls 7_SISWA_017,2025-09-29,SEPTEMBER,Monday,TRUE,,NO_EXCEPTION_RECORDED,2,2,3,5,10,20,0.4,0.2,0.15,3,41,0.073171,2,3,0.326829,0.138462,0.261538
rec_096d45d353ffa906,STU_356201,356201,SISWA_027,Kls 7_SISWA_017,2025-09-30,SEPTEMBER,Tuesday,UNKNOWN,,NO_EXCEPTION_RECORDED,2,2,3,5,10,21,0.4,0.2,0.142857,3,42,0.071429,0,4,0.328571,0.123077,0.276923
rec_5eb97e65901f2605,STU_357838,357838,SISWA_006,Kls 7_SISWA_001,2025-08-01,AGUSTUS,Friday,UNKNOWN,,NO_EXCEPTION_RECORDED,0,0,0,0,0,0,0.0,0.0,0.0,0,0,0.0,0,-1,0.0,0.0,0.0
rec_69df2b2579ebb6fc,STU_357838,357838,SISWA_006,Kls 7_SISWA_001,2025-08-02,AGUSTUS,Saturday,FALSE,,NO_EXCEPTION_RECORDED,0,0,0,1,1,1,0.0,0.0,0.0,0,1,0.0,0,-1,0.0,0.0,0.0
rec_eebb2d6ff7627662,STU_357838,357838,SISWA_006,Kls 7_SISWA_001,2025-08-03,AGUSTUS,Sunday,FALSE,,NO_EXCEPTION_RECORDED,0,0,0,1,1,1,0.0,0.0,0.0,0,1,0.0,0,-1,0.0,0.0,0.0
rec_77de744f1bd75c70,STU_357838,357838,SISWA_006,Kls 7_SISWA_001,2025-08-04,AGUSTUS,Monday,UNKNOWN,,NO_EXCEPTION_RECORDED,0,0,0,1,1,1,0.0,0.0,0.0,0,1,0.0,0,-1,0.0,0.0,0.0
rec_fb2af61d31fb5214,STU_357838,357838,SISWA_006,Kls 7_SISWA_001,2025-08-05,AGUSTUS,Tuesday,TRUE,,NO_EXCEPTION_RECORDED,0,0,0,2,2,2,0.0,0.0,0.0,0,2,0.0,0,-1,0.0,0.0,0.0
rec_8a300724cf3a8e7c,STU_357838,357838,SISWA_006,Kls 7_SISWA_001,2025-08-06,AGUSTUS,Wednesday,UNKNOWN,,NO_EXCEPTION_RECORDED,0,0,0,3,3,3,0.0,0.0,0.0,0,3,0.0,0,-1,0.0,0.0,0.0
rec_f8b77697329f1a88,STU_357838,357838,SISWA_006,Kls 7_SISWA_001,2025-08-07,AGUSTUS,Thursday,TRUE,,NO_EXCEPTION_RECORDED,0,0,0,4,4,4,0.0,0.0,0.0,0,4,0.0,0,-1,0.0,0.0,0.0
rec_64d39b0193eaf531,STU_357838,357838,SISWA_006,Kls 7_SISWA_001,2025-08-08,AGUSTUS,Friday,TRUE,,NO_EXCEPTION_RECORDED,0,0,0,5,5,5,0.0,0.0,0.0,0,5,0.0,0,-1,0.0,0.0,0.0
rec_aa932076c4d3e839,STU_357838,357838,SISWA_006,Kls 7_SISWA_001,2025-08-09,AGUSTUS,Saturday,FALSE,,NO_EXCEPTION_RECORDED,0,0,0,5,6,6,0.0,0.0,0.0,0,6,0.0,0,-1,0.0,0.0,0.0
rec_51eab2f3a789d038,STU_357838,357838,SISWA_006,Kls 7_SISWA_001,2025-08-10,AGUSTUS,Sunday,FALSE,,NO_EXCEPTION_RECORDED,0,0,0,5,6,6,0.0,0.0,0.0,0,6,0.0,0,-1,0.0,0.0,0.0
rec_0484564858df2f2a,STU_357838,357838,SISWA_006,Kls 7_SISWA_001,2025-08-11,AGUSTUS,Monday,TRUE,,NO_EXCEPTION_RECORDED,0,0,0,5,6,6,0.0,0.0,0.0,0,6,0.0,0,-1,0.0,0.0,0.0
rec_03b4af3f5bd464df,STU_357838,357838,SISWA_006,Kls 7_SISWA_001,2025-08-12,AGUSTUS,Tuesday,TRUE,,NO_EXCEPTION_RECORDED,0,0,0,5,7,7,0.0,0.0,0.0,0,7,0.0,0,-1,0.0,0.0,0.0
rec_a7eb6cafdae694cc,STU_357838,357838,SISWA_006,Kls 7_SISWA_001,2025-08-13,AGUSTUS,Wednesday,TRUE,,NO_EXCEPTION_RECORDED,0,0,0,5,8,8,0.0,0.0,0.0,0,8,0.0,0,-1,0.0,0.015385,-0.015385
rec_ab5e3a44899d6a8b,STU_357838,357838,SISWA_006,Kls 7_SISWA_001,2025-08-14,AGUSTUS,Thursday,UNKNOWN,,NO_EXCEPTION_RECORDED,0,0,0,5,9,9,0.0,0.0,0.0,0,9,0.0,0,-1,0.0,0.015385,-0.015385
rec_6c89316a4e47ed12,STU_357838,357838,SISWA_006,Kls 7_SISWA_001,2025-08-15,AGUSTUS,Friday,UNKNOWN,,NO_EXCEPTION_RECORDED,0,0,0,5,10,10,0.0,0.0,0.0,0,10,0.0,0,-1,0.0,0.015385,-0.015385
rec_6388869ec3f21a52,STU_357838,357838,SISWA_006,Kls 7_SISWA_001,2025-08-16,AGUSTUS,Saturday,FALSE,,NO_EXCEPTION_RECORDED,0,0,0,5,10,11,0.0,0.0,0.0,0,11,0.0,0,-1,0.0,0.015385,-0.015385
rec_79b4548ef67d80a0,STU_357838,357838,SISWA_006,Kls 7_SISWA_001,2025-08-17,AGUSTUS,Sunday,FALSE,,NO_EXCEPTION_RECORDED,0,0,0,5,10,11,0.0,0.0,0.0,0,11,0.0,0,-1,0.0,0.015385,-0.015385
rec_abe44b7a67624abc,STU_357838,357838,SISWA_006,Kls 7_SISWA_001,2025-08-18,AGUSTUS,Monday,UNKNOWN,,NO_EXCEPTION_RECORDED,0,0,0,5,10,11,0.0,0.0,0.0,0,11,0.0,0,-1,0.0,0.015385,-0.015385
rec_491e6d05e6aa5a20,STU_357838,357838,SISWA_006,Kls 7_SISWA_001,2025-08-19,AGUSTUS,Tuesday,TRUE,,NO_EXCEPTION_RECORDED,0,0,0,5,10,12,0.0,0.0,0.0,0,12,0.0,0,-1,0.0,0.015385,-0.015385
rec_de82fafa213b8ded,STU_357838,357838,SISWA_006,Kls 7_SISWA_001,2025-08-20,AGUSTUS,Wednesday,TRUE,,NO_EXCEPTION_RECORDED,0,0,0,5,10,13,0.0,0.0,0.0,0,13,0.0,0,-1,0.0,0.0,0.0
rec_9bc7603a4a3edd31,STU_357838,357838,SISWA_006,Kls 7_SISWA_001,2025-08-21,AGUSTUS,Thursday,TRUE,,NO_EXCEPTION_RECORDED,0,0,0,5,10,14,0.0,0.0,0.0,0,14,0.0,0,-1,0.0,0.0,0.0
rec_ae9f095dc35eba3b,STU_357838,357838,SISWA_006,Kls 7_SISWA_001,2025-08-22,AGUSTUS,Friday,UNKNOWN,,NO_EXCEPTION_RECORDED,0,0,0,5,10,15,0.0,0.0,0.0,0,15,0.0,0,-1,0.0,0.0,0.0
rec_9fb2beb1c45e1c67,STU_357838,357838,SISWA_006,Kls 7_SISWA_001,2025-08-23,AGUSTUS,Saturday,FALSE,,NO_EXCEPTION_RECORDED,0,0,0,5,10,16,0.0,0.0,0.0,0,16,0.0,0,-1,0.0,0.0,0.0
rec_fcffeb11e20dabc3,STU_357838,357838,SISWA_006,Kls 7_SISWA_001,2025-08-24,AGUSTUS,Sunday,FALSE,,NO_EXCEPTION_RECORDED,0,0,0,5,10,16,0.0,0.0,0.0,0,16,0.0,0,-1,0.0,0.0,0.0
rec_8da35debcb5438e3,STU_357838,357838,SISWA_006,Kls 7_SISWA_001,2025-08-25,AGUSTUS,Monday,TRUE,,NO_EXCEPTION_RECORDED,0,0,0,5,10,16,0.0,0.0,0.0,0,16,0.0,0,-1,0.0,0.0,0.0
rec_285e71f5cd9e7f1e,STU_357838,357838,SISWA_006,Kls 7_SISWA_001,2025-08-26,AGUSTUS,Tuesday,TRUE,,NO_EXCEPTION_RECORDED,0,0,0,5,10,17,0.0,0.0,0.0,0,17,0.0,0,-1,0.0,0.015385,-0.015385
rec_56bb9c6fa1f8cbc8,STU_357838,357838,SISWA_006,Kls 7_SISWA_001,2025-08-27,AGUSTUS,Wednesday,TRUE,,NO_EXCEPTION_RECORDED,0,0,0,5,10,18,0.0,0.0,0.0,0,18,0.0,0,-1,0.0,0.015385,-0.015385
rec_74ad7572f2382e38,STU_357838,357838,SISWA_006,Kls 7_SISWA_001,2025-08-28,AGUSTUS,Thursday,TRUE,,NO_EXCEPTION_RECORDED,0,0,0,5,10,19,0.0,0.0,0.0,0,19,0.0,0,-1,0.0,0.015385,-0.015385
rec_6c77eb2a26bb1664,STU_357838,357838,SISWA_006,Kls 7_SISWA_001,2025-08-29,AGUSTUS,Friday,TRUE,,NO_EXCEPTION_RECORDED,0,0,0,5,10,20,0.0,0.0,0.0,0,20,0.0,0,-1,0.0,0.015385,-0.015385
rec_4e6e9d19e443ac2d,STU_357838,357838,SISWA_006,Kls 7_SISWA_001,2025-08-30,AGUSTUS,Saturday,FALSE,,NO_EXCEPTION_RECORDED,0,0,0,5,10,21,0.0,0.0,0.0,0,21,0.0,0,-1,0.0,0.015385,-0.015385
rec_bdc5c547e01e2da2,STU_357838,357838,SISWA_006,Kls 7_SISWA_001,2025-08-31,AGUSTUS,Sunday,FALSE,,NO_EXCEPTION_RECORDED,0,0,0,5,10,21,0.0,0.0,0.0,0,21,0.0,0,-1,0.0,0.015385,-0.015385
rec_bcfbb753b7acb4d7,STU_357838,357838,SISWA_006,Kls 7_SISWA_001,2025-09-01,SEPTEMBER,Monday,TRUE,,NO_EXCEPTION_RECORDED,0,0,0,5,10,20,0.0,0.0,0.0,0,21,0.0,0,-1,0.0,0.015385,-0.015385
rec_19bb415fa080e8a6,STU_357838,357838,SISWA_006,Kls 7_SISWA_001,2025-09-02,SEPTEMBER,Tuesday,TRUE,,NO_EXCEPTION_RECORDED,0,0,0,5,10,21,0.0,0.0,0.0,0,22,0.0,0,-1,0.0,0.0,0.0
rec_978eccf7e5c4dd06,STU_357838,357838,SISWA_006,Kls 7_SISWA_001,2025-09-03,SEPTEMBER,Wednesday,TRUE,,NO_EXCEPTION_RECORDED,0,0,0,5,10,22,0.0,0.0,0.0,0,23,0.0,0,-1,0.0,0.0,0.0
rec_0cec600482d36cee,STU_357838,357838,SISWA_006,Kls 7_SISWA_001,2025-09-04,SEPTEMBER,Thursday,TRUE,,NO_EXCEPTION_RECORDED,0,0,0,5,10,22,0.0,0.0,0.0,0,24,0.0,0,-1,0.0,0.0,0.0
rec_a14ebaeaaeab01b6,STU_357838,357838,SISWA_006,Kls 7_SISWA_001,2025-09-05,SEPTEMBER,Friday,UNKNOWN,,NO_EXCEPTION_RECORDED,0,0,0,5,10,22,0.0,0.0,0.0,0,25,0.0,0,-1,0.0,0.0,0.0
rec_33470eadf6da0921,STU_357838,357838,SISWA_006,Kls 7_SISWA_001,2025-09-06,SEPTEMBER,Saturday,FALSE,,NO_EXCEPTION_RECORDED,0,0,0,5,10,22,0.0,0.0,0.0,0,26,0.0,0,-1,0.0,0.0,0.0
rec_9da97e092c7fae9a,STU_357838,357838,SISWA_006,Kls 7_SISWA_001,2025-09-07,SEPTEMBER,Sunday,FALSE,,NO_EXCEPTION_RECORDED,0,0,0,5,10,21,0.0,0.0,0.0,0,26,0.0,0,-1,0.0,0.0,0.0
rec_9132902dbe55494e,STU_357838,357838,SISWA_006,Kls 7_SISWA_001,2025-09-08,SEPTEMBER,Monday,TRUE,,NO_EXCEPTION_RECORDED,0,0,0,5,10,20,0.0,0.0,0.0,0,26,0.0,0,-1,0.0,0.0,0.0
rec_3c55d00ec2900411,STU_357838,357838,SISWA_006,Kls 7_SISWA_001,2025-09-09,SEPTEMBER,Tuesday,TRUE,,NO_EXCEPTION_RECORDED,0,0,0,5,10,21,0.0,0.0,0.0,0,27,0.0,0,-1,0.0,0.0,0.0
rec_ec344c97015580b9,STU_357838,357838,SISWA_006,Kls 7_SISWA_001,2025-09-10,SEPTEMBER,Wednesday,TRUE,,NO_EXCEPTION_RECORDED,0,0,0,5,10,22,0.0,0.0,0.0,0,28,0.0,0,-1,0.0,0.0,0.0
rec_ab72dcef987de0ea,STU_357838,357838,SISWA_006,Kls 7_SISWA_001,2025-09-11,SEPTEMBER,Thursday,TRUE,,NO_EXCEPTION_RECORDED,0,0,0,5,10,22,0.0,0.0,0.0,0,29,0.0,0,-1,0.0,0.0,0.0
rec_74c5c95637dd22ef,STU_357838,357838,SISWA_006,Kls 7_SISWA_001,2025-09-12,SEPTEMBER,Friday,TRUE,,NO_EXCEPTION_RECORDED,0,0,0,5,10,22,0.0,0.0,0.0,0,30,0.0,0,-1,0.0,0.015385,-0.015385
rec_ca4e5a7ec3ed8909,STU_357838,357838,SISWA_006,Kls 7_SISWA_001,2025-09-13,SEPTEMBER,Saturday,FALSE,,NO_EXCEPTION_RECORDED,0,0,0,5,10,22,0.0,0.0,0.0,0,31,0.0,0,-1,0.0,0.015385,-0.015385
rec_2467ec5f4ea90b78,STU_357838,357838,SISWA_006,Kls 7_SISWA_001,2025-09-14,SEPTEMBER,Sunday,FALSE,,NO_EXCEPTION_RECORDED,0,0,0,5,10,21,0.0,0.0,0.0,0,31,0.0,0,-1,0.0,0.015385,-0.015385
rec_b0a2035ab673c60f,STU_357838,357838,SISWA_006,Kls 7_SISWA_001,2025-09-15,SEPTEMBER,Monday,TRUE,,NO_EXCEPTION_RECORDED,0,0,0,5,10,20,0.0,0.0,0.0,0,31,0.0,0,-1,0.0,0.015385,-0.015385
rec_e85f657fb3fed869,STU_357838,357838,SISWA_006,Kls 7_SISWA_001,2025-09-16,SEPTEMBER,Tuesday,TRUE,,NO_EXCEPTION_RECORDED,0,0,0,5,10,21,0.0,0.0,0.0,0,32,0.0,0,-1,0.0,0.015385,-0.015385
rec_08e6bfb5ada9d462,STU_357838,357838,SISWA_006,Kls 7_SISWA_001,2025-09-17,SEPTEMBER,Wednesday,TRUE,,NO_EXCEPTION_RECORDED,0,0,0,5,10,22,0.0,0.0,0.0,0,33,0.0,0,-1,0.0,0.015385,-0.015385
rec_3f5e416a2746a6ed,STU_357838,357838,SISWA_006,Kls 7_SISWA_001,2025-09-18,SEPTEMBER,Thursday,TRUE,,NO_EXCEPTION_RECORDED,0,0,0,5,10,22,0.0,0.0,0.0,0,34,0.0,0,-1,0.0,0.015385,-0.015385
rec_90499c544044e8ed,STU_357838,357838,SISWA_006,Kls 7_SISWA_001,2025-09-19,SEPTEMBER,Friday,TRUE,,NO_EXCEPTION_RECORDED,0,0,0,5,10,22,0.0,0.0,0.0,0,35,0.0,0,-1,0.0,0.0,0.0
rec_2a1c33575661985b,STU_357838,357838,SISWA_006,Kls 7_SISWA_001,2025-09-20,SEPTEMBER,Saturday,FALSE,,NO_EXCEPTION_RECORDED,0,0,0,5,10,22,0.0,0.0,0.0,0,36,0.0,0,-1,0.0,0.0,0.0
rec_d08868692c6bae26,STU_357838,357838,SISWA_006,Kls 7_SISWA_001,2025-09-21,SEPTEMBER,Sunday,FALSE,,NO_EXCEPTION_RECORDED,0,0,0,5,10,21,0.0,0.0,0.0,0,36,0.0,0,-1,0.0,0.0,0.0
rec_8eedc0dd8040f5c2,STU_357838,357838,SISWA_006,Kls 7_SISWA_001,2025-09-22,SEPTEMBER,Monday,TRUE,,NO_EXCEPTION_RECORDED,0,0,0,5,10,20,0.0,0.0,0.0,0,36,0.0,0,-1,0.0,0.0,0.0
rec_5f3ef16cc9b3ef82,STU_357838,357838,SISWA_006,Kls 7_SISWA_001,2025-09-23,SEPTEMBER,Tuesday,TRUE,,NO_EXCEPTION_RECORDED,0,0,0,5,10,21,0.0,0.0,0.0,0,37,0.0,0,-1,0.0,0.0,0.0
rec_c5d3b568088153fa,STU_357838,357838,SISWA_006,Kls 7_SISWA_001,2025-09-24,SEPTEMBER,Wednesday,TRUE,,NO_EXCEPTION_RECORDED,0,0,0,5,10,22,0.0,0.0,0.0,0,38,0.0,0,-1,0.0,0.015385,-0.015385
rec_767b1587627364ea,STU_357838,357838,SISWA_006,Kls 7_SISWA_001,2025-09-25,SEPTEMBER,Thursday,TRUE,,NO_EXCEPTION_RECORDED,0,0,0,5,10,22,0.0,0.0,0.0,0,39,0.0,0,-1,0.0,0.046154,-0.046154
rec_8da8821409d09b2c,STU_357838,357838,SISWA_006,Kls 7_SISWA_001,2025-09-26,SEPTEMBER,Friday,TRUE,,NO_EXCEPTION_RECORDED,0,0,0,5,10,22,0.0,0.0,0.0,0,40,0.0,0,-1,0.0,0.061538,-0.061538
rec_b9a4c9b5e805a40b,STU_357838,357838,SISWA_006,Kls 7_SISWA_001,2025-09-27,SEPTEMBER,Saturday,FALSE,,NO_EXCEPTION_RECORDED,0,0,0,5,10,22,0.0,0.0,0.0,0,41,0.0,0,-1,0.0,0.061538,-0.061538
rec_7bfe152c5800ffdd,STU_357838,357838,SISWA_006,Kls 7_SISWA_001,2025-09-28,SEPTEMBER,Sunday,FALSE,,NO_EXCEPTION_RECORDED,0,0,0,5,10,21,0.0,0.0,0.0,0,41,0.0,0,-1,0.0,0.061538,-0.061538
rec_08585e5deeda10c8,STU_357838,357838,SISWA_006,Kls 7_SISWA_001,2025-09-29,SEPTEMBER,Monday,TRUE,,NO_EXCEPTION_RECORDED,0,0,0,5,10,20,0.0,0.0,0.0,0,41,0.0,0,-1,0.0,0.061538,-0.061538
rec_b280f726ce7b8609,STU_357838,357838,SISWA_006,Kls 7_SISWA_001,2025-09-30,SEPTEMBER,Tuesday,UNKNOWN,,NO_EXCEPTION_RECORDED,0,0,0,5,10,21,0.0,0.0,0.0,0,42,0.0,0,-1,0.0,0.076923,-0.076923
rec_026463fb04de933a,STU_363027,363027,SISWA_076,Kls 9_SISWA_072,2025-08-01,AGUSTUS,Friday,UNKNOWN,,NO_EXCEPTION_RECORDED,0,0,0,0,0,0,0.0,0.0,0.0,0,0,0.0,0,-1,0.0,0.0,0.0
rec_4babf0bdbb949ff4,STU_363027,363027,SISWA_076,Kls 9_SISWA_072,2025-08-02,AGUSTUS,Saturday,FALSE,,NO_EXCEPTION_RECORDED,0,0,0,1,1,1,0.0,0.0,0.0,0,1,0.0,0,-1,0.0,0.0,0.0
rec_2f5c0f4c6c2b05fd,STU_363027,363027,SISWA_076,Kls 9_SISWA_072,2025-08-03,AGUSTUS,Sunday,FALSE,,NO_EXCEPTION_RECORDED,0,0,0,1,1,1,0.0,0.0,0.0,0,1,0.0,0,-1,0.0,0.0,0.0
rec_aec9af980ae31432,STU_363027,363027,SISWA_076,Kls 9_SISWA_072,2025-08-04,AGUSTUS,Monday,UNKNOWN,,NO_EXCEPTION_RECORDED,0,0,0,1,1,1,0.0,0.0,0.0,0,1,0.0,0,-1,0.0,0.0,0.0
rec_a298514aba58a3a8,STU_363027,363027,SISWA_076,Kls 9_SISWA_072,2025-08-05,AGUSTUS,Tuesday,TRUE,,NO_EXCEPTION_RECORDED,0,0,0,2,2,2,0.0,0.0,0.0,0,2,0.0,0,-1,0.0,0.0,0.0
rec_de1f7adf3fbeb4b5,STU_363027,363027,SISWA_076,Kls 9_SISWA_072,2025-08-06,AGUSTUS,Wednesday,UNKNOWN,,NO_EXCEPTION_RECORDED,0,0,0,3,3,3,0.0,0.0,0.0,0,3,0.0,0,-1,0.0,0.0,0.0
rec_d16fb6faac749e1a,STU_363027,363027,SISWA_076,Kls 9_SISWA_072,2025-08-07,AGUSTUS,Thursday,TRUE,,NO_EXCEPTION_RECORDED,0,0,0,4,4,4,0.0,0.0,0.0,0,4,0.0,0,-1,0.0,0.0,0.0
rec_9ea22b6b8afa068a,STU_363027,363027,SISWA_076,Kls 9_SISWA_072,2025-08-08,AGUSTUS,Friday,TRUE,,NO_EXCEPTION_RECORDED,0,0,0,5,5,5,0.0,0.0,0.0,0,5,0.0,0,-1,0.0,0.0,0.0
rec_f930b909a18893e9,STU_363027,363027,SISWA_076,Kls 9_SISWA_072,2025-08-09,AGUSTUS,Saturday,FALSE,,NO_EXCEPTION_RECORDED,0,0,0,5,6,6,0.0,0.0,0.0,0,6,0.0,0,-1,0.0,0.0,0.0
rec_b44b26714700921a,STU_363027,363027,SISWA_076,Kls 9_SISWA_072,2025-08-10,AGUSTUS,Sunday,FALSE,,NO_EXCEPTION_RECORDED,0,0,0,5,6,6,0.0,0.0,0.0,0,6,0.0,0,-1,0.0,0.0,0.0
rec_59ce738960fef1c9,STU_363027,363027,SISWA_076,Kls 9_SISWA_072,2025-08-11,AGUSTUS,Monday,TRUE,,NO_EXCEPTION_RECORDED,0,0,0,5,6,6,0.0,0.0,0.0,0,6,0.0,0,-1,0.0,0.0,0.0
rec_d4b9485b6760092c,STU_363027,363027,SISWA_076,Kls 9_SISWA_072,2025-08-12,AGUSTUS,Tuesday,TRUE,,NO_EXCEPTION_RECORDED,0,0,0,5,7,7,0.0,0.0,0.0,0,7,0.0,0,-1,0.0,0.0,0.0
rec_2db8f5e04d0b80f1,STU_363027,363027,SISWA_076,Kls 9_SISWA_072,2025-08-13,AGUSTUS,Wednesday,TRUE,,NO_EXCEPTION_RECORDED,0,0,0,5,8,8,0.0,0.0,0.0,0,8,0.0,0,-1,0.0,0.0,0.0
rec_fc1ba2ab032dbd80,STU_363027,363027,SISWA_076,Kls 9_SISWA_072,2025-08-14,AGUSTUS,Thursday,UNKNOWN,,NO_EXCEPTION_RECORDED,0,0,0,5,9,9,0.0,0.0,0.0,0,9,0.0,0,-1,0.0,0.0,0.0
rec_3556a4a1c7e172e5,STU_363027,363027,SISWA_076,Kls 9_SISWA_072,2025-08-15,AGUSTUS,Friday,UNKNOWN,,NO_EXCEPTION_RECORDED,0,0,0,5,10,10,0.0,0.0,0.0,0,10,0.0,0,-1,0.0,0.0,0.0
rec_8c46f90db2d4603f,STU_363027,363027,SISWA_076,Kls 9_SISWA_072,2025-08-16,AGUSTUS,Saturday,FALSE,,NO_EXCEPTION_RECORDED,0,0,0,5,10,11,0.0,0.0,0.0,0,11,0.0,0,-1,0.0,0.0,0.0
rec_900339ce692f528a,STU_363027,363027,SISWA_076,Kls 9_SISWA_072,2025-08-17,AGUSTUS,Sunday,FALSE,,NO_EXCEPTION_RECORDED,0,0,0,5,10,11,0.0,0.0,0.0,0,11,0.0,0,-1,0.0,0.0,0.0
rec_d2920f638154545d,STU_363027,363027,SISWA_076,Kls 9_SISWA_072,2025-08-18,AGUSTUS,Monday,UNKNOWN,,NO_EXCEPTION_RECORDED,0,0,0,5,10,11,0.0,0.0,0.0,0,11,0.0,0,-1,0.0,0.0,0.0
rec_3c2fce3e9a9d6354,STU_363027,363027,SISWA_076,Kls 9_SISWA_072,2025-08-19,AGUSTUS,Tuesday,TRUE,,NO_EXCEPTION_RECORDED,0,0,0,5,10,12,0.0,0.0,0.0,0,12,0.0,0,-1,0.0,0.0,0.0
rec_27d0d19aaa51ecbb,STU_363027,363027,SISWA_076,Kls 9_SISWA_072,2025-08-20,AGUSTUS,Wednesday,TRUE,,NO_EXCEPTION_RECORDED,0,0,0,5,10,13,0.0,0.0,0.0,0,13,0.0,0,-1,0.0,0.0,0.0
rec_bd1b7b02f7e8e9cd,STU_363027,363027,SISWA_076,Kls 9_SISWA_072,2025-08-21,AGUSTUS,Thursday,TRUE,,NO_EXCEPTION_RECORDED,0,0,0,5,10,14,0.0,0.0,0.0,0,14,0.0,0,-1,0.0,0.0,0.0
rec_bab85b056093c1cf,STU_363027,363027,SISWA_076,Kls 9_SISWA_072,2025-08-22,AGUSTUS,Friday,UNKNOWN,,NO_EXCEPTION_RECORDED,0,0,0,5,10,15,0.0,0.0,0.0,0,15,0.0,0,-1,0.0,0.0,0.0
rec_d95fc66da004d49c,STU_363027,363027,SISWA_076,Kls 9_SISWA_072,2025-08-23,AGUSTUS,Saturday,FALSE,,NO_EXCEPTION_RECORDED,0,0,0,5,10,16,0.0,0.0,0.0,0,16,0.0,0,-1,0.0,0.0,0.0
rec_a43d26dc8e761445,STU_363027,363027,SISWA_076,Kls 9_SISWA_072,2025-08-24,AGUSTUS,Sunday,FALSE,,NO_EXCEPTION_RECORDED,0,0,0,5,10,16,0.0,0.0,0.0,0,16,0.0,0,-1,0.0,0.0,0.0
rec_c309eff5273b94fc,STU_363027,363027,SISWA_076,Kls 9_SISWA_072,2025-08-25,AGUSTUS,Monday,TRUE,,NO_EXCEPTION_RECORDED,0,0,0,5,10,16,0.0,0.0,0.0,0,16,0.0,0,-1,0.0,0.0,0.0
rec_a63c0ddef67a337c,STU_363027,363027,SISWA_076,Kls 9_SISWA_072,2025-08-26,AGUSTUS,Tuesday,TRUE,s,SOURCE_MARK_S,0,0,0,5,10,17,0.0,0.0,0.0,0,17,0.0,0,-1,0.0,0.0,0.0
rec_aea874d06af32f44,STU_363027,363027,SISWA_076,Kls 9_SISWA_072,2025-08-27,AGUSTUS,Wednesday,TRUE,,NO_EXCEPTION_RECORDED,1,1,1,5,10,18,0.2,0.1,0.055556,1,18,0.055556,1,1,0.144444,0.0,0.2
rec_b2e390de0f61f50b,STU_363027,363027,SISWA_076,Kls 9_SISWA_072,2025-08-28,AGUSTUS,Thursday,TRUE,,NO_EXCEPTION_RECORDED,1,1,1,5,10,19,0.2,0.1,0.052632,1,19,0.052632,0,2,0.147368,0.0,0.2
rec_a828925dc4e9b00f,STU_363027,363027,SISWA_076,Kls 9_SISWA_072,2025-08-29,AGUSTUS,Friday,TRUE,,NO_EXCEPTION_RECORDED,1,1,1,5,10,20,0.2,0.1,0.05,1,20,0.05,0,3,0.15,0.018182,0.181818
rec_fb2a9336eec3caa4,STU_363027,363027,SISWA_076,Kls 9_SISWA_072,2025-08-30,AGUSTUS,Saturday,FALSE,,NO_EXCEPTION_RECORDED,1,1,1,5,10,21,0.2,0.1,0.047619,1,21,0.047619,0,4,0.152381,0.018182,0.181818
rec_2cdd72d03643eca0,STU_363027,363027,SISWA_076,Kls 9_SISWA_072,2025-08-31,AGUSTUS,Sunday,FALSE,,NO_EXCEPTION_RECORDED,1,1,1,5,10,21,0.2,0.1,0.047619,1,21,0.047619,0,5,0.152381,0.018182,0.181818
rec_83183f76ea9431a9,STU_363027,363027,SISWA_076,Kls 9_SISWA_072,2025-09-01,SEPTEMBER,Monday,TRUE,,NO_EXCEPTION_RECORDED,1,1,1,5,10,20,0.2,0.1,0.05,1,21,0.047619,0,6,0.152381,0.018182,0.181818
rec_77ff0518d77284fd,STU_363027,363027,SISWA_076,Kls 9_SISWA_072,2025-09-02,SEPTEMBER,Tuesday,TRUE,,NO_EXCEPTION_RECORDED,1,1,1,5,10,21,0.2,0.1,0.047619,1,22,0.045455,0,7,0.154545,0.018182,0.181818
rec_b839c5be1f0da259,STU_363027,363027,SISWA_076,Kls 9_SISWA_072,2025-09-03,SEPTEMBER,Wednesday,TRUE,,NO_EXCEPTION_RECORDED,0,1,1,5,10,22,0.0,0.1,0.045455,1,23,0.043478,0,8,-0.043478,0.036364,-0.036364
rec_bc7155e5933da681,STU_363027,363027,SISWA_076,Kls 9_SISWA_072,2025-09-04,SEPTEMBER,Thursday,TRUE,,NO_EXCEPTION_RECORDED,0,1,1,5,10,22,0.0,0.1,0.045455,1,24,0.041667,0,9,-0.041667,0.054545,-0.054545
rec_1df11fde3511aae3,STU_363027,363027,SISWA_076,Kls 9_SISWA_072,2025-09-05,SEPTEMBER,Friday,UNKNOWN,,NO_EXCEPTION_RECORDED,0,1,1,5,10,22,0.0,0.1,0.045455,1,25,0.04,0,10,-0.04,0.072727,-0.072727
rec_b1379c45565b0d75,STU_363027,363027,SISWA_076,Kls 9_SISWA_072,2025-09-06,SEPTEMBER,Saturday,FALSE,,NO_EXCEPTION_RECORDED,0,1,1,5,10,22,0.0,0.1,0.045455,1,26,0.038462,0,11,-0.038462,0.072727,-0.072727
rec_f0a689ddab8a2cb2,STU_363027,363027,SISWA_076,Kls 9_SISWA_072,2025-09-07,SEPTEMBER,Sunday,FALSE,,NO_EXCEPTION_RECORDED,0,1,1,5,10,21,0.0,0.1,0.047619,1,26,0.038462,0,12,-0.038462,0.072727,-0.072727
rec_bf4fbecc2ac1b3b0,STU_363027,363027,SISWA_076,Kls 9_SISWA_072,2025-09-08,SEPTEMBER,Monday,TRUE,,NO_EXCEPTION_RECORDED,0,1,1,5,10,20,0.0,0.1,0.05,1,26,0.038462,0,13,-0.038462,0.072727,-0.072727
rec_a08a39f3c23dd92c,STU_363027,363027,SISWA_076,Kls 9_SISWA_072,2025-09-09,SEPTEMBER,Tuesday,TRUE,,NO_EXCEPTION_RECORDED,0,1,1,5,10,21,0.0,0.1,0.047619,1,27,0.037037,0,14,-0.037037,0.072727,-0.072727
rec_3b95df7abe892c9e,STU_363027,363027,SISWA_076,Kls 9_SISWA_072,2025-09-10,SEPTEMBER,Wednesday,TRUE,,NO_EXCEPTION_RECORDED,0,0,1,5,10,22,0.0,0.0,0.045455,1,28,0.035714,0,15,-0.035714,0.090909,-0.090909
rec_381c5add406772db,STU_363027,363027,SISWA_076,Kls 9_SISWA_072,2025-09-11,SEPTEMBER,Thursday,TRUE,s,SOURCE_MARK_S,0,0,1,5,10,22,0.0,0.0,0.045455,1,29,0.034483,0,16,-0.034483,0.090909,-0.090909
rec_c2ac20e6ada478eb,STU_363027,363027,SISWA_076,Kls 9_SISWA_072,2025-09-12,SEPTEMBER,Friday,TRUE,,NO_EXCEPTION_RECORDED,1,1,2,5,10,22,0.2,0.1,0.090909,2,30,0.066667,1,1,0.133333,0.054545,0.145455
rec_7b041a30e5691608,STU_363027,363027,SISWA_076,Kls 9_SISWA_072,2025-09-13,SEPTEMBER,Saturday,FALSE,,NO_EXCEPTION_RECORDED,1,1,2,5,10,22,0.2,0.1,0.090909,2,31,0.064516,0,2,0.135484,0.054545,0.145455
rec_7966f886f309b6aa,STU_363027,363027,SISWA_076,Kls 9_SISWA_072,2025-09-14,SEPTEMBER,Sunday,FALSE,,NO_EXCEPTION_RECORDED,1,1,2,5,10,21,0.2,0.1,0.095238,2,31,0.064516,0,3,0.135484,0.054545,0.145455
rec_15d39b061dd2ba13,STU_363027,363027,SISWA_076,Kls 9_SISWA_072,2025-09-15,SEPTEMBER,Monday,TRUE,,NO_EXCEPTION_RECORDED,1,1,2,5,10,20,0.2,0.1,0.1,2,31,0.064516,0,4,0.135484,0.054545,0.145455
rec_ac66098ffed3a67e,STU_363027,363027,SISWA_076,Kls 9_SISWA_072,2025-09-16,SEPTEMBER,Tuesday,TRUE,,NO_EXCEPTION_RECORDED,1,1,2,5,10,21,0.2,0.1,0.095238,2,32,0.0625,0,5,0.1375,0.054545,0.145455
rec_32121a1a4fa548d9,STU_363027,363027,SISWA_076,Kls 9_SISWA_072,2025-09-17,SEPTEMBER,Wednesday,TRUE,,NO_EXCEPTION_RECORDED,1,1,2,5,10,22,0.2,0.1,0.090909,2,33,0.060606,0,6,0.139394,0.018182,0.181818
rec_bc0bd6d58d86eacb,STU_363027,363027,SISWA_076,Kls 9_SISWA_072,2025-09-18,SEPTEMBER,Thursday,TRUE,,NO_EXCEPTION_RECORDED,1,1,2,5,10,22,0.2,0.1,0.090909,2,34,0.058824,0,7,0.141176,0.018182,0.181818
rec_bb6290c5fd10ce99,STU_363027,363027,SISWA_076,Kls 9_SISWA_072,2025-09-19,SEPTEMBER,Friday,TRUE,,NO_EXCEPTION_RECORDED,0,1,2,5,10,22,0.0,0.1,0.090909,2,35,0.057143,0,8,-0.057143,0.036364,-0.036364
rec_3fb4801b10037e9a,STU_363027,363027,SISWA_076,Kls 9_SISWA_072,2025-09-20,SEPTEMBER,Saturday,FALSE,,NO_EXCEPTION_RECORDED,0,1,2,5,10,22,0.0,0.1,0.090909,2,36,0.055556,0,9,-0.055556,0.054545,-0.054545
rec_b907e66bd532e3d2,STU_363027,363027,SISWA_076,Kls 9_SISWA_072,2025-09-21,SEPTEMBER,Sunday,FALSE,,NO_EXCEPTION_RECORDED,0,1,2,5,10,21,0.0,0.1,0.095238,2,36,0.055556,0,10,-0.055556,0.054545,-0.054545
rec_8ee6447074f4158c,STU_363027,363027,SISWA_076,Kls 9_SISWA_072,2025-09-22,SEPTEMBER,Monday,TRUE,s,SOURCE_MARK_S,0,1,2,5,10,20,0.0,0.1,0.1,2,36,0.055556,0,11,-0.055556,0.054545,-0.054545
rec_7c68a15591d6a145,STU_363027,363027,SISWA_076,Kls 9_SISWA_072,2025-09-23,SEPTEMBER,Tuesday,TRUE,s,SOURCE_MARK_S,1,2,3,5,10,21,0.2,0.2,0.142857,3,37,0.081081,1,1,0.118919,0.127273,0.072727
rec_199ef936087fd3f8,STU_363027,363027,SISWA_076,Kls 9_SISWA_072,2025-09-24,SEPTEMBER,Wednesday,TRUE,s,SOURCE_MARK_S,2,3,4,5,10,22,0.4,0.3,0.181818,4,38,0.105263,2,1,0.294737,0.2,0.2
rec_e3d5a5b9c44bad5d,STU_363027,363027,SISWA_076,Kls 9_SISWA_072,2025-09-25,SEPTEMBER,Thursday,TRUE,,NO_EXCEPTION_RECORDED,3,4,5,5,10,22,0.6,0.4,0.227273,5,39,0.128205,3,1,0.471795,0.254545,0.345455
rec_9e82d021c457f1dc,STU_363027,363027,SISWA_076,Kls 9_SISWA_072,2025-09-26,SEPTEMBER,Friday,TRUE,,NO_EXCEPTION_RECORDED,3,3,4,5,10,22,0.6,0.3,0.181818,5,40,0.125,0,2,0.475,0.290909,0.309091
rec_883d1f529693f4d3,STU_363027,363027,SISWA_076,Kls 9_SISWA_072,2025-09-27,SEPTEMBER,Saturday,FALSE,,NO_EXCEPTION_RECORDED,3,3,4,5,10,22,0.6,0.3,0.181818,5,41,0.121951,0,3,0.478049,0.309091,0.290909
rec_834e2c8efc0d0597,STU_363027,363027,SISWA_076,Kls 9_SISWA_072,2025-09-28,SEPTEMBER,Sunday,FALSE,,NO_EXCEPTION_RECORDED,3,3,4,5,10,21,0.6,0.3,0.190476,5,41,0.121951,0,4,0.478049,0.309091,0.290909
rec_550ed3be59c21782,STU_363027,363027,SISWA_076,Kls 9_SISWA_072,2025-09-29,SEPTEMBER,Monday,TRUE,,NO_EXCEPTION_RECORDED,3,3,4,5,10,20,0.6,0.3,0.2,5,41,0.121951,0,5,0.478049,0.309091,0.290909
rec_19e14b585384adb6,STU_363027,363027,SISWA_076,Kls 9_SISWA_072,2025-09-30,SEPTEMBER,Tuesday,UNKNOWN,,NO_EXCEPTION_RECORDED,2,3,4,5,10,21,0.4,0.3,0.190476,5,42,0.119048,0,6,0.280952,0.254545,0.145455
rec_83618f1dca95ae6c,STU_369842,369842,SISWA_008,Kls 7_SISWA_001,2025-08-01,AGUSTUS,Friday,UNKNOWN,,NO_EXCEPTION_RECORDED,0,0,0,0,0,0,0.0,0.0,0.0,0,0,0.0,0,-1,0.0,0.0,0.0
rec_75e964687a62d08c,STU_369842,369842,SISWA_008,Kls 7_SISWA_001,2025-08-02,AGUSTUS,Saturday,FALSE,,NO_EXCEPTION_RECORDED,0,0,0,1,1,1,0.0,0.0,0.0,0,1,0.0,0,-1,0.0,0.0,0.0
rec_7ba4aff50785db27,STU_369842,369842,SISWA_008,Kls 7_SISWA_001,2025-08-03,AGUSTUS,Sunday,FALSE,,NO_EXCEPTION_RECORDED,0,0,0,1,1,1,0.0,0.0,0.0,0,1,0.0,0,-1,0.0,0.0,0.0
rec_3644fc8315f05e73,STU_369842,369842,SISWA_008,Kls 7_SISWA_001,2025-08-04,AGUSTUS,Monday,UNKNOWN,,NO_EXCEPTION_RECORDED,0,0,0,1,1,1,0.0,0.0,0.0,0,1,0.0,0,-1,0.0,0.0,0.0
rec_ba31369e984a88bc,STU_369842,369842,SISWA_008,Kls 7_SISWA_001,2025-08-05,AGUSTUS,Tuesday,TRUE,,NO_EXCEPTION_RECORDED,0,0,0,2,2,2,0.0,0.0,0.0,0,2,0.0,0,-1,0.0,0.0,0.0
rec_23783f1da2e12968,STU_369842,369842,SISWA_008,Kls 7_SISWA_001,2025-08-06,AGUSTUS,Wednesday,UNKNOWN,,NO_EXCEPTION_RECORDED,0,0,0,3,3,3,0.0,0.0,0.0,0,3,0.0,0,-1,0.0,0.0,0.0
rec_f24066bdca254300,STU_369842,369842,SISWA_008,Kls 7_SISWA_001,2025-08-07,AGUSTUS,Thursday,TRUE,,NO_EXCEPTION_RECORDED,0,0,0,4,4,4,0.0,0.0,0.0,0,4,0.0,0,-1,0.0,0.0,0.0
rec_ca9b882fda4a3e95,STU_369842,369842,SISWA_008,Kls 7_SISWA_001,2025-08-08,AGUSTUS,Friday,TRUE,,NO_EXCEPTION_RECORDED,0,0,0,5,5,5,0.0,0.0,0.0,0,5,0.0,0,-1,0.0,0.0,0.0
rec_cdc42a340564f210,STU_369842,369842,SISWA_008,Kls 7_SISWA_001,2025-08-09,AGUSTUS,Saturday,FALSE,,NO_EXCEPTION_RECORDED,0,0,0,5,6,6,0.0,0.0,0.0,0,6,0.0,0,-1,0.0,0.0,0.0
rec_eefd0518b8269ee3,STU_369842,369842,SISWA_008,Kls 7_SISWA_001,2025-08-10,AGUSTUS,Sunday,FALSE,,NO_EXCEPTION_RECORDED,0,0,0,5,6,6,0.0,0.0,0.0,0,6,0.0,0,-1,0.0,0.0,0.0
rec_19d1f63fe22fd14f,STU_369842,369842,SISWA_008,Kls 7_SISWA_001,2025-08-11,AGUSTUS,Monday,TRUE,,NO_EXCEPTION_RECORDED,0,0,0,5,6,6,0.0,0.0,0.0,0,6,0.0,0,-1,0.0,0.0,0.0
rec_e32cd171390aac68,STU_369842,369842,SISWA_008,Kls 7_SISWA_001,2025-08-12,AGUSTUS,Tuesday,TRUE,s,SOURCE_MARK_S,0,0,0,5,7,7,0.0,0.0,0.0,0,7,0.0,0,-1,0.0,0.0,0.0
rec_9c838110fb5c4097,STU_369842,369842,SISWA_008,Kls 7_SISWA_001,2025-08-13,AGUSTUS,Wednesday,TRUE,,NO_EXCEPTION_RECORDED,1,1,1,5,8,8,0.2,0.125,0.125,1,8,0.125,1,1,0.075,0.0,0.2
rec_309a7ee47b3493e2,STU_369842,369842,SISWA_008,Kls 7_SISWA_001,2025-08-14,AGUSTUS,Thursday,UNKNOWN,,NO_EXCEPTION_RECORDED,1,1,1,5,9,9,0.2,0.111111,0.111111,1,9,0.111111,0,2,0.088889,0.0,0.2
rec_1b56f71116e308a6,STU_369842,369842,SISWA_008,Kls 7_SISWA_001,2025-08-15,AGUSTUS,Friday,UNKNOWN,,NO_EXCEPTION_RECORDED,1,1,1,5,10,10,0.2,0.1,0.1,1,10,0.1,0,3,0.1,0.0,0.2
rec_61746d52e5bfc6a9,STU_369842,369842,SISWA_008,Kls 7_SISWA_001,2025-08-16,AGUSTUS,Saturday,FALSE,,NO_EXCEPTION_RECORDED,1,1,1,5,10,11,0.2,0.1,0.090909,1,11,0.090909,0,4,0.109091,0.0,0.2
rec_ab9335b842948c07,STU_369842,369842,SISWA_008,Kls 7_SISWA_001,2025-08-17,AGUSTUS,Sunday,FALSE,,NO_EXCEPTION_RECORDED,1,1,1,5,10,11,0.2,0.1,0.090909,1,11,0.090909,0,5,0.109091,0.0,0.2
rec_a8619a908a577ca4,STU_369842,369842,SISWA_008,Kls 7_SISWA_001,2025-08-18,AGUSTUS,Monday,UNKNOWN,,NO_EXCEPTION_RECORDED,1,1,1,5,10,11,0.2,0.1,0.090909,1,11,0.090909,0,6,0.109091,0.0,0.2
rec_4263edc6596beb57,STU_369842,369842,SISWA_008,Kls 7_SISWA_001,2025-08-19,AGUSTUS,Tuesday,TRUE,,NO_EXCEPTION_RECORDED,1,1,1,5,10,12,0.2,0.1,0.083333,1,12,0.083333,0,7,0.116667,0.0,0.2
rec_c0801f5369028c35,STU_369842,369842,SISWA_008,Kls 7_SISWA_001,2025-08-20,AGUSTUS,Wednesday,TRUE,,NO_EXCEPTION_RECORDED,0,1,1,5,10,13,0.0,0.1,0.076923,1,13,0.076923,0,8,-0.076923,0.0,0.0
rec_6bc025266fd32bd9,STU_369842,369842,SISWA_008,Kls 7_SISWA_001,2025-08-21,AGUSTUS,Thursday,TRUE,,NO_EXCEPTION_RECORDED,0,1,1,5,10,14,0.0,0.1,0.071429,1,14,0.071429,0,9,-0.071429,0.0,0.0
rec_de3df02897c7a180,STU_369842,369842,SISWA_008,Kls 7_SISWA_001,2025-08-22,AGUSTUS,Friday,UNKNOWN,,NO_EXCEPTION_RECORDED,0,1,1,5,10,15,0.0,0.1,0.066667,1,15,0.066667,0,10,-0.066667,0.0,0.0
rec_4e835fb4a206563f,STU_369842,369842,SISWA_008,Kls 7_SISWA_001,2025-08-23,AGUSTUS,Saturday,FALSE,,NO_EXCEPTION_RECORDED,0,1,1,5,10,16,0.0,0.1,0.0625,1,16,0.0625,0,11,-0.0625,0.0,0.0
rec_2d99f3e9ea6f4c08,STU_369842,369842,SISWA_008,Kls 7_SISWA_001,2025-08-24,AGUSTUS,Sunday,FALSE,,NO_EXCEPTION_RECORDED,0,1,1,5,10,16,0.0,0.1,0.0625,1,16,0.0625,0,12,-0.0625,0.0,0.0
rec_7035b7b227538a40,STU_369842,369842,SISWA_008,Kls 7_SISWA_001,2025-08-25,AGUSTUS,Monday,TRUE,,NO_EXCEPTION_RECORDED,0,1,1,5,10,16,0.0,0.1,0.0625,1,16,0.0625,0,13,-0.0625,0.0,0.0
rec_d7fee4424c233c9e,STU_369842,369842,SISWA_008,Kls 7_SISWA_001,2025-08-26,AGUSTUS,Tuesday,TRUE,,NO_EXCEPTION_RECORDED,0,1,1,5,10,17,0.0,0.1,0.058824,1,17,0.058824,0,14,-0.058824,0.015385,-0.015385
rec_73a70bd20fed76a4,STU_369842,369842,SISWA_008,Kls 7_SISWA_001,2025-08-27,AGUSTUS,Wednesday,TRUE,,NO_EXCEPTION_RECORDED,0,0,1,5,10,18,0.0,0.0,0.055556,1,18,0.055556,0,15,-0.055556,0.015385,-0.015385
rec_70b9687e491bb7cb,STU_369842,369842,SISWA_008,Kls 7_SISWA_001,2025-08-28,AGUSTUS,Thursday,TRUE,,NO_EXCEPTION_RECORDED,0,0,1,5,10,19,0.0,0.0,0.052632,1,19,0.052632,0,16,-0.052632,0.015385,-0.015385
rec_6afd82e63058718e,STU_369842,369842,SISWA_008,Kls 7_SISWA_001,2025-08-29,AGUSTUS,Friday,TRUE,,NO_EXCEPTION_RECORDED,0,0,1,5,10,20,0.0,0.0,0.05,1,20,0.05,0,17,-0.05,0.015385,-0.015385
rec_da07da0ecd78c1a8,STU_369842,369842,SISWA_008,Kls 7_SISWA_001,2025-08-30,AGUSTUS,Saturday,FALSE,,NO_EXCEPTION_RECORDED,0,0,1,5,10,21,0.0,0.0,0.047619,1,21,0.047619,0,18,-0.047619,0.015385,-0.015385
rec_e629826f618fb173,STU_369842,369842,SISWA_008,Kls 7_SISWA_001,2025-08-31,AGUSTUS,Sunday,FALSE,,NO_EXCEPTION_RECORDED,0,0,1,5,10,21,0.0,0.0,0.047619,1,21,0.047619,0,19,-0.047619,0.015385,-0.015385
rec_205abe2e2d3a5f54,STU_369842,369842,SISWA_008,Kls 7_SISWA_001,2025-09-01,SEPTEMBER,Monday,TRUE,,NO_EXCEPTION_RECORDED,0,0,1,5,10,20,0.0,0.0,0.05,1,21,0.047619,0,20,-0.047619,0.015385,-0.015385
rec_e8a81fb4597d9b9d,STU_369842,369842,SISWA_008,Kls 7_SISWA_001,2025-09-02,SEPTEMBER,Tuesday,TRUE,,NO_EXCEPTION_RECORDED,0,0,1,5,10,21,0.0,0.0,0.047619,1,22,0.045455,0,21,-0.045455,0.0,0.0
rec_4b642464815eddf6,STU_369842,369842,SISWA_008,Kls 7_SISWA_001,2025-09-03,SEPTEMBER,Wednesday,TRUE,,NO_EXCEPTION_RECORDED,0,0,1,5,10,22,0.0,0.0,0.045455,1,23,0.043478,0,22,-0.043478,0.0,0.0
rec_8d74c2d0defedebc,STU_369842,369842,SISWA_008,Kls 7_SISWA_001,2025-09-04,SEPTEMBER,Thursday,TRUE,,NO_EXCEPTION_RECORDED,0,0,1,5,10,22,0.0,0.0,0.045455,1,24,0.041667,0,23,-0.041667,0.0,0.0
rec_7e3933860709559a,STU_369842,369842,SISWA_008,Kls 7_SISWA_001,2025-09-05,SEPTEMBER,Friday,UNKNOWN,,NO_EXCEPTION_RECORDED,0,0,1,5,10,22,0.0,0.0,0.045455,1,25,0.04,0,24,-0.04,0.0,0.0
rec_1daf69bdc79c3129,STU_369842,369842,SISWA_008,Kls 7_SISWA_001,2025-09-06,SEPTEMBER,Saturday,FALSE,,NO_EXCEPTION_RECORDED,0,0,1,5,10,22,0.0,0.0,0.045455,1,26,0.038462,0,25,-0.038462,0.0,0.0
rec_b7b50a2e4cdd0689,STU_369842,369842,SISWA_008,Kls 7_SISWA_001,2025-09-07,SEPTEMBER,Sunday,FALSE,,NO_EXCEPTION_RECORDED,0,0,1,5,10,21,0.0,0.0,0.047619,1,26,0.038462,0,26,-0.038462,0.0,0.0
rec_cffcd4181dbc5951,STU_369842,369842,SISWA_008,Kls 7_SISWA_001,2025-09-08,SEPTEMBER,Monday,TRUE,,NO_EXCEPTION_RECORDED,0,0,1,5,10,20,0.0,0.0,0.05,1,26,0.038462,0,27,-0.038462,0.0,0.0
rec_e63fb1a588fad3f3,STU_369842,369842,SISWA_008,Kls 7_SISWA_001,2025-09-09,SEPTEMBER,Tuesday,TRUE,,NO_EXCEPTION_RECORDED,0,0,1,5,10,21,0.0,0.0,0.047619,1,27,0.037037,0,28,-0.037037,0.0,0.0
rec_83244ec280b7e9c6,STU_369842,369842,SISWA_008,Kls 7_SISWA_001,2025-09-10,SEPTEMBER,Wednesday,TRUE,,NO_EXCEPTION_RECORDED,0,0,1,5,10,22,0.0,0.0,0.045455,1,28,0.035714,0,29,-0.035714,0.0,0.0
rec_a8fdf87de4ad0044,STU_369842,369842,SISWA_008,Kls 7_SISWA_001,2025-09-11,SEPTEMBER,Thursday,TRUE,,NO_EXCEPTION_RECORDED,0,0,1,5,10,22,0.0,0.0,0.045455,1,29,0.034483,0,30,-0.034483,0.0,0.0
rec_6018c99db884c9f5,STU_369842,369842,SISWA_008,Kls 7_SISWA_001,2025-09-12,SEPTEMBER,Friday,TRUE,,NO_EXCEPTION_RECORDED,0,0,0,5,10,22,0.0,0.0,0.0,1,30,0.033333,0,31,-0.033333,0.015385,-0.015385
rec_b6669250d1164be3,STU_369842,369842,SISWA_008,Kls 7_SISWA_001,2025-09-13,SEPTEMBER,Saturday,FALSE,,NO_EXCEPTION_RECORDED,0,0,0,5,10,22,0.0,0.0,0.0,1,31,0.032258,0,32,-0.032258,0.015385,-0.015385
rec_55a2fd752933add8,STU_369842,369842,SISWA_008,Kls 7_SISWA_001,2025-09-14,SEPTEMBER,Sunday,FALSE,,NO_EXCEPTION_RECORDED,0,0,0,5,10,21,0.0,0.0,0.0,1,31,0.032258,0,33,-0.032258,0.015385,-0.015385
rec_f1f5d05c6d74cf5a,STU_369842,369842,SISWA_008,Kls 7_SISWA_001,2025-09-15,SEPTEMBER,Monday,TRUE,,NO_EXCEPTION_RECORDED,0,0,0,5,10,20,0.0,0.0,0.0,1,31,0.032258,0,34,-0.032258,0.015385,-0.015385
rec_7bd0bf1fbad4d2ba,STU_369842,369842,SISWA_008,Kls 7_SISWA_001,2025-09-16,SEPTEMBER,Tuesday,TRUE,,NO_EXCEPTION_RECORDED,0,0,0,5,10,21,0.0,0.0,0.0,1,32,0.03125,0,35,-0.03125,0.015385,-0.015385
rec_bd3b3062af79ce03,STU_369842,369842,SISWA_008,Kls 7_SISWA_001,2025-09-17,SEPTEMBER,Wednesday,TRUE,,NO_EXCEPTION_RECORDED,0,0,0,5,10,22,0.0,0.0,0.0,1,33,0.030303,0,36,-0.030303,0.015385,-0.015385
rec_2913634e462fd69d,STU_369842,369842,SISWA_008,Kls 7_SISWA_001,2025-09-18,SEPTEMBER,Thursday,TRUE,,NO_EXCEPTION_RECORDED,0,0,0,5,10,22,0.0,0.0,0.0,1,34,0.029412,0,37,-0.029412,0.015385,-0.015385
rec_883ab4a1e10204af,STU_369842,369842,SISWA_008,Kls 7_SISWA_001,2025-09-19,SEPTEMBER,Friday,TRUE,,NO_EXCEPTION_RECORDED,0,0,0,5,10,22,0.0,0.0,0.0,1,35,0.028571,0,38,-0.028571,0.0,0.0
rec_4c93ce3e7efa6221,STU_369842,369842,SISWA_008,Kls 7_SISWA_001,2025-09-20,SEPTEMBER,Saturday,FALSE,,NO_EXCEPTION_RECORDED,0,0,0,5,10,22,0.0,0.0,0.0,1,36,0.027778,0,39,-0.027778,0.0,0.0
rec_cecd6e884da6f451,STU_369842,369842,SISWA_008,Kls 7_SISWA_001,2025-09-21,SEPTEMBER,Sunday,FALSE,,NO_EXCEPTION_RECORDED,0,0,0,5,10,21,0.0,0.0,0.0,1,36,0.027778,0,40,-0.027778,0.0,0.0
rec_125fa59a35bfd68a,STU_369842,369842,SISWA_008,Kls 7_SISWA_001,2025-09-22,SEPTEMBER,Monday,TRUE,,NO_EXCEPTION_RECORDED,0,0,0,5,10,20,0.0,0.0,0.0,1,36,0.027778,0,41,-0.027778,0.0,0.0
rec_59913ebe989f3f40,STU_369842,369842,SISWA_008,Kls 7_SISWA_001,2025-09-23,SEPTEMBER,Tuesday,TRUE,,NO_EXCEPTION_RECORDED,0,0,0,5,10,21,0.0,0.0,0.0,1,37,0.027027,0,42,-0.027027,0.0,0.0
rec_1b8d49d91dfc3590,STU_369842,369842,SISWA_008,Kls 7_SISWA_001,2025-09-24,SEPTEMBER,Wednesday,TRUE,,NO_EXCEPTION_RECORDED,0,0,0,5,10,22,0.0,0.0,0.0,1,38,0.026316,0,43,-0.026316,0.015385,-0.015385
rec_85241e603d04e9d5,STU_369842,369842,SISWA_008,Kls 7_SISWA_001,2025-09-25,SEPTEMBER,Thursday,TRUE,,NO_EXCEPTION_RECORDED,0,0,0,5,10,22,0.0,0.0,0.0,1,39,0.025641,0,44,-0.025641,0.046154,-0.046154
rec_694255d048c3aa36,STU_369842,369842,SISWA_008,Kls 7_SISWA_001,2025-09-26,SEPTEMBER,Friday,TRUE,,NO_EXCEPTION_RECORDED,0,0,0,5,10,22,0.0,0.0,0.0,1,40,0.025,0,45,-0.025,0.061538,-0.061538
rec_9bae04a7a8fb5ef6,STU_369842,369842,SISWA_008,Kls 7_SISWA_001,2025-09-27,SEPTEMBER,Saturday,FALSE,,NO_EXCEPTION_RECORDED,0,0,0,5,10,22,0.0,0.0,0.0,1,41,0.02439,0,46,-0.02439,0.061538,-0.061538
rec_c6af9068e5caa50d,STU_369842,369842,SISWA_008,Kls 7_SISWA_001,2025-09-28,SEPTEMBER,Sunday,FALSE,,NO_EXCEPTION_RECORDED,0,0,0,5,10,21,0.0,0.0,0.0,1,41,0.02439,0,47,-0.02439,0.061538,-0.061538
rec_730b5efcab4fd5ad,STU_369842,369842,SISWA_008,Kls 7_SISWA_001,2025-09-29,SEPTEMBER,Monday,TRUE,,NO_EXCEPTION_RECORDED,0,0,0,5,10,20,0.0,0.0,0.0,1,41,0.02439,0,48,-0.02439,0.061538,-0.061538
rec_92bd9121ba4d00bc,STU_369842,369842,SISWA_008,Kls 7_SISWA_001,2025-09-30,SEPTEMBER,Tuesday,UNKNOWN,,NO_EXCEPTION_RECORDED,0,0,0,5,10,21,0.0,0.0,0.0,1,42,0.02381,0,49,-0.02381,0.076923,-0.076923
rec_063b089279a4fb38,STU_370517,370517,SISWA_035,Kls 8_SISWA_032,2025-08-01,AGUSTUS,Friday,UNKNOWN,,NO_EXCEPTION_RECORDED,0,0,0,0,0,0,0.0,0.0,0.0,0,0,0.0,0,-1,0.0,0.0,0.0
rec_5797dd2a436eafb8,STU_370517,370517,SISWA_035,Kls 8_SISWA_032,2025-08-02,AGUSTUS,Saturday,FALSE,,NO_EXCEPTION_RECORDED,0,0,0,1,1,1,0.0,0.0,0.0,0,1,0.0,0,-1,0.0,0.0,0.0
rec_2e2e81097b0983da,STU_370517,370517,SISWA_035,Kls 8_SISWA_032,2025-08-03,AGUSTUS,Sunday,FALSE,,NO_EXCEPTION_RECORDED,0,0,0,1,1,1,0.0,0.0,0.0,0,1,0.0,0,-1,0.0,0.0,0.0
rec_b6446a5ef0a0757d,STU_370517,370517,SISWA_035,Kls 8_SISWA_032,2025-08-04,AGUSTUS,Monday,UNKNOWN,,NO_EXCEPTION_RECORDED,0,0,0,1,1,1,0.0,0.0,0.0,0,1,0.0,0,-1,0.0,0.0,0.0
rec_1388710c8514bdf5,STU_370517,370517,SISWA_035,Kls 8_SISWA_032,2025-08-05,AGUSTUS,Tuesday,TRUE,,NO_EXCEPTION_RECORDED,0,0,0,2,2,2,0.0,0.0,0.0,0,2,0.0,0,-1,0.0,0.0,0.0
rec_2e04863791ee6dfa,STU_370517,370517,SISWA_035,Kls 8_SISWA_032,2025-08-06,AGUSTUS,Wednesday,UNKNOWN,,NO_EXCEPTION_RECORDED,0,0,0,3,3,3,0.0,0.0,0.0,0,3,0.0,0,-1,0.0,0.0,0.0
rec_2b999544318443b5,STU_370517,370517,SISWA_035,Kls 8_SISWA_032,2025-08-07,AGUSTUS,Thursday,TRUE,,NO_EXCEPTION_RECORDED,0,0,0,4,4,4,0.0,0.0,0.0,0,4,0.0,0,-1,0.0,0.0,0.0
rec_e40ff0e6803939e5,STU_370517,370517,SISWA_035,Kls 8_SISWA_032,2025-08-08,AGUSTUS,Friday,TRUE,,NO_EXCEPTION_RECORDED,0,0,0,5,5,5,0.0,0.0,0.0,0,5,0.0,0,-1,0.0,0.0,0.0
rec_dfcecb682ea9d9f0,STU_370517,370517,SISWA_035,Kls 8_SISWA_032,2025-08-09,AGUSTUS,Saturday,FALSE,,NO_EXCEPTION_RECORDED,0,0,0,5,6,6,0.0,0.0,0.0,0,6,0.0,0,-1,0.0,0.0,0.0
rec_db154dbf5d5f8673,STU_370517,370517,SISWA_035,Kls 8_SISWA_032,2025-08-10,AGUSTUS,Sunday,FALSE,,NO_EXCEPTION_RECORDED,0,0,0,5,6,6,0.0,0.0,0.0,0,6,0.0,0,-1,0.0,0.0,0.0
rec_c8884e626f25e218,STU_370517,370517,SISWA_035,Kls 8_SISWA_032,2025-08-11,AGUSTUS,Monday,TRUE,,NO_EXCEPTION_RECORDED,0,0,0,5,6,6,0.0,0.0,0.0,0,6,0.0,0,-1,0.0,0.0,0.0
rec_de6630412c0c7be6,STU_370517,370517,SISWA_035,Kls 8_SISWA_032,2025-08-12,AGUSTUS,Tuesday,TRUE,,NO_EXCEPTION_RECORDED,0,0,0,5,7,7,0.0,0.0,0.0,0,7,0.0,0,-1,0.0,0.011111,-0.011111
rec_3dcf474e1b01f318,STU_370517,370517,SISWA_035,Kls 8_SISWA_032,2025-08-13,AGUSTUS,Wednesday,TRUE,,NO_EXCEPTION_RECORDED,0,0,0,5,8,8,0.0,0.0,0.0,0,8,0.0,0,-1,0.0,0.011111,-0.011111
rec_852e9bdb99177b03,STU_370517,370517,SISWA_035,Kls 8_SISWA_032,2025-08-14,AGUSTUS,Thursday,UNKNOWN,,NO_EXCEPTION_RECORDED,0,0,0,5,9,9,0.0,0.0,0.0,0,9,0.0,0,-1,0.0,0.011111,-0.011111
rec_842773a6dc2e6e8b,STU_370517,370517,SISWA_035,Kls 8_SISWA_032,2025-08-15,AGUSTUS,Friday,UNKNOWN,,NO_EXCEPTION_RECORDED,0,0,0,5,10,10,0.0,0.0,0.0,0,10,0.0,0,-1,0.0,0.011111,-0.011111
rec_a9861f6b58c8cae6,STU_370517,370517,SISWA_035,Kls 8_SISWA_032,2025-08-16,AGUSTUS,Saturday,FALSE,,NO_EXCEPTION_RECORDED,0,0,0,5,10,11,0.0,0.0,0.0,0,11,0.0,0,-1,0.0,0.011111,-0.011111
rec_12208305ba74e031,STU_370517,370517,SISWA_035,Kls 8_SISWA_032,2025-08-17,AGUSTUS,Sunday,FALSE,,NO_EXCEPTION_RECORDED,0,0,0,5,10,11,0.0,0.0,0.0,0,11,0.0,0,-1,0.0,0.011111,-0.011111
rec_7a4a09a70e307dc5,STU_370517,370517,SISWA_035,Kls 8_SISWA_032,2025-08-18,AGUSTUS,Monday,UNKNOWN,,NO_EXCEPTION_RECORDED,0,0,0,5,10,11,0.0,0.0,0.0,0,11,0.0,0,-1,0.0,0.011111,-0.011111
rec_1a51cfeaff9e5aa9,STU_370517,370517,SISWA_035,Kls 8_SISWA_032,2025-08-19,AGUSTUS,Tuesday,TRUE,,NO_EXCEPTION_RECORDED,0,0,0,5,10,12,0.0,0.0,0.0,0,12,0.0,0,-1,0.0,0.0,0.0
rec_6719b0a873dcf453,STU_370517,370517,SISWA_035,Kls 8_SISWA_032,2025-08-20,AGUSTUS,Wednesday,TRUE,,NO_EXCEPTION_RECORDED,0,0,0,5,10,13,0.0,0.0,0.0,0,13,0.0,0,-1,0.0,0.011111,-0.011111
rec_ae4baf81d4f6ce5b,STU_370517,370517,SISWA_035,Kls 8_SISWA_032,2025-08-21,AGUSTUS,Thursday,TRUE,,NO_EXCEPTION_RECORDED,0,0,0,5,10,14,0.0,0.0,0.0,0,14,0.0,0,-1,0.0,0.011111,-0.011111
rec_3c5b502fa698d6e2,STU_370517,370517,SISWA_035,Kls 8_SISWA_032,2025-08-22,AGUSTUS,Friday,UNKNOWN,,NO_EXCEPTION_RECORDED,0,0,0,5,10,15,0.0,0.0,0.0,0,15,0.0,0,-1,0.0,0.011111,-0.011111
rec_eec3309ebf9b110c,STU_370517,370517,SISWA_035,Kls 8_SISWA_032,2025-08-23,AGUSTUS,Saturday,FALSE,,NO_EXCEPTION_RECORDED,0,0,0,5,10,16,0.0,0.0,0.0,0,16,0.0,0,-1,0.0,0.011111,-0.011111
rec_602eb988fef610e6,STU_370517,370517,SISWA_035,Kls 8_SISWA_032,2025-08-24,AGUSTUS,Sunday,FALSE,,NO_EXCEPTION_RECORDED,0,0,0,5,10,16,0.0,0.0,0.0,0,16,0.0,0,-1,0.0,0.011111,-0.011111
rec_191e67e0511cdc6f,STU_370517,370517,SISWA_035,Kls 8_SISWA_032,2025-08-25,AGUSTUS,Monday,TRUE,,NO_EXCEPTION_RECORDED,0,0,0,5,10,16,0.0,0.0,0.0,0,16,0.0,0,-1,0.0,0.011111,-0.011111
rec_c79f2ac216f7f410,STU_370517,370517,SISWA_035,Kls 8_SISWA_032,2025-08-26,AGUSTUS,Tuesday,TRUE,,NO_EXCEPTION_RECORDED,0,0,0,5,10,17,0.0,0.0,0.0,0,17,0.0,0,-1,0.0,0.011111,-0.011111
rec_afce145a14b46e26,STU_370517,370517,SISWA_035,Kls 8_SISWA_032,2025-08-27,AGUSTUS,Wednesday,TRUE,,NO_EXCEPTION_RECORDED,0,0,0,5,10,18,0.0,0.0,0.0,0,18,0.0,0,-1,0.0,0.011111,-0.011111
rec_7f96e3527101bc21,STU_370517,370517,SISWA_035,Kls 8_SISWA_032,2025-08-28,AGUSTUS,Thursday,TRUE,,NO_EXCEPTION_RECORDED,0,0,0,5,10,19,0.0,0.0,0.0,0,19,0.0,0,-1,0.0,0.011111,-0.011111
rec_6754ce93350cba73,STU_370517,370517,SISWA_035,Kls 8_SISWA_032,2025-08-29,AGUSTUS,Friday,TRUE,,NO_EXCEPTION_RECORDED,0,0,0,5,10,20,0.0,0.0,0.0,0,20,0.0,0,-1,0.0,0.022222,-0.022222
rec_8d2e89ac9c4c0e1e,STU_370517,370517,SISWA_035,Kls 8_SISWA_032,2025-08-30,AGUSTUS,Saturday,FALSE,,NO_EXCEPTION_RECORDED,0,0,0,5,10,21,0.0,0.0,0.0,0,21,0.0,0,-1,0.0,0.022222,-0.022222
rec_282e998a1b1ce7c1,STU_370517,370517,SISWA_035,Kls 8_SISWA_032,2025-08-31,AGUSTUS,Sunday,FALSE,,NO_EXCEPTION_RECORDED,0,0,0,5,10,21,0.0,0.0,0.0,0,21,0.0,0,-1,0.0,0.022222,-0.022222
rec_6cb91db48515356d,STU_370517,370517,SISWA_035,Kls 8_SISWA_032,2025-09-01,SEPTEMBER,Monday,TRUE,,NO_EXCEPTION_RECORDED,0,0,0,5,10,20,0.0,0.0,0.0,0,21,0.0,0,-1,0.0,0.022222,-0.022222
rec_5daea54768622c6b,STU_370517,370517,SISWA_035,Kls 8_SISWA_032,2025-09-02,SEPTEMBER,Tuesday,TRUE,,NO_EXCEPTION_RECORDED,0,0,0,5,10,21,0.0,0.0,0.0,0,22,0.0,0,-1,0.0,0.022222,-0.022222
rec_bb06c95bb63ece2f,STU_370517,370517,SISWA_035,Kls 8_SISWA_032,2025-09-03,SEPTEMBER,Wednesday,TRUE,,NO_EXCEPTION_RECORDED,0,0,0,5,10,22,0.0,0.0,0.0,0,23,0.0,0,-1,0.0,0.011111,-0.011111
rec_9e06f8ba724d64ab,STU_370517,370517,SISWA_035,Kls 8_SISWA_032,2025-09-04,SEPTEMBER,Thursday,TRUE,,NO_EXCEPTION_RECORDED,0,0,0,5,10,22,0.0,0.0,0.0,0,24,0.0,0,-1,0.0,0.011111,-0.011111
rec_0dbcf749add976c3,STU_370517,370517,SISWA_035,Kls 8_SISWA_032,2025-09-05,SEPTEMBER,Friday,UNKNOWN,,NO_EXCEPTION_RECORDED,0,0,0,5,10,22,0.0,0.0,0.0,0,25,0.0,0,-1,0.0,0.0,0.0
rec_b411bd23a8780af0,STU_370517,370517,SISWA_035,Kls 8_SISWA_032,2025-09-06,SEPTEMBER,Saturday,FALSE,,NO_EXCEPTION_RECORDED,0,0,0,5,10,22,0.0,0.0,0.0,0,26,0.0,0,-1,0.0,0.0,0.0
rec_c739920d7adad676,STU_370517,370517,SISWA_035,Kls 8_SISWA_032,2025-09-07,SEPTEMBER,Sunday,FALSE,,NO_EXCEPTION_RECORDED,0,0,0,5,10,21,0.0,0.0,0.0,0,26,0.0,0,-1,0.0,0.0,0.0
rec_bd20f004f360bbfa,STU_370517,370517,SISWA_035,Kls 8_SISWA_032,2025-09-08,SEPTEMBER,Monday,TRUE,,NO_EXCEPTION_RECORDED,0,0,0,5,10,20,0.0,0.0,0.0,0,26,0.0,0,-1,0.0,0.0,0.0
rec_ab6becfcd39f1af3,STU_370517,370517,SISWA_035,Kls 8_SISWA_032,2025-09-09,SEPTEMBER,Tuesday,TRUE,,NO_EXCEPTION_RECORDED,0,0,0,5,10,21,0.0,0.0,0.0,0,27,0.0,0,-1,0.0,0.0,0.0
rec_50921da828210aa0,STU_370517,370517,SISWA_035,Kls 8_SISWA_032,2025-09-10,SEPTEMBER,Wednesday,TRUE,s,SOURCE_MARK_S,0,0,0,5,10,22,0.0,0.0,0.0,0,28,0.0,0,-1,0.0,0.0,0.0
rec_008df11e769e99a2,STU_370517,370517,SISWA_035,Kls 8_SISWA_032,2025-09-11,SEPTEMBER,Thursday,TRUE,,NO_EXCEPTION_RECORDED,1,1,1,5,10,22,0.2,0.1,0.045455,1,29,0.034483,1,1,0.165517,0.0,0.2
rec_4d928ae16d986209,STU_370517,370517,SISWA_035,Kls 8_SISWA_032,2025-09-12,SEPTEMBER,Friday,TRUE,s,SOURCE_MARK_S,1,1,1,5,10,22,0.2,0.1,0.045455,1,30,0.033333,0,2,0.166667,0.0,0.2
rec_b9c2d6051940b08f,STU_370517,370517,SISWA_035,Kls 8_SISWA_032,2025-09-13,SEPTEMBER,Saturday,FALSE,,NO_EXCEPTION_RECORDED,2,2,2,5,10,22,0.4,0.2,0.090909,2,31,0.064516,1,1,0.335484,0.0,0.4
rec_54579cb3863d9cff,STU_370517,370517,SISWA_035,Kls 8_SISWA_032,2025-09-14,SEPTEMBER,Sunday,FALSE,,NO_EXCEPTION_RECORDED,2,2,2,5,10,21,0.4,0.2,0.095238,2,31,0.064516,1,2,0.335484,0.0,0.4
rec_8193e75086e1b186,STU_370517,370517,SISWA_035,Kls 8_SISWA_032,2025-09-15,SEPTEMBER,Monday,TRUE,,NO_EXCEPTION_RECORDED,2,2,2,5,10,20,0.4,0.2,0.1,2,31,0.064516,1,3,0.335484,0.0,0.4
rec_4f9dc1e253087cf4,STU_370517,370517,SISWA_035,Kls 8_SISWA_032,2025-09-16,SEPTEMBER,Tuesday,TRUE,,NO_EXCEPTION_RECORDED,2,2,2,5,10,21,0.4,0.2,0.095238,2,32,0.0625,0,4,0.3375,0.022222,0.377778
rec_5403893b0b83089d,STU_370517,370517,SISWA_035,Kls 8_SISWA_032,2025-09-17,SEPTEMBER,Wednesday,TRUE,,NO_EXCEPTION_RECORDED,2,2,2,5,10,22,0.4,0.2,0.090909,2,33,0.060606,0,5,0.339394,0.033333,0.366667
rec_88b3a99987e3b352,STU_370517,370517,SISWA_035,Kls 8_SISWA_032,2025-09-18,SEPTEMBER,Thursday,TRUE,,NO_EXCEPTION_RECORDED,1,2,2,5,10,22,0.2,0.2,0.090909,2,34,0.058824,0,6,0.141176,0.033333,0.166667
rec_9b58d47bc471931c,STU_370517,370517,SISWA_035,Kls 8_SISWA_032,2025-09-19,SEPTEMBER,Friday,TRUE,,NO_EXCEPTION_RECORDED,1,2,2,5,10,22,0.2,0.2,0.090909,2,35,0.057143,0,7,0.142857,0.033333,0.166667
rec_cbfbaef3c90f86fd,STU_370517,370517,SISWA_035,Kls 8_SISWA_032,2025-09-20,SEPTEMBER,Saturday,FALSE,,NO_EXCEPTION_RECORDED,0,2,2,5,10,22,0.0,0.2,0.090909,2,36,0.055556,0,8,-0.055556,0.033333,-0.033333
rec_bceeb0368e4bff2a,STU_370517,370517,SISWA_035,Kls 8_SISWA_032,2025-09-21,SEPTEMBER,Sunday,FALSE,,NO_EXCEPTION_RECORDED,0,2,2,5,10,21,0.0,0.2,0.095238,2,36,0.055556,0,9,-0.055556,0.033333,-0.033333
rec_4ebc4e3a37b25bbb,STU_370517,370517,SISWA_035,Kls 8_SISWA_032,2025-09-22,SEPTEMBER,Monday,TRUE,,NO_EXCEPTION_RECORDED,0,2,2,5,10,20,0.0,0.2,0.1,2,36,0.055556,0,10,-0.055556,0.033333,-0.033333
rec_e8d6438ea272ccf3,STU_370517,370517,SISWA_035,Kls 8_SISWA_032,2025-09-23,SEPTEMBER,Tuesday,TRUE,,NO_EXCEPTION_RECORDED,0,2,2,5,10,21,0.0,0.2,0.095238,2,37,0.054054,0,11,-0.054054,0.011111,-0.011111
rec_bcadba60c95bb49f,STU_370517,370517,SISWA_035,Kls 8_SISWA_032,2025-09-24,SEPTEMBER,Wednesday,TRUE,,NO_EXCEPTION_RECORDED,0,2,2,5,10,22,0.0,0.2,0.090909,2,38,0.052632,0,12,-0.052632,0.0,0.0
rec_a2984b72a1f46a80,STU_370517,370517,SISWA_035,Kls 8_SISWA_032,2025-09-25,SEPTEMBER,Thursday,TRUE,,NO_EXCEPTION_RECORDED,0,1,2,5,10,22,0.0,0.1,0.090909,2,39,0.051282,0,13,-0.051282,0.0,0.0
rec_7a362edb1a96bbe9,STU_370517,370517,SISWA_035,Kls 8_SISWA_032,2025-09-26,SEPTEMBER,Friday,TRUE,,NO_EXCEPTION_RECORDED,0,1,2,5,10,22,0.0,0.1,0.090909,2,40,0.05,0,14,-0.05,0.0,0.0
rec_786756e8af096ee1,STU_370517,370517,SISWA_035,Kls 8_SISWA_032,2025-09-27,SEPTEMBER,Saturday,FALSE,,NO_EXCEPTION_RECORDED,0,0,2,5,10,22,0.0,0.0,0.090909,2,41,0.04878,0,15,-0.04878,0.011111,-0.011111
rec_296a4b5a031a9f20,STU_370517,370517,SISWA_035,Kls 8_SISWA_032,2025-09-28,SEPTEMBER,Sunday,FALSE,,NO_EXCEPTION_RECORDED,0,0,2,5,10,21,0.0,0.0,0.095238,2,41,0.04878,0,16,-0.04878,0.011111,-0.011111
rec_d23c2d8f2f79ded5,STU_370517,370517,SISWA_035,Kls 8_SISWA_032,2025-09-29,SEPTEMBER,Monday,TRUE,,NO_EXCEPTION_RECORDED,0,0,2,5,10,20,0.0,0.0,0.1,2,41,0.04878,0,17,-0.04878,0.011111,-0.011111
rec_f45dd0cbd41aa871,STU_370517,370517,SISWA_035,Kls 8_SISWA_032,2025-09-30,SEPTEMBER,Tuesday,UNKNOWN,,NO_EXCEPTION_RECORDED,0,0,2,5,10,21,0.0,0.0,0.095238,2,42,0.047619,0,18,-0.047619,0.022222,-0.022222
rec_767c0599a527ca1e,STU_370838,370838,SISWA_074,Kls 9_SISWA_072,2025-08-01,AGUSTUS,Friday,UNKNOWN,,NO_EXCEPTION_RECORDED,0,0,0,0,0,0,0.0,0.0,0.0,0,0,0.0,0,-1,0.0,0.0,0.0
rec_52cc5b010c3e70f6,STU_370838,370838,SISWA_074,Kls 9_SISWA_072,2025-08-02,AGUSTUS,Saturday,FALSE,,NO_EXCEPTION_RECORDED,0,0,0,1,1,1,0.0,0.0,0.0,0,1,0.0,0,-1,0.0,0.0,0.0
rec_dc7359ce81b6f255,STU_370838,370838,SISWA_074,Kls 9_SISWA_072,2025-08-03,AGUSTUS,Sunday,FALSE,,NO_EXCEPTION_RECORDED,0,0,0,1,1,1,0.0,0.0,0.0,0,1,0.0,0,-1,0.0,0.0,0.0
rec_d2e217de3195cc41,STU_370838,370838,SISWA_074,Kls 9_SISWA_072,2025-08-04,AGUSTUS,Monday,UNKNOWN,,NO_EXCEPTION_RECORDED,0,0,0,1,1,1,0.0,0.0,0.0,0,1,0.0,0,-1,0.0,0.0,0.0
rec_4a9c32f99b1a5b51,STU_370838,370838,SISWA_074,Kls 9_SISWA_072,2025-08-05,AGUSTUS,Tuesday,TRUE,,NO_EXCEPTION_RECORDED,0,0,0,2,2,2,0.0,0.0,0.0,0,2,0.0,0,-1,0.0,0.0,0.0
rec_4ad4bbe9f2b9f55b,STU_370838,370838,SISWA_074,Kls 9_SISWA_072,2025-08-06,AGUSTUS,Wednesday,UNKNOWN,,NO_EXCEPTION_RECORDED,0,0,0,3,3,3,0.0,0.0,0.0,0,3,0.0,0,-1,0.0,0.0,0.0
rec_99adbb4d7dd737f2,STU_370838,370838,SISWA_074,Kls 9_SISWA_072,2025-08-07,AGUSTUS,Thursday,TRUE,,NO_EXCEPTION_RECORDED,0,0,0,4,4,4,0.0,0.0,0.0,0,4,0.0,0,-1,0.0,0.0,0.0
rec_42e13bc8b934db53,STU_370838,370838,SISWA_074,Kls 9_SISWA_072,2025-08-08,AGUSTUS,Friday,TRUE,,NO_EXCEPTION_RECORDED,0,0,0,5,5,5,0.0,0.0,0.0,0,5,0.0,0,-1,0.0,0.0,0.0
rec_7994bd07c02b1b06,STU_370838,370838,SISWA_074,Kls 9_SISWA_072,2025-08-09,AGUSTUS,Saturday,FALSE,,NO_EXCEPTION_RECORDED,0,0,0,5,6,6,0.0,0.0,0.0,0,6,0.0,0,-1,0.0,0.0,0.0
rec_e476601b05b0a640,STU_370838,370838,SISWA_074,Kls 9_SISWA_072,2025-08-10,AGUSTUS,Sunday,FALSE,,NO_EXCEPTION_RECORDED,0,0,0,5,6,6,0.0,0.0,0.0,0,6,0.0,0,-1,0.0,0.0,0.0
rec_0620862ffc813b4f,STU_370838,370838,SISWA_074,Kls 9_SISWA_072,2025-08-11,AGUSTUS,Monday,TRUE,,NO_EXCEPTION_RECORDED,0,0,0,5,6,6,0.0,0.0,0.0,0,6,0.0,0,-1,0.0,0.0,0.0
rec_31423ab1dbd6bf89,STU_370838,370838,SISWA_074,Kls 9_SISWA_072,2025-08-12,AGUSTUS,Tuesday,TRUE,,NO_EXCEPTION_RECORDED,0,0,0,5,7,7,0.0,0.0,0.0,0,7,0.0,0,-1,0.0,0.0,0.0
rec_283613c1857d9d44,STU_370838,370838,SISWA_074,Kls 9_SISWA_072,2025-08-13,AGUSTUS,Wednesday,TRUE,,NO_EXCEPTION_RECORDED,0,0,0,5,8,8,0.0,0.0,0.0,0,8,0.0,0,-1,0.0,0.0,0.0
rec_34853b730fb44085,STU_370838,370838,SISWA_074,Kls 9_SISWA_072,2025-08-14,AGUSTUS,Thursday,UNKNOWN,,NO_EXCEPTION_RECORDED,0,0,0,5,9,9,0.0,0.0,0.0,0,9,0.0,0,-1,0.0,0.0,0.0
rec_499410b6bb45ecae,STU_370838,370838,SISWA_074,Kls 9_SISWA_072,2025-08-15,AGUSTUS,Friday,UNKNOWN,,NO_EXCEPTION_RECORDED,0,0,0,5,10,10,0.0,0.0,0.0,0,10,0.0,0,-1,0.0,0.0,0.0
rec_13751f9793e21afe,STU_370838,370838,SISWA_074,Kls 9_SISWA_072,2025-08-16,AGUSTUS,Saturday,FALSE,,NO_EXCEPTION_RECORDED,0,0,0,5,10,11,0.0,0.0,0.0,0,11,0.0,0,-1,0.0,0.0,0.0
rec_af2e2f31e229612a,STU_370838,370838,SISWA_074,Kls 9_SISWA_072,2025-08-17,AGUSTUS,Sunday,FALSE,,NO_EXCEPTION_RECORDED,0,0,0,5,10,11,0.0,0.0,0.0,0,11,0.0,0,-1,0.0,0.0,0.0
rec_562ee771eae81d71,STU_370838,370838,SISWA_074,Kls 9_SISWA_072,2025-08-18,AGUSTUS,Monday,UNKNOWN,,NO_EXCEPTION_RECORDED,0,0,0,5,10,11,0.0,0.0,0.0,0,11,0.0,0,-1,0.0,0.0,0.0
rec_b087a3763b54f988,STU_370838,370838,SISWA_074,Kls 9_SISWA_072,2025-08-19,AGUSTUS,Tuesday,TRUE,,NO_EXCEPTION_RECORDED,0,0,0,5,10,12,0.0,0.0,0.0,0,12,0.0,0,-1,0.0,0.0,0.0
rec_857302f6bdacf51b,STU_370838,370838,SISWA_074,Kls 9_SISWA_072,2025-08-20,AGUSTUS,Wednesday,TRUE,,NO_EXCEPTION_RECORDED,0,0,0,5,10,13,0.0,0.0,0.0,0,13,0.0,0,-1,0.0,0.0,0.0
rec_60e7e544faf769c4,STU_370838,370838,SISWA_074,Kls 9_SISWA_072,2025-08-21,AGUSTUS,Thursday,TRUE,,NO_EXCEPTION_RECORDED,0,0,0,5,10,14,0.0,0.0,0.0,0,14,0.0,0,-1,0.0,0.0,0.0
rec_8f1aa5a616968ea7,STU_370838,370838,SISWA_074,Kls 9_SISWA_072,2025-08-22,AGUSTUS,Friday,UNKNOWN,,NO_EXCEPTION_RECORDED,0,0,0,5,10,15,0.0,0.0,0.0,0,15,0.0,0,-1,0.0,0.0,0.0
rec_6aae2d78cc4cdca6,STU_370838,370838,SISWA_074,Kls 9_SISWA_072,2025-08-23,AGUSTUS,Saturday,FALSE,,NO_EXCEPTION_RECORDED,0,0,0,5,10,16,0.0,0.0,0.0,0,16,0.0,0,-1,0.0,0.0,0.0
rec_ec77828c9165d77b,STU_370838,370838,SISWA_074,Kls 9_SISWA_072,2025-08-24,AGUSTUS,Sunday,FALSE,,NO_EXCEPTION_RECORDED,0,0,0,5,10,16,0.0,0.0,0.0,0,16,0.0,0,-1,0.0,0.0,0.0
rec_a3add10eee034789,STU_370838,370838,SISWA_074,Kls 9_SISWA_072,2025-08-25,AGUSTUS,Monday,TRUE,,NO_EXCEPTION_RECORDED,0,0,0,5,10,16,0.0,0.0,0.0,0,16,0.0,0,-1,0.0,0.0,0.0
rec_e3f3532652f12398,STU_370838,370838,SISWA_074,Kls 9_SISWA_072,2025-08-26,AGUSTUS,Tuesday,TRUE,,NO_EXCEPTION_RECORDED,0,0,0,5,10,17,0.0,0.0,0.0,0,17,0.0,0,-1,0.0,0.0,0.0
rec_17f0efd26a3aa9ee,STU_370838,370838,SISWA_074,Kls 9_SISWA_072,2025-08-27,AGUSTUS,Wednesday,TRUE,,NO_EXCEPTION_RECORDED,0,0,0,5,10,18,0.0,0.0,0.0,0,18,0.0,0,-1,0.0,0.018182,-0.018182
rec_4d5406f0b5668d28,STU_370838,370838,SISWA_074,Kls 9_SISWA_072,2025-08-28,AGUSTUS,Thursday,TRUE,,NO_EXCEPTION_RECORDED,0,0,0,5,10,19,0.0,0.0,0.0,0,19,0.0,0,-1,0.0,0.018182,-0.018182
rec_1b540695960d55d5,STU_370838,370838,SISWA_074,Kls 9_SISWA_072,2025-08-29,AGUSTUS,Friday,TRUE,,NO_EXCEPTION_RECORDED,0,0,0,5,10,20,0.0,0.0,0.0,0,20,0.0,0,-1,0.0,0.036364,-0.036364
rec_53483e0e68149604,STU_370838,370838,SISWA_074,Kls 9_SISWA_072,2025-08-30,AGUSTUS,Saturday,FALSE,,NO_EXCEPTION_RECORDED,0,0,0,5,10,21,0.0,0.0,0.0,0,21,0.0,0,-1,0.0,0.036364,-0.036364
rec_2225f4ff0425f45c,STU_370838,370838,SISWA_074,Kls 9_SISWA_072,2025-08-31,AGUSTUS,Sunday,FALSE,,NO_EXCEPTION_RECORDED,0,0,0,5,10,21,0.0,0.0,0.0,0,21,0.0,0,-1,0.0,0.036364,-0.036364
rec_1cdf5dd98ec1f1f1,STU_370838,370838,SISWA_074,Kls 9_SISWA_072,2025-09-01,SEPTEMBER,Monday,TRUE,,NO_EXCEPTION_RECORDED,0,0,0,5,10,20,0.0,0.0,0.0,0,21,0.0,0,-1,0.0,0.036364,-0.036364
rec_d4c87641e2178c44,STU_370838,370838,SISWA_074,Kls 9_SISWA_072,2025-09-02,SEPTEMBER,Tuesday,TRUE,,NO_EXCEPTION_RECORDED,0,0,0,5,10,21,0.0,0.0,0.0,0,22,0.0,0,-1,0.0,0.036364,-0.036364
rec_0e2edccf23de9d6e,STU_370838,370838,SISWA_074,Kls 9_SISWA_072,2025-09-03,SEPTEMBER,Wednesday,TRUE,,NO_EXCEPTION_RECORDED,0,0,0,5,10,22,0.0,0.0,0.0,0,23,0.0,0,-1,0.0,0.036364,-0.036364
rec_b8a1d90e3b5067cc,STU_370838,370838,SISWA_074,Kls 9_SISWA_072,2025-09-04,SEPTEMBER,Thursday,TRUE,,NO_EXCEPTION_RECORDED,0,0,0,5,10,22,0.0,0.0,0.0,0,24,0.0,0,-1,0.0,0.054545,-0.054545
rec_af7191fce0492a8f,STU_370838,370838,SISWA_074,Kls 9_SISWA_072,2025-09-05,SEPTEMBER,Friday,UNKNOWN,,NO_EXCEPTION_RECORDED,0,0,0,5,10,22,0.0,0.0,0.0,0,25,0.0,0,-1,0.0,0.072727,-0.072727
rec_a6ef369b9cadaf89,STU_370838,370838,SISWA_074,Kls 9_SISWA_072,2025-09-06,SEPTEMBER,Saturday,FALSE,,NO_EXCEPTION_RECORDED,0,0,0,5,10,22,0.0,0.0,0.0,0,26,0.0,0,-1,0.0,0.072727,-0.072727
rec_3a08ea0e9e130a1c,STU_370838,370838,SISWA_074,Kls 9_SISWA_072,2025-09-07,SEPTEMBER,Sunday,FALSE,,NO_EXCEPTION_RECORDED,0,0,0,5,10,21,0.0,0.0,0.0,0,26,0.0,0,-1,0.0,0.072727,-0.072727
rec_50fbd006a38dfb77,STU_370838,370838,SISWA_074,Kls 9_SISWA_072,2025-09-08,SEPTEMBER,Monday,TRUE,,NO_EXCEPTION_RECORDED,0,0,0,5,10,20,0.0,0.0,0.0,0,26,0.0,0,-1,0.0,0.072727,-0.072727
rec_26d78fffadb23aea,STU_370838,370838,SISWA_074,Kls 9_SISWA_072,2025-09-09,SEPTEMBER,Tuesday,TRUE,s,SOURCE_MARK_S,0,0,0,5,10,21,0.0,0.0,0.0,0,27,0.0,0,-1,0.0,0.072727,-0.072727
rec_35356f81933d1250,STU_370838,370838,SISWA_074,Kls 9_SISWA_072,2025-09-10,SEPTEMBER,Wednesday,TRUE,,NO_EXCEPTION_RECORDED,1,1,1,5,10,22,0.2,0.1,0.045455,1,28,0.035714,1,1,0.164286,0.072727,0.127273
rec_144853394e0c9ff3,STU_370838,370838,SISWA_074,Kls 9_SISWA_072,2025-09-11,SEPTEMBER,Thursday,TRUE,,NO_EXCEPTION_RECORDED,1,1,1,5,10,22,0.2,0.1,0.045455,1,29,0.034483,0,2,0.165517,0.072727,0.127273
rec_24aebe8541a80e06,STU_370838,370838,SISWA_074,Kls 9_SISWA_072,2025-09-12,SEPTEMBER,Friday,TRUE,,NO_EXCEPTION_RECORDED,1,1,1,5,10,22,0.2,0.1,0.045455,1,30,0.033333,0,3,0.166667,0.054545,0.145455
rec_4992235a9af01301,STU_370838,370838,SISWA_074,Kls 9_SISWA_072,2025-09-13,SEPTEMBER,Saturday,FALSE,,NO_EXCEPTION_RECORDED,1,1,1,5,10,22,0.2,0.1,0.045455,1,31,0.032258,0,4,0.167742,0.054545,0.145455
rec_237ccbff7944affc,STU_370838,370838,SISWA_074,Kls 9_SISWA_072,2025-09-14,SEPTEMBER,Sunday,FALSE,,NO_EXCEPTION_RECORDED,1,1,1,5,10,21,0.2,0.1,0.047619,1,31,0.032258,0,5,0.167742,0.054545,0.145455
rec_e78dc148a6488442,STU_370838,370838,SISWA_074,Kls 9_SISWA_072,2025-09-15,SEPTEMBER,Monday,TRUE,,NO_EXCEPTION_RECORDED,1,1,1,5,10,20,0.2,0.1,0.05,1,31,0.032258,0,6,0.167742,0.054545,0.145455
rec_1addb0a26b407916,STU_370838,370838,SISWA_074,Kls 9_SISWA_072,2025-09-16,SEPTEMBER,Tuesday,TRUE,,NO_EXCEPTION_RECORDED,1,1,1,5,10,21,0.2,0.1,0.047619,1,32,0.03125,0,7,0.16875,0.054545,0.145455
rec_00faf93b9083ad74,STU_370838,370838,SISWA_074,Kls 9_SISWA_072,2025-09-17,SEPTEMBER,Wednesday,TRUE,,NO_EXCEPTION_RECORDED,0,1,1,5,10,22,0.0,0.1,0.045455,1,33,0.030303,0,8,-0.030303,0.036364,-0.036364
rec_00fda7c1567fe95a,STU_370838,370838,SISWA_074,Kls 9_SISWA_072,2025-09-18,SEPTEMBER,Thursday,TRUE,,NO_EXCEPTION_RECORDED,0,1,1,5,10,22,0.0,0.1,0.045455,1,34,0.029412,0,9,-0.029412,0.036364,-0.036364
rec_7edf5e1da8b83941,STU_370838,370838,SISWA_074,Kls 9_SISWA_072,2025-09-19,SEPTEMBER,Friday,TRUE,,NO_EXCEPTION_RECORDED,0,1,1,5,10,22,0.0,0.1,0.045455,1,35,0.028571,0,10,-0.028571,0.036364,-0.036364
rec_1bcef06f09b95f65,STU_370838,370838,SISWA_074,Kls 9_SISWA_072,2025-09-20,SEPTEMBER,Saturday,FALSE,,NO_EXCEPTION_RECORDED,0,1,1,5,10,22,0.0,0.1,0.045455,1,36,0.027778,0,11,-0.027778,0.054545,-0.054545
rec_8718e948ab2ab3ef,STU_370838,370838,SISWA_074,Kls 9_SISWA_072,2025-09-21,SEPTEMBER,Sunday,FALSE,,NO_EXCEPTION_RECORDED,0,1,1,5,10,21,0.0,0.1,0.047619,1,36,0.027778,0,12,-0.027778,0.054545,-0.054545
rec_f7ca07c1d8e979a0,STU_370838,370838,SISWA_074,Kls 9_SISWA_072,2025-09-22,SEPTEMBER,Monday,TRUE,,NO_EXCEPTION_RECORDED,0,1,1,5,10,20,0.0,0.1,0.05,1,36,0.027778,0,13,-0.027778,0.054545,-0.054545
rec_a5b3804d25448732,STU_370838,370838,SISWA_074,Kls 9_SISWA_072,2025-09-23,SEPTEMBER,Tuesday,TRUE,,NO_EXCEPTION_RECORDED,0,1,1,5,10,21,0.0,0.1,0.047619,1,37,0.027027,0,14,-0.027027,0.145455,-0.145455
rec_5ba567417cd7c24e,STU_370838,370838,SISWA_074,Kls 9_SISWA_072,2025-09-24,SEPTEMBER,Wednesday,TRUE,,NO_EXCEPTION_RECORDED,0,0,1,5,10,22,0.0,0.0,0.045455,1,38,0.026316,0,15,-0.026316,0.236364,-0.236364
rec_0720ad7821d33a62,STU_370838,370838,SISWA_074,Kls 9_SISWA_072,2025-09-25,SEPTEMBER,Thursday,TRUE,,NO_EXCEPTION_RECORDED,0,0,1,5,10,22,0.0,0.0,0.045455,1,39,0.025641,0,16,-0.025641,0.309091,-0.309091
rec_89c44fb95a75c708,STU_370838,370838,SISWA_074,Kls 9_SISWA_072,2025-09-26,SEPTEMBER,Friday,TRUE,,NO_EXCEPTION_RECORDED,0,0,1,5,10,22,0.0,0.0,0.045455,1,40,0.025,0,17,-0.025,0.345455,-0.345455
rec_95b20d9ef09579c5,STU_370838,370838,SISWA_074,Kls 9_SISWA_072,2025-09-27,SEPTEMBER,Saturday,FALSE,,NO_EXCEPTION_RECORDED,0,0,1,5,10,22,0.0,0.0,0.045455,1,41,0.02439,0,18,-0.02439,0.363636,-0.363636
rec_4e02a7a41a79ffa1,STU_370838,370838,SISWA_074,Kls 9_SISWA_072,2025-09-28,SEPTEMBER,Sunday,FALSE,,NO_EXCEPTION_RECORDED,0,0,1,5,10,21,0.0,0.0,0.047619,1,41,0.02439,0,19,-0.02439,0.363636,-0.363636
rec_1154c72ea84976f1,STU_370838,370838,SISWA_074,Kls 9_SISWA_072,2025-09-29,SEPTEMBER,Monday,TRUE,,NO_EXCEPTION_RECORDED,0,0,1,5,10,20,0.0,0.0,0.05,1,41,0.02439,0,20,-0.02439,0.363636,-0.363636
rec_97a0957b39ffcd75,STU_370838,370838,SISWA_074,Kls 9_SISWA_072,2025-09-30,SEPTEMBER,Tuesday,UNKNOWN,,NO_EXCEPTION_RECORDED,0,0,1,5,10,21,0.0,0.0,0.047619,1,42,0.02381,0,21,-0.02381,0.290909,-0.290909
rec_c880a6537629c741,STU_383686,383686,SISWA_011,Kls 7_SISWA_001,2025-08-01,AGUSTUS,Friday,UNKNOWN,,NO_EXCEPTION_RECORDED,0,0,0,0,0,0,0.0,0.0,0.0,0,0,0.0,0,-1,0.0,0.0,0.0
rec_8377f69e630df188,STU_383686,383686,SISWA_011,Kls 7_SISWA_001,2025-08-02,AGUSTUS,Saturday,FALSE,,NO_EXCEPTION_RECORDED,0,0,0,1,1,1,0.0,0.0,0.0,0,1,0.0,0,-1,0.0,0.0,0.0
rec_fc4720209f2ea96d,STU_383686,383686,SISWA_011,Kls 7_SISWA_001,2025-08-03,AGUSTUS,Sunday,FALSE,,NO_EXCEPTION_RECORDED,0,0,0,1,1,1,0.0,0.0,0.0,0,1,0.0,0,-1,0.0,0.0,0.0
rec_3ebe20411ed76d77,STU_383686,383686,SISWA_011,Kls 7_SISWA_001,2025-08-04,AGUSTUS,Monday,UNKNOWN,,NO_EXCEPTION_RECORDED,0,0,0,1,1,1,0.0,0.0,0.0,0,1,0.0,0,-1,0.0,0.0,0.0
rec_c7b57e3bdc65edb8,STU_383686,383686,SISWA_011,Kls 7_SISWA_001,2025-08-05,AGUSTUS,Tuesday,TRUE,,NO_EXCEPTION_RECORDED,0,0,0,2,2,2,0.0,0.0,0.0,0,2,0.0,0,-1,0.0,0.0,0.0
rec_64e7fc9881dd06a0,STU_383686,383686,SISWA_011,Kls 7_SISWA_001,2025-08-06,AGUSTUS,Wednesday,UNKNOWN,,NO_EXCEPTION_RECORDED,0,0,0,3,3,3,0.0,0.0,0.0,0,3,0.0,0,-1,0.0,0.0,0.0
rec_f7dba201afe289e6,STU_383686,383686,SISWA_011,Kls 7_SISWA_001,2025-08-07,AGUSTUS,Thursday,TRUE,,NO_EXCEPTION_RECORDED,0,0,0,4,4,4,0.0,0.0,0.0,0,4,0.0,0,-1,0.0,0.0,0.0
rec_85c6c9b9927f1708,STU_383686,383686,SISWA_011,Kls 7_SISWA_001,2025-08-08,AGUSTUS,Friday,TRUE,,NO_EXCEPTION_RECORDED,0,0,0,5,5,5,0.0,0.0,0.0,0,5,0.0,0,-1,0.0,0.0,0.0
rec_420692d18a2eaff3,STU_383686,383686,SISWA_011,Kls 7_SISWA_001,2025-08-09,AGUSTUS,Saturday,FALSE,,NO_EXCEPTION_RECORDED,0,0,0,5,6,6,0.0,0.0,0.0,0,6,0.0,0,-1,0.0,0.0,0.0
rec_d796a81b73b40814,STU_383686,383686,SISWA_011,Kls 7_SISWA_001,2025-08-10,AGUSTUS,Sunday,FALSE,,NO_EXCEPTION_RECORDED,0,0,0,5,6,6,0.0,0.0,0.0,0,6,0.0,0,-1,0.0,0.0,0.0
rec_5397898fbf4b9ca8,STU_383686,383686,SISWA_011,Kls 7_SISWA_001,2025-08-11,AGUSTUS,Monday,TRUE,,NO_EXCEPTION_RECORDED,0,0,0,5,6,6,0.0,0.0,0.0,0,6,0.0,0,-1,0.0,0.0,0.0
rec_79d216c55c4202e0,STU_383686,383686,SISWA_011,Kls 7_SISWA_001,2025-08-12,AGUSTUS,Tuesday,TRUE,,NO_EXCEPTION_RECORDED,0,0,0,5,7,7,0.0,0.0,0.0,0,7,0.0,0,-1,0.0,0.0,0.0
rec_35af67755d2f4e5e,STU_383686,383686,SISWA_011,Kls 7_SISWA_001,2025-08-13,AGUSTUS,Wednesday,TRUE,,NO_EXCEPTION_RECORDED,0,0,0,5,8,8,0.0,0.0,0.0,0,8,0.0,0,-1,0.0,0.015385,-0.015385
rec_56175bae88957737,STU_383686,383686,SISWA_011,Kls 7_SISWA_001,2025-08-14,AGUSTUS,Thursday,UNKNOWN,,NO_EXCEPTION_RECORDED,0,0,0,5,9,9,0.0,0.0,0.0,0,9,0.0,0,-1,0.0,0.015385,-0.015385
rec_3acb6c9a6e9fb31e,STU_383686,383686,SISWA_011,Kls 7_SISWA_001,2025-08-15,AGUSTUS,Friday,UNKNOWN,,NO_EXCEPTION_RECORDED,0,0,0,5,10,10,0.0,0.0,0.0,0,10,0.0,0,-1,0.0,0.015385,-0.015385
rec_b3f3da1f438a1fb3,STU_383686,383686,SISWA_011,Kls 7_SISWA_001,2025-08-16,AGUSTUS,Saturday,FALSE,,NO_EXCEPTION_RECORDED,0,0,0,5,10,11,0.0,0.0,0.0,0,11,0.0,0,-1,0.0,0.015385,-0.015385
rec_186da95ed805cd48,STU_383686,383686,SISWA_011,Kls 7_SISWA_001,2025-08-17,AGUSTUS,Sunday,FALSE,,NO_EXCEPTION_RECORDED,0,0,0,5,10,11,0.0,0.0,0.0,0,11,0.0,0,-1,0.0,0.015385,-0.015385
rec_86f3b530afa86296,STU_383686,383686,SISWA_011,Kls 7_SISWA_001,2025-08-18,AGUSTUS,Monday,UNKNOWN,,NO_EXCEPTION_RECORDED,0,0,0,5,10,11,0.0,0.0,0.0,0,11,0.0,0,-1,0.0,0.015385,-0.015385
rec_3ba06ee7a1d290d7,STU_383686,383686,SISWA_011,Kls 7_SISWA_001,2025-08-19,AGUSTUS,Tuesday,TRUE,,NO_EXCEPTION_RECORDED,0,0,0,5,10,12,0.0,0.0,0.0,0,12,0.0,0,-1,0.0,0.015385,-0.015385
rec_18e9ee085cf3d8ef,STU_383686,383686,SISWA_011,Kls 7_SISWA_001,2025-08-20,AGUSTUS,Wednesday,TRUE,,NO_EXCEPTION_RECORDED,0,0,0,5,10,13,0.0,0.0,0.0,0,13,0.0,0,-1,0.0,0.0,0.0
rec_afb3bad07b1bab42,STU_383686,383686,SISWA_011,Kls 7_SISWA_001,2025-08-21,AGUSTUS,Thursday,TRUE,,NO_EXCEPTION_RECORDED,0,0,0,5,10,14,0.0,0.0,0.0,0,14,0.0,0,-1,0.0,0.0,0.0
rec_beb295cb6b0652ce,STU_383686,383686,SISWA_011,Kls 7_SISWA_001,2025-08-22,AGUSTUS,Friday,UNKNOWN,,NO_EXCEPTION_RECORDED,0,0,0,5,10,15,0.0,0.0,0.0,0,15,0.0,0,-1,0.0,0.0,0.0
rec_033e14413d84e099,STU_383686,383686,SISWA_011,Kls 7_SISWA_001,2025-08-23,AGUSTUS,Saturday,FALSE,,NO_EXCEPTION_RECORDED,0,0,0,5,10,16,0.0,0.0,0.0,0,16,0.0,0,-1,0.0,0.0,0.0
rec_9e3a0f4c07e1b22f,STU_383686,383686,SISWA_011,Kls 7_SISWA_001,2025-08-24,AGUSTUS,Sunday,FALSE,,NO_EXCEPTION_RECORDED,0,0,0,5,10,16,0.0,0.0,0.0,0,16,0.0,0,-1,0.0,0.0,0.0
rec_f1b3040144adbaae,STU_383686,383686,SISWA_011,Kls 7_SISWA_001,2025-08-25,AGUSTUS,Monday,TRUE,,NO_EXCEPTION_RECORDED,0,0,0,5,10,16,0.0,0.0,0.0,0,16,0.0,0,-1,0.0,0.0,0.0
rec_3263ed8a8881075c,STU_383686,383686,SISWA_011,Kls 7_SISWA_001,2025-08-26,AGUSTUS,Tuesday,TRUE,,NO_EXCEPTION_RECORDED,0,0,0,5,10,17,0.0,0.0,0.0,0,17,0.0,0,-1,0.0,0.015385,-0.015385
rec_d64cec32b90147c3,STU_383686,383686,SISWA_011,Kls 7_SISWA_001,2025-08-27,AGUSTUS,Wednesday,TRUE,,NO_EXCEPTION_RECORDED,0,0,0,5,10,18,0.0,0.0,0.0,0,18,0.0,0,-1,0.0,0.015385,-0.015385
rec_feb734030b7b02b2,STU_383686,383686,SISWA_011,Kls 7_SISWA_001,2025-08-28,AGUSTUS,Thursday,TRUE,,NO_EXCEPTION_RECORDED,0,0,0,5,10,19,0.0,0.0,0.0,0,19,0.0,0,-1,0.0,0.015385,-0.015385
rec_0b5af0385355d4f2,STU_383686,383686,SISWA_011,Kls 7_SISWA_001,2025-08-29,AGUSTUS,Friday,TRUE,,NO_EXCEPTION_RECORDED,0,0,0,5,10,20,0.0,0.0,0.0,0,20,0.0,0,-1,0.0,0.015385,-0.015385
rec_1030b5304352544b,STU_383686,383686,SISWA_011,Kls 7_SISWA_001,2025-08-30,AGUSTUS,Saturday,FALSE,,NO_EXCEPTION_RECORDED,0,0,0,5,10,21,0.0,0.0,0.0,0,21,0.0,0,-1,0.0,0.015385,-0.015385
rec_723a057d04fe6cca,STU_383686,383686,SISWA_011,Kls 7_SISWA_001,2025-08-31,AGUSTUS,Sunday,FALSE,,NO_EXCEPTION_RECORDED,0,0,0,5,10,21,0.0,0.0,0.0,0,21,0.0,0,-1,0.0,0.015385,-0.015385
rec_75e4c63eabc8fc9d,STU_383686,383686,SISWA_011,Kls 7_SISWA_001,2025-09-01,SEPTEMBER,Monday,TRUE,,NO_EXCEPTION_RECORDED,0,0,0,5,10,20,0.0,0.0,0.0,0,21,0.0,0,-1,0.0,0.015385,-0.015385
rec_9e42ccad79f43792,STU_383686,383686,SISWA_011,Kls 7_SISWA_001,2025-09-02,SEPTEMBER,Tuesday,TRUE,,NO_EXCEPTION_RECORDED,0,0,0,5,10,21,0.0,0.0,0.0,0,22,0.0,0,-1,0.0,0.0,0.0
rec_01b5e5559ff7fe71,STU_383686,383686,SISWA_011,Kls 7_SISWA_001,2025-09-03,SEPTEMBER,Wednesday,TRUE,,NO_EXCEPTION_RECORDED,0,0,0,5,10,22,0.0,0.0,0.0,0,23,0.0,0,-1,0.0,0.0,0.0
rec_b2811648582c9bef,STU_383686,383686,SISWA_011,Kls 7_SISWA_001,2025-09-04,SEPTEMBER,Thursday,TRUE,,NO_EXCEPTION_RECORDED,0,0,0,5,10,22,0.0,0.0,0.0,0,24,0.0,0,-1,0.0,0.0,0.0
rec_e7e5fbac3dd31236,STU_383686,383686,SISWA_011,Kls 7_SISWA_001,2025-09-05,SEPTEMBER,Friday,UNKNOWN,,NO_EXCEPTION_RECORDED,0,0,0,5,10,22,0.0,0.0,0.0,0,25,0.0,0,-1,0.0,0.0,0.0
rec_6b7c69200b8f4551,STU_383686,383686,SISWA_011,Kls 7_SISWA_001,2025-09-06,SEPTEMBER,Saturday,FALSE,,NO_EXCEPTION_RECORDED,0,0,0,5,10,22,0.0,0.0,0.0,0,26,0.0,0,-1,0.0,0.0,0.0
rec_36e1b364c7d24a40,STU_383686,383686,SISWA_011,Kls 7_SISWA_001,2025-09-07,SEPTEMBER,Sunday,FALSE,,NO_EXCEPTION_RECORDED,0,0,0,5,10,21,0.0,0.0,0.0,0,26,0.0,0,-1,0.0,0.0,0.0
rec_9dc3fa8d8f245080,STU_383686,383686,SISWA_011,Kls 7_SISWA_001,2025-09-08,SEPTEMBER,Monday,TRUE,,NO_EXCEPTION_RECORDED,0,0,0,5,10,20,0.0,0.0,0.0,0,26,0.0,0,-1,0.0,0.0,0.0
rec_86f1ddd7441b6502,STU_383686,383686,SISWA_011,Kls 7_SISWA_001,2025-09-09,SEPTEMBER,Tuesday,TRUE,,NO_EXCEPTION_RECORDED,0,0,0,5,10,21,0.0,0.0,0.0,0,27,0.0,0,-1,0.0,0.0,0.0
rec_91d92c08eb776e7c,STU_383686,383686,SISWA_011,Kls 7_SISWA_001,2025-09-10,SEPTEMBER,Wednesday,TRUE,,NO_EXCEPTION_RECORDED,0,0,0,5,10,22,0.0,0.0,0.0,0,28,0.0,0,-1,0.0,0.0,0.0
rec_4b06158e06f4b2f7,STU_383686,383686,SISWA_011,Kls 7_SISWA_001,2025-09-11,SEPTEMBER,Thursday,TRUE,i,SOURCE_MARK_I,0,0,0,5,10,22,0.0,0.0,0.0,0,29,0.0,0,-1,0.0,0.0,0.0
rec_b7d792bb1fc09926,STU_383686,383686,SISWA_011,Kls 7_SISWA_001,2025-09-12,SEPTEMBER,Friday,TRUE,,NO_EXCEPTION_RECORDED,1,1,1,5,10,22,0.2,0.1,0.045455,1,30,0.033333,1,1,0.166667,0.0,0.2
rec_661543cb32571ca8,STU_383686,383686,SISWA_011,Kls 7_SISWA_001,2025-09-13,SEPTEMBER,Saturday,FALSE,,NO_EXCEPTION_RECORDED,1,1,1,5,10,22,0.2,0.1,0.045455,1,31,0.032258,0,2,0.167742,0.0,0.2
rec_db9904cc453df0d2,STU_383686,383686,SISWA_011,Kls 7_SISWA_001,2025-09-14,SEPTEMBER,Sunday,FALSE,,NO_EXCEPTION_RECORDED,1,1,1,5,10,21,0.2,0.1,0.047619,1,31,0.032258,0,3,0.167742,0.0,0.2
rec_e3db2129c88894ee,STU_383686,383686,SISWA_011,Kls 7_SISWA_001,2025-09-15,SEPTEMBER,Monday,TRUE,,NO_EXCEPTION_RECORDED,1,1,1,5,10,20,0.2,0.1,0.05,1,31,0.032258,0,4,0.167742,0.0,0.2
rec_290ea29f19fe72fd,STU_383686,383686,SISWA_011,Kls 7_SISWA_001,2025-09-16,SEPTEMBER,Tuesday,TRUE,,NO_EXCEPTION_RECORDED,1,1,1,5,10,21,0.2,0.1,0.047619,1,32,0.03125,0,5,0.16875,0.0,0.2
rec_4d2d2ef2d85088f4,STU_383686,383686,SISWA_011,Kls 7_SISWA_001,2025-09-17,SEPTEMBER,Wednesday,TRUE,,NO_EXCEPTION_RECORDED,1,1,1,5,10,22,0.2,0.1,0.045455,1,33,0.030303,0,6,0.169697,0.0,0.2
rec_7fd8eaf643521230,STU_383686,383686,SISWA_011,Kls 7_SISWA_001,2025-09-18,SEPTEMBER,Thursday,TRUE,,NO_EXCEPTION_RECORDED,1,1,1,5,10,22,0.2,0.1,0.045455,1,34,0.029412,0,7,0.170588,0.0,0.2
rec_f23beb006fb0c61e,STU_383686,383686,SISWA_011,Kls 7_SISWA_001,2025-09-19,SEPTEMBER,Friday,TRUE,,NO_EXCEPTION_RECORDED,0,1,1,5,10,22,0.0,0.1,0.045455,1,35,0.028571,0,8,-0.028571,0.0,0.0
rec_0703037c87fb4636,STU_383686,383686,SISWA_011,Kls 7_SISWA_001,2025-09-20,SEPTEMBER,Saturday,FALSE,,NO_EXCEPTION_RECORDED,0,1,1,5,10,22,0.0,0.1,0.045455,1,36,0.027778,0,9,-0.027778,0.0,0.0
rec_80654e14532bd6b7,STU_383686,383686,SISWA_011,Kls 7_SISWA_001,2025-09-21,SEPTEMBER,Sunday,FALSE,,NO_EXCEPTION_RECORDED,0,1,1,5,10,21,0.0,0.1,0.047619,1,36,0.027778,0,10,-0.027778,0.0,0.0
rec_df940a2031886dd5,STU_383686,383686,SISWA_011,Kls 7_SISWA_001,2025-09-22,SEPTEMBER,Monday,TRUE,,NO_EXCEPTION_RECORDED,0,1,1,5,10,20,0.0,0.1,0.05,1,36,0.027778,0,11,-0.027778,0.0,0.0
rec_c7a7e718ffa81839,STU_383686,383686,SISWA_011,Kls 7_SISWA_001,2025-09-23,SEPTEMBER,Tuesday,TRUE,,NO_EXCEPTION_RECORDED,0,1,1,5,10,21,0.0,0.1,0.047619,1,37,0.027027,0,12,-0.027027,0.0,0.0
rec_ccff69d2e858649d,STU_383686,383686,SISWA_011,Kls 7_SISWA_001,2025-09-24,SEPTEMBER,Wednesday,TRUE,,NO_EXCEPTION_RECORDED,0,1,1,5,10,22,0.0,0.1,0.045455,1,38,0.026316,0,13,-0.026316,0.015385,-0.015385
rec_298deeac331e9a6c,STU_383686,383686,SISWA_011,Kls 7_SISWA_001,2025-09-25,SEPTEMBER,Thursday,TRUE,,NO_EXCEPTION_RECORDED,0,1,1,5,10,22,0.0,0.1,0.045455,1,39,0.025641,0,14,-0.025641,0.046154,-0.046154
rec_c41975a7bc6a1cdd,STU_383686,383686,SISWA_011,Kls 7_SISWA_001,2025-09-26,SEPTEMBER,Friday,TRUE,,NO_EXCEPTION_RECORDED,0,0,1,5,10,22,0.0,0.0,0.045455,1,40,0.025,0,15,-0.025,0.061538,-0.061538
rec_f6224ebb5bccb69d,STU_383686,383686,SISWA_011,Kls 7_SISWA_001,2025-09-27,SEPTEMBER,Saturday,FALSE,,NO_EXCEPTION_RECORDED,0,0,1,5,10,22,0.0,0.0,0.045455,1,41,0.02439,0,16,-0.02439,0.061538,-0.061538
rec_9ad2ee066a43f2e5,STU_383686,383686,SISWA_011,Kls 7_SISWA_001,2025-09-28,SEPTEMBER,Sunday,FALSE,,NO_EXCEPTION_RECORDED,0,0,1,5,10,21,0.0,0.0,0.047619,1,41,0.02439,0,17,-0.02439,0.061538,-0.061538
rec_9bc56480018ccdbd,STU_383686,383686,SISWA_011,Kls 7_SISWA_001,2025-09-29,SEPTEMBER,Monday,TRUE,,NO_EXCEPTION_RECORDED,0,0,1,5,10,20,0.0,0.0,0.05,1,41,0.02439,0,18,-0.02439,0.061538,-0.061538
rec_0b7a85cbf0dcc7b9,STU_383686,383686,SISWA_011,Kls 7_SISWA_001,2025-09-30,SEPTEMBER,Tuesday,UNKNOWN,,NO_EXCEPTION_RECORDED,0,0,1,5,10,21,0.0,0.0,0.047619,1,42,0.02381,0,19,-0.02381,0.076923,-0.076923
rec_2293cd813a1f482f,STU_385144,385144,SISWA_036,Kls 8_SISWA_032,2025-08-01,AGUSTUS,Friday,UNKNOWN,,NO_EXCEPTION_RECORDED,0,0,0,0,0,0,0.0,0.0,0.0,0,0,0.0,0,-1,0.0,0.0,0.0
rec_bddabc9e96041758,STU_385144,385144,SISWA_036,Kls 8_SISWA_032,2025-08-02,AGUSTUS,Saturday,FALSE,,NO_EXCEPTION_RECORDED,0,0,0,1,1,1,0.0,0.0,0.0,0,1,0.0,0,-1,0.0,0.0,0.0
rec_1c33b23c9e89173f,STU_385144,385144,SISWA_036,Kls 8_SISWA_032,2025-08-03,AGUSTUS,Sunday,FALSE,,NO_EXCEPTION_RECORDED,0,0,0,1,1,1,0.0,0.0,0.0,0,1,0.0,0,-1,0.0,0.0,0.0
rec_81bf2857ad2488ba,STU_385144,385144,SISWA_036,Kls 8_SISWA_032,2025-08-04,AGUSTUS,Monday,UNKNOWN,,NO_EXCEPTION_RECORDED,0,0,0,1,1,1,0.0,0.0,0.0,0,1,0.0,0,-1,0.0,0.0,0.0
rec_d17b16b831176d6c,STU_385144,385144,SISWA_036,Kls 8_SISWA_032,2025-08-05,AGUSTUS,Tuesday,TRUE,,NO_EXCEPTION_RECORDED,0,0,0,2,2,2,0.0,0.0,0.0,0,2,0.0,0,-1,0.0,0.0,0.0
rec_20482728806e6e94,STU_385144,385144,SISWA_036,Kls 8_SISWA_032,2025-08-06,AGUSTUS,Wednesday,UNKNOWN,,NO_EXCEPTION_RECORDED,0,0,0,3,3,3,0.0,0.0,0.0,0,3,0.0,0,-1,0.0,0.0,0.0
rec_05cfd212ec0e96de,STU_385144,385144,SISWA_036,Kls 8_SISWA_032,2025-08-07,AGUSTUS,Thursday,TRUE,,NO_EXCEPTION_RECORDED,0,0,0,4,4,4,0.0,0.0,0.0,0,4,0.0,0,-1,0.0,0.0,0.0
rec_aad673ef683f4b03,STU_385144,385144,SISWA_036,Kls 8_SISWA_032,2025-08-08,AGUSTUS,Friday,TRUE,,NO_EXCEPTION_RECORDED,0,0,0,5,5,5,0.0,0.0,0.0,0,5,0.0,0,-1,0.0,0.0,0.0
rec_9626930f066a23e4,STU_385144,385144,SISWA_036,Kls 8_SISWA_032,2025-08-09,AGUSTUS,Saturday,FALSE,,NO_EXCEPTION_RECORDED,0,0,0,5,6,6,0.0,0.0,0.0,0,6,0.0,0,-1,0.0,0.0,0.0
rec_a45dc9b43b85f1c4,STU_385144,385144,SISWA_036,Kls 8_SISWA_032,2025-08-10,AGUSTUS,Sunday,FALSE,,NO_EXCEPTION_RECORDED,0,0,0,5,6,6,0.0,0.0,0.0,0,6,0.0,0,-1,0.0,0.0,0.0
rec_4d34e4c0f52fc057,STU_385144,385144,SISWA_036,Kls 8_SISWA_032,2025-08-11,AGUSTUS,Monday,TRUE,,NO_EXCEPTION_RECORDED,0,0,0,5,6,6,0.0,0.0,0.0,0,6,0.0,0,-1,0.0,0.0,0.0
rec_9622b416b7e1c232,STU_385144,385144,SISWA_036,Kls 8_SISWA_032,2025-08-12,AGUSTUS,Tuesday,TRUE,,NO_EXCEPTION_RECORDED,0,0,0,5,7,7,0.0,0.0,0.0,0,7,0.0,0,-1,0.0,0.011111,-0.011111
rec_699afa9278728cf3,STU_385144,385144,SISWA_036,Kls 8_SISWA_032,2025-08-13,AGUSTUS,Wednesday,TRUE,,NO_EXCEPTION_RECORDED,0,0,0,5,8,8,0.0,0.0,0.0,0,8,0.0,0,-1,0.0,0.011111,-0.011111
rec_19d9b871ccc89e62,STU_385144,385144,SISWA_036,Kls 8_SISWA_032,2025-08-14,AGUSTUS,Thursday,UNKNOWN,,NO_EXCEPTION_RECORDED,0,0,0,5,9,9,0.0,0.0,0.0,0,9,0.0,0,-1,0.0,0.011111,-0.011111
rec_24dc87f632af675e,STU_385144,385144,SISWA_036,Kls 8_SISWA_032,2025-08-15,AGUSTUS,Friday,UNKNOWN,,NO_EXCEPTION_RECORDED,0,0,0,5,10,10,0.0,0.0,0.0,0,10,0.0,0,-1,0.0,0.011111,-0.011111
rec_09c9ad7aac2d9aa9,STU_385144,385144,SISWA_036,Kls 8_SISWA_032,2025-08-16,AGUSTUS,Saturday,FALSE,,NO_EXCEPTION_RECORDED,0,0,0,5,10,11,0.0,0.0,0.0,0,11,0.0,0,-1,0.0,0.011111,-0.011111
rec_9ce24eb960f0b02b,STU_385144,385144,SISWA_036,Kls 8_SISWA_032,2025-08-17,AGUSTUS,Sunday,FALSE,,NO_EXCEPTION_RECORDED,0,0,0,5,10,11,0.0,0.0,0.0,0,11,0.0,0,-1,0.0,0.011111,-0.011111
rec_45c240f0647c75b0,STU_385144,385144,SISWA_036,Kls 8_SISWA_032,2025-08-18,AGUSTUS,Monday,UNKNOWN,,NO_EXCEPTION_RECORDED,0,0,0,5,10,11,0.0,0.0,0.0,0,11,0.0,0,-1,0.0,0.011111,-0.011111
rec_a6c37317d2ef0d8b,STU_385144,385144,SISWA_036,Kls 8_SISWA_032,2025-08-19,AGUSTUS,Tuesday,TRUE,,NO_EXCEPTION_RECORDED,0,0,0,5,10,12,0.0,0.0,0.0,0,12,0.0,0,-1,0.0,0.0,0.0
rec_a368ac53c0bb8dc1,STU_385144,385144,SISWA_036,Kls 8_SISWA_032,2025-08-20,AGUSTUS,Wednesday,TRUE,,NO_EXCEPTION_RECORDED,0,0,0,5,10,13,0.0,0.0,0.0,0,13,0.0,0,-1,0.0,0.011111,-0.011111
rec_0c1ceb0d6392b07e,STU_385144,385144,SISWA_036,Kls 8_SISWA_032,2025-08-21,AGUSTUS,Thursday,TRUE,,NO_EXCEPTION_RECORDED,0,0,0,5,10,14,0.0,0.0,0.0,0,14,0.0,0,-1,0.0,0.011111,-0.011111
rec_92f77b0d8179d1f6,STU_385144,385144,SISWA_036,Kls 8_SISWA_032,2025-08-22,AGUSTUS,Friday,UNKNOWN,,NO_EXCEPTION_RECORDED,0,0,0,5,10,15,0.0,0.0,0.0,0,15,0.0,0,-1,0.0,0.011111,-0.011111
rec_46e9963a03faa0ad,STU_385144,385144,SISWA_036,Kls 8_SISWA_032,2025-08-23,AGUSTUS,Saturday,FALSE,,NO_EXCEPTION_RECORDED,0,0,0,5,10,16,0.0,0.0,0.0,0,16,0.0,0,-1,0.0,0.011111,-0.011111
rec_1ea851f27fccdc4d,STU_385144,385144,SISWA_036,Kls 8_SISWA_032,2025-08-24,AGUSTUS,Sunday,FALSE,,NO_EXCEPTION_RECORDED,0,0,0,5,10,16,0.0,0.0,0.0,0,16,0.0,0,-1,0.0,0.011111,-0.011111
rec_fc053912b6940c89,STU_385144,385144,SISWA_036,Kls 8_SISWA_032,2025-08-25,AGUSTUS,Monday,TRUE,,NO_EXCEPTION_RECORDED,0,0,0,5,10,16,0.0,0.0,0.0,0,16,0.0,0,-1,0.0,0.011111,-0.011111
rec_88ad279d5088d87b,STU_385144,385144,SISWA_036,Kls 8_SISWA_032,2025-08-26,AGUSTUS,Tuesday,TRUE,,NO_EXCEPTION_RECORDED,0,0,0,5,10,17,0.0,0.0,0.0,0,17,0.0,0,-1,0.0,0.011111,-0.011111
rec_d5346cf78f11997f,STU_385144,385144,SISWA_036,Kls 8_SISWA_032,2025-08-27,AGUSTUS,Wednesday,TRUE,,NO_EXCEPTION_RECORDED,0,0,0,5,10,18,0.0,0.0,0.0,0,18,0.0,0,-1,0.0,0.011111,-0.011111
rec_610dfeee78e9e6dc,STU_385144,385144,SISWA_036,Kls 8_SISWA_032,2025-08-28,AGUSTUS,Thursday,TRUE,,NO_EXCEPTION_RECORDED,0,0,0,5,10,19,0.0,0.0,0.0,0,19,0.0,0,-1,0.0,0.011111,-0.011111
rec_b9c95232d17f401a,STU_385144,385144,SISWA_036,Kls 8_SISWA_032,2025-08-29,AGUSTUS,Friday,TRUE,,NO_EXCEPTION_RECORDED,0,0,0,5,10,20,0.0,0.0,0.0,0,20,0.0,0,-1,0.0,0.022222,-0.022222
rec_365179659dc4781c,STU_385144,385144,SISWA_036,Kls 8_SISWA_032,2025-08-30,AGUSTUS,Saturday,FALSE,,NO_EXCEPTION_RECORDED,0,0,0,5,10,21,0.0,0.0,0.0,0,21,0.0,0,-1,0.0,0.022222,-0.022222
rec_12e34564d4a3d16e,STU_385144,385144,SISWA_036,Kls 8_SISWA_032,2025-08-31,AGUSTUS,Sunday,FALSE,,NO_EXCEPTION_RECORDED,0,0,0,5,10,21,0.0,0.0,0.0,0,21,0.0,0,-1,0.0,0.022222,-0.022222
rec_4fc8d9b2ee3b1458,STU_385144,385144,SISWA_036,Kls 8_SISWA_032,2025-09-01,SEPTEMBER,Monday,TRUE,,NO_EXCEPTION_RECORDED,0,0,0,5,10,20,0.0,0.0,0.0,0,21,0.0,0,-1,0.0,0.022222,-0.022222
rec_ec0220621da67c72,STU_385144,385144,SISWA_036,Kls 8_SISWA_032,2025-09-02,SEPTEMBER,Tuesday,TRUE,,NO_EXCEPTION_RECORDED,0,0,0,5,10,21,0.0,0.0,0.0,0,22,0.0,0,-1,0.0,0.022222,-0.022222
rec_56977daaf5b196bc,STU_385144,385144,SISWA_036,Kls 8_SISWA_032,2025-09-03,SEPTEMBER,Wednesday,TRUE,,NO_EXCEPTION_RECORDED,0,0,0,5,10,22,0.0,0.0,0.0,0,23,0.0,0,-1,0.0,0.011111,-0.011111
rec_60fc5649b1907871,STU_385144,385144,SISWA_036,Kls 8_SISWA_032,2025-09-04,SEPTEMBER,Thursday,TRUE,,NO_EXCEPTION_RECORDED,0,0,0,5,10,22,0.0,0.0,0.0,0,24,0.0,0,-1,0.0,0.011111,-0.011111
rec_1171418b55f10491,STU_385144,385144,SISWA_036,Kls 8_SISWA_032,2025-09-05,SEPTEMBER,Friday,UNKNOWN,,NO_EXCEPTION_RECORDED,0,0,0,5,10,22,0.0,0.0,0.0,0,25,0.0,0,-1,0.0,0.0,0.0
rec_86b3fddd0336602b,STU_385144,385144,SISWA_036,Kls 8_SISWA_032,2025-09-06,SEPTEMBER,Saturday,FALSE,,NO_EXCEPTION_RECORDED,0,0,0,5,10,22,0.0,0.0,0.0,0,26,0.0,0,-1,0.0,0.0,0.0
rec_b5c2681dfe84211f,STU_385144,385144,SISWA_036,Kls 8_SISWA_032,2025-09-07,SEPTEMBER,Sunday,FALSE,,NO_EXCEPTION_RECORDED,0,0,0,5,10,21,0.0,0.0,0.0,0,26,0.0,0,-1,0.0,0.0,0.0
rec_135a95eb8c355e07,STU_385144,385144,SISWA_036,Kls 8_SISWA_032,2025-09-08,SEPTEMBER,Monday,TRUE,,NO_EXCEPTION_RECORDED,0,0,0,5,10,20,0.0,0.0,0.0,0,26,0.0,0,-1,0.0,0.0,0.0
rec_bb72caa211a782b0,STU_385144,385144,SISWA_036,Kls 8_SISWA_032,2025-09-09,SEPTEMBER,Tuesday,TRUE,,NO_EXCEPTION_RECORDED,0,0,0,5,10,21,0.0,0.0,0.0,0,27,0.0,0,-1,0.0,0.0,0.0
rec_bc3c97de67e3d8a8,STU_385144,385144,SISWA_036,Kls 8_SISWA_032,2025-09-10,SEPTEMBER,Wednesday,TRUE,,NO_EXCEPTION_RECORDED,0,0,0,5,10,22,0.0,0.0,0.0,0,28,0.0,0,-1,0.0,0.0,0.0
rec_35670dd49eb4baa6,STU_385144,385144,SISWA_036,Kls 8_SISWA_032,2025-09-11,SEPTEMBER,Thursday,TRUE,,NO_EXCEPTION_RECORDED,0,0,0,5,10,22,0.0,0.0,0.0,0,29,0.0,0,-1,0.0,0.011111,-0.011111
rec_5a2f6d476c645067,STU_385144,385144,SISWA_036,Kls 8_SISWA_032,2025-09-12,SEPTEMBER,Friday,TRUE,,NO_EXCEPTION_RECORDED,0,0,0,5,10,22,0.0,0.0,0.0,0,30,0.0,0,-1,0.0,0.011111,-0.011111
rec_e15f7c5b62b48f42,STU_385144,385144,SISWA_036,Kls 8_SISWA_032,2025-09-13,SEPTEMBER,Saturday,FALSE,,NO_EXCEPTION_RECORDED,0,0,0,5,10,22,0.0,0.0,0.0,0,31,0.0,0,-1,0.0,0.022222,-0.022222
rec_9263c6e1b98fcc57,STU_385144,385144,SISWA_036,Kls 8_SISWA_032,2025-09-14,SEPTEMBER,Sunday,FALSE,,NO_EXCEPTION_RECORDED,0,0,0,5,10,21,0.0,0.0,0.0,0,31,0.0,0,-1,0.0,0.022222,-0.022222
rec_2ee6b493407f660f,STU_385144,385144,SISWA_036,Kls 8_SISWA_032,2025-09-15,SEPTEMBER,Monday,TRUE,,NO_EXCEPTION_RECORDED,0,0,0,5,10,20,0.0,0.0,0.0,0,31,0.0,0,-1,0.0,0.022222,-0.022222
rec_9847bfc5457f0b50,STU_385144,385144,SISWA_036,Kls 8_SISWA_032,2025-09-16,SEPTEMBER,Tuesday,TRUE,,NO_EXCEPTION_RECORDED,0,0,0,5,10,21,0.0,0.0,0.0,0,32,0.0,0,-1,0.0,0.044444,-0.044444
rec_bbae605b90207450,STU_385144,385144,SISWA_036,Kls 8_SISWA_032,2025-09-17,SEPTEMBER,Wednesday,TRUE,,NO_EXCEPTION_RECORDED,0,0,0,5,10,22,0.0,0.0,0.0,0,33,0.0,0,-1,0.0,0.055556,-0.055556
rec_13f8ee3574f53229,STU_385144,385144,SISWA_036,Kls 8_SISWA_032,2025-09-18,SEPTEMBER,Thursday,TRUE,,NO_EXCEPTION_RECORDED,0,0,0,5,10,22,0.0,0.0,0.0,0,34,0.0,0,-1,0.0,0.044444,-0.044444
rec_9ebc579c502509fc,STU_385144,385144,SISWA_036,Kls 8_SISWA_032,2025-09-19,SEPTEMBER,Friday,TRUE,,NO_EXCEPTION_RECORDED,0,0,0,5,10,22,0.0,0.0,0.0,0,35,0.0,0,-1,0.0,0.044444,-0.044444
rec_60ddb7a639d5833a,STU_385144,385144,SISWA_036,Kls 8_SISWA_032,2025-09-20,SEPTEMBER,Saturday,FALSE,,NO_EXCEPTION_RECORDED,0,0,0,5,10,22,0.0,0.0,0.0,0,36,0.0,0,-1,0.0,0.033333,-0.033333
rec_e9d8162b5ad7d396,STU_385144,385144,SISWA_036,Kls 8_SISWA_032,2025-09-21,SEPTEMBER,Sunday,FALSE,,NO_EXCEPTION_RECORDED,0,0,0,5,10,21,0.0,0.0,0.0,0,36,0.0,0,-1,0.0,0.033333,-0.033333
rec_66b8986d60fd08ba,STU_385144,385144,SISWA_036,Kls 8_SISWA_032,2025-09-22,SEPTEMBER,Monday,TRUE,,NO_EXCEPTION_RECORDED,0,0,0,5,10,20,0.0,0.0,0.0,0,36,0.0,0,-1,0.0,0.033333,-0.033333
rec_08f8f2548b621117,STU_385144,385144,SISWA_036,Kls 8_SISWA_032,2025-09-23,SEPTEMBER,Tuesday,TRUE,,NO_EXCEPTION_RECORDED,0,0,0,5,10,21,0.0,0.0,0.0,0,37,0.0,0,-1,0.0,0.011111,-0.011111
rec_69e575066e39d391,STU_385144,385144,SISWA_036,Kls 8_SISWA_032,2025-09-24,SEPTEMBER,Wednesday,TRUE,,NO_EXCEPTION_RECORDED,0,0,0,5,10,22,0.0,0.0,0.0,0,38,0.0,0,-1,0.0,0.0,0.0
rec_eb03d1f2dc3f5aa3,STU_385144,385144,SISWA_036,Kls 8_SISWA_032,2025-09-25,SEPTEMBER,Thursday,TRUE,,NO_EXCEPTION_RECORDED,0,0,0,5,10,22,0.0,0.0,0.0,0,39,0.0,0,-1,0.0,0.0,0.0
rec_9534a4a5c00d6617,STU_385144,385144,SISWA_036,Kls 8_SISWA_032,2025-09-26,SEPTEMBER,Friday,TRUE,,NO_EXCEPTION_RECORDED,0,0,0,5,10,22,0.0,0.0,0.0,0,40,0.0,0,-1,0.0,0.0,0.0
rec_6ea50cb98be68162,STU_385144,385144,SISWA_036,Kls 8_SISWA_032,2025-09-27,SEPTEMBER,Saturday,FALSE,,NO_EXCEPTION_RECORDED,0,0,0,5,10,22,0.0,0.0,0.0,0,41,0.0,0,-1,0.0,0.011111,-0.011111
rec_39e8032371257493,STU_385144,385144,SISWA_036,Kls 8_SISWA_032,2025-09-28,SEPTEMBER,Sunday,FALSE,,NO_EXCEPTION_RECORDED,0,0,0,5,10,21,0.0,0.0,0.0,0,41,0.0,0,-1,0.0,0.011111,-0.011111
rec_1112cebd1dcf48ef,STU_385144,385144,SISWA_036,Kls 8_SISWA_032,2025-09-29,SEPTEMBER,Monday,TRUE,,NO_EXCEPTION_RECORDED,0,0,0,5,10,20,0.0,0.0,0.0,0,41,0.0,0,-1,0.0,0.011111,-0.011111
rec_fb4cada07cb1160b,STU_385144,385144,SISWA_036,Kls 8_SISWA_032,2025-09-30,SEPTEMBER,Tuesday,UNKNOWN,,NO_EXCEPTION_RECORDED,0,0,0,5,10,21,0.0,0.0,0.0,0,42,0.0,0,-1,0.0,0.022222,-0.022222
rec_ab9cef491b586256,STU_386123,386123,SISWA_024,Kls 7_SISWA_017,2025-08-01,AGUSTUS,Friday,UNKNOWN,,NO_EXCEPTION_RECORDED,0,0,0,0,0,0,0.0,0.0,0.0,0,0,0.0,0,-1,0.0,0.0,0.0
rec_2fbaf12f27a537f9,STU_386123,386123,SISWA_024,Kls 7_SISWA_017,2025-08-02,AGUSTUS,Saturday,FALSE,,NO_EXCEPTION_RECORDED,0,0,0,1,1,1,0.0,0.0,0.0,0,1,0.0,0,-1,0.0,0.0,0.0
rec_7177a9402531e164,STU_386123,386123,SISWA_024,Kls 7_SISWA_017,2025-08-03,AGUSTUS,Sunday,FALSE,,NO_EXCEPTION_RECORDED,0,0,0,1,1,1,0.0,0.0,0.0,0,1,0.0,0,-1,0.0,0.0,0.0
rec_f73e4bca29be21e0,STU_386123,386123,SISWA_024,Kls 7_SISWA_017,2025-08-04,AGUSTUS,Monday,UNKNOWN,,NO_EXCEPTION_RECORDED,0,0,0,1,1,1,0.0,0.0,0.0,0,1,0.0,0,-1,0.0,0.0,0.0
rec_3f6bc3bc68c6da72,STU_386123,386123,SISWA_024,Kls 7_SISWA_017,2025-08-05,AGUSTUS,Tuesday,TRUE,,NO_EXCEPTION_RECORDED,0,0,0,2,2,2,0.0,0.0,0.0,0,2,0.0,0,-1,0.0,0.0,0.0
rec_f3062c2242444067,STU_386123,386123,SISWA_024,Kls 7_SISWA_017,2025-08-06,AGUSTUS,Wednesday,UNKNOWN,,NO_EXCEPTION_RECORDED,0,0,0,3,3,3,0.0,0.0,0.0,0,3,0.0,0,-1,0.0,0.0,0.0
rec_19d7a8ec8f06e88d,STU_386123,386123,SISWA_024,Kls 7_SISWA_017,2025-08-07,AGUSTUS,Thursday,TRUE,,NO_EXCEPTION_RECORDED,0,0,0,4,4,4,0.0,0.0,0.0,0,4,0.0,0,-1,0.0,0.0,0.0
rec_e35c90fe6830dcc8,STU_386123,386123,SISWA_024,Kls 7_SISWA_017,2025-08-08,AGUSTUS,Friday,TRUE,,NO_EXCEPTION_RECORDED,0,0,0,5,5,5,0.0,0.0,0.0,0,5,0.0,0,-1,0.0,0.0,0.0
rec_c425b3fce1092336,STU_386123,386123,SISWA_024,Kls 7_SISWA_017,2025-08-09,AGUSTUS,Saturday,FALSE,,NO_EXCEPTION_RECORDED,0,0,0,5,6,6,0.0,0.0,0.0,0,6,0.0,0,-1,0.0,0.0,0.0
rec_17cc1df428cd5939,STU_386123,386123,SISWA_024,Kls 7_SISWA_017,2025-08-10,AGUSTUS,Sunday,FALSE,,NO_EXCEPTION_RECORDED,0,0,0,5,6,6,0.0,0.0,0.0,0,6,0.0,0,-1,0.0,0.0,0.0
rec_2be14a7d42a2771a,STU_386123,386123,SISWA_024,Kls 7_SISWA_017,2025-08-11,AGUSTUS,Monday,TRUE,,NO_EXCEPTION_RECORDED,0,0,0,5,6,6,0.0,0.0,0.0,0,6,0.0,0,-1,0.0,0.0,0.0
rec_e5eafc961d3099d0,STU_386123,386123,SISWA_024,Kls 7_SISWA_017,2025-08-12,AGUSTUS,Tuesday,TRUE,,NO_EXCEPTION_RECORDED,0,0,0,5,7,7,0.0,0.0,0.0,0,7,0.0,0,-1,0.0,0.0,0.0
rec_273bff40a8646e1d,STU_386123,386123,SISWA_024,Kls 7_SISWA_017,2025-08-13,AGUSTUS,Wednesday,TRUE,,NO_EXCEPTION_RECORDED,0,0,0,5,8,8,0.0,0.0,0.0,0,8,0.0,0,-1,0.0,0.0,0.0
rec_f156330fae1a55c0,STU_386123,386123,SISWA_024,Kls 7_SISWA_017,2025-08-14,AGUSTUS,Thursday,UNKNOWN,,NO_EXCEPTION_RECORDED,0,0,0,5,9,9,0.0,0.0,0.0,0,9,0.0,0,-1,0.0,0.0,0.0
rec_4d3ccc3c159a7964,STU_386123,386123,SISWA_024,Kls 7_SISWA_017,2025-08-15,AGUSTUS,Friday,UNKNOWN,,NO_EXCEPTION_RECORDED,0,0,0,5,10,10,0.0,0.0,0.0,0,10,0.0,0,-1,0.0,0.0,0.0
rec_0d4158ae414dceea,STU_386123,386123,SISWA_024,Kls 7_SISWA_017,2025-08-16,AGUSTUS,Saturday,FALSE,,NO_EXCEPTION_RECORDED,0,0,0,5,10,11,0.0,0.0,0.0,0,11,0.0,0,-1,0.0,0.0,0.0
rec_c4cf0dbd3156a953,STU_386123,386123,SISWA_024,Kls 7_SISWA_017,2025-08-17,AGUSTUS,Sunday,FALSE,,NO_EXCEPTION_RECORDED,0,0,0,5,10,11,0.0,0.0,0.0,0,11,0.0,0,-1,0.0,0.0,0.0
rec_4335d0a27d950c4a,STU_386123,386123,SISWA_024,Kls 7_SISWA_017,2025-08-18,AGUSTUS,Monday,UNKNOWN,,NO_EXCEPTION_RECORDED,0,0,0,5,10,11,0.0,0.0,0.0,0,11,0.0,0,-1,0.0,0.0,0.0
rec_c951b1da21e7bd22,STU_386123,386123,SISWA_024,Kls 7_SISWA_017,2025-08-19,AGUSTUS,Tuesday,TRUE,,NO_EXCEPTION_RECORDED,0,0,0,5,10,12,0.0,0.0,0.0,0,12,0.0,0,-1,0.0,0.0,0.0
rec_93416c806705838c,STU_386123,386123,SISWA_024,Kls 7_SISWA_017,2025-08-20,AGUSTUS,Wednesday,TRUE,,NO_EXCEPTION_RECORDED,0,0,0,5,10,13,0.0,0.0,0.0,0,13,0.0,0,-1,0.0,0.0,0.0
rec_2ca2449467bc84f2,STU_386123,386123,SISWA_024,Kls 7_SISWA_017,2025-08-21,AGUSTUS,Thursday,TRUE,,NO_EXCEPTION_RECORDED,0,0,0,5,10,14,0.0,0.0,0.0,0,14,0.0,0,-1,0.0,0.0,0.0
rec_9042ab9afd92480b,STU_386123,386123,SISWA_024,Kls 7_SISWA_017,2025-08-22,AGUSTUS,Friday,UNKNOWN,,NO_EXCEPTION_RECORDED,0,0,0,5,10,15,0.0,0.0,0.0,0,15,0.0,0,-1,0.0,0.0,0.0
rec_19df8d29aa2b827f,STU_386123,386123,SISWA_024,Kls 7_SISWA_017,2025-08-23,AGUSTUS,Saturday,FALSE,,NO_EXCEPTION_RECORDED,0,0,0,5,10,16,0.0,0.0,0.0,0,16,0.0,0,-1,0.0,0.0,0.0
rec_18fd2016f1155fb1,STU_386123,386123,SISWA_024,Kls 7_SISWA_017,2025-08-24,AGUSTUS,Sunday,FALSE,,NO_EXCEPTION_RECORDED,0,0,0,5,10,16,0.0,0.0,0.0,0,16,0.0,0,-1,0.0,0.0,0.0
rec_97f7aafd1f91a847,STU_386123,386123,SISWA_024,Kls 7_SISWA_017,2025-08-25,AGUSTUS,Monday,TRUE,,NO_EXCEPTION_RECORDED,0,0,0,5,10,16,0.0,0.0,0.0,0,16,0.0,0,-1,0.0,0.0,0.0
rec_d3cc5b1c23e6b6e7,STU_386123,386123,SISWA_024,Kls 7_SISWA_017,2025-08-26,AGUSTUS,Tuesday,TRUE,,NO_EXCEPTION_RECORDED,0,0,0,5,10,17,0.0,0.0,0.0,0,17,0.0,0,-1,0.0,0.030769,-0.030769
rec_507a544ffb578c48,STU_386123,386123,SISWA_024,Kls 7_SISWA_017,2025-08-27,AGUSTUS,Wednesday,TRUE,,NO_EXCEPTION_RECORDED,0,0,0,5,10,18,0.0,0.0,0.0,0,18,0.0,0,-1,0.0,0.046154,-0.046154
rec_eecff9625277cf42,STU_386123,386123,SISWA_024,Kls 7_SISWA_017,2025-08-28,AGUSTUS,Thursday,TRUE,,NO_EXCEPTION_RECORDED,0,0,0,5,10,19,0.0,0.0,0.0,0,19,0.0,0,-1,0.0,0.061538,-0.061538
rec_dea8b8672ea6d702,STU_386123,386123,SISWA_024,Kls 7_SISWA_017,2025-08-29,AGUSTUS,Friday,TRUE,s,SOURCE_MARK_S,0,0,0,5,10,20,0.0,0.0,0.0,0,20,0.0,0,-1,0.0,0.061538,-0.061538
rec_233068b35eefdc83,STU_386123,386123,SISWA_024,Kls 7_SISWA_017,2025-08-30,AGUSTUS,Saturday,FALSE,,NO_EXCEPTION_RECORDED,1,1,1,5,10,21,0.2,0.1,0.047619,1,21,0.047619,1,1,0.152381,0.061538,0.138462
rec_f8c19ff2b7dc8f09,STU_386123,386123,SISWA_024,Kls 7_SISWA_017,2025-08-31,AGUSTUS,Sunday,FALSE,,NO_EXCEPTION_RECORDED,1,1,1,5,10,21,0.2,0.1,0.047619,1,21,0.047619,1,2,0.152381,0.061538,0.138462
rec_d34440a0eba85fca,STU_386123,386123,SISWA_024,Kls 7_SISWA_017,2025-09-01,SEPTEMBER,Monday,TRUE,,NO_EXCEPTION_RECORDED,1,1,1,5,10,20,0.2,0.1,0.05,1,21,0.047619,1,3,0.152381,0.061538,0.138462
rec_68204f0f44bc17e2,STU_386123,386123,SISWA_024,Kls 7_SISWA_017,2025-09-02,SEPTEMBER,Tuesday,TRUE,,NO_EXCEPTION_RECORDED,1,1,1,5,10,21,0.2,0.1,0.047619,1,22,0.045455,0,4,0.154545,0.030769,0.169231
rec_c108d8a1e37236f1,STU_386123,386123,SISWA_024,Kls 7_SISWA_017,2025-09-03,SEPTEMBER,Wednesday,TRUE,,NO_EXCEPTION_RECORDED,1,1,1,5,10,22,0.2,0.1,0.045455,1,23,0.043478,0,5,0.156522,0.015385,0.184615
rec_8174dd077e2cf4f4,STU_386123,386123,SISWA_024,Kls 7_SISWA_017,2025-09-04,SEPTEMBER,Thursday,TRUE,,NO_EXCEPTION_RECORDED,1,1,1,5,10,22,0.2,0.1,0.045455,1,24,0.041667,0,6,0.158333,0.0,0.2
rec_0d623d8dd194528d,STU_386123,386123,SISWA_024,Kls 7_SISWA_017,2025-09-05,SEPTEMBER,Friday,UNKNOWN,,NO_EXCEPTION_RECORDED,1,1,1,5,10,22,0.2,0.1,0.045455,1,25,0.04,0,7,0.16,0.0,0.2
rec_3852a667d8a83f45,STU_386123,386123,SISWA_024,Kls 7_SISWA_017,2025-09-06,SEPTEMBER,Saturday,FALSE,,NO_EXCEPTION_RECORDED,0,1,1,5,10,22,0.0,0.1,0.045455,1,26,0.038462,0,8,-0.038462,0.0,0.0
rec_67b639d82416b5ab,STU_386123,386123,SISWA_024,Kls 7_SISWA_017,2025-09-07,SEPTEMBER,Sunday,FALSE,,NO_EXCEPTION_RECORDED,0,1,1,5,10,21,0.0,0.1,0.047619,1,26,0.038462,0,9,-0.038462,0.0,0.0
rec_58da19fc8b6cd449,STU_386123,386123,SISWA_024,Kls 7_SISWA_017,2025-09-08,SEPTEMBER,Monday,TRUE,,NO_EXCEPTION_RECORDED,0,1,1,5,10,20,0.0,0.1,0.05,1,26,0.038462,0,10,-0.038462,0.0,0.0
rec_b629f0de1cb2c32a,STU_386123,386123,SISWA_024,Kls 7_SISWA_017,2025-09-09,SEPTEMBER,Tuesday,TRUE,,NO_EXCEPTION_RECORDED,0,1,1,5,10,21,0.0,0.1,0.047619,1,27,0.037037,0,11,-0.037037,0.015385,-0.015385
rec_fa9200afa674e5c6,STU_386123,386123,SISWA_024,Kls 7_SISWA_017,2025-09-10,SEPTEMBER,Wednesday,TRUE,,NO_EXCEPTION_RECORDED,0,1,1,5,10,22,0.0,0.1,0.045455,1,28,0.035714,0,12,-0.035714,0.046154,-0.046154
rec_e3dda93e4d2034ca,STU_386123,386123,SISWA_024,Kls 7_SISWA_017,2025-09-11,SEPTEMBER,Thursday,TRUE,,NO_EXCEPTION_RECORDED,0,1,1,5,10,22,0.0,0.1,0.045455,1,29,0.034483,0,13,-0.034483,0.046154,-0.046154
rec_a00d5679aff13a45,STU_386123,386123,SISWA_024,Kls 7_SISWA_017,2025-09-12,SEPTEMBER,Friday,TRUE,,NO_EXCEPTION_RECORDED,0,1,1,5,10,22,0.0,0.1,0.045455,1,30,0.033333,0,14,-0.033333,0.061538,-0.061538
rec_ebda98134c7ae657,STU_386123,386123,SISWA_024,Kls 7_SISWA_017,2025-09-13,SEPTEMBER,Saturday,FALSE,,NO_EXCEPTION_RECORDED,0,0,1,5,10,22,0.0,0.0,0.045455,1,31,0.032258,0,15,-0.032258,0.061538,-0.061538
rec_93326912985da6f6,STU_386123,386123,SISWA_024,Kls 7_SISWA_017,2025-09-14,SEPTEMBER,Sunday,FALSE,,NO_EXCEPTION_RECORDED,0,0,1,5,10,21,0.0,0.0,0.047619,1,31,0.032258,0,16,-0.032258,0.061538,-0.061538
rec_d03b091488cc3a91,STU_386123,386123,SISWA_024,Kls 7_SISWA_017,2025-09-15,SEPTEMBER,Monday,TRUE,,NO_EXCEPTION_RECORDED,0,0,1,5,10,20,0.0,0.0,0.05,1,31,0.032258,0,17,-0.032258,0.061538,-0.061538
rec_d388857808ada682,STU_386123,386123,SISWA_024,Kls 7_SISWA_017,2025-09-16,SEPTEMBER,Tuesday,TRUE,,NO_EXCEPTION_RECORDED,0,0,1,5,10,21,0.0,0.0,0.047619,1,32,0.03125,0,18,-0.03125,0.046154,-0.046154
rec_e9ac8ebbcbf0002a,STU_386123,386123,SISWA_024,Kls 7_SISWA_017,2025-09-17,SEPTEMBER,Wednesday,TRUE,s,SOURCE_MARK_S,0,0,1,5,10,22,0.0,0.0,0.045455,1,33,0.030303,0,19,-0.030303,0.015385,-0.015385
rec_8c7f978acb97b546,STU_386123,386123,SISWA_024,Kls 7_SISWA_017,2025-09-18,SEPTEMBER,Thursday,TRUE,s,SOURCE_MARK_S,1,1,2,5,10,22,0.2,0.1,0.090909,2,34,0.058824,1,1,0.141176,0.015385,0.184615
rec_b2fdcae8b20c4a3e,STU_386123,386123,SISWA_024,Kls 7_SISWA_017,2025-09-19,SEPTEMBER,Friday,TRUE,s,SOURCE_MARK_S,2,2,3,5,10,22,0.4,0.2,0.136364,3,35,0.085714,2,1,0.314286,0.0,0.4
rec_ab33339e50d82946,STU_386123,386123,SISWA_024,Kls 7_SISWA_017,2025-09-20,SEPTEMBER,Saturday,FALSE,,NO_EXCEPTION_RECORDED,3,3,4,5,10,22,0.6,0.3,0.181818,4,36,0.111111,3,1,0.488889,0.0,0.6
rec_443b5052d9675f04,STU_386123,386123,SISWA_024,Kls 7_SISWA_017,2025-09-21,SEPTEMBER,Sunday,FALSE,,NO_EXCEPTION_RECORDED,3,3,4,5,10,21,0.6,0.3,0.190476,4,36,0.111111,3,2,0.488889,0.0,0.6
rec_098fdc2b89078f6d,STU_386123,386123,SISWA_024,Kls 7_SISWA_017,2025-09-22,SEPTEMBER,Monday,TRUE,s,SOURCE_MARK_S,3,3,4,5,10,20,0.6,0.3,0.2,4,36,0.111111,3,3,0.488889,0.0,0.6
rec_67d9f52b391aea3c,STU_386123,386123,SISWA_024,Kls 7_SISWA_017,2025-09-23,SEPTEMBER,Tuesday,TRUE,s,SOURCE_MARK_S,4,4,5,5,10,21,0.8,0.4,0.238095,5,37,0.135135,4,1,0.664865,0.0,0.8
rec_4fb541018c75b88f,STU_386123,386123,SISWA_024,Kls 7_SISWA_017,2025-09-24,SEPTEMBER,Wednesday,TRUE,s,SOURCE_MARK_S,5,5,6,5,10,22,1.0,0.5,0.272727,6,38,0.157895,5,1,0.842105,0.0,1.0
rec_bfe912768098e580,STU_386123,386123,SISWA_024,Kls 7_SISWA_017,2025-09-25,SEPTEMBER,Thursday,TRUE,s,SOURCE_MARK_S,5,6,7,5,10,22,1.0,0.6,0.318182,7,39,0.179487,6,1,0.820513,0.030769,0.969231
rec_3965b68cc239409e,STU_386123,386123,SISWA_024,Kls 7_SISWA_017,2025-09-26,SEPTEMBER,Friday,TRUE,,NO_EXCEPTION_RECORDED,5,7,8,5,10,22,1.0,0.7,0.363636,8,40,0.2,7,1,0.8,0.076923,0.923077
rec_6804176718bd19ba,STU_386123,386123,SISWA_024,Kls 7_SISWA_017,2025-09-27,SEPTEMBER,Saturday,FALSE,,NO_EXCEPTION_RECORDED,4,7,8,5,10,22,0.8,0.7,0.363636,8,41,0.195122,0,2,0.604878,0.107692,0.692308
rec_664dac346d53e03a,STU_386123,386123,SISWA_024,Kls 7_SISWA_017,2025-09-28,SEPTEMBER,Sunday,FALSE,,NO_EXCEPTION_RECORDED,4,7,8,5,10,21,0.8,0.7,0.380952,8,41,0.195122,0,3,0.604878,0.107692,0.692308
rec_f4768b75ccc192d6,STU_386123,386123,SISWA_024,Kls 7_SISWA_017,2025-09-29,SEPTEMBER,Monday,TRUE,,NO_EXCEPTION_RECORDED,4,7,7,5,10,20,0.8,0.7,0.35,8,41,0.195122,0,4,0.604878,0.107692,0.692308
rec_1088606e6db0aa02,STU_386123,386123,SISWA_024,Kls 7_SISWA_017,2025-09-30,SEPTEMBER,Tuesday,UNKNOWN,,NO_EXCEPTION_RECORDED,3,7,7,5,10,21,0.6,0.7,0.333333,8,42,0.190476,0,5,0.409524,0.107692,0.492308
rec_ab474ffa6fdd76d6,STU_386287,386287,SISWA_046,Kls 8_SISWA_032,2025-08-01,AGUSTUS,Friday,UNKNOWN,,NO_EXCEPTION_RECORDED,0,0,0,0,0,0,0.0,0.0,0.0,0,0,0.0,0,-1,0.0,0.0,0.0
rec_81be8c03632ef504,STU_386287,386287,SISWA_046,Kls 8_SISWA_032,2025-08-02,AGUSTUS,Saturday,FALSE,,NO_EXCEPTION_RECORDED,0,0,0,1,1,1,0.0,0.0,0.0,0,1,0.0,0,-1,0.0,0.0,0.0
rec_e685a740bdecefac,STU_386287,386287,SISWA_046,Kls 8_SISWA_032,2025-08-03,AGUSTUS,Sunday,FALSE,,NO_EXCEPTION_RECORDED,0,0,0,1,1,1,0.0,0.0,0.0,0,1,0.0,0,-1,0.0,0.0,0.0
rec_b7e16b35afceeed2,STU_386287,386287,SISWA_046,Kls 8_SISWA_032,2025-08-04,AGUSTUS,Monday,UNKNOWN,,NO_EXCEPTION_RECORDED,0,0,0,1,1,1,0.0,0.0,0.0,0,1,0.0,0,-1,0.0,0.0,0.0
rec_c342c2174e33bdcb,STU_386287,386287,SISWA_046,Kls 8_SISWA_032,2025-08-05,AGUSTUS,Tuesday,TRUE,,NO_EXCEPTION_RECORDED,0,0,0,2,2,2,0.0,0.0,0.0,0,2,0.0,0,-1,0.0,0.0,0.0
rec_d7c28699a745cce0,STU_386287,386287,SISWA_046,Kls 8_SISWA_032,2025-08-06,AGUSTUS,Wednesday,UNKNOWN,,NO_EXCEPTION_RECORDED,0,0,0,3,3,3,0.0,0.0,0.0,0,3,0.0,0,-1,0.0,0.0,0.0
rec_2c61ecacb5b52db5,STU_386287,386287,SISWA_046,Kls 8_SISWA_032,2025-08-07,AGUSTUS,Thursday,TRUE,,NO_EXCEPTION_RECORDED,0,0,0,4,4,4,0.0,0.0,0.0,0,4,0.0,0,-1,0.0,0.0,0.0
rec_f0213ca3220675b0,STU_386287,386287,SISWA_046,Kls 8_SISWA_032,2025-08-08,AGUSTUS,Friday,TRUE,,NO_EXCEPTION_RECORDED,0,0,0,5,5,5,0.0,0.0,0.0,0,5,0.0,0,-1,0.0,0.0,0.0
rec_3e58bbd13fab98d0,STU_386287,386287,SISWA_046,Kls 8_SISWA_032,2025-08-09,AGUSTUS,Saturday,FALSE,,NO_EXCEPTION_RECORDED,0,0,0,5,6,6,0.0,0.0,0.0,0,6,0.0,0,-1,0.0,0.0,0.0
rec_d9afe81053c76ede,STU_386287,386287,SISWA_046,Kls 8_SISWA_032,2025-08-10,AGUSTUS,Sunday,FALSE,,NO_EXCEPTION_RECORDED,0,0,0,5,6,6,0.0,0.0,0.0,0,6,0.0,0,-1,0.0,0.0,0.0
rec_8abfd331874cea4e,STU_386287,386287,SISWA_046,Kls 8_SISWA_032,2025-08-11,AGUSTUS,Monday,TRUE,,NO_EXCEPTION_RECORDED,0,0,0,5,6,6,0.0,0.0,0.0,0,6,0.0,0,-1,0.0,0.0,0.0
rec_d009ba502db31b77,STU_386287,386287,SISWA_046,Kls 8_SISWA_032,2025-08-12,AGUSTUS,Tuesday,TRUE,,NO_EXCEPTION_RECORDED,0,0,0,5,7,7,0.0,0.0,0.0,0,7,0.0,0,-1,0.0,0.011111,-0.011111
rec_b6c8baf188ea7ec5,STU_386287,386287,SISWA_046,Kls 8_SISWA_032,2025-08-13,AGUSTUS,Wednesday,TRUE,,NO_EXCEPTION_RECORDED,0,0,0,5,8,8,0.0,0.0,0.0,0,8,0.0,0,-1,0.0,0.011111,-0.011111
rec_c02cdfeec3897f79,STU_386287,386287,SISWA_046,Kls 8_SISWA_032,2025-08-14,AGUSTUS,Thursday,UNKNOWN,,NO_EXCEPTION_RECORDED,0,0,0,5,9,9,0.0,0.0,0.0,0,9,0.0,0,-1,0.0,0.011111,-0.011111
rec_9ba43a39e3064589,STU_386287,386287,SISWA_046,Kls 8_SISWA_032,2025-08-15,AGUSTUS,Friday,UNKNOWN,,NO_EXCEPTION_RECORDED,0,0,0,5,10,10,0.0,0.0,0.0,0,10,0.0,0,-1,0.0,0.011111,-0.011111
rec_4f17f2b8e0fdfb4f,STU_386287,386287,SISWA_046,Kls 8_SISWA_032,2025-08-16,AGUSTUS,Saturday,FALSE,,NO_EXCEPTION_RECORDED,0,0,0,5,10,11,0.0,0.0,0.0,0,11,0.0,0,-1,0.0,0.011111,-0.011111
rec_6aadf5e9d962dbcb,STU_386287,386287,SISWA_046,Kls 8_SISWA_032,2025-08-17,AGUSTUS,Sunday,FALSE,,NO_EXCEPTION_RECORDED,0,0,0,5,10,11,0.0,0.0,0.0,0,11,0.0,0,-1,0.0,0.011111,-0.011111
rec_1bdf33916850bef9,STU_386287,386287,SISWA_046,Kls 8_SISWA_032,2025-08-18,AGUSTUS,Monday,UNKNOWN,,NO_EXCEPTION_RECORDED,0,0,0,5,10,11,0.0,0.0,0.0,0,11,0.0,0,-1,0.0,0.011111,-0.011111
rec_ec3c468342c8952f,STU_386287,386287,SISWA_046,Kls 8_SISWA_032,2025-08-19,AGUSTUS,Tuesday,TRUE,,NO_EXCEPTION_RECORDED,0,0,0,5,10,12,0.0,0.0,0.0,0,12,0.0,0,-1,0.0,0.0,0.0
rec_f72d5be295649eca,STU_386287,386287,SISWA_046,Kls 8_SISWA_032,2025-08-20,AGUSTUS,Wednesday,TRUE,,NO_EXCEPTION_RECORDED,0,0,0,5,10,13,0.0,0.0,0.0,0,13,0.0,0,-1,0.0,0.011111,-0.011111
rec_47f8a3a8663f3bb3,STU_386287,386287,SISWA_046,Kls 8_SISWA_032,2025-08-21,AGUSTUS,Thursday,TRUE,,NO_EXCEPTION_RECORDED,0,0,0,5,10,14,0.0,0.0,0.0,0,14,0.0,0,-1,0.0,0.011111,-0.011111
rec_69a9b31e96e39d54,STU_386287,386287,SISWA_046,Kls 8_SISWA_032,2025-08-22,AGUSTUS,Friday,UNKNOWN,,NO_EXCEPTION_RECORDED,0,0,0,5,10,15,0.0,0.0,0.0,0,15,0.0,0,-1,0.0,0.011111,-0.011111
rec_8e3c728ef81e7203,STU_386287,386287,SISWA_046,Kls 8_SISWA_032,2025-08-23,AGUSTUS,Saturday,FALSE,,NO_EXCEPTION_RECORDED,0,0,0,5,10,16,0.0,0.0,0.0,0,16,0.0,0,-1,0.0,0.011111,-0.011111
rec_f44088be3e17fcbe,STU_386287,386287,SISWA_046,Kls 8_SISWA_032,2025-08-24,AGUSTUS,Sunday,FALSE,,NO_EXCEPTION_RECORDED,0,0,0,5,10,16,0.0,0.0,0.0,0,16,0.0,0,-1,0.0,0.011111,-0.011111
rec_d0120d515eb0d857,STU_386287,386287,SISWA_046,Kls 8_SISWA_032,2025-08-25,AGUSTUS,Monday,TRUE,,NO_EXCEPTION_RECORDED,0,0,0,5,10,16,0.0,0.0,0.0,0,16,0.0,0,-1,0.0,0.011111,-0.011111
rec_061228b90ae59869,STU_386287,386287,SISWA_046,Kls 8_SISWA_032,2025-08-26,AGUSTUS,Tuesday,TRUE,,NO_EXCEPTION_RECORDED,0,0,0,5,10,17,0.0,0.0,0.0,0,17,0.0,0,-1,0.0,0.011111,-0.011111
rec_a7be2f9a3e5b5a6a,STU_386287,386287,SISWA_046,Kls 8_SISWA_032,2025-08-27,AGUSTUS,Wednesday,TRUE,,NO_EXCEPTION_RECORDED,0,0,0,5,10,18,0.0,0.0,0.0,0,18,0.0,0,-1,0.0,0.011111,-0.011111
rec_523bb5ffd88514d5,STU_386287,386287,SISWA_046,Kls 8_SISWA_032,2025-08-28,AGUSTUS,Thursday,TRUE,,NO_EXCEPTION_RECORDED,0,0,0,5,10,19,0.0,0.0,0.0,0,19,0.0,0,-1,0.0,0.011111,-0.011111
rec_c8e751e3639be49b,STU_386287,386287,SISWA_046,Kls 8_SISWA_032,2025-08-29,AGUSTUS,Friday,TRUE,,NO_EXCEPTION_RECORDED,0,0,0,5,10,20,0.0,0.0,0.0,0,20,0.0,0,-1,0.0,0.022222,-0.022222
rec_46eb3f61c609bfcb,STU_386287,386287,SISWA_046,Kls 8_SISWA_032,2025-08-30,AGUSTUS,Saturday,FALSE,,NO_EXCEPTION_RECORDED,0,0,0,5,10,21,0.0,0.0,0.0,0,21,0.0,0,-1,0.0,0.022222,-0.022222
rec_2bafb26d2d3c7ac8,STU_386287,386287,SISWA_046,Kls 8_SISWA_032,2025-08-31,AGUSTUS,Sunday,FALSE,,NO_EXCEPTION_RECORDED,0,0,0,5,10,21,0.0,0.0,0.0,0,21,0.0,0,-1,0.0,0.022222,-0.022222
rec_db70ac5bef00f60e,STU_386287,386287,SISWA_046,Kls 8_SISWA_032,2025-09-01,SEPTEMBER,Monday,TRUE,,NO_EXCEPTION_RECORDED,0,0,0,5,10,20,0.0,0.0,0.0,0,21,0.0,0,-1,0.0,0.022222,-0.022222
rec_808a5b91e85183be,STU_386287,386287,SISWA_046,Kls 8_SISWA_032,2025-09-02,SEPTEMBER,Tuesday,TRUE,,NO_EXCEPTION_RECORDED,0,0,0,5,10,21,0.0,0.0,0.0,0,22,0.0,0,-1,0.0,0.022222,-0.022222
rec_33bdf8c2e3b637e0,STU_386287,386287,SISWA_046,Kls 8_SISWA_032,2025-09-03,SEPTEMBER,Wednesday,TRUE,,NO_EXCEPTION_RECORDED,0,0,0,5,10,22,0.0,0.0,0.0,0,23,0.0,0,-1,0.0,0.011111,-0.011111
rec_c7cfabd9b9c3189a,STU_386287,386287,SISWA_046,Kls 8_SISWA_032,2025-09-04,SEPTEMBER,Thursday,TRUE,,NO_EXCEPTION_RECORDED,0,0,0,5,10,22,0.0,0.0,0.0,0,24,0.0,0,-1,0.0,0.011111,-0.011111
rec_caea4a6816bda300,STU_386287,386287,SISWA_046,Kls 8_SISWA_032,2025-09-05,SEPTEMBER,Friday,UNKNOWN,,NO_EXCEPTION_RECORDED,0,0,0,5,10,22,0.0,0.0,0.0,0,25,0.0,0,-1,0.0,0.0,0.0
rec_a1b5a79882b73835,STU_386287,386287,SISWA_046,Kls 8_SISWA_032,2025-09-06,SEPTEMBER,Saturday,FALSE,,NO_EXCEPTION_RECORDED,0,0,0,5,10,22,0.0,0.0,0.0,0,26,0.0,0,-1,0.0,0.0,0.0
rec_fd65ee3ce7deaa6e,STU_386287,386287,SISWA_046,Kls 8_SISWA_032,2025-09-07,SEPTEMBER,Sunday,FALSE,,NO_EXCEPTION_RECORDED,0,0,0,5,10,21,0.0,0.0,0.0,0,26,0.0,0,-1,0.0,0.0,0.0
rec_7f2c9e6f958f37d6,STU_386287,386287,SISWA_046,Kls 8_SISWA_032,2025-09-08,SEPTEMBER,Monday,TRUE,,NO_EXCEPTION_RECORDED,0,0,0,5,10,20,0.0,0.0,0.0,0,26,0.0,0,-1,0.0,0.0,0.0
rec_a76f186a9aed1709,STU_386287,386287,SISWA_046,Kls 8_SISWA_032,2025-09-09,SEPTEMBER,Tuesday,TRUE,,NO_EXCEPTION_RECORDED,0,0,0,5,10,21,0.0,0.0,0.0,0,27,0.0,0,-1,0.0,0.0,0.0
rec_2abbaec82bc5def1,STU_386287,386287,SISWA_046,Kls 8_SISWA_032,2025-09-10,SEPTEMBER,Wednesday,TRUE,,NO_EXCEPTION_RECORDED,0,0,0,5,10,22,0.0,0.0,0.0,0,28,0.0,0,-1,0.0,0.0,0.0
rec_40d70b8d444525f3,STU_386287,386287,SISWA_046,Kls 8_SISWA_032,2025-09-11,SEPTEMBER,Thursday,TRUE,,NO_EXCEPTION_RECORDED,0,0,0,5,10,22,0.0,0.0,0.0,0,29,0.0,0,-1,0.0,0.011111,-0.011111
rec_85e052ed3d756419,STU_386287,386287,SISWA_046,Kls 8_SISWA_032,2025-09-12,SEPTEMBER,Friday,TRUE,,NO_EXCEPTION_RECORDED,0,0,0,5,10,22,0.0,0.0,0.0,0,30,0.0,0,-1,0.0,0.011111,-0.011111
rec_8fcd49d34be6386d,STU_386287,386287,SISWA_046,Kls 8_SISWA_032,2025-09-13,SEPTEMBER,Saturday,FALSE,,NO_EXCEPTION_RECORDED,0,0,0,5,10,22,0.0,0.0,0.0,0,31,0.0,0,-1,0.0,0.022222,-0.022222
rec_df21d95240109b0c,STU_386287,386287,SISWA_046,Kls 8_SISWA_032,2025-09-14,SEPTEMBER,Sunday,FALSE,,NO_EXCEPTION_RECORDED,0,0,0,5,10,21,0.0,0.0,0.0,0,31,0.0,0,-1,0.0,0.022222,-0.022222
rec_e1a899a8dc9dd028,STU_386287,386287,SISWA_046,Kls 8_SISWA_032,2025-09-15,SEPTEMBER,Monday,TRUE,,NO_EXCEPTION_RECORDED,0,0,0,5,10,20,0.0,0.0,0.0,0,31,0.0,0,-1,0.0,0.022222,-0.022222
rec_8e66344e68e1a188,STU_386287,386287,SISWA_046,Kls 8_SISWA_032,2025-09-16,SEPTEMBER,Tuesday,TRUE,,NO_EXCEPTION_RECORDED,0,0,0,5,10,21,0.0,0.0,0.0,0,32,0.0,0,-1,0.0,0.044444,-0.044444
rec_6e31c98c33f4ca9e,STU_386287,386287,SISWA_046,Kls 8_SISWA_032,2025-09-17,SEPTEMBER,Wednesday,TRUE,,NO_EXCEPTION_RECORDED,0,0,0,5,10,22,0.0,0.0,0.0,0,33,0.0,0,-1,0.0,0.055556,-0.055556
rec_8417fca0f2a77cd9,STU_386287,386287,SISWA_046,Kls 8_SISWA_032,2025-09-18,SEPTEMBER,Thursday,TRUE,,NO_EXCEPTION_RECORDED,0,0,0,5,10,22,0.0,0.0,0.0,0,34,0.0,0,-1,0.0,0.044444,-0.044444
rec_188f3095304ec05e,STU_386287,386287,SISWA_046,Kls 8_SISWA_032,2025-09-19,SEPTEMBER,Friday,TRUE,,NO_EXCEPTION_RECORDED,0,0,0,5,10,22,0.0,0.0,0.0,0,35,0.0,0,-1,0.0,0.044444,-0.044444
rec_54c8416aeeaa50d7,STU_386287,386287,SISWA_046,Kls 8_SISWA_032,2025-09-20,SEPTEMBER,Saturday,FALSE,,NO_EXCEPTION_RECORDED,0,0,0,5,10,22,0.0,0.0,0.0,0,36,0.0,0,-1,0.0,0.033333,-0.033333
rec_d250695dc4b15b70,STU_386287,386287,SISWA_046,Kls 8_SISWA_032,2025-09-21,SEPTEMBER,Sunday,FALSE,,NO_EXCEPTION_RECORDED,0,0,0,5,10,21,0.0,0.0,0.0,0,36,0.0,0,-1,0.0,0.033333,-0.033333
rec_5cd10b4b5226e410,STU_386287,386287,SISWA_046,Kls 8_SISWA_032,2025-09-22,SEPTEMBER,Monday,TRUE,,NO_EXCEPTION_RECORDED,0,0,0,5,10,20,0.0,0.0,0.0,0,36,0.0,0,-1,0.0,0.033333,-0.033333
rec_5352a8cc8e3f0513,STU_386287,386287,SISWA_046,Kls 8_SISWA_032,2025-09-23,SEPTEMBER,Tuesday,TRUE,,NO_EXCEPTION_RECORDED,0,0,0,5,10,21,0.0,0.0,0.0,0,37,0.0,0,-1,0.0,0.011111,-0.011111
rec_05d7acc2129087a6,STU_386287,386287,SISWA_046,Kls 8_SISWA_032,2025-09-24,SEPTEMBER,Wednesday,TRUE,,NO_EXCEPTION_RECORDED,0,0,0,5,10,22,0.0,0.0,0.0,0,38,0.0,0,-1,0.0,0.0,0.0
rec_8844e6b436ecbfd2,STU_386287,386287,SISWA_046,Kls 8_SISWA_032,2025-09-25,SEPTEMBER,Thursday,TRUE,,NO_EXCEPTION_RECORDED,0,0,0,5,10,22,0.0,0.0,0.0,0,39,0.0,0,-1,0.0,0.0,0.0
rec_400b283cfe8c758f,STU_386287,386287,SISWA_046,Kls 8_SISWA_032,2025-09-26,SEPTEMBER,Friday,TRUE,,NO_EXCEPTION_RECORDED,0,0,0,5,10,22,0.0,0.0,0.0,0,40,0.0,0,-1,0.0,0.0,0.0
rec_916e20522e243db1,STU_386287,386287,SISWA_046,Kls 8_SISWA_032,2025-09-27,SEPTEMBER,Saturday,FALSE,,NO_EXCEPTION_RECORDED,0,0,0,5,10,22,0.0,0.0,0.0,0,41,0.0,0,-1,0.0,0.011111,-0.011111
rec_a15aee681a229c7f,STU_386287,386287,SISWA_046,Kls 8_SISWA_032,2025-09-28,SEPTEMBER,Sunday,FALSE,,NO_EXCEPTION_RECORDED,0,0,0,5,10,21,0.0,0.0,0.0,0,41,0.0,0,-1,0.0,0.011111,-0.011111
rec_364a66646901b1a2,STU_386287,386287,SISWA_046,Kls 8_SISWA_032,2025-09-29,SEPTEMBER,Monday,TRUE,,NO_EXCEPTION_RECORDED,0,0,0,5,10,20,0.0,0.0,0.0,0,41,0.0,0,-1,0.0,0.011111,-0.011111
rec_403ffa47e43a4422,STU_386287,386287,SISWA_046,Kls 8_SISWA_032,2025-09-30,SEPTEMBER,Tuesday,UNKNOWN,,NO_EXCEPTION_RECORDED,0,0,0,5,10,21,0.0,0.0,0.0,0,42,0.0,0,-1,0.0,0.022222,-0.022222
rec_afa52458eb930374,STU_388988,388988,SISWA_087,Kls 9_SISWA_085,2025-08-01,AGUSTUS,Friday,UNKNOWN,,NO_EXCEPTION_RECORDED,0,0,0,0,0,0,0.0,0.0,0.0,0,0,0.0,0,-1,0.0,0.0,0.0
rec_4be05272e52b1dae,STU_388988,388988,SISWA_087,Kls 9_SISWA_085,2025-08-02,AGUSTUS,Saturday,FALSE,,NO_EXCEPTION_RECORDED,0,0,0,1,1,1,0.0,0.0,0.0,0,1,0.0,0,-1,0.0,0.0,0.0
rec_3f75390ab9a1da2b,STU_388988,388988,SISWA_087,Kls 9_SISWA_085,2025-08-03,AGUSTUS,Sunday,FALSE,,NO_EXCEPTION_RECORDED,0,0,0,1,1,1,0.0,0.0,0.0,0,1,0.0,0,-1,0.0,0.0,0.0
rec_1f698df1ac25b1c3,STU_388988,388988,SISWA_087,Kls 9_SISWA_085,2025-08-04,AGUSTUS,Monday,UNKNOWN,,NO_EXCEPTION_RECORDED,0,0,0,1,1,1,0.0,0.0,0.0,0,1,0.0,0,-1,0.0,0.0,0.0
rec_ca1514518b8cdafd,STU_388988,388988,SISWA_087,Kls 9_SISWA_085,2025-08-05,AGUSTUS,Tuesday,TRUE,,NO_EXCEPTION_RECORDED,0,0,0,2,2,2,0.0,0.0,0.0,0,2,0.0,0,-1,0.0,0.0,0.0
rec_7e753948a68eda9b,STU_388988,388988,SISWA_087,Kls 9_SISWA_085,2025-08-06,AGUSTUS,Wednesday,UNKNOWN,,NO_EXCEPTION_RECORDED,0,0,0,3,3,3,0.0,0.0,0.0,0,3,0.0,0,-1,0.0,0.033333,-0.033333
rec_49dd5e1c8a7f3143,STU_388988,388988,SISWA_087,Kls 9_SISWA_085,2025-08-07,AGUSTUS,Thursday,TRUE,,NO_EXCEPTION_RECORDED,0,0,0,4,4,4,0.0,0.0,0.0,0,4,0.0,0,-1,0.0,0.025,-0.025
rec_9b342fcd53bb95cb,STU_388988,388988,SISWA_087,Kls 9_SISWA_085,2025-08-08,AGUSTUS,Friday,TRUE,,NO_EXCEPTION_RECORDED,0,0,0,5,5,5,0.0,0.0,0.0,0,5,0.0,0,-1,0.0,0.04,-0.04
rec_0d2da17c98be39a6,STU_388988,388988,SISWA_087,Kls 9_SISWA_085,2025-08-09,AGUSTUS,Saturday,FALSE,,NO_EXCEPTION_RECORDED,0,0,0,5,6,6,0.0,0.0,0.0,0,6,0.0,0,-1,0.0,0.06,-0.06
rec_68c3bb14e8ef9443,STU_388988,388988,SISWA_087,Kls 9_SISWA_085,2025-08-10,AGUSTUS,Sunday,FALSE,,NO_EXCEPTION_RECORDED,0,0,0,5,6,6,0.0,0.0,0.0,0,6,0.0,0,-1,0.0,0.06,-0.06
rec_4405808cbd5d2fc5,STU_388988,388988,SISWA_087,Kls 9_SISWA_085,2025-08-11,AGUSTUS,Monday,TRUE,,NO_EXCEPTION_RECORDED,0,0,0,5,6,6,0.0,0.0,0.0,0,6,0.0,0,-1,0.0,0.06,-0.06
rec_13096c2729fb7640,STU_388988,388988,SISWA_087,Kls 9_SISWA_085,2025-08-12,AGUSTUS,Tuesday,TRUE,,NO_EXCEPTION_RECORDED,0,0,0,5,7,7,0.0,0.0,0.0,0,7,0.0,0,-1,0.0,0.06,-0.06
rec_066176f4331962f3,STU_388988,388988,SISWA_087,Kls 9_SISWA_085,2025-08-13,AGUSTUS,Wednesday,TRUE,,NO_EXCEPTION_RECORDED,0,0,0,5,8,8,0.0,0.0,0.0,0,8,0.0,0,-1,0.0,0.04,-0.04
rec_c11da4ed4fa2dfdb,STU_388988,388988,SISWA_087,Kls 9_SISWA_085,2025-08-14,AGUSTUS,Thursday,UNKNOWN,,NO_EXCEPTION_RECORDED,0,0,0,5,9,9,0.0,0.0,0.0,0,9,0.0,0,-1,0.0,0.04,-0.04
rec_bbaf995b5669c5e2,STU_388988,388988,SISWA_087,Kls 9_SISWA_085,2025-08-15,AGUSTUS,Friday,UNKNOWN,,NO_EXCEPTION_RECORDED,0,0,0,5,10,10,0.0,0.0,0.0,0,10,0.0,0,-1,0.0,0.02,-0.02
rec_9bdd90fe3d27dccb,STU_388988,388988,SISWA_087,Kls 9_SISWA_085,2025-08-16,AGUSTUS,Saturday,FALSE,,NO_EXCEPTION_RECORDED,0,0,0,5,10,11,0.0,0.0,0.0,0,11,0.0,0,-1,0.0,0.0,0.0
rec_a5d79ed5e7e3eed1,STU_388988,388988,SISWA_087,Kls 9_SISWA_085,2025-08-17,AGUSTUS,Sunday,FALSE,,NO_EXCEPTION_RECORDED,0,0,0,5,10,11,0.0,0.0,0.0,0,11,0.0,0,-1,0.0,0.0,0.0
rec_3e22d5ce95b4a165,STU_388988,388988,SISWA_087,Kls 9_SISWA_085,2025-08-18,AGUSTUS,Monday,UNKNOWN,,NO_EXCEPTION_RECORDED,0,0,0,5,10,11,0.0,0.0,0.0,0,11,0.0,0,-1,0.0,0.0,0.0
rec_66acab1fb8298461,STU_388988,388988,SISWA_087,Kls 9_SISWA_085,2025-08-19,AGUSTUS,Tuesday,TRUE,,NO_EXCEPTION_RECORDED,0,0,0,5,10,12,0.0,0.0,0.0,0,12,0.0,0,-1,0.0,0.0,0.0
rec_b4e80f2438c1eac6,STU_388988,388988,SISWA_087,Kls 9_SISWA_085,2025-08-20,AGUSTUS,Wednesday,TRUE,,NO_EXCEPTION_RECORDED,0,0,0,5,10,13,0.0,0.0,0.0,0,13,0.0,0,-1,0.0,0.0,0.0
rec_f1ab56e665bf8b5b,STU_388988,388988,SISWA_087,Kls 9_SISWA_085,2025-08-21,AGUSTUS,Thursday,TRUE,,NO_EXCEPTION_RECORDED,0,0,0,5,10,14,0.0,0.0,0.0,0,14,0.0,0,-1,0.0,0.0,0.0
rec_34a25920a5cfe295,STU_388988,388988,SISWA_087,Kls 9_SISWA_085,2025-08-22,AGUSTUS,Friday,UNKNOWN,,NO_EXCEPTION_RECORDED,0,0,0,5,10,15,0.0,0.0,0.0,0,15,0.0,0,-1,0.0,0.04,-0.04
rec_89b95c866c23c08a,STU_388988,388988,SISWA_087,Kls 9_SISWA_085,2025-08-23,AGUSTUS,Saturday,FALSE,,NO_EXCEPTION_RECORDED,0,0,0,5,10,16,0.0,0.0,0.0,0,16,0.0,0,-1,0.0,0.04,-0.04
rec_4ec24318dbea2f8a,STU_388988,388988,SISWA_087,Kls 9_SISWA_085,2025-08-24,AGUSTUS,Sunday,FALSE,,NO_EXCEPTION_RECORDED,0,0,0,5,10,16,0.0,0.0,0.0,0,16,0.0,0,-1,0.0,0.04,-0.04
rec_85544ac12b7d8b9d,STU_388988,388988,SISWA_087,Kls 9_SISWA_085,2025-08-25,AGUSTUS,Monday,TRUE,,NO_EXCEPTION_RECORDED,0,0,0,5,10,16,0.0,0.0,0.0,0,16,0.0,0,-1,0.0,0.04,-0.04
rec_18405fea4686cee8,STU_388988,388988,SISWA_087,Kls 9_SISWA_085,2025-08-26,AGUSTUS,Tuesday,TRUE,,NO_EXCEPTION_RECORDED,0,0,0,5,10,17,0.0,0.0,0.0,0,17,0.0,0,-1,0.0,0.04,-0.04
rec_f21228ffc7aaafe8,STU_388988,388988,SISWA_087,Kls 9_SISWA_085,2025-08-27,AGUSTUS,Wednesday,TRUE,,NO_EXCEPTION_RECORDED,0,0,0,5,10,18,0.0,0.0,0.0,0,18,0.0,0,-1,0.0,0.04,-0.04
rec_b655d5ee06530a71,STU_388988,388988,SISWA_087,Kls 9_SISWA_085,2025-08-28,AGUSTUS,Thursday,TRUE,,NO_EXCEPTION_RECORDED,0,0,0,5,10,19,0.0,0.0,0.0,0,19,0.0,0,-1,0.0,0.04,-0.04
rec_cd89fe8394b9d1f2,STU_388988,388988,SISWA_087,Kls 9_SISWA_085,2025-08-29,AGUSTUS,Friday,TRUE,,NO_EXCEPTION_RECORDED,0,0,0,5,10,20,0.0,0.0,0.0,0,20,0.0,0,-1,0.0,0.0,0.0
rec_0b98dd7c0b6f7a04,STU_388988,388988,SISWA_087,Kls 9_SISWA_085,2025-08-30,AGUSTUS,Saturday,FALSE,,NO_EXCEPTION_RECORDED,0,0,0,5,10,21,0.0,0.0,0.0,0,21,0.0,0,-1,0.0,0.0,0.0
rec_ebc683c58b32c39f,STU_388988,388988,SISWA_087,Kls 9_SISWA_085,2025-08-31,AGUSTUS,Sunday,FALSE,,NO_EXCEPTION_RECORDED,0,0,0,5,10,21,0.0,0.0,0.0,0,21,0.0,0,-1,0.0,0.0,0.0
rec_2165f1b09a850cd6,STU_388988,388988,SISWA_087,Kls 9_SISWA_085,2025-09-01,SEPTEMBER,Monday,TRUE,,NO_EXCEPTION_RECORDED,0,0,0,5,10,20,0.0,0.0,0.0,0,21,0.0,0,-1,0.0,0.0,0.0
rec_e4d83ad1921e36a4,STU_388988,388988,SISWA_087,Kls 9_SISWA_085,2025-09-02,SEPTEMBER,Tuesday,TRUE,,NO_EXCEPTION_RECORDED,0,0,0,5,10,21,0.0,0.0,0.0,0,22,0.0,0,-1,0.0,0.020408,-0.020408
rec_d45e470b21d190f2,STU_388988,388988,SISWA_087,Kls 9_SISWA_085,2025-09-03,SEPTEMBER,Wednesday,TRUE,,NO_EXCEPTION_RECORDED,0,0,0,5,10,22,0.0,0.0,0.0,0,23,0.0,0,-1,0.0,0.020833,-0.020833
rec_05bdf90258cec9bc,STU_388988,388988,SISWA_087,Kls 9_SISWA_085,2025-09-04,SEPTEMBER,Thursday,TRUE,,NO_EXCEPTION_RECORDED,0,0,0,5,10,22,0.0,0.0,0.0,0,24,0.0,0,-1,0.0,0.021277,-0.021277
rec_e515f577b0cecb65,STU_388988,388988,SISWA_087,Kls 9_SISWA_085,2025-09-05,SEPTEMBER,Friday,UNKNOWN,,NO_EXCEPTION_RECORDED,0,0,0,5,10,22,0.0,0.0,0.0,0,25,0.0,0,-1,0.0,0.021739,-0.021739
rec_4d3ee3822d1231db,STU_388988,388988,SISWA_087,Kls 9_SISWA_085,2025-09-06,SEPTEMBER,Saturday,FALSE,,NO_EXCEPTION_RECORDED,0,0,0,5,10,22,0.0,0.0,0.0,0,26,0.0,0,-1,0.0,0.022222,-0.022222
rec_bfe06181302fc767,STU_388988,388988,SISWA_087,Kls 9_SISWA_085,2025-09-07,SEPTEMBER,Sunday,FALSE,,NO_EXCEPTION_RECORDED,0,0,0,5,10,21,0.0,0.0,0.0,0,26,0.0,0,-1,0.0,0.022222,-0.022222
rec_ebb44aa93c5ae9b7,STU_388988,388988,SISWA_087,Kls 9_SISWA_085,2025-09-08,SEPTEMBER,Monday,TRUE,,NO_EXCEPTION_RECORDED,0,0,0,5,10,20,0.0,0.0,0.0,0,26,0.0,0,-1,0.0,0.022222,-0.022222
rec_0ab4f77e184d996d,STU_388988,388988,SISWA_087,Kls 9_SISWA_085,2025-09-09,SEPTEMBER,Tuesday,TRUE,,NO_EXCEPTION_RECORDED,0,0,0,5,10,21,0.0,0.0,0.0,0,27,0.0,0,-1,0.0,0.044444,-0.044444
rec_df8eea6f1455b1ea,STU_388988,388988,SISWA_087,Kls 9_SISWA_085,2025-09-10,SEPTEMBER,Wednesday,TRUE,,NO_EXCEPTION_RECORDED,0,0,0,5,10,22,0.0,0.0,0.0,0,28,0.0,0,-1,0.0,0.044444,-0.044444
rec_c15cac56fd5fbccc,STU_388988,388988,SISWA_087,Kls 9_SISWA_085,2025-09-11,SEPTEMBER,Thursday,TRUE,,NO_EXCEPTION_RECORDED,0,0,0,5,10,22,0.0,0.0,0.0,0,29,0.0,0,-1,0.0,0.044444,-0.044444
rec_c16e5fdcec9e52de,STU_388988,388988,SISWA_087,Kls 9_SISWA_085,2025-09-12,SEPTEMBER,Friday,TRUE,,NO_EXCEPTION_RECORDED,0,0,0,5,10,22,0.0,0.0,0.0,0,30,0.0,0,-1,0.0,0.044444,-0.044444
rec_9e4e22e7089884a2,STU_388988,388988,SISWA_087,Kls 9_SISWA_085,2025-09-13,SEPTEMBER,Saturday,FALSE,,NO_EXCEPTION_RECORDED,0,0,0,5,10,22,0.0,0.0,0.0,0,31,0.0,0,-1,0.0,0.044444,-0.044444
rec_dd452f12e83af2cc,STU_388988,388988,SISWA_087,Kls 9_SISWA_085,2025-09-14,SEPTEMBER,Sunday,FALSE,,NO_EXCEPTION_RECORDED,0,0,0,5,10,21,0.0,0.0,0.0,0,31,0.0,0,-1,0.0,0.044444,-0.044444
rec_1ff4e5db902349be,STU_388988,388988,SISWA_087,Kls 9_SISWA_085,2025-09-15,SEPTEMBER,Monday,TRUE,,NO_EXCEPTION_RECORDED,0,0,0,5,10,20,0.0,0.0,0.0,0,31,0.0,0,-1,0.0,0.044444,-0.044444
rec_954664222cfdb79b,STU_388988,388988,SISWA_087,Kls 9_SISWA_085,2025-09-16,SEPTEMBER,Tuesday,TRUE,,NO_EXCEPTION_RECORDED,0,0,0,5,10,21,0.0,0.0,0.0,0,32,0.0,0,-1,0.0,0.0,0.0
rec_e75816c76a345ade,STU_388988,388988,SISWA_087,Kls 9_SISWA_085,2025-09-17,SEPTEMBER,Wednesday,TRUE,,NO_EXCEPTION_RECORDED,0,0,0,5,10,22,0.0,0.0,0.0,0,33,0.0,0,-1,0.0,0.0,0.0
rec_adf2a901865d573b,STU_388988,388988,SISWA_087,Kls 9_SISWA_085,2025-09-18,SEPTEMBER,Thursday,TRUE,,NO_EXCEPTION_RECORDED,0,0,0,5,10,22,0.0,0.0,0.0,0,34,0.0,0,-1,0.0,0.0,0.0
rec_448e09a44afac056,STU_388988,388988,SISWA_087,Kls 9_SISWA_085,2025-09-19,SEPTEMBER,Friday,TRUE,,NO_EXCEPTION_RECORDED,0,0,0,5,10,22,0.0,0.0,0.0,0,35,0.0,0,-1,0.0,0.0,0.0
rec_de14bf94735f373e,STU_388988,388988,SISWA_087,Kls 9_SISWA_085,2025-09-20,SEPTEMBER,Saturday,FALSE,,NO_EXCEPTION_RECORDED,0,0,0,5,10,22,0.0,0.0,0.0,0,36,0.0,0,-1,0.0,0.0,0.0
rec_3858738ccb32b894,STU_388988,388988,SISWA_087,Kls 9_SISWA_085,2025-09-21,SEPTEMBER,Sunday,FALSE,,NO_EXCEPTION_RECORDED,0,0,0,5,10,21,0.0,0.0,0.0,0,36,0.0,0,-1,0.0,0.0,0.0
rec_58b8f73abefcaec9,STU_388988,388988,SISWA_087,Kls 9_SISWA_085,2025-09-22,SEPTEMBER,Monday,TRUE,,NO_EXCEPTION_RECORDED,0,0,0,5,10,20,0.0,0.0,0.0,0,36,0.0,0,-1,0.0,0.0,0.0
rec_6d6f43ea0430a1ef,STU_388988,388988,SISWA_087,Kls 9_SISWA_085,2025-09-23,SEPTEMBER,Tuesday,TRUE,,NO_EXCEPTION_RECORDED,0,0,0,5,10,21,0.0,0.0,0.0,0,37,0.0,0,-1,0.0,0.0,0.0
rec_83d65e4322da67d5,STU_388988,388988,SISWA_087,Kls 9_SISWA_085,2025-09-24,SEPTEMBER,Wednesday,TRUE,,NO_EXCEPTION_RECORDED,0,0,0,5,10,22,0.0,0.0,0.0,0,38,0.0,0,-1,0.0,0.044444,-0.044444
rec_af7f7509518b4f2e,STU_388988,388988,SISWA_087,Kls 9_SISWA_085,2025-09-25,SEPTEMBER,Thursday,TRUE,,NO_EXCEPTION_RECORDED,0,0,0,5,10,22,0.0,0.0,0.0,0,39,0.0,0,-1,0.0,0.066667,-0.066667
rec_6172675724c5073c,STU_388988,388988,SISWA_087,Kls 9_SISWA_085,2025-09-26,SEPTEMBER,Friday,TRUE,,NO_EXCEPTION_RECORDED,0,0,0,5,10,22,0.0,0.0,0.0,0,40,0.0,0,-1,0.0,0.111111,-0.111111
rec_397d135120aea912,STU_388988,388988,SISWA_087,Kls 9_SISWA_085,2025-09-27,SEPTEMBER,Saturday,FALSE,,NO_EXCEPTION_RECORDED,0,0,0,5,10,22,0.0,0.0,0.0,0,41,0.0,0,-1,0.0,0.133333,-0.133333
rec_0ec4eb03f0e458e7,STU_388988,388988,SISWA_087,Kls 9_SISWA_085,2025-09-28,SEPTEMBER,Sunday,FALSE,,NO_EXCEPTION_RECORDED,0,0,0,5,10,21,0.0,0.0,0.0,0,41,0.0,0,-1,0.0,0.133333,-0.133333
rec_c9d26e4ceac20556,STU_388988,388988,SISWA_087,Kls 9_SISWA_085,2025-09-29,SEPTEMBER,Monday,TRUE,,NO_EXCEPTION_RECORDED,0,0,0,5,10,20,0.0,0.0,0.0,0,41,0.0,0,-1,0.0,0.133333,-0.133333
rec_632a351b4e8632e1,STU_388988,388988,SISWA_087,Kls 9_SISWA_085,2025-09-30,SEPTEMBER,Tuesday,UNKNOWN,,NO_EXCEPTION_RECORDED,0,0,0,5,10,21,0.0,0.0,0.0,0,42,0.0,0,-1,0.0,0.133333,-0.133333
rec_29a6bb4d8db074d9,STU_410398,410398,SISWA_057,Kls 8_SISWA_052,2025-08-01,AGUSTUS,Friday,UNKNOWN,,NO_EXCEPTION_RECORDED,0,0,0,0,0,0,0.0,0.0,0.0,0,0,0.0,0,-1,0.0,0.0,0.0
rec_d3e64394fa185265,STU_410398,410398,SISWA_057,Kls 8_SISWA_052,2025-08-02,AGUSTUS,Saturday,FALSE,,NO_EXCEPTION_RECORDED,0,0,0,1,1,1,0.0,0.0,0.0,0,1,0.0,0,-1,0.0,0.0,0.0
rec_2635d604d58d0a40,STU_410398,410398,SISWA_057,Kls 8_SISWA_052,2025-08-03,AGUSTUS,Sunday,FALSE,,NO_EXCEPTION_RECORDED,0,0,0,1,1,1,0.0,0.0,0.0,0,1,0.0,0,-1,0.0,0.0,0.0
rec_d7623eea5217fec2,STU_410398,410398,SISWA_057,Kls 8_SISWA_052,2025-08-04,AGUSTUS,Monday,UNKNOWN,,NO_EXCEPTION_RECORDED,0,0,0,1,1,1,0.0,0.0,0.0,0,1,0.0,0,-1,0.0,0.0,0.0
rec_c9c693cdc9d3ef55,STU_410398,410398,SISWA_057,Kls 8_SISWA_052,2025-08-05,AGUSTUS,Tuesday,TRUE,,NO_EXCEPTION_RECORDED,0,0,0,2,2,2,0.0,0.0,0.0,0,2,0.0,0,-1,0.0,0.0,0.0
rec_446fe3573fa1d32b,STU_410398,410398,SISWA_057,Kls 8_SISWA_052,2025-08-06,AGUSTUS,Wednesday,UNKNOWN,,NO_EXCEPTION_RECORDED,0,0,0,3,3,3,0.0,0.0,0.0,0,3,0.0,0,-1,0.0,0.0,0.0
rec_4e26b9291187add3,STU_410398,410398,SISWA_057,Kls 8_SISWA_052,2025-08-07,AGUSTUS,Thursday,TRUE,,NO_EXCEPTION_RECORDED,0,0,0,4,4,4,0.0,0.0,0.0,0,4,0.0,0,-1,0.0,0.0,0.0
rec_78b4b30e6d8c6ca7,STU_410398,410398,SISWA_057,Kls 8_SISWA_052,2025-08-08,AGUSTUS,Friday,TRUE,,NO_EXCEPTION_RECORDED,0,0,0,5,5,5,0.0,0.0,0.0,0,5,0.0,0,-1,0.0,0.011111,-0.011111
rec_b69fd00e0206eb66,STU_410398,410398,SISWA_057,Kls 8_SISWA_052,2025-08-09,AGUSTUS,Saturday,FALSE,,NO_EXCEPTION_RECORDED,0,0,0,5,6,6,0.0,0.0,0.0,0,6,0.0,0,-1,0.0,0.011111,-0.011111
rec_675fdc64f609d507,STU_410398,410398,SISWA_057,Kls 8_SISWA_052,2025-08-10,AGUSTUS,Sunday,FALSE,,NO_EXCEPTION_RECORDED,0,0,0,5,6,6,0.0,0.0,0.0,0,6,0.0,0,-1,0.0,0.011111,-0.011111
rec_a876da6db0ee6cdf,STU_410398,410398,SISWA_057,Kls 8_SISWA_052,2025-08-11,AGUSTUS,Monday,TRUE,,NO_EXCEPTION_RECORDED,0,0,0,5,6,6,0.0,0.0,0.0,0,6,0.0,0,-1,0.0,0.011111,-0.011111
rec_288a5601436c4384,STU_410398,410398,SISWA_057,Kls 8_SISWA_052,2025-08-12,AGUSTUS,Tuesday,TRUE,,NO_EXCEPTION_RECORDED,0,0,0,5,7,7,0.0,0.0,0.0,0,7,0.0,0,-1,0.0,0.011111,-0.011111
rec_208240fb28d86ea0,STU_410398,410398,SISWA_057,Kls 8_SISWA_052,2025-08-13,AGUSTUS,Wednesday,TRUE,,NO_EXCEPTION_RECORDED,0,0,0,5,8,8,0.0,0.0,0.0,0,8,0.0,0,-1,0.0,0.022222,-0.022222
rec_7028fdbef9d564d8,STU_410398,410398,SISWA_057,Kls 8_SISWA_052,2025-08-14,AGUSTUS,Thursday,UNKNOWN,,NO_EXCEPTION_RECORDED,0,0,0,5,9,9,0.0,0.0,0.0,0,9,0.0,0,-1,0.0,0.033333,-0.033333
rec_f0bea4ae2f38439d,STU_410398,410398,SISWA_057,Kls 8_SISWA_052,2025-08-15,AGUSTUS,Friday,UNKNOWN,,NO_EXCEPTION_RECORDED,0,0,0,5,10,10,0.0,0.0,0.0,0,10,0.0,0,-1,0.0,0.022222,-0.022222
rec_ff8f338acc4dda7b,STU_410398,410398,SISWA_057,Kls 8_SISWA_052,2025-08-16,AGUSTUS,Saturday,FALSE,,NO_EXCEPTION_RECORDED,0,0,0,5,10,11,0.0,0.0,0.0,0,11,0.0,0,-1,0.0,0.022222,-0.022222
rec_8e5c9e2043e5353f,STU_410398,410398,SISWA_057,Kls 8_SISWA_052,2025-08-17,AGUSTUS,Sunday,FALSE,,NO_EXCEPTION_RECORDED,0,0,0,5,10,11,0.0,0.0,0.0,0,11,0.0,0,-1,0.0,0.022222,-0.022222
rec_ab14ed00f7497941,STU_410398,410398,SISWA_057,Kls 8_SISWA_052,2025-08-18,AGUSTUS,Monday,UNKNOWN,,NO_EXCEPTION_RECORDED,0,0,0,5,10,11,0.0,0.0,0.0,0,11,0.0,0,-1,0.0,0.022222,-0.022222
rec_1801a0b0265e82ee,STU_410398,410398,SISWA_057,Kls 8_SISWA_052,2025-08-19,AGUSTUS,Tuesday,TRUE,,NO_EXCEPTION_RECORDED,0,0,0,5,10,12,0.0,0.0,0.0,0,12,0.0,0,-1,0.0,0.022222,-0.022222
rec_930c585df4f8a505,STU_410398,410398,SISWA_057,Kls 8_SISWA_052,2025-08-20,AGUSTUS,Wednesday,TRUE,,NO_EXCEPTION_RECORDED,0,0,0,5,10,13,0.0,0.0,0.0,0,13,0.0,0,-1,0.0,0.022222,-0.022222
rec_32177ca9021110fd,STU_410398,410398,SISWA_057,Kls 8_SISWA_052,2025-08-21,AGUSTUS,Thursday,TRUE,,NO_EXCEPTION_RECORDED,0,0,0,5,10,14,0.0,0.0,0.0,0,14,0.0,0,-1,0.0,0.022222,-0.022222
rec_376425d02be1196e,STU_410398,410398,SISWA_057,Kls 8_SISWA_052,2025-08-22,AGUSTUS,Friday,UNKNOWN,,NO_EXCEPTION_RECORDED,0,0,0,5,10,15,0.0,0.0,0.0,0,15,0.0,0,-1,0.0,0.022222,-0.022222
rec_e976fe3881194da7,STU_410398,410398,SISWA_057,Kls 8_SISWA_052,2025-08-23,AGUSTUS,Saturday,FALSE,,NO_EXCEPTION_RECORDED,0,0,0,5,10,16,0.0,0.0,0.0,0,16,0.0,0,-1,0.0,0.022222,-0.022222
rec_c47bd64fb6b4966a,STU_410398,410398,SISWA_057,Kls 8_SISWA_052,2025-08-24,AGUSTUS,Sunday,FALSE,,NO_EXCEPTION_RECORDED,0,0,0,5,10,16,0.0,0.0,0.0,0,16,0.0,0,-1,0.0,0.022222,-0.022222
rec_77800d7504a91fbe,STU_410398,410398,SISWA_057,Kls 8_SISWA_052,2025-08-25,AGUSTUS,Monday,TRUE,,NO_EXCEPTION_RECORDED,0,0,0,5,10,16,0.0,0.0,0.0,0,16,0.0,0,-1,0.0,0.022222,-0.022222
rec_a888cb5f855a020e,STU_410398,410398,SISWA_057,Kls 8_SISWA_052,2025-08-26,AGUSTUS,Tuesday,TRUE,,NO_EXCEPTION_RECORDED,0,0,0,5,10,17,0.0,0.0,0.0,0,17,0.0,0,-1,0.0,0.033333,-0.033333
rec_4f67fdb39dfdb191,STU_410398,410398,SISWA_057,Kls 8_SISWA_052,2025-08-27,AGUSTUS,Wednesday,TRUE,,NO_EXCEPTION_RECORDED,0,0,0,5,10,18,0.0,0.0,0.0,0,18,0.0,0,-1,0.0,0.022222,-0.022222
rec_cc3630e551f24ac7,STU_410398,410398,SISWA_057,Kls 8_SISWA_052,2025-08-28,AGUSTUS,Thursday,TRUE,,NO_EXCEPTION_RECORDED,0,0,0,5,10,19,0.0,0.0,0.0,0,19,0.0,0,-1,0.0,0.011111,-0.011111
rec_087b318abe55a166,STU_410398,410398,SISWA_057,Kls 8_SISWA_052,2025-08-29,AGUSTUS,Friday,TRUE,,NO_EXCEPTION_RECORDED,0,0,0,5,10,20,0.0,0.0,0.0,0,20,0.0,0,-1,0.0,0.011111,-0.011111
rec_c5685aed804c7fab,STU_410398,410398,SISWA_057,Kls 8_SISWA_052,2025-08-30,AGUSTUS,Saturday,FALSE,,NO_EXCEPTION_RECORDED,0,0,0,5,10,21,0.0,0.0,0.0,0,21,0.0,0,-1,0.0,0.011111,-0.011111
rec_5020e721f53d73ac,STU_410398,410398,SISWA_057,Kls 8_SISWA_052,2025-08-31,AGUSTUS,Sunday,FALSE,,NO_EXCEPTION_RECORDED,0,0,0,5,10,21,0.0,0.0,0.0,0,21,0.0,0,-1,0.0,0.011111,-0.011111
rec_ec0bdb36b56b5dac,STU_410398,410398,SISWA_057,Kls 8_SISWA_052,2025-09-01,SEPTEMBER,Monday,TRUE,,NO_EXCEPTION_RECORDED,0,0,0,5,10,20,0.0,0.0,0.0,0,21,0.0,0,-1,0.0,0.011111,-0.011111
rec_adbdee3beb05c088,STU_410398,410398,SISWA_057,Kls 8_SISWA_052,2025-09-02,SEPTEMBER,Tuesday,TRUE,,NO_EXCEPTION_RECORDED,0,0,0,5,10,21,0.0,0.0,0.0,0,22,0.0,0,-1,0.0,0.011111,-0.011111
rec_4f0e8432ffbae572,STU_410398,410398,SISWA_057,Kls 8_SISWA_052,2025-09-03,SEPTEMBER,Wednesday,TRUE,,NO_EXCEPTION_RECORDED,0,0,0,5,10,22,0.0,0.0,0.0,0,23,0.0,0,-1,0.0,0.022222,-0.022222
rec_7bf723db236873f5,STU_410398,410398,SISWA_057,Kls 8_SISWA_052,2025-09-04,SEPTEMBER,Thursday,TRUE,,NO_EXCEPTION_RECORDED,0,0,0,5,10,22,0.0,0.0,0.0,0,24,0.0,0,-1,0.0,0.022222,-0.022222
rec_8c2371e41ad3e99e,STU_410398,410398,SISWA_057,Kls 8_SISWA_052,2025-09-05,SEPTEMBER,Friday,UNKNOWN,,NO_EXCEPTION_RECORDED,0,0,0,5,10,22,0.0,0.0,0.0,0,25,0.0,0,-1,0.0,0.022222,-0.022222
rec_853742b17a0e2276,STU_410398,410398,SISWA_057,Kls 8_SISWA_052,2025-09-06,SEPTEMBER,Saturday,FALSE,,NO_EXCEPTION_RECORDED,0,0,0,5,10,22,0.0,0.0,0.0,0,26,0.0,0,-1,0.0,0.022222,-0.022222
rec_53ed18026e4263a8,STU_410398,410398,SISWA_057,Kls 8_SISWA_052,2025-09-07,SEPTEMBER,Sunday,FALSE,,NO_EXCEPTION_RECORDED,0,0,0,5,10,21,0.0,0.0,0.0,0,26,0.0,0,-1,0.0,0.022222,-0.022222
rec_df84307f390247bc,STU_410398,410398,SISWA_057,Kls 8_SISWA_052,2025-09-08,SEPTEMBER,Monday,TRUE,,NO_EXCEPTION_RECORDED,0,0,0,5,10,20,0.0,0.0,0.0,0,26,0.0,0,-1,0.0,0.022222,-0.022222
rec_97ec47c2f08ae0b8,STU_410398,410398,SISWA_057,Kls 8_SISWA_052,2025-09-09,SEPTEMBER,Tuesday,TRUE,,NO_EXCEPTION_RECORDED,0,0,0,5,10,21,0.0,0.0,0.0,0,27,0.0,0,-1,0.0,0.011111,-0.011111
rec_540070d5ed88e03d,STU_410398,410398,SISWA_057,Kls 8_SISWA_052,2025-09-10,SEPTEMBER,Wednesday,TRUE,,NO_EXCEPTION_RECORDED,0,0,0,5,10,22,0.0,0.0,0.0,0,28,0.0,0,-1,0.0,0.011111,-0.011111
rec_6e7c33e554986590,STU_410398,410398,SISWA_057,Kls 8_SISWA_052,2025-09-11,SEPTEMBER,Thursday,TRUE,,NO_EXCEPTION_RECORDED,0,0,0,5,10,22,0.0,0.0,0.0,0,29,0.0,0,-1,0.0,0.011111,-0.011111
rec_d3b735ce23f49373,STU_410398,410398,SISWA_057,Kls 8_SISWA_052,2025-09-12,SEPTEMBER,Friday,TRUE,,NO_EXCEPTION_RECORDED,0,0,0,5,10,22,0.0,0.0,0.0,0,30,0.0,0,-1,0.0,0.011111,-0.011111
rec_b9becf2cac22e1fe,STU_410398,410398,SISWA_057,Kls 8_SISWA_052,2025-09-13,SEPTEMBER,Saturday,FALSE,,NO_EXCEPTION_RECORDED,0,0,0,5,10,22,0.0,0.0,0.0,0,31,0.0,0,-1,0.0,0.011111,-0.011111
rec_a9407f669ad50553,STU_410398,410398,SISWA_057,Kls 8_SISWA_052,2025-09-14,SEPTEMBER,Sunday,FALSE,,NO_EXCEPTION_RECORDED,0,0,0,5,10,21,0.0,0.0,0.0,0,31,0.0,0,-1,0.0,0.011111,-0.011111
rec_ac87b7d93483e4aa,STU_410398,410398,SISWA_057,Kls 8_SISWA_052,2025-09-15,SEPTEMBER,Monday,TRUE,,NO_EXCEPTION_RECORDED,0,0,0,5,10,20,0.0,0.0,0.0,0,31,0.0,0,-1,0.0,0.011111,-0.011111
rec_2a8e5abb7995486d,STU_410398,410398,SISWA_057,Kls 8_SISWA_052,2025-09-16,SEPTEMBER,Tuesday,TRUE,,NO_EXCEPTION_RECORDED,0,0,0,5,10,21,0.0,0.0,0.0,0,32,0.0,0,-1,0.0,0.022222,-0.022222
rec_7aa110cef05c5380,STU_410398,410398,SISWA_057,Kls 8_SISWA_052,2025-09-17,SEPTEMBER,Wednesday,TRUE,,NO_EXCEPTION_RECORDED,0,0,0,5,10,22,0.0,0.0,0.0,0,33,0.0,0,-1,0.0,0.011111,-0.011111
rec_20a5fc9e04f7bfed,STU_410398,410398,SISWA_057,Kls 8_SISWA_052,2025-09-18,SEPTEMBER,Thursday,TRUE,,NO_EXCEPTION_RECORDED,0,0,0,5,10,22,0.0,0.0,0.0,0,34,0.0,0,-1,0.0,0.011111,-0.011111
rec_78f71dcafb2d7375,STU_410398,410398,SISWA_057,Kls 8_SISWA_052,2025-09-19,SEPTEMBER,Friday,TRUE,,NO_EXCEPTION_RECORDED,0,0,0,5,10,22,0.0,0.0,0.0,0,35,0.0,0,-1,0.0,0.011111,-0.011111
rec_9e9c841eae4ab3dd,STU_410398,410398,SISWA_057,Kls 8_SISWA_052,2025-09-20,SEPTEMBER,Saturday,FALSE,,NO_EXCEPTION_RECORDED,0,0,0,5,10,22,0.0,0.0,0.0,0,36,0.0,0,-1,0.0,0.011111,-0.011111
rec_9d2ed5bde1346b4e,STU_410398,410398,SISWA_057,Kls 8_SISWA_052,2025-09-21,SEPTEMBER,Sunday,FALSE,,NO_EXCEPTION_RECORDED,0,0,0,5,10,21,0.0,0.0,0.0,0,36,0.0,0,-1,0.0,0.011111,-0.011111
rec_eb1733c1f76b1245,STU_410398,410398,SISWA_057,Kls 8_SISWA_052,2025-09-22,SEPTEMBER,Monday,TRUE,,NO_EXCEPTION_RECORDED,0,0,0,5,10,20,0.0,0.0,0.0,0,36,0.0,0,-1,0.0,0.011111,-0.011111
rec_d5868cd8161f56d4,STU_410398,410398,SISWA_057,Kls 8_SISWA_052,2025-09-23,SEPTEMBER,Tuesday,TRUE,,NO_EXCEPTION_RECORDED,0,0,0,5,10,21,0.0,0.0,0.0,0,37,0.0,0,-1,0.0,0.011111,-0.011111
rec_441695b29bdce93d,STU_410398,410398,SISWA_057,Kls 8_SISWA_052,2025-09-24,SEPTEMBER,Wednesday,TRUE,,NO_EXCEPTION_RECORDED,0,0,0,5,10,22,0.0,0.0,0.0,0,38,0.0,0,-1,0.0,0.011111,-0.011111
rec_d5d9d22815bdf2f5,STU_410398,410398,SISWA_057,Kls 8_SISWA_052,2025-09-25,SEPTEMBER,Thursday,TRUE,,NO_EXCEPTION_RECORDED,0,0,0,5,10,22,0.0,0.0,0.0,0,39,0.0,0,-1,0.0,0.011111,-0.011111
rec_9509a5055692516d,STU_410398,410398,SISWA_057,Kls 8_SISWA_052,2025-09-26,SEPTEMBER,Friday,TRUE,,NO_EXCEPTION_RECORDED,0,0,0,5,10,22,0.0,0.0,0.0,0,40,0.0,0,-1,0.0,0.022222,-0.022222
rec_0305e9159786e40b,STU_410398,410398,SISWA_057,Kls 8_SISWA_052,2025-09-27,SEPTEMBER,Saturday,FALSE,,NO_EXCEPTION_RECORDED,0,0,0,5,10,22,0.0,0.0,0.0,0,41,0.0,0,-1,0.0,0.022222,-0.022222
rec_4b1c94681fc8fd36,STU_410398,410398,SISWA_057,Kls 8_SISWA_052,2025-09-28,SEPTEMBER,Sunday,FALSE,,NO_EXCEPTION_RECORDED,0,0,0,5,10,21,0.0,0.0,0.0,0,41,0.0,0,-1,0.0,0.022222,-0.022222
rec_2aaf48abaeab0d4a,STU_410398,410398,SISWA_057,Kls 8_SISWA_052,2025-09-29,SEPTEMBER,Monday,TRUE,,NO_EXCEPTION_RECORDED,0,0,0,5,10,20,0.0,0.0,0.0,0,41,0.0,0,-1,0.0,0.022222,-0.022222
rec_86bf19c41a2f3917,STU_410398,410398,SISWA_057,Kls 8_SISWA_052,2025-09-30,SEPTEMBER,Tuesday,UNKNOWN,,NO_EXCEPTION_RECORDED,0,0,0,5,10,21,0.0,0.0,0.0,0,42,0.0,0,-1,0.0,0.011111,-0.011111
rec_a000b5895fd9cdde,STU_410895,410895,SISWA_093,Kls 9_SISWA_085,2025-08-01,AGUSTUS,Friday,UNKNOWN,,NO_EXCEPTION_RECORDED,0,0,0,0,0,0,0.0,0.0,0.0,0,0,0.0,0,-1,0.0,0.0,0.0
rec_8c062990fd75b0b4,STU_410895,410895,SISWA_093,Kls 9_SISWA_085,2025-08-02,AGUSTUS,Saturday,FALSE,,NO_EXCEPTION_RECORDED,0,0,0,1,1,1,0.0,0.0,0.0,0,1,0.0,0,-1,0.0,0.0,0.0
rec_5d9224e9d71071b1,STU_410895,410895,SISWA_093,Kls 9_SISWA_085,2025-08-03,AGUSTUS,Sunday,FALSE,,NO_EXCEPTION_RECORDED,0,0,0,1,1,1,0.0,0.0,0.0,0,1,0.0,0,-1,0.0,0.0,0.0
rec_afa042713961e808,STU_410895,410895,SISWA_093,Kls 9_SISWA_085,2025-08-04,AGUSTUS,Monday,UNKNOWN,,NO_EXCEPTION_RECORDED,0,0,0,1,1,1,0.0,0.0,0.0,0,1,0.0,0,-1,0.0,0.0,0.0
rec_4d8749adb35e7b0d,STU_410895,410895,SISWA_093,Kls 9_SISWA_085,2025-08-05,AGUSTUS,Tuesday,TRUE,,NO_EXCEPTION_RECORDED,0,0,0,2,2,2,0.0,0.0,0.0,0,2,0.0,0,-1,0.0,0.0,0.0
rec_26589737361cccb2,STU_410895,410895,SISWA_093,Kls 9_SISWA_085,2025-08-06,AGUSTUS,Wednesday,UNKNOWN,,NO_EXCEPTION_RECORDED,0,0,0,3,3,3,0.0,0.0,0.0,0,3,0.0,0,-1,0.0,0.033333,-0.033333
rec_7bf6cdd4012f41ce,STU_410895,410895,SISWA_093,Kls 9_SISWA_085,2025-08-07,AGUSTUS,Thursday,TRUE,,NO_EXCEPTION_RECORDED,0,0,0,4,4,4,0.0,0.0,0.0,0,4,0.0,0,-1,0.0,0.025,-0.025
rec_60f0ff3e2465525a,STU_410895,410895,SISWA_093,Kls 9_SISWA_085,2025-08-08,AGUSTUS,Friday,TRUE,,NO_EXCEPTION_RECORDED,0,0,0,5,5,5,0.0,0.0,0.0,0,5,0.0,0,-1,0.0,0.04,-0.04
rec_1f58d111dbae4662,STU_410895,410895,SISWA_093,Kls 9_SISWA_085,2025-08-09,AGUSTUS,Saturday,FALSE,,NO_EXCEPTION_RECORDED,0,0,0,5,6,6,0.0,0.0,0.0,0,6,0.0,0,-1,0.0,0.06,-0.06
rec_1ee3385c84389235,STU_410895,410895,SISWA_093,Kls 9_SISWA_085,2025-08-10,AGUSTUS,Sunday,FALSE,,NO_EXCEPTION_RECORDED,0,0,0,5,6,6,0.0,0.0,0.0,0,6,0.0,0,-1,0.0,0.06,-0.06
rec_4e1a0f349a6f2d09,STU_410895,410895,SISWA_093,Kls 9_SISWA_085,2025-08-11,AGUSTUS,Monday,TRUE,,NO_EXCEPTION_RECORDED,0,0,0,5,6,6,0.0,0.0,0.0,0,6,0.0,0,-1,0.0,0.06,-0.06
rec_2469c631bbe9be65,STU_410895,410895,SISWA_093,Kls 9_SISWA_085,2025-08-12,AGUSTUS,Tuesday,TRUE,,NO_EXCEPTION_RECORDED,0,0,0,5,7,7,0.0,0.0,0.0,0,7,0.0,0,-1,0.0,0.06,-0.06
rec_5ab86dc8ebd9832f,STU_410895,410895,SISWA_093,Kls 9_SISWA_085,2025-08-13,AGUSTUS,Wednesday,TRUE,,NO_EXCEPTION_RECORDED,0,0,0,5,8,8,0.0,0.0,0.0,0,8,0.0,0,-1,0.0,0.04,-0.04
rec_e8208d69804f894f,STU_410895,410895,SISWA_093,Kls 9_SISWA_085,2025-08-14,AGUSTUS,Thursday,UNKNOWN,,NO_EXCEPTION_RECORDED,0,0,0,5,9,9,0.0,0.0,0.0,0,9,0.0,0,-1,0.0,0.04,-0.04
rec_7f96f24001a1857a,STU_410895,410895,SISWA_093,Kls 9_SISWA_085,2025-08-15,AGUSTUS,Friday,UNKNOWN,,NO_EXCEPTION_RECORDED,0,0,0,5,10,10,0.0,0.0,0.0,0,10,0.0,0,-1,0.0,0.02,-0.02
rec_2eb1be42fa296577,STU_410895,410895,SISWA_093,Kls 9_SISWA_085,2025-08-16,AGUSTUS,Saturday,FALSE,,NO_EXCEPTION_RECORDED,0,0,0,5,10,11,0.0,0.0,0.0,0,11,0.0,0,-1,0.0,0.0,0.0
rec_224af23f636b1ef5,STU_410895,410895,SISWA_093,Kls 9_SISWA_085,2025-08-17,AGUSTUS,Sunday,FALSE,,NO_EXCEPTION_RECORDED,0,0,0,5,10,11,0.0,0.0,0.0,0,11,0.0,0,-1,0.0,0.0,0.0
rec_e47f6be888b3adae,STU_410895,410895,SISWA_093,Kls 9_SISWA_085,2025-08-18,AGUSTUS,Monday,UNKNOWN,,NO_EXCEPTION_RECORDED,0,0,0,5,10,11,0.0,0.0,0.0,0,11,0.0,0,-1,0.0,0.0,0.0
rec_ab52a9dc9d0ad235,STU_410895,410895,SISWA_093,Kls 9_SISWA_085,2025-08-19,AGUSTUS,Tuesday,TRUE,,NO_EXCEPTION_RECORDED,0,0,0,5,10,12,0.0,0.0,0.0,0,12,0.0,0,-1,0.0,0.0,0.0
rec_d7da7183a635e0df,STU_410895,410895,SISWA_093,Kls 9_SISWA_085,2025-08-20,AGUSTUS,Wednesday,TRUE,,NO_EXCEPTION_RECORDED,0,0,0,5,10,13,0.0,0.0,0.0,0,13,0.0,0,-1,0.0,0.0,0.0
rec_bdf6b7cd9d78ca34,STU_410895,410895,SISWA_093,Kls 9_SISWA_085,2025-08-21,AGUSTUS,Thursday,TRUE,s,SOURCE_MARK_S,0,0,0,5,10,14,0.0,0.0,0.0,0,14,0.0,0,-1,0.0,0.0,0.0
rec_47bc461a56891a3f,STU_410895,410895,SISWA_093,Kls 9_SISWA_085,2025-08-22,AGUSTUS,Friday,UNKNOWN,,NO_EXCEPTION_RECORDED,1,1,1,5,10,15,0.2,0.1,0.066667,1,15,0.066667,1,1,0.133333,0.02,0.18
rec_cf741368b77e2171,STU_410895,410895,SISWA_093,Kls 9_SISWA_085,2025-08-23,AGUSTUS,Saturday,FALSE,,NO_EXCEPTION_RECORDED,1,1,1,5,10,16,0.2,0.1,0.0625,1,16,0.0625,0,2,0.1375,0.02,0.18
rec_c2946be418f6c5a1,STU_410895,410895,SISWA_093,Kls 9_SISWA_085,2025-08-24,AGUSTUS,Sunday,FALSE,,NO_EXCEPTION_RECORDED,1,1,1,5,10,16,0.2,0.1,0.0625,1,16,0.0625,0,3,0.1375,0.02,0.18
rec_79590fcecc398264,STU_410895,410895,SISWA_093,Kls 9_SISWA_085,2025-08-25,AGUSTUS,Monday,TRUE,,NO_EXCEPTION_RECORDED,1,1,1,5,10,16,0.2,0.1,0.0625,1,16,0.0625,0,4,0.1375,0.02,0.18
rec_4ae13330c68e049f,STU_410895,410895,SISWA_093,Kls 9_SISWA_085,2025-08-26,AGUSTUS,Tuesday,TRUE,,NO_EXCEPTION_RECORDED,1,1,1,5,10,17,0.2,0.1,0.058824,1,17,0.058824,0,5,0.141176,0.02,0.18
rec_091abff8495e4c72,STU_410895,410895,SISWA_093,Kls 9_SISWA_085,2025-08-27,AGUSTUS,Wednesday,TRUE,,NO_EXCEPTION_RECORDED,1,1,1,5,10,18,0.2,0.1,0.055556,1,18,0.055556,0,6,0.144444,0.02,0.18
rec_c1083098ebd4cc0a,STU_410895,410895,SISWA_093,Kls 9_SISWA_085,2025-08-28,AGUSTUS,Thursday,TRUE,,NO_EXCEPTION_RECORDED,1,1,1,5,10,19,0.2,0.1,0.052632,1,19,0.052632,0,7,0.147368,0.02,0.18
rec_12f1768fd78c8ce9,STU_410895,410895,SISWA_093,Kls 9_SISWA_085,2025-08-29,AGUSTUS,Friday,TRUE,,NO_EXCEPTION_RECORDED,0,1,1,5,10,20,0.0,0.1,0.05,1,20,0.05,0,8,-0.05,0.0,0.0
rec_f18c86079a87fe63,STU_410895,410895,SISWA_093,Kls 9_SISWA_085,2025-08-30,AGUSTUS,Saturday,FALSE,,NO_EXCEPTION_RECORDED,0,1,1,5,10,21,0.0,0.1,0.047619,1,21,0.047619,0,9,-0.047619,0.0,0.0
rec_da11158ecdf64d52,STU_410895,410895,SISWA_093,Kls 9_SISWA_085,2025-08-31,AGUSTUS,Sunday,FALSE,,NO_EXCEPTION_RECORDED,0,1,1,5,10,21,0.0,0.1,0.047619,1,21,0.047619,0,10,-0.047619,0.0,0.0
rec_37dd421ad9928391,STU_410895,410895,SISWA_093,Kls 9_SISWA_085,2025-09-01,SEPTEMBER,Monday,TRUE,,NO_EXCEPTION_RECORDED,0,1,1,5,10,20,0.0,0.1,0.05,1,21,0.047619,0,11,-0.047619,0.0,0.0
rec_50025c72802cd9cb,STU_410895,410895,SISWA_093,Kls 9_SISWA_085,2025-09-02,SEPTEMBER,Tuesday,TRUE,,NO_EXCEPTION_RECORDED,0,1,1,5,10,21,0.0,0.1,0.047619,1,22,0.045455,0,12,-0.045455,0.020408,-0.020408
rec_0fed998b0f32de59,STU_410895,410895,SISWA_093,Kls 9_SISWA_085,2025-09-03,SEPTEMBER,Wednesday,TRUE,,NO_EXCEPTION_RECORDED,0,1,1,5,10,22,0.0,0.1,0.045455,1,23,0.043478,0,13,-0.043478,0.020833,-0.020833
rec_27200793b6e1183c,STU_410895,410895,SISWA_093,Kls 9_SISWA_085,2025-09-04,SEPTEMBER,Thursday,TRUE,,NO_EXCEPTION_RECORDED,0,1,1,5,10,22,0.0,0.1,0.045455,1,24,0.041667,0,14,-0.041667,0.021277,-0.021277
rec_49aecdbf0027e515,STU_410895,410895,SISWA_093,Kls 9_SISWA_085,2025-09-05,SEPTEMBER,Friday,UNKNOWN,,NO_EXCEPTION_RECORDED,0,0,1,5,10,22,0.0,0.0,0.045455,1,25,0.04,0,15,-0.04,0.021739,-0.021739
rec_99230f817e0601ff,STU_410895,410895,SISWA_093,Kls 9_SISWA_085,2025-09-06,SEPTEMBER,Saturday,FALSE,,NO_EXCEPTION_RECORDED,0,0,1,5,10,22,0.0,0.0,0.045455,1,26,0.038462,0,16,-0.038462,0.022222,-0.022222
rec_5b7893990e40598d,STU_410895,410895,SISWA_093,Kls 9_SISWA_085,2025-09-07,SEPTEMBER,Sunday,FALSE,,NO_EXCEPTION_RECORDED,0,0,1,5,10,21,0.0,0.0,0.047619,1,26,0.038462,0,17,-0.038462,0.022222,-0.022222
rec_cd6b8aa790ef5d9b,STU_410895,410895,SISWA_093,Kls 9_SISWA_085,2025-09-08,SEPTEMBER,Monday,TRUE,,NO_EXCEPTION_RECORDED,0,0,1,5,10,20,0.0,0.0,0.05,1,26,0.038462,0,18,-0.038462,0.022222,-0.022222
rec_be752a3f280d1050,STU_410895,410895,SISWA_093,Kls 9_SISWA_085,2025-09-09,SEPTEMBER,Tuesday,TRUE,,NO_EXCEPTION_RECORDED,0,0,1,5,10,21,0.0,0.0,0.047619,1,27,0.037037,0,19,-0.037037,0.044444,-0.044444
rec_c9ff6b9076d312cf,STU_410895,410895,SISWA_093,Kls 9_SISWA_085,2025-09-10,SEPTEMBER,Wednesday,TRUE,,NO_EXCEPTION_RECORDED,0,0,1,5,10,22,0.0,0.0,0.045455,1,28,0.035714,0,20,-0.035714,0.044444,-0.044444
rec_cc33d7e9084c50b0,STU_410895,410895,SISWA_093,Kls 9_SISWA_085,2025-09-11,SEPTEMBER,Thursday,TRUE,,NO_EXCEPTION_RECORDED,0,0,1,5,10,22,0.0,0.0,0.045455,1,29,0.034483,0,21,-0.034483,0.044444,-0.044444
rec_929db8c74d80cb76,STU_410895,410895,SISWA_093,Kls 9_SISWA_085,2025-09-12,SEPTEMBER,Friday,TRUE,,NO_EXCEPTION_RECORDED,0,0,1,5,10,22,0.0,0.0,0.045455,1,30,0.033333,0,22,-0.033333,0.044444,-0.044444
rec_be1ea96a7c06ff83,STU_410895,410895,SISWA_093,Kls 9_SISWA_085,2025-09-13,SEPTEMBER,Saturday,FALSE,,NO_EXCEPTION_RECORDED,0,0,1,5,10,22,0.0,0.0,0.045455,1,31,0.032258,0,23,-0.032258,0.044444,-0.044444
rec_82ffafca29312550,STU_410895,410895,SISWA_093,Kls 9_SISWA_085,2025-09-14,SEPTEMBER,Sunday,FALSE,,NO_EXCEPTION_RECORDED,0,0,1,5,10,21,0.0,0.0,0.047619,1,31,0.032258,0,24,-0.032258,0.044444,-0.044444
rec_fae0f48ba2bcc023,STU_410895,410895,SISWA_093,Kls 9_SISWA_085,2025-09-15,SEPTEMBER,Monday,TRUE,,NO_EXCEPTION_RECORDED,0,0,1,5,10,20,0.0,0.0,0.05,1,31,0.032258,0,25,-0.032258,0.044444,-0.044444
rec_74ea3068e0315e16,STU_410895,410895,SISWA_093,Kls 9_SISWA_085,2025-09-16,SEPTEMBER,Tuesday,TRUE,,NO_EXCEPTION_RECORDED,0,0,1,5,10,21,0.0,0.0,0.047619,1,32,0.03125,0,26,-0.03125,0.0,0.0
rec_81d0cd32a86f6f15,STU_410895,410895,SISWA_093,Kls 9_SISWA_085,2025-09-17,SEPTEMBER,Wednesday,TRUE,,NO_EXCEPTION_RECORDED,0,0,1,5,10,22,0.0,0.0,0.045455,1,33,0.030303,0,27,-0.030303,0.0,0.0
rec_4074dc1c577ae0d2,STU_410895,410895,SISWA_093,Kls 9_SISWA_085,2025-09-18,SEPTEMBER,Thursday,TRUE,,NO_EXCEPTION_RECORDED,0,0,1,5,10,22,0.0,0.0,0.045455,1,34,0.029412,0,28,-0.029412,0.0,0.0
rec_393db5310ed434e4,STU_410895,410895,SISWA_093,Kls 9_SISWA_085,2025-09-19,SEPTEMBER,Friday,TRUE,,NO_EXCEPTION_RECORDED,0,0,1,5,10,22,0.0,0.0,0.045455,1,35,0.028571,0,29,-0.028571,0.0,0.0
rec_4499dada581f5b4e,STU_410895,410895,SISWA_093,Kls 9_SISWA_085,2025-09-20,SEPTEMBER,Saturday,FALSE,,NO_EXCEPTION_RECORDED,0,0,1,5,10,22,0.0,0.0,0.045455,1,36,0.027778,0,30,-0.027778,0.0,0.0
rec_100b4cc2e2fb547a,STU_410895,410895,SISWA_093,Kls 9_SISWA_085,2025-09-21,SEPTEMBER,Sunday,FALSE,,NO_EXCEPTION_RECORDED,0,0,0,5,10,21,0.0,0.0,0.0,1,36,0.027778,0,31,-0.027778,0.0,0.0
rec_0af9b43478fdd00a,STU_410895,410895,SISWA_093,Kls 9_SISWA_085,2025-09-22,SEPTEMBER,Monday,TRUE,,NO_EXCEPTION_RECORDED,0,0,0,5,10,20,0.0,0.0,0.0,1,36,0.027778,0,32,-0.027778,0.0,0.0
rec_448fac9557786ec0,STU_410895,410895,SISWA_093,Kls 9_SISWA_085,2025-09-23,SEPTEMBER,Tuesday,TRUE,,NO_EXCEPTION_RECORDED,0,0,0,5,10,21,0.0,0.0,0.0,1,37,0.027027,0,33,-0.027027,0.0,0.0
rec_242ae2345f822f24,STU_410895,410895,SISWA_093,Kls 9_SISWA_085,2025-09-24,SEPTEMBER,Wednesday,TRUE,s,SOURCE_MARK_S,0,0,0,5,10,22,0.0,0.0,0.0,1,38,0.026316,0,34,-0.026316,0.044444,-0.044444
rec_5988c53bd643be4a,STU_410895,410895,SISWA_093,Kls 9_SISWA_085,2025-09-25,SEPTEMBER,Thursday,TRUE,s,SOURCE_MARK_S,1,1,1,5,10,22,0.2,0.1,0.045455,2,39,0.051282,1,1,0.148718,0.044444,0.155556
rec_b5e6ad68077ceb41,STU_410895,410895,SISWA_093,Kls 9_SISWA_085,2025-09-26,SEPTEMBER,Friday,TRUE,s,SOURCE_MARK_S,2,2,2,5,10,22,0.4,0.2,0.090909,3,40,0.075,2,1,0.325,0.066667,0.333333
rec_e1bfcd892c73ff79,STU_410895,410895,SISWA_093,Kls 9_SISWA_085,2025-09-27,SEPTEMBER,Saturday,FALSE,,NO_EXCEPTION_RECORDED,3,3,3,5,10,22,0.6,0.3,0.136364,4,41,0.097561,3,1,0.502439,0.066667,0.533333
rec_17af3a92a0485f08,STU_410895,410895,SISWA_093,Kls 9_SISWA_085,2025-09-28,SEPTEMBER,Sunday,FALSE,,NO_EXCEPTION_RECORDED,3,3,3,5,10,21,0.6,0.3,0.142857,4,41,0.097561,3,2,0.502439,0.066667,0.533333
rec_0016ebac6d36f712,STU_410895,410895,SISWA_093,Kls 9_SISWA_085,2025-09-29,SEPTEMBER,Monday,TRUE,,NO_EXCEPTION_RECORDED,3,3,3,5,10,20,0.6,0.3,0.15,4,41,0.097561,3,3,0.502439,0.066667,0.533333
rec_7e25f0ec111e21fd,STU_410895,410895,SISWA_093,Kls 9_SISWA_085,2025-09-30,SEPTEMBER,Tuesday,UNKNOWN,,NO_EXCEPTION_RECORDED,3,3,3,5,10,21,0.6,0.3,0.142857,4,42,0.095238,0,4,0.504762,0.066667,0.533333
rec_3ababe5646b95ea3,STU_411216,411216,SISWA_075,Kls 9_SISWA_072,2025-08-01,AGUSTUS,Friday,UNKNOWN,,NO_EXCEPTION_RECORDED,0,0,0,0,0,0,0.0,0.0,0.0,0,0,0.0,0,-1,0.0,0.0,0.0
rec_3582c2d09173e982,STU_411216,411216,SISWA_075,Kls 9_SISWA_072,2025-08-02,AGUSTUS,Saturday,FALSE,,NO_EXCEPTION_RECORDED,0,0,0,1,1,1,0.0,0.0,0.0,0,1,0.0,0,-1,0.0,0.0,0.0
rec_d63543410734c994,STU_411216,411216,SISWA_075,Kls 9_SISWA_072,2025-08-03,AGUSTUS,Sunday,FALSE,,NO_EXCEPTION_RECORDED,0,0,0,1,1,1,0.0,0.0,0.0,0,1,0.0,0,-1,0.0,0.0,0.0
rec_22d9d8c5e073ef92,STU_411216,411216,SISWA_075,Kls 9_SISWA_072,2025-08-04,AGUSTUS,Monday,UNKNOWN,,NO_EXCEPTION_RECORDED,0,0,0,1,1,1,0.0,0.0,0.0,0,1,0.0,0,-1,0.0,0.0,0.0
rec_cb249a6e807474cc,STU_411216,411216,SISWA_075,Kls 9_SISWA_072,2025-08-05,AGUSTUS,Tuesday,TRUE,,NO_EXCEPTION_RECORDED,0,0,0,2,2,2,0.0,0.0,0.0,0,2,0.0,0,-1,0.0,0.0,0.0
rec_0830b303c7848e35,STU_411216,411216,SISWA_075,Kls 9_SISWA_072,2025-08-06,AGUSTUS,Wednesday,UNKNOWN,,NO_EXCEPTION_RECORDED,0,0,0,3,3,3,0.0,0.0,0.0,0,3,0.0,0,-1,0.0,0.0,0.0
rec_d86920e0ed8c1ea7,STU_411216,411216,SISWA_075,Kls 9_SISWA_072,2025-08-07,AGUSTUS,Thursday,TRUE,,NO_EXCEPTION_RECORDED,0,0,0,4,4,4,0.0,0.0,0.0,0,4,0.0,0,-1,0.0,0.0,0.0
rec_638d8744b9b6bd84,STU_411216,411216,SISWA_075,Kls 9_SISWA_072,2025-08-08,AGUSTUS,Friday,TRUE,,NO_EXCEPTION_RECORDED,0,0,0,5,5,5,0.0,0.0,0.0,0,5,0.0,0,-1,0.0,0.0,0.0
rec_c2ebf363e7695fad,STU_411216,411216,SISWA_075,Kls 9_SISWA_072,2025-08-09,AGUSTUS,Saturday,FALSE,,NO_EXCEPTION_RECORDED,0,0,0,5,6,6,0.0,0.0,0.0,0,6,0.0,0,-1,0.0,0.0,0.0
rec_fe9037374cab1e74,STU_411216,411216,SISWA_075,Kls 9_SISWA_072,2025-08-10,AGUSTUS,Sunday,FALSE,,NO_EXCEPTION_RECORDED,0,0,0,5,6,6,0.0,0.0,0.0,0,6,0.0,0,-1,0.0,0.0,0.0
rec_561bca4bb86e46eb,STU_411216,411216,SISWA_075,Kls 9_SISWA_072,2025-08-11,AGUSTUS,Monday,TRUE,,NO_EXCEPTION_RECORDED,0,0,0,5,6,6,0.0,0.0,0.0,0,6,0.0,0,-1,0.0,0.0,0.0
rec_49948bc365022759,STU_411216,411216,SISWA_075,Kls 9_SISWA_072,2025-08-12,AGUSTUS,Tuesday,TRUE,,NO_EXCEPTION_RECORDED,0,0,0,5,7,7,0.0,0.0,0.0,0,7,0.0,0,-1,0.0,0.0,0.0
rec_1e7c4c83f5d3ac0f,STU_411216,411216,SISWA_075,Kls 9_SISWA_072,2025-08-13,AGUSTUS,Wednesday,TRUE,,NO_EXCEPTION_RECORDED,0,0,0,5,8,8,0.0,0.0,0.0,0,8,0.0,0,-1,0.0,0.0,0.0
rec_db807d8e362e20d3,STU_411216,411216,SISWA_075,Kls 9_SISWA_072,2025-08-14,AGUSTUS,Thursday,UNKNOWN,,NO_EXCEPTION_RECORDED,0,0,0,5,9,9,0.0,0.0,0.0,0,9,0.0,0,-1,0.0,0.0,0.0
rec_fd6060e8871719be,STU_411216,411216,SISWA_075,Kls 9_SISWA_072,2025-08-15,AGUSTUS,Friday,UNKNOWN,,NO_EXCEPTION_RECORDED,0,0,0,5,10,10,0.0,0.0,0.0,0,10,0.0,0,-1,0.0,0.0,0.0
rec_37347e31e785e058,STU_411216,411216,SISWA_075,Kls 9_SISWA_072,2025-08-16,AGUSTUS,Saturday,FALSE,,NO_EXCEPTION_RECORDED,0,0,0,5,10,11,0.0,0.0,0.0,0,11,0.0,0,-1,0.0,0.0,0.0
rec_b3b8ede0e4a5a69f,STU_411216,411216,SISWA_075,Kls 9_SISWA_072,2025-08-17,AGUSTUS,Sunday,FALSE,,NO_EXCEPTION_RECORDED,0,0,0,5,10,11,0.0,0.0,0.0,0,11,0.0,0,-1,0.0,0.0,0.0
rec_3abe4ebc9d000c89,STU_411216,411216,SISWA_075,Kls 9_SISWA_072,2025-08-18,AGUSTUS,Monday,UNKNOWN,,NO_EXCEPTION_RECORDED,0,0,0,5,10,11,0.0,0.0,0.0,0,11,0.0,0,-1,0.0,0.0,0.0
rec_820e1f6d4f94648c,STU_411216,411216,SISWA_075,Kls 9_SISWA_072,2025-08-19,AGUSTUS,Tuesday,TRUE,,NO_EXCEPTION_RECORDED,0,0,0,5,10,12,0.0,0.0,0.0,0,12,0.0,0,-1,0.0,0.0,0.0
rec_b19c98fc52847865,STU_411216,411216,SISWA_075,Kls 9_SISWA_072,2025-08-20,AGUSTUS,Wednesday,TRUE,,NO_EXCEPTION_RECORDED,0,0,0,5,10,13,0.0,0.0,0.0,0,13,0.0,0,-1,0.0,0.0,0.0
rec_02fbb16e24ae9e7a,STU_411216,411216,SISWA_075,Kls 9_SISWA_072,2025-08-21,AGUSTUS,Thursday,TRUE,,NO_EXCEPTION_RECORDED,0,0,0,5,10,14,0.0,0.0,0.0,0,14,0.0,0,-1,0.0,0.0,0.0
rec_275f3e20fc4e83c4,STU_411216,411216,SISWA_075,Kls 9_SISWA_072,2025-08-22,AGUSTUS,Friday,UNKNOWN,,NO_EXCEPTION_RECORDED,0,0,0,5,10,15,0.0,0.0,0.0,0,15,0.0,0,-1,0.0,0.0,0.0
rec_28e4245fb1968a06,STU_411216,411216,SISWA_075,Kls 9_SISWA_072,2025-08-23,AGUSTUS,Saturday,FALSE,,NO_EXCEPTION_RECORDED,0,0,0,5,10,16,0.0,0.0,0.0,0,16,0.0,0,-1,0.0,0.0,0.0
rec_fbba6bfb67977dc9,STU_411216,411216,SISWA_075,Kls 9_SISWA_072,2025-08-24,AGUSTUS,Sunday,FALSE,,NO_EXCEPTION_RECORDED,0,0,0,5,10,16,0.0,0.0,0.0,0,16,0.0,0,-1,0.0,0.0,0.0
rec_3a6cfe5055b86054,STU_411216,411216,SISWA_075,Kls 9_SISWA_072,2025-08-25,AGUSTUS,Monday,TRUE,,NO_EXCEPTION_RECORDED,0,0,0,5,10,16,0.0,0.0,0.0,0,16,0.0,0,-1,0.0,0.0,0.0
rec_9ee392c556c9ad49,STU_411216,411216,SISWA_075,Kls 9_SISWA_072,2025-08-26,AGUSTUS,Tuesday,TRUE,,NO_EXCEPTION_RECORDED,0,0,0,5,10,17,0.0,0.0,0.0,0,17,0.0,0,-1,0.0,0.0,0.0
rec_966c961ca17573c8,STU_411216,411216,SISWA_075,Kls 9_SISWA_072,2025-08-27,AGUSTUS,Wednesday,TRUE,,NO_EXCEPTION_RECORDED,0,0,0,5,10,18,0.0,0.0,0.0,0,18,0.0,0,-1,0.0,0.018182,-0.018182
rec_6438d9f9fa6edb3e,STU_411216,411216,SISWA_075,Kls 9_SISWA_072,2025-08-28,AGUSTUS,Thursday,TRUE,,NO_EXCEPTION_RECORDED,0,0,0,5,10,19,0.0,0.0,0.0,0,19,0.0,0,-1,0.0,0.018182,-0.018182
rec_ce0c93f458f5357e,STU_411216,411216,SISWA_075,Kls 9_SISWA_072,2025-08-29,AGUSTUS,Friday,TRUE,,NO_EXCEPTION_RECORDED,0,0,0,5,10,20,0.0,0.0,0.0,0,20,0.0,0,-1,0.0,0.036364,-0.036364
rec_2837c748b48f56f5,STU_411216,411216,SISWA_075,Kls 9_SISWA_072,2025-08-30,AGUSTUS,Saturday,FALSE,,NO_EXCEPTION_RECORDED,0,0,0,5,10,21,0.0,0.0,0.0,0,21,0.0,0,-1,0.0,0.036364,-0.036364
rec_337d338c1d32bd8e,STU_411216,411216,SISWA_075,Kls 9_SISWA_072,2025-08-31,AGUSTUS,Sunday,FALSE,,NO_EXCEPTION_RECORDED,0,0,0,5,10,21,0.0,0.0,0.0,0,21,0.0,0,-1,0.0,0.036364,-0.036364
rec_40de70833839692a,STU_411216,411216,SISWA_075,Kls 9_SISWA_072,2025-09-01,SEPTEMBER,Monday,TRUE,,NO_EXCEPTION_RECORDED,0,0,0,5,10,20,0.0,0.0,0.0,0,21,0.0,0,-1,0.0,0.036364,-0.036364
rec_5b608f44266a6b43,STU_411216,411216,SISWA_075,Kls 9_SISWA_072,2025-09-02,SEPTEMBER,Tuesday,TRUE,,NO_EXCEPTION_RECORDED,0,0,0,5,10,21,0.0,0.0,0.0,0,22,0.0,0,-1,0.0,0.036364,-0.036364
rec_843285213e39fd0d,STU_411216,411216,SISWA_075,Kls 9_SISWA_072,2025-09-03,SEPTEMBER,Wednesday,TRUE,,NO_EXCEPTION_RECORDED,0,0,0,5,10,22,0.0,0.0,0.0,0,23,0.0,0,-1,0.0,0.036364,-0.036364
rec_51d2adb92e579153,STU_411216,411216,SISWA_075,Kls 9_SISWA_072,2025-09-04,SEPTEMBER,Thursday,TRUE,s,SOURCE_MARK_S,0,0,0,5,10,22,0.0,0.0,0.0,0,24,0.0,0,-1,0.0,0.054545,-0.054545
rec_a1248a3a8c9133dd,STU_411216,411216,SISWA_075,Kls 9_SISWA_072,2025-09-05,SEPTEMBER,Friday,UNKNOWN,,NO_EXCEPTION_RECORDED,1,1,1,5,10,22,0.2,0.1,0.045455,1,25,0.04,1,1,0.16,0.054545,0.145455
rec_ee226867d1196c51,STU_411216,411216,SISWA_075,Kls 9_SISWA_072,2025-09-06,SEPTEMBER,Saturday,FALSE,,NO_EXCEPTION_RECORDED,1,1,1,5,10,22,0.2,0.1,0.045455,1,26,0.038462,0,2,0.161538,0.054545,0.145455
rec_8161f393fe83a41d,STU_411216,411216,SISWA_075,Kls 9_SISWA_072,2025-09-07,SEPTEMBER,Sunday,FALSE,,NO_EXCEPTION_RECORDED,1,1,1,5,10,21,0.2,0.1,0.047619,1,26,0.038462,0,3,0.161538,0.054545,0.145455
rec_f9a2e757a3c8b7e7,STU_411216,411216,SISWA_075,Kls 9_SISWA_072,2025-09-08,SEPTEMBER,Monday,TRUE,,NO_EXCEPTION_RECORDED,1,1,1,5,10,20,0.2,0.1,0.05,1,26,0.038462,0,4,0.161538,0.054545,0.145455
rec_e60fe90b51eb6236,STU_411216,411216,SISWA_075,Kls 9_SISWA_072,2025-09-09,SEPTEMBER,Tuesday,TRUE,s,SOURCE_MARK_S,1,1,1,5,10,21,0.2,0.1,0.047619,1,27,0.037037,0,5,0.162963,0.054545,0.145455
rec_067393f239b8e7bd,STU_411216,411216,SISWA_075,Kls 9_SISWA_072,2025-09-10,SEPTEMBER,Wednesday,TRUE,s,SOURCE_MARK_S,2,2,2,5,10,22,0.4,0.2,0.090909,2,28,0.071429,1,1,0.328571,0.054545,0.345455
rec_f8c23f75457ba2e5,STU_411216,411216,SISWA_075,Kls 9_SISWA_072,2025-09-11,SEPTEMBER,Thursday,TRUE,,NO_EXCEPTION_RECORDED,3,3,3,5,10,22,0.6,0.3,0.136364,3,29,0.103448,2,1,0.496552,0.036364,0.563636
rec_900c7650df8fe702,STU_411216,411216,SISWA_075,Kls 9_SISWA_072,2025-09-12,SEPTEMBER,Friday,TRUE,,NO_EXCEPTION_RECORDED,2,3,3,5,10,22,0.4,0.3,0.136364,3,30,0.1,0,2,0.3,0.036364,0.363636
rec_0c91047ece2b63c4,STU_411216,411216,SISWA_075,Kls 9_SISWA_072,2025-09-13,SEPTEMBER,Saturday,FALSE,,NO_EXCEPTION_RECORDED,2,3,3,5,10,22,0.4,0.3,0.136364,3,31,0.096774,0,3,0.303226,0.036364,0.363636
rec_419b6f42ffc30d99,STU_411216,411216,SISWA_075,Kls 9_SISWA_072,2025-09-14,SEPTEMBER,Sunday,FALSE,,NO_EXCEPTION_RECORDED,2,3,3,5,10,21,0.4,0.3,0.142857,3,31,0.096774,0,4,0.303226,0.036364,0.363636
rec_8168fd6bb7edb087,STU_411216,411216,SISWA_075,Kls 9_SISWA_072,2025-09-15,SEPTEMBER,Monday,TRUE,,NO_EXCEPTION_RECORDED,2,3,3,5,10,20,0.4,0.3,0.15,3,31,0.096774,0,5,0.303226,0.036364,0.363636
rec_d1c149eaa9540c71,STU_411216,411216,SISWA_075,Kls 9_SISWA_072,2025-09-16,SEPTEMBER,Tuesday,TRUE,,NO_EXCEPTION_RECORDED,2,3,3,5,10,21,0.4,0.3,0.142857,3,32,0.09375,0,6,0.30625,0.036364,0.363636
rec_71ccdf1ca6543170,STU_411216,411216,SISWA_075,Kls 9_SISWA_072,2025-09-17,SEPTEMBER,Wednesday,TRUE,,NO_EXCEPTION_RECORDED,1,3,3,5,10,22,0.2,0.3,0.136364,3,33,0.090909,0,7,0.109091,0.018182,0.181818
rec_16c18db8e863d46f,STU_411216,411216,SISWA_075,Kls 9_SISWA_072,2025-09-18,SEPTEMBER,Thursday,TRUE,,NO_EXCEPTION_RECORDED,0,3,3,5,10,22,0.0,0.3,0.136364,3,34,0.088235,0,8,-0.088235,0.036364,-0.036364
rec_5f8b4b33edd6f706,STU_411216,411216,SISWA_075,Kls 9_SISWA_072,2025-09-19,SEPTEMBER,Friday,TRUE,,NO_EXCEPTION_RECORDED,0,2,3,5,10,22,0.0,0.2,0.136364,3,35,0.085714,0,9,-0.085714,0.036364,-0.036364
rec_9a1b9cb031d8a376,STU_411216,411216,SISWA_075,Kls 9_SISWA_072,2025-09-20,SEPTEMBER,Saturday,FALSE,,NO_EXCEPTION_RECORDED,0,2,3,5,10,22,0.0,0.2,0.136364,3,36,0.083333,0,10,-0.083333,0.054545,-0.054545
rec_842f2b64b5fe5a3b,STU_411216,411216,SISWA_075,Kls 9_SISWA_072,2025-09-21,SEPTEMBER,Sunday,FALSE,,NO_EXCEPTION_RECORDED,0,2,3,5,10,21,0.0,0.2,0.142857,3,36,0.083333,0,11,-0.083333,0.054545,-0.054545
rec_5c0b76a1b7b8a86a,STU_411216,411216,SISWA_075,Kls 9_SISWA_072,2025-09-22,SEPTEMBER,Monday,TRUE,,NO_EXCEPTION_RECORDED,0,2,3,5,10,20,0.0,0.2,0.15,3,36,0.083333,0,12,-0.083333,0.054545,-0.054545
rec_f6b04a432ae9b846,STU_411216,411216,SISWA_075,Kls 9_SISWA_072,2025-09-23,SEPTEMBER,Tuesday,TRUE,,NO_EXCEPTION_RECORDED,0,2,3,5,10,21,0.0,0.2,0.142857,3,37,0.081081,0,13,-0.081081,0.145455,-0.145455
rec_f6cde91bcae25ea9,STU_411216,411216,SISWA_075,Kls 9_SISWA_072,2025-09-24,SEPTEMBER,Wednesday,TRUE,i,SOURCE_MARK_I,0,1,3,5,10,22,0.0,0.1,0.136364,3,38,0.078947,0,14,-0.078947,0.236364,-0.236364
rec_a45dac1700624207,STU_411216,411216,SISWA_075,Kls 9_SISWA_072,2025-09-25,SEPTEMBER,Thursday,TRUE,i,SOURCE_MARK_I,1,1,4,5,10,22,0.2,0.1,0.181818,4,39,0.102564,1,1,0.097436,0.290909,-0.090909
rec_d8b2a156a5c35b2d,STU_411216,411216,SISWA_075,Kls 9_SISWA_072,2025-09-26,SEPTEMBER,Friday,TRUE,,NO_EXCEPTION_RECORDED,2,2,5,5,10,22,0.4,0.2,0.227273,5,40,0.125,2,1,0.275,0.309091,0.090909
rec_c379bbabbcf669dc,STU_411216,411216,SISWA_075,Kls 9_SISWA_072,2025-09-27,SEPTEMBER,Saturday,FALSE,,NO_EXCEPTION_RECORDED,2,2,5,5,10,22,0.4,0.2,0.227273,5,41,0.121951,0,2,0.278049,0.327273,0.072727
rec_6bbe5f23e0c3eef9,STU_411216,411216,SISWA_075,Kls 9_SISWA_072,2025-09-28,SEPTEMBER,Sunday,FALSE,,NO_EXCEPTION_RECORDED,2,2,5,5,10,21,0.4,0.2,0.238095,5,41,0.121951,0,3,0.278049,0.327273,0.072727
rec_147f875fc2284db5,STU_411216,411216,SISWA_075,Kls 9_SISWA_072,2025-09-29,SEPTEMBER,Monday,TRUE,,NO_EXCEPTION_RECORDED,2,2,5,5,10,20,0.4,0.2,0.25,5,41,0.121951,0,4,0.278049,0.327273,0.072727
rec_566da2c5cd2ea656,STU_411216,411216,SISWA_075,Kls 9_SISWA_072,2025-09-30,SEPTEMBER,Tuesday,UNKNOWN,,NO_EXCEPTION_RECORDED,2,2,5,5,10,21,0.4,0.2,0.238095,5,42,0.119048,0,5,0.280952,0.254545,0.145455
rec_7d6eedc3d9dca4a0,STU_411909,411909,SISWA_012,Kls 7_SISWA_001,2025-08-01,AGUSTUS,Friday,UNKNOWN,,NO_EXCEPTION_RECORDED,0,0,0,0,0,0,0.0,0.0,0.0,0,0,0.0,0,-1,0.0,0.0,0.0
rec_09e6b420597d6e37,STU_411909,411909,SISWA_012,Kls 7_SISWA_001,2025-08-02,AGUSTUS,Saturday,FALSE,,NO_EXCEPTION_RECORDED,0,0,0,1,1,1,0.0,0.0,0.0,0,1,0.0,0,-1,0.0,0.0,0.0
rec_9c7d64fe59b1d6ed,STU_411909,411909,SISWA_012,Kls 7_SISWA_001,2025-08-03,AGUSTUS,Sunday,FALSE,,NO_EXCEPTION_RECORDED,0,0,0,1,1,1,0.0,0.0,0.0,0,1,0.0,0,-1,0.0,0.0,0.0
rec_3016f78181391042,STU_411909,411909,SISWA_012,Kls 7_SISWA_001,2025-08-04,AGUSTUS,Monday,UNKNOWN,,NO_EXCEPTION_RECORDED,0,0,0,1,1,1,0.0,0.0,0.0,0,1,0.0,0,-1,0.0,0.0,0.0
rec_5c2b498b9a60add6,STU_411909,411909,SISWA_012,Kls 7_SISWA_001,2025-08-05,AGUSTUS,Tuesday,TRUE,,NO_EXCEPTION_RECORDED,0,0,0,2,2,2,0.0,0.0,0.0,0,2,0.0,0,-1,0.0,0.0,0.0
rec_985fd0f770889912,STU_411909,411909,SISWA_012,Kls 7_SISWA_001,2025-08-06,AGUSTUS,Wednesday,UNKNOWN,,NO_EXCEPTION_RECORDED,0,0,0,3,3,3,0.0,0.0,0.0,0,3,0.0,0,-1,0.0,0.0,0.0
rec_c26570958f8a6e49,STU_411909,411909,SISWA_012,Kls 7_SISWA_001,2025-08-07,AGUSTUS,Thursday,TRUE,,NO_EXCEPTION_RECORDED,0,0,0,4,4,4,0.0,0.0,0.0,0,4,0.0,0,-1,0.0,0.0,0.0
rec_a129aa1aad59a5ed,STU_411909,411909,SISWA_012,Kls 7_SISWA_001,2025-08-08,AGUSTUS,Friday,TRUE,,NO_EXCEPTION_RECORDED,0,0,0,5,5,5,0.0,0.0,0.0,0,5,0.0,0,-1,0.0,0.0,0.0
rec_fcb0a8bd3411d289,STU_411909,411909,SISWA_012,Kls 7_SISWA_001,2025-08-09,AGUSTUS,Saturday,FALSE,,NO_EXCEPTION_RECORDED,0,0,0,5,6,6,0.0,0.0,0.0,0,6,0.0,0,-1,0.0,0.0,0.0
rec_4afdcbcdb6ea4dc4,STU_411909,411909,SISWA_012,Kls 7_SISWA_001,2025-08-10,AGUSTUS,Sunday,FALSE,,NO_EXCEPTION_RECORDED,0,0,0,5,6,6,0.0,0.0,0.0,0,6,0.0,0,-1,0.0,0.0,0.0
rec_dc3fac0d74d1e06e,STU_411909,411909,SISWA_012,Kls 7_SISWA_001,2025-08-11,AGUSTUS,Monday,TRUE,,NO_EXCEPTION_RECORDED,0,0,0,5,6,6,0.0,0.0,0.0,0,6,0.0,0,-1,0.0,0.0,0.0
rec_a19f2a1395495f61,STU_411909,411909,SISWA_012,Kls 7_SISWA_001,2025-08-12,AGUSTUS,Tuesday,TRUE,,NO_EXCEPTION_RECORDED,0,0,0,5,7,7,0.0,0.0,0.0,0,7,0.0,0,-1,0.0,0.0,0.0
rec_ebac2c3787cc0e0e,STU_411909,411909,SISWA_012,Kls 7_SISWA_001,2025-08-13,AGUSTUS,Wednesday,TRUE,,NO_EXCEPTION_RECORDED,0,0,0,5,8,8,0.0,0.0,0.0,0,8,0.0,0,-1,0.0,0.015385,-0.015385
rec_56f3e15051d05a6c,STU_411909,411909,SISWA_012,Kls 7_SISWA_001,2025-08-14,AGUSTUS,Thursday,UNKNOWN,,NO_EXCEPTION_RECORDED,0,0,0,5,9,9,0.0,0.0,0.0,0,9,0.0,0,-1,0.0,0.015385,-0.015385
rec_765ae9279221bcff,STU_411909,411909,SISWA_012,Kls 7_SISWA_001,2025-08-15,AGUSTUS,Friday,UNKNOWN,,NO_EXCEPTION_RECORDED,0,0,0,5,10,10,0.0,0.0,0.0,0,10,0.0,0,-1,0.0,0.015385,-0.015385
rec_e4d4683c0a3a1c0c,STU_411909,411909,SISWA_012,Kls 7_SISWA_001,2025-08-16,AGUSTUS,Saturday,FALSE,,NO_EXCEPTION_RECORDED,0,0,0,5,10,11,0.0,0.0,0.0,0,11,0.0,0,-1,0.0,0.015385,-0.015385
rec_ef220d918a5f3ac8,STU_411909,411909,SISWA_012,Kls 7_SISWA_001,2025-08-17,AGUSTUS,Sunday,FALSE,,NO_EXCEPTION_RECORDED,0,0,0,5,10,11,0.0,0.0,0.0,0,11,0.0,0,-1,0.0,0.015385,-0.015385
rec_f73e51b6aa82fa64,STU_411909,411909,SISWA_012,Kls 7_SISWA_001,2025-08-18,AGUSTUS,Monday,UNKNOWN,,NO_EXCEPTION_RECORDED,0,0,0,5,10,11,0.0,0.0,0.0,0,11,0.0,0,-1,0.0,0.015385,-0.015385
rec_0d62fd45a73dfa78,STU_411909,411909,SISWA_012,Kls 7_SISWA_001,2025-08-19,AGUSTUS,Tuesday,TRUE,,NO_EXCEPTION_RECORDED,0,0,0,5,10,12,0.0,0.0,0.0,0,12,0.0,0,-1,0.0,0.015385,-0.015385
rec_e1ff21ea0cf9a3d9,STU_411909,411909,SISWA_012,Kls 7_SISWA_001,2025-08-20,AGUSTUS,Wednesday,TRUE,,NO_EXCEPTION_RECORDED,0,0,0,5,10,13,0.0,0.0,0.0,0,13,0.0,0,-1,0.0,0.0,0.0
rec_ec7dac36a573b70f,STU_411909,411909,SISWA_012,Kls 7_SISWA_001,2025-08-21,AGUSTUS,Thursday,TRUE,,NO_EXCEPTION_RECORDED,0,0,0,5,10,14,0.0,0.0,0.0,0,14,0.0,0,-1,0.0,0.0,0.0
rec_1f395550ca9be9fe,STU_411909,411909,SISWA_012,Kls 7_SISWA_001,2025-08-22,AGUSTUS,Friday,UNKNOWN,,NO_EXCEPTION_RECORDED,0,0,0,5,10,15,0.0,0.0,0.0,0,15,0.0,0,-1,0.0,0.0,0.0
rec_81cd553bd53d97c9,STU_411909,411909,SISWA_012,Kls 7_SISWA_001,2025-08-23,AGUSTUS,Saturday,FALSE,,NO_EXCEPTION_RECORDED,0,0,0,5,10,16,0.0,0.0,0.0,0,16,0.0,0,-1,0.0,0.0,0.0
rec_e5f1bec3debdd61d,STU_411909,411909,SISWA_012,Kls 7_SISWA_001,2025-08-24,AGUSTUS,Sunday,FALSE,,NO_EXCEPTION_RECORDED,0,0,0,5,10,16,0.0,0.0,0.0,0,16,0.0,0,-1,0.0,0.0,0.0
rec_1b9005cb079b37f8,STU_411909,411909,SISWA_012,Kls 7_SISWA_001,2025-08-25,AGUSTUS,Monday,TRUE,,NO_EXCEPTION_RECORDED,0,0,0,5,10,16,0.0,0.0,0.0,0,16,0.0,0,-1,0.0,0.0,0.0
rec_6db8d91c59f711e1,STU_411909,411909,SISWA_012,Kls 7_SISWA_001,2025-08-26,AGUSTUS,Tuesday,TRUE,,NO_EXCEPTION_RECORDED,0,0,0,5,10,17,0.0,0.0,0.0,0,17,0.0,0,-1,0.0,0.015385,-0.015385
rec_d8c21d518d8a668d,STU_411909,411909,SISWA_012,Kls 7_SISWA_001,2025-08-27,AGUSTUS,Wednesday,TRUE,,NO_EXCEPTION_RECORDED,0,0,0,5,10,18,0.0,0.0,0.0,0,18,0.0,0,-1,0.0,0.015385,-0.015385
rec_9abc748841894bef,STU_411909,411909,SISWA_012,Kls 7_SISWA_001,2025-08-28,AGUSTUS,Thursday,TRUE,,NO_EXCEPTION_RECORDED,0,0,0,5,10,19,0.0,0.0,0.0,0,19,0.0,0,-1,0.0,0.015385,-0.015385
rec_798c72cc6a33585f,STU_411909,411909,SISWA_012,Kls 7_SISWA_001,2025-08-29,AGUSTUS,Friday,TRUE,,NO_EXCEPTION_RECORDED,0,0,0,5,10,20,0.0,0.0,0.0,0,20,0.0,0,-1,0.0,0.015385,-0.015385
rec_9d71fc0535815d08,STU_411909,411909,SISWA_012,Kls 7_SISWA_001,2025-08-30,AGUSTUS,Saturday,FALSE,,NO_EXCEPTION_RECORDED,0,0,0,5,10,21,0.0,0.0,0.0,0,21,0.0,0,-1,0.0,0.015385,-0.015385
rec_cc06a085c15424c7,STU_411909,411909,SISWA_012,Kls 7_SISWA_001,2025-08-31,AGUSTUS,Sunday,FALSE,,NO_EXCEPTION_RECORDED,0,0,0,5,10,21,0.0,0.0,0.0,0,21,0.0,0,-1,0.0,0.015385,-0.015385
rec_69cb21ba4a5e953b,STU_411909,411909,SISWA_012,Kls 7_SISWA_001,2025-09-01,SEPTEMBER,Monday,TRUE,,NO_EXCEPTION_RECORDED,0,0,0,5,10,20,0.0,0.0,0.0,0,21,0.0,0,-1,0.0,0.015385,-0.015385
rec_fc0dec5d4253f049,STU_411909,411909,SISWA_012,Kls 7_SISWA_001,2025-09-02,SEPTEMBER,Tuesday,TRUE,,NO_EXCEPTION_RECORDED,0,0,0,5,10,21,0.0,0.0,0.0,0,22,0.0,0,-1,0.0,0.0,0.0
rec_4da756230369a9c4,STU_411909,411909,SISWA_012,Kls 7_SISWA_001,2025-09-03,SEPTEMBER,Wednesday,TRUE,,NO_EXCEPTION_RECORDED,0,0,0,5,10,22,0.0,0.0,0.0,0,23,0.0,0,-1,0.0,0.0,0.0
rec_c1231c02ece16f7b,STU_411909,411909,SISWA_012,Kls 7_SISWA_001,2025-09-04,SEPTEMBER,Thursday,TRUE,,NO_EXCEPTION_RECORDED,0,0,0,5,10,22,0.0,0.0,0.0,0,24,0.0,0,-1,0.0,0.0,0.0
rec_0441f30869fab6e9,STU_411909,411909,SISWA_012,Kls 7_SISWA_001,2025-09-05,SEPTEMBER,Friday,UNKNOWN,,NO_EXCEPTION_RECORDED,0,0,0,5,10,22,0.0,0.0,0.0,0,25,0.0,0,-1,0.0,0.0,0.0
rec_33b700b1061f1579,STU_411909,411909,SISWA_012,Kls 7_SISWA_001,2025-09-06,SEPTEMBER,Saturday,FALSE,,NO_EXCEPTION_RECORDED,0,0,0,5,10,22,0.0,0.0,0.0,0,26,0.0,0,-1,0.0,0.0,0.0
rec_d897ffcd1cf0fc72,STU_411909,411909,SISWA_012,Kls 7_SISWA_001,2025-09-07,SEPTEMBER,Sunday,FALSE,,NO_EXCEPTION_RECORDED,0,0,0,5,10,21,0.0,0.0,0.0,0,26,0.0,0,-1,0.0,0.0,0.0
rec_183f108f749f4774,STU_411909,411909,SISWA_012,Kls 7_SISWA_001,2025-09-08,SEPTEMBER,Monday,TRUE,,NO_EXCEPTION_RECORDED,0,0,0,5,10,20,0.0,0.0,0.0,0,26,0.0,0,-1,0.0,0.0,0.0
rec_82df0d9e3fb537b7,STU_411909,411909,SISWA_012,Kls 7_SISWA_001,2025-09-09,SEPTEMBER,Tuesday,TRUE,,NO_EXCEPTION_RECORDED,0,0,0,5,10,21,0.0,0.0,0.0,0,27,0.0,0,-1,0.0,0.0,0.0
rec_2094f21a4b8783dc,STU_411909,411909,SISWA_012,Kls 7_SISWA_001,2025-09-10,SEPTEMBER,Wednesday,TRUE,,NO_EXCEPTION_RECORDED,0,0,0,5,10,22,0.0,0.0,0.0,0,28,0.0,0,-1,0.0,0.0,0.0
rec_69683c366ebf8403,STU_411909,411909,SISWA_012,Kls 7_SISWA_001,2025-09-11,SEPTEMBER,Thursday,TRUE,,NO_EXCEPTION_RECORDED,0,0,0,5,10,22,0.0,0.0,0.0,0,29,0.0,0,-1,0.0,0.0,0.0
rec_71d00c906cfb2907,STU_411909,411909,SISWA_012,Kls 7_SISWA_001,2025-09-12,SEPTEMBER,Friday,TRUE,,NO_EXCEPTION_RECORDED,0,0,0,5,10,22,0.0,0.0,0.0,0,30,0.0,0,-1,0.0,0.015385,-0.015385
rec_093b946c52ae45a0,STU_411909,411909,SISWA_012,Kls 7_SISWA_001,2025-09-13,SEPTEMBER,Saturday,FALSE,,NO_EXCEPTION_RECORDED,0,0,0,5,10,22,0.0,0.0,0.0,0,31,0.0,0,-1,0.0,0.015385,-0.015385
rec_90dc65c475eb54f7,STU_411909,411909,SISWA_012,Kls 7_SISWA_001,2025-09-14,SEPTEMBER,Sunday,FALSE,,NO_EXCEPTION_RECORDED,0,0,0,5,10,21,0.0,0.0,0.0,0,31,0.0,0,-1,0.0,0.015385,-0.015385
rec_06b27ccfe5e326f8,STU_411909,411909,SISWA_012,Kls 7_SISWA_001,2025-09-15,SEPTEMBER,Monday,TRUE,,NO_EXCEPTION_RECORDED,0,0,0,5,10,20,0.0,0.0,0.0,0,31,0.0,0,-1,0.0,0.015385,-0.015385
rec_4127eb657fe4a292,STU_411909,411909,SISWA_012,Kls 7_SISWA_001,2025-09-16,SEPTEMBER,Tuesday,TRUE,,NO_EXCEPTION_RECORDED,0,0,0,5,10,21,0.0,0.0,0.0,0,32,0.0,0,-1,0.0,0.015385,-0.015385
rec_ededf45ccfdf23fd,STU_411909,411909,SISWA_012,Kls 7_SISWA_001,2025-09-17,SEPTEMBER,Wednesday,TRUE,,NO_EXCEPTION_RECORDED,0,0,0,5,10,22,0.0,0.0,0.0,0,33,0.0,0,-1,0.0,0.015385,-0.015385
rec_65bcfc5923aa1dae,STU_411909,411909,SISWA_012,Kls 7_SISWA_001,2025-09-18,SEPTEMBER,Thursday,TRUE,,NO_EXCEPTION_RECORDED,0,0,0,5,10,22,0.0,0.0,0.0,0,34,0.0,0,-1,0.0,0.015385,-0.015385
rec_d31da70d239115e1,STU_411909,411909,SISWA_012,Kls 7_SISWA_001,2025-09-19,SEPTEMBER,Friday,TRUE,,NO_EXCEPTION_RECORDED,0,0,0,5,10,22,0.0,0.0,0.0,0,35,0.0,0,-1,0.0,0.0,0.0
rec_73a356b194602c9a,STU_411909,411909,SISWA_012,Kls 7_SISWA_001,2025-09-20,SEPTEMBER,Saturday,FALSE,,NO_EXCEPTION_RECORDED,0,0,0,5,10,22,0.0,0.0,0.0,0,36,0.0,0,-1,0.0,0.0,0.0
rec_fba1934b22a541fa,STU_411909,411909,SISWA_012,Kls 7_SISWA_001,2025-09-21,SEPTEMBER,Sunday,FALSE,,NO_EXCEPTION_RECORDED,0,0,0,5,10,21,0.0,0.0,0.0,0,36,0.0,0,-1,0.0,0.0,0.0
rec_65208d62d460b81d,STU_411909,411909,SISWA_012,Kls 7_SISWA_001,2025-09-22,SEPTEMBER,Monday,TRUE,,NO_EXCEPTION_RECORDED,0,0,0,5,10,20,0.0,0.0,0.0,0,36,0.0,0,-1,0.0,0.0,0.0
rec_0de819e00d7a6b7a,STU_411909,411909,SISWA_012,Kls 7_SISWA_001,2025-09-23,SEPTEMBER,Tuesday,TRUE,,NO_EXCEPTION_RECORDED,0,0,0,5,10,21,0.0,0.0,0.0,0,37,0.0,0,-1,0.0,0.0,0.0
rec_adfdd6d130ba09d3,STU_411909,411909,SISWA_012,Kls 7_SISWA_001,2025-09-24,SEPTEMBER,Wednesday,TRUE,,NO_EXCEPTION_RECORDED,0,0,0,5,10,22,0.0,0.0,0.0,0,38,0.0,0,-1,0.0,0.015385,-0.015385
rec_185a0eef212c549e,STU_411909,411909,SISWA_012,Kls 7_SISWA_001,2025-09-25,SEPTEMBER,Thursday,TRUE,,NO_EXCEPTION_RECORDED,0,0,0,5,10,22,0.0,0.0,0.0,0,39,0.0,0,-1,0.0,0.046154,-0.046154
rec_6c5fbacde1e72cc2,STU_411909,411909,SISWA_012,Kls 7_SISWA_001,2025-09-26,SEPTEMBER,Friday,TRUE,,NO_EXCEPTION_RECORDED,0,0,0,5,10,22,0.0,0.0,0.0,0,40,0.0,0,-1,0.0,0.061538,-0.061538
rec_9885a9207c23eae3,STU_411909,411909,SISWA_012,Kls 7_SISWA_001,2025-09-27,SEPTEMBER,Saturday,FALSE,,NO_EXCEPTION_RECORDED,0,0,0,5,10,22,0.0,0.0,0.0,0,41,0.0,0,-1,0.0,0.061538,-0.061538
rec_8a2e93f8a0a6196d,STU_411909,411909,SISWA_012,Kls 7_SISWA_001,2025-09-28,SEPTEMBER,Sunday,FALSE,,NO_EXCEPTION_RECORDED,0,0,0,5,10,21,0.0,0.0,0.0,0,41,0.0,0,-1,0.0,0.061538,-0.061538
rec_2c1154c23cda1332,STU_411909,411909,SISWA_012,Kls 7_SISWA_001,2025-09-29,SEPTEMBER,Monday,TRUE,,NO_EXCEPTION_RECORDED,0,0,0,5,10,20,0.0,0.0,0.0,0,41,0.0,0,-1,0.0,0.061538,-0.061538
rec_30755d5f67e12c66,STU_411909,411909,SISWA_012,Kls 7_SISWA_001,2025-09-30,SEPTEMBER,Tuesday,UNKNOWN,,NO_EXCEPTION_RECORDED,0,0,0,5,10,21,0.0,0.0,0.0,0,42,0.0,0,-1,0.0,0.076923,-0.076923
rec_d994c3b90820bd63,STU_413759,413759,SISWA_010,Kls 7_SISWA_001,2025-08-01,AGUSTUS,Friday,UNKNOWN,,NO_EXCEPTION_RECORDED,0,0,0,0,0,0,0.0,0.0,0.0,0,0,0.0,0,-1,0.0,0.0,0.0
rec_37e8e20b9125a77a,STU_413759,413759,SISWA_010,Kls 7_SISWA_001,2025-08-02,AGUSTUS,Saturday,FALSE,,NO_EXCEPTION_RECORDED,0,0,0,1,1,1,0.0,0.0,0.0,0,1,0.0,0,-1,0.0,0.0,0.0
rec_61a0c38a30b57d70,STU_413759,413759,SISWA_010,Kls 7_SISWA_001,2025-08-03,AGUSTUS,Sunday,FALSE,,NO_EXCEPTION_RECORDED,0,0,0,1,1,1,0.0,0.0,0.0,0,1,0.0,0,-1,0.0,0.0,0.0
rec_875d43626d43a8e1,STU_413759,413759,SISWA_010,Kls 7_SISWA_001,2025-08-04,AGUSTUS,Monday,UNKNOWN,,NO_EXCEPTION_RECORDED,0,0,0,1,1,1,0.0,0.0,0.0,0,1,0.0,0,-1,0.0,0.0,0.0
rec_71c341a15f2198dc,STU_413759,413759,SISWA_010,Kls 7_SISWA_001,2025-08-05,AGUSTUS,Tuesday,TRUE,,NO_EXCEPTION_RECORDED,0,0,0,2,2,2,0.0,0.0,0.0,0,2,0.0,0,-1,0.0,0.0,0.0
rec_a5216b8f597e9d6b,STU_413759,413759,SISWA_010,Kls 7_SISWA_001,2025-08-06,AGUSTUS,Wednesday,UNKNOWN,,NO_EXCEPTION_RECORDED,0,0,0,3,3,3,0.0,0.0,0.0,0,3,0.0,0,-1,0.0,0.0,0.0
rec_a4583e93042f9314,STU_413759,413759,SISWA_010,Kls 7_SISWA_001,2025-08-07,AGUSTUS,Thursday,TRUE,,NO_EXCEPTION_RECORDED,0,0,0,4,4,4,0.0,0.0,0.0,0,4,0.0,0,-1,0.0,0.0,0.0
rec_fa253ebf9b0a0ac7,STU_413759,413759,SISWA_010,Kls 7_SISWA_001,2025-08-08,AGUSTUS,Friday,TRUE,,NO_EXCEPTION_RECORDED,0,0,0,5,5,5,0.0,0.0,0.0,0,5,0.0,0,-1,0.0,0.0,0.0
rec_301a03dd26a3e72a,STU_413759,413759,SISWA_010,Kls 7_SISWA_001,2025-08-09,AGUSTUS,Saturday,FALSE,,NO_EXCEPTION_RECORDED,0,0,0,5,6,6,0.0,0.0,0.0,0,6,0.0,0,-1,0.0,0.0,0.0
rec_7cb6e7d87ed31018,STU_413759,413759,SISWA_010,Kls 7_SISWA_001,2025-08-10,AGUSTUS,Sunday,FALSE,,NO_EXCEPTION_RECORDED,0,0,0,5,6,6,0.0,0.0,0.0,0,6,0.0,0,-1,0.0,0.0,0.0
rec_7ec5aa63cf9e47d1,STU_413759,413759,SISWA_010,Kls 7_SISWA_001,2025-08-11,AGUSTUS,Monday,TRUE,,NO_EXCEPTION_RECORDED,0,0,0,5,6,6,0.0,0.0,0.0,0,6,0.0,0,-1,0.0,0.0,0.0
rec_0931857f65fd1036,STU_413759,413759,SISWA_010,Kls 7_SISWA_001,2025-08-12,AGUSTUS,Tuesday,TRUE,,NO_EXCEPTION_RECORDED,0,0,0,5,7,7,0.0,0.0,0.0,0,7,0.0,0,-1,0.0,0.0,0.0
rec_714f0e7b16bcc0b9,STU_413759,413759,SISWA_010,Kls 7_SISWA_001,2025-08-13,AGUSTUS,Wednesday,TRUE,,NO_EXCEPTION_RECORDED,0,0,0,5,8,8,0.0,0.0,0.0,0,8,0.0,0,-1,0.0,0.015385,-0.015385
rec_f1d307372d1be5b4,STU_413759,413759,SISWA_010,Kls 7_SISWA_001,2025-08-14,AGUSTUS,Thursday,UNKNOWN,,NO_EXCEPTION_RECORDED,0,0,0,5,9,9,0.0,0.0,0.0,0,9,0.0,0,-1,0.0,0.015385,-0.015385
rec_ca10178c743336d7,STU_413759,413759,SISWA_010,Kls 7_SISWA_001,2025-08-15,AGUSTUS,Friday,UNKNOWN,,NO_EXCEPTION_RECORDED,0,0,0,5,10,10,0.0,0.0,0.0,0,10,0.0,0,-1,0.0,0.015385,-0.015385
rec_449c6231caedfc22,STU_413759,413759,SISWA_010,Kls 7_SISWA_001,2025-08-16,AGUSTUS,Saturday,FALSE,,NO_EXCEPTION_RECORDED,0,0,0,5,10,11,0.0,0.0,0.0,0,11,0.0,0,-1,0.0,0.015385,-0.015385
rec_a1a6bee734b6a266,STU_413759,413759,SISWA_010,Kls 7_SISWA_001,2025-08-17,AGUSTUS,Sunday,FALSE,,NO_EXCEPTION_RECORDED,0,0,0,5,10,11,0.0,0.0,0.0,0,11,0.0,0,-1,0.0,0.015385,-0.015385
rec_73d2ff2f8a0c2749,STU_413759,413759,SISWA_010,Kls 7_SISWA_001,2025-08-18,AGUSTUS,Monday,UNKNOWN,,NO_EXCEPTION_RECORDED,0,0,0,5,10,11,0.0,0.0,0.0,0,11,0.0,0,-1,0.0,0.015385,-0.015385
rec_78d358cbaa377c45,STU_413759,413759,SISWA_010,Kls 7_SISWA_001,2025-08-19,AGUSTUS,Tuesday,TRUE,,NO_EXCEPTION_RECORDED,0,0,0,5,10,12,0.0,0.0,0.0,0,12,0.0,0,-1,0.0,0.015385,-0.015385
rec_f508f61aefc9688d,STU_413759,413759,SISWA_010,Kls 7_SISWA_001,2025-08-20,AGUSTUS,Wednesday,TRUE,,NO_EXCEPTION_RECORDED,0,0,0,5,10,13,0.0,0.0,0.0,0,13,0.0,0,-1,0.0,0.0,0.0
rec_c07da852b637d5b5,STU_413759,413759,SISWA_010,Kls 7_SISWA_001,2025-08-21,AGUSTUS,Thursday,TRUE,,NO_EXCEPTION_RECORDED,0,0,0,5,10,14,0.0,0.0,0.0,0,14,0.0,0,-1,0.0,0.0,0.0
rec_13489bed76557684,STU_413759,413759,SISWA_010,Kls 7_SISWA_001,2025-08-22,AGUSTUS,Friday,UNKNOWN,,NO_EXCEPTION_RECORDED,0,0,0,5,10,15,0.0,0.0,0.0,0,15,0.0,0,-1,0.0,0.0,0.0
rec_cc8d122bf25b6046,STU_413759,413759,SISWA_010,Kls 7_SISWA_001,2025-08-23,AGUSTUS,Saturday,FALSE,,NO_EXCEPTION_RECORDED,0,0,0,5,10,16,0.0,0.0,0.0,0,16,0.0,0,-1,0.0,0.0,0.0
rec_76c9dd13bdad72d3,STU_413759,413759,SISWA_010,Kls 7_SISWA_001,2025-08-24,AGUSTUS,Sunday,FALSE,,NO_EXCEPTION_RECORDED,0,0,0,5,10,16,0.0,0.0,0.0,0,16,0.0,0,-1,0.0,0.0,0.0
rec_78ddb7ba6130eb7b,STU_413759,413759,SISWA_010,Kls 7_SISWA_001,2025-08-25,AGUSTUS,Monday,TRUE,,NO_EXCEPTION_RECORDED,0,0,0,5,10,16,0.0,0.0,0.0,0,16,0.0,0,-1,0.0,0.0,0.0
rec_aac5a8005afb1ea2,STU_413759,413759,SISWA_010,Kls 7_SISWA_001,2025-08-26,AGUSTUS,Tuesday,TRUE,,NO_EXCEPTION_RECORDED,0,0,0,5,10,17,0.0,0.0,0.0,0,17,0.0,0,-1,0.0,0.015385,-0.015385
rec_593ba8fa2856b868,STU_413759,413759,SISWA_010,Kls 7_SISWA_001,2025-08-27,AGUSTUS,Wednesday,TRUE,,NO_EXCEPTION_RECORDED,0,0,0,5,10,18,0.0,0.0,0.0,0,18,0.0,0,-1,0.0,0.015385,-0.015385
rec_544b63155911873d,STU_413759,413759,SISWA_010,Kls 7_SISWA_001,2025-08-28,AGUSTUS,Thursday,TRUE,,NO_EXCEPTION_RECORDED,0,0,0,5,10,19,0.0,0.0,0.0,0,19,0.0,0,-1,0.0,0.015385,-0.015385
rec_a95f6509848743c5,STU_413759,413759,SISWA_010,Kls 7_SISWA_001,2025-08-29,AGUSTUS,Friday,TRUE,,NO_EXCEPTION_RECORDED,0,0,0,5,10,20,0.0,0.0,0.0,0,20,0.0,0,-1,0.0,0.015385,-0.015385
rec_10c96f4d3f2bbdfb,STU_413759,413759,SISWA_010,Kls 7_SISWA_001,2025-08-30,AGUSTUS,Saturday,FALSE,,NO_EXCEPTION_RECORDED,0,0,0,5,10,21,0.0,0.0,0.0,0,21,0.0,0,-1,0.0,0.015385,-0.015385
rec_cfb2860dcb93b86a,STU_413759,413759,SISWA_010,Kls 7_SISWA_001,2025-08-31,AGUSTUS,Sunday,FALSE,,NO_EXCEPTION_RECORDED,0,0,0,5,10,21,0.0,0.0,0.0,0,21,0.0,0,-1,0.0,0.015385,-0.015385
rec_829c4e291d513cf0,STU_413759,413759,SISWA_010,Kls 7_SISWA_001,2025-09-01,SEPTEMBER,Monday,TRUE,,NO_EXCEPTION_RECORDED,0,0,0,5,10,20,0.0,0.0,0.0,0,21,0.0,0,-1,0.0,0.015385,-0.015385
rec_028845e1f235bf8b,STU_413759,413759,SISWA_010,Kls 7_SISWA_001,2025-09-02,SEPTEMBER,Tuesday,TRUE,,NO_EXCEPTION_RECORDED,0,0,0,5,10,21,0.0,0.0,0.0,0,22,0.0,0,-1,0.0,0.0,0.0
rec_fb865729d44c3245,STU_413759,413759,SISWA_010,Kls 7_SISWA_001,2025-09-03,SEPTEMBER,Wednesday,TRUE,,NO_EXCEPTION_RECORDED,0,0,0,5,10,22,0.0,0.0,0.0,0,23,0.0,0,-1,0.0,0.0,0.0
rec_5a4886002fd96f3a,STU_413759,413759,SISWA_010,Kls 7_SISWA_001,2025-09-04,SEPTEMBER,Thursday,TRUE,,NO_EXCEPTION_RECORDED,0,0,0,5,10,22,0.0,0.0,0.0,0,24,0.0,0,-1,0.0,0.0,0.0
rec_4c6110bde1b1ae0b,STU_413759,413759,SISWA_010,Kls 7_SISWA_001,2025-09-05,SEPTEMBER,Friday,UNKNOWN,,NO_EXCEPTION_RECORDED,0,0,0,5,10,22,0.0,0.0,0.0,0,25,0.0,0,-1,0.0,0.0,0.0
rec_33ef829cf213a975,STU_413759,413759,SISWA_010,Kls 7_SISWA_001,2025-09-06,SEPTEMBER,Saturday,FALSE,,NO_EXCEPTION_RECORDED,0,0,0,5,10,22,0.0,0.0,0.0,0,26,0.0,0,-1,0.0,0.0,0.0
rec_169c709d67d21336,STU_413759,413759,SISWA_010,Kls 7_SISWA_001,2025-09-07,SEPTEMBER,Sunday,FALSE,,NO_EXCEPTION_RECORDED,0,0,0,5,10,21,0.0,0.0,0.0,0,26,0.0,0,-1,0.0,0.0,0.0
rec_a386734fa6028c7d,STU_413759,413759,SISWA_010,Kls 7_SISWA_001,2025-09-08,SEPTEMBER,Monday,TRUE,,NO_EXCEPTION_RECORDED,0,0,0,5,10,20,0.0,0.0,0.0,0,26,0.0,0,-1,0.0,0.0,0.0
rec_89ebc375ffa3b608,STU_413759,413759,SISWA_010,Kls 7_SISWA_001,2025-09-09,SEPTEMBER,Tuesday,TRUE,,NO_EXCEPTION_RECORDED,0,0,0,5,10,21,0.0,0.0,0.0,0,27,0.0,0,-1,0.0,0.0,0.0
rec_e7b5dc90dadbaeae,STU_413759,413759,SISWA_010,Kls 7_SISWA_001,2025-09-10,SEPTEMBER,Wednesday,TRUE,,NO_EXCEPTION_RECORDED,0,0,0,5,10,22,0.0,0.0,0.0,0,28,0.0,0,-1,0.0,0.0,0.0
rec_1429ed120130e9c9,STU_413759,413759,SISWA_010,Kls 7_SISWA_001,2025-09-11,SEPTEMBER,Thursday,TRUE,,NO_EXCEPTION_RECORDED,0,0,0,5,10,22,0.0,0.0,0.0,0,29,0.0,0,-1,0.0,0.0,0.0
rec_8a2f0372b060e643,STU_413759,413759,SISWA_010,Kls 7_SISWA_001,2025-09-12,SEPTEMBER,Friday,TRUE,,NO_EXCEPTION_RECORDED,0,0,0,5,10,22,0.0,0.0,0.0,0,30,0.0,0,-1,0.0,0.015385,-0.015385
rec_759ac5b5266341ab,STU_413759,413759,SISWA_010,Kls 7_SISWA_001,2025-09-13,SEPTEMBER,Saturday,FALSE,,NO_EXCEPTION_RECORDED,0,0,0,5,10,22,0.0,0.0,0.0,0,31,0.0,0,-1,0.0,0.015385,-0.015385
rec_752a8a75ee840523,STU_413759,413759,SISWA_010,Kls 7_SISWA_001,2025-09-14,SEPTEMBER,Sunday,FALSE,,NO_EXCEPTION_RECORDED,0,0,0,5,10,21,0.0,0.0,0.0,0,31,0.0,0,-1,0.0,0.015385,-0.015385
rec_58ff5347434642a7,STU_413759,413759,SISWA_010,Kls 7_SISWA_001,2025-09-15,SEPTEMBER,Monday,TRUE,,NO_EXCEPTION_RECORDED,0,0,0,5,10,20,0.0,0.0,0.0,0,31,0.0,0,-1,0.0,0.015385,-0.015385
rec_1409ce8efbb3875f,STU_413759,413759,SISWA_010,Kls 7_SISWA_001,2025-09-16,SEPTEMBER,Tuesday,TRUE,,NO_EXCEPTION_RECORDED,0,0,0,5,10,21,0.0,0.0,0.0,0,32,0.0,0,-1,0.0,0.015385,-0.015385
rec_79e8df683d442e99,STU_413759,413759,SISWA_010,Kls 7_SISWA_001,2025-09-17,SEPTEMBER,Wednesday,TRUE,,NO_EXCEPTION_RECORDED,0,0,0,5,10,22,0.0,0.0,0.0,0,33,0.0,0,-1,0.0,0.015385,-0.015385
rec_9e6a480f4a3ccc24,STU_413759,413759,SISWA_010,Kls 7_SISWA_001,2025-09-18,SEPTEMBER,Thursday,TRUE,,NO_EXCEPTION_RECORDED,0,0,0,5,10,22,0.0,0.0,0.0,0,34,0.0,0,-1,0.0,0.015385,-0.015385
rec_a1d34c3cfbba1605,STU_413759,413759,SISWA_010,Kls 7_SISWA_001,2025-09-19,SEPTEMBER,Friday,TRUE,,NO_EXCEPTION_RECORDED,0,0,0,5,10,22,0.0,0.0,0.0,0,35,0.0,0,-1,0.0,0.0,0.0
rec_259fb700f65e10be,STU_413759,413759,SISWA_010,Kls 7_SISWA_001,2025-09-20,SEPTEMBER,Saturday,FALSE,,NO_EXCEPTION_RECORDED,0,0,0,5,10,22,0.0,0.0,0.0,0,36,0.0,0,-1,0.0,0.0,0.0
rec_051219474a74fcd9,STU_413759,413759,SISWA_010,Kls 7_SISWA_001,2025-09-21,SEPTEMBER,Sunday,FALSE,,NO_EXCEPTION_RECORDED,0,0,0,5,10,21,0.0,0.0,0.0,0,36,0.0,0,-1,0.0,0.0,0.0
rec_463fdeb4124b78a2,STU_413759,413759,SISWA_010,Kls 7_SISWA_001,2025-09-22,SEPTEMBER,Monday,TRUE,,NO_EXCEPTION_RECORDED,0,0,0,5,10,20,0.0,0.0,0.0,0,36,0.0,0,-1,0.0,0.0,0.0
rec_1efd68e990ed37e9,STU_413759,413759,SISWA_010,Kls 7_SISWA_001,2025-09-23,SEPTEMBER,Tuesday,TRUE,,NO_EXCEPTION_RECORDED,0,0,0,5,10,21,0.0,0.0,0.0,0,37,0.0,0,-1,0.0,0.0,0.0
rec_253a204c39404958,STU_413759,413759,SISWA_010,Kls 7_SISWA_001,2025-09-24,SEPTEMBER,Wednesday,TRUE,,NO_EXCEPTION_RECORDED,0,0,0,5,10,22,0.0,0.0,0.0,0,38,0.0,0,-1,0.0,0.015385,-0.015385
rec_2a72f1c2000ca9a6,STU_413759,413759,SISWA_010,Kls 7_SISWA_001,2025-09-25,SEPTEMBER,Thursday,TRUE,,NO_EXCEPTION_RECORDED,0,0,0,5,10,22,0.0,0.0,0.0,0,39,0.0,0,-1,0.0,0.046154,-0.046154
rec_e0a0e5c86d6f3759,STU_413759,413759,SISWA_010,Kls 7_SISWA_001,2025-09-26,SEPTEMBER,Friday,TRUE,,NO_EXCEPTION_RECORDED,0,0,0,5,10,22,0.0,0.0,0.0,0,40,0.0,0,-1,0.0,0.061538,-0.061538
rec_a4b1b419db1b8cda,STU_413759,413759,SISWA_010,Kls 7_SISWA_001,2025-09-27,SEPTEMBER,Saturday,FALSE,,NO_EXCEPTION_RECORDED,0,0,0,5,10,22,0.0,0.0,0.0,0,41,0.0,0,-1,0.0,0.061538,-0.061538
rec_ee79bf30320ece49,STU_413759,413759,SISWA_010,Kls 7_SISWA_001,2025-09-28,SEPTEMBER,Sunday,FALSE,,NO_EXCEPTION_RECORDED,0,0,0,5,10,21,0.0,0.0,0.0,0,41,0.0,0,-1,0.0,0.061538,-0.061538
rec_db4f11534a5fa134,STU_413759,413759,SISWA_010,Kls 7_SISWA_001,2025-09-29,SEPTEMBER,Monday,TRUE,,NO_EXCEPTION_RECORDED,0,0,0,5,10,20,0.0,0.0,0.0,0,41,0.0,0,-1,0.0,0.061538,-0.061538
rec_7196467ffb8ccde7,STU_413759,413759,SISWA_010,Kls 7_SISWA_001,2025-09-30,SEPTEMBER,Tuesday,UNKNOWN,,NO_EXCEPTION_RECORDED,0,0,0,5,10,21,0.0,0.0,0.0,0,42,0.0,0,-1,0.0,0.076923,-0.076923
rec_ef383de5b65c3612,STU_472811,472811,SISWA_005,Kls 7_SISWA_001,2025-08-01,AGUSTUS,Friday,UNKNOWN,,NO_EXCEPTION_RECORDED,0,0,0,0,0,0,0.0,0.0,0.0,0,0,0.0,0,-1,0.0,0.0,0.0
rec_f65a61f812bd4114,STU_472811,472811,SISWA_005,Kls 7_SISWA_001,2025-08-02,AGUSTUS,Saturday,FALSE,,NO_EXCEPTION_RECORDED,0,0,0,1,1,1,0.0,0.0,0.0,0,1,0.0,0,-1,0.0,0.0,0.0
rec_e485c2a2182ff8f3,STU_472811,472811,SISWA_005,Kls 7_SISWA_001,2025-08-03,AGUSTUS,Sunday,FALSE,,NO_EXCEPTION_RECORDED,0,0,0,1,1,1,0.0,0.0,0.0,0,1,0.0,0,-1,0.0,0.0,0.0
rec_7eaedfef328b6393,STU_472811,472811,SISWA_005,Kls 7_SISWA_001,2025-08-04,AGUSTUS,Monday,UNKNOWN,,NO_EXCEPTION_RECORDED,0,0,0,1,1,1,0.0,0.0,0.0,0,1,0.0,0,-1,0.0,0.0,0.0
rec_e36c52e5b1a2e861,STU_472811,472811,SISWA_005,Kls 7_SISWA_001,2025-08-05,AGUSTUS,Tuesday,TRUE,,NO_EXCEPTION_RECORDED,0,0,0,2,2,2,0.0,0.0,0.0,0,2,0.0,0,-1,0.0,0.0,0.0
rec_69a2b49904a4543c,STU_472811,472811,SISWA_005,Kls 7_SISWA_001,2025-08-06,AGUSTUS,Wednesday,UNKNOWN,,NO_EXCEPTION_RECORDED,0,0,0,3,3,3,0.0,0.0,0.0,0,3,0.0,0,-1,0.0,0.0,0.0
rec_5849c39e7615f4b0,STU_472811,472811,SISWA_005,Kls 7_SISWA_001,2025-08-07,AGUSTUS,Thursday,TRUE,,NO_EXCEPTION_RECORDED,0,0,0,4,4,4,0.0,0.0,0.0,0,4,0.0,0,-1,0.0,0.0,0.0
rec_b13c59d78bbd2a98,STU_472811,472811,SISWA_005,Kls 7_SISWA_001,2025-08-08,AGUSTUS,Friday,TRUE,,NO_EXCEPTION_RECORDED,0,0,0,5,5,5,0.0,0.0,0.0,0,5,0.0,0,-1,0.0,0.0,0.0
rec_966ccc87f7f12f7d,STU_472811,472811,SISWA_005,Kls 7_SISWA_001,2025-08-09,AGUSTUS,Saturday,FALSE,,NO_EXCEPTION_RECORDED,0,0,0,5,6,6,0.0,0.0,0.0,0,6,0.0,0,-1,0.0,0.0,0.0
rec_69491be16a43ebac,STU_472811,472811,SISWA_005,Kls 7_SISWA_001,2025-08-10,AGUSTUS,Sunday,FALSE,,NO_EXCEPTION_RECORDED,0,0,0,5,6,6,0.0,0.0,0.0,0,6,0.0,0,-1,0.0,0.0,0.0
rec_30c0e50e280c73e9,STU_472811,472811,SISWA_005,Kls 7_SISWA_001,2025-08-11,AGUSTUS,Monday,TRUE,,NO_EXCEPTION_RECORDED,0,0,0,5,6,6,0.0,0.0,0.0,0,6,0.0,0,-1,0.0,0.0,0.0
rec_2ff527c08f036d66,STU_472811,472811,SISWA_005,Kls 7_SISWA_001,2025-08-12,AGUSTUS,Tuesday,TRUE,,NO_EXCEPTION_RECORDED,0,0,0,5,7,7,0.0,0.0,0.0,0,7,0.0,0,-1,0.0,0.0,0.0
rec_5cbadbb83154967c,STU_472811,472811,SISWA_005,Kls 7_SISWA_001,2025-08-13,AGUSTUS,Wednesday,TRUE,,NO_EXCEPTION_RECORDED,0,0,0,5,8,8,0.0,0.0,0.0,0,8,0.0,0,-1,0.0,0.015385,-0.015385
rec_a16bb487fb49c7d5,STU_472811,472811,SISWA_005,Kls 7_SISWA_001,2025-08-14,AGUSTUS,Thursday,UNKNOWN,,NO_EXCEPTION_RECORDED,0,0,0,5,9,9,0.0,0.0,0.0,0,9,0.0,0,-1,0.0,0.015385,-0.015385
rec_5966273ed427d59a,STU_472811,472811,SISWA_005,Kls 7_SISWA_001,2025-08-15,AGUSTUS,Friday,UNKNOWN,,NO_EXCEPTION_RECORDED,0,0,0,5,10,10,0.0,0.0,0.0,0,10,0.0,0,-1,0.0,0.015385,-0.015385
rec_e2af7d808973068e,STU_472811,472811,SISWA_005,Kls 7_SISWA_001,2025-08-16,AGUSTUS,Saturday,FALSE,,NO_EXCEPTION_RECORDED,0,0,0,5,10,11,0.0,0.0,0.0,0,11,0.0,0,-1,0.0,0.015385,-0.015385
rec_284d46de3a660283,STU_472811,472811,SISWA_005,Kls 7_SISWA_001,2025-08-17,AGUSTUS,Sunday,FALSE,,NO_EXCEPTION_RECORDED,0,0,0,5,10,11,0.0,0.0,0.0,0,11,0.0,0,-1,0.0,0.015385,-0.015385
rec_62c89620913ad1f8,STU_472811,472811,SISWA_005,Kls 7_SISWA_001,2025-08-18,AGUSTUS,Monday,UNKNOWN,,NO_EXCEPTION_RECORDED,0,0,0,5,10,11,0.0,0.0,0.0,0,11,0.0,0,-1,0.0,0.015385,-0.015385
rec_4cc0a531d0a9a31d,STU_472811,472811,SISWA_005,Kls 7_SISWA_001,2025-08-19,AGUSTUS,Tuesday,TRUE,,NO_EXCEPTION_RECORDED,0,0,0,5,10,12,0.0,0.0,0.0,0,12,0.0,0,-1,0.0,0.015385,-0.015385
rec_d7e3536143112e07,STU_472811,472811,SISWA_005,Kls 7_SISWA_001,2025-08-20,AGUSTUS,Wednesday,TRUE,,NO_EXCEPTION_RECORDED,0,0,0,5,10,13,0.0,0.0,0.0,0,13,0.0,0,-1,0.0,0.0,0.0
rec_ad8db32c0c69e8ea,STU_472811,472811,SISWA_005,Kls 7_SISWA_001,2025-08-21,AGUSTUS,Thursday,TRUE,,NO_EXCEPTION_RECORDED,0,0,0,5,10,14,0.0,0.0,0.0,0,14,0.0,0,-1,0.0,0.0,0.0
rec_01282dea36814681,STU_472811,472811,SISWA_005,Kls 7_SISWA_001,2025-08-22,AGUSTUS,Friday,UNKNOWN,,NO_EXCEPTION_RECORDED,0,0,0,5,10,15,0.0,0.0,0.0,0,15,0.0,0,-1,0.0,0.0,0.0
rec_98fb5b9b4ca05b92,STU_472811,472811,SISWA_005,Kls 7_SISWA_001,2025-08-23,AGUSTUS,Saturday,FALSE,,NO_EXCEPTION_RECORDED,0,0,0,5,10,16,0.0,0.0,0.0,0,16,0.0,0,-1,0.0,0.0,0.0
rec_a9f0dd275e428023,STU_472811,472811,SISWA_005,Kls 7_SISWA_001,2025-08-24,AGUSTUS,Sunday,FALSE,,NO_EXCEPTION_RECORDED,0,0,0,5,10,16,0.0,0.0,0.0,0,16,0.0,0,-1,0.0,0.0,0.0
rec_3c372599f79efae6,STU_472811,472811,SISWA_005,Kls 7_SISWA_001,2025-08-25,AGUSTUS,Monday,TRUE,,NO_EXCEPTION_RECORDED,0,0,0,5,10,16,0.0,0.0,0.0,0,16,0.0,0,-1,0.0,0.0,0.0
rec_d3fd5a2d7b8fdb03,STU_472811,472811,SISWA_005,Kls 7_SISWA_001,2025-08-26,AGUSTUS,Tuesday,TRUE,,NO_EXCEPTION_RECORDED,0,0,0,5,10,17,0.0,0.0,0.0,0,17,0.0,0,-1,0.0,0.015385,-0.015385
rec_15a43285606d879f,STU_472811,472811,SISWA_005,Kls 7_SISWA_001,2025-08-27,AGUSTUS,Wednesday,TRUE,,NO_EXCEPTION_RECORDED,0,0,0,5,10,18,0.0,0.0,0.0,0,18,0.0,0,-1,0.0,0.015385,-0.015385
rec_eebb71c421b828cf,STU_472811,472811,SISWA_005,Kls 7_SISWA_001,2025-08-28,AGUSTUS,Thursday,TRUE,,NO_EXCEPTION_RECORDED,0,0,0,5,10,19,0.0,0.0,0.0,0,19,0.0,0,-1,0.0,0.015385,-0.015385
rec_7f838e7277ae10f4,STU_472811,472811,SISWA_005,Kls 7_SISWA_001,2025-08-29,AGUSTUS,Friday,TRUE,,NO_EXCEPTION_RECORDED,0,0,0,5,10,20,0.0,0.0,0.0,0,20,0.0,0,-1,0.0,0.015385,-0.015385
rec_4f3447028b0de8bf,STU_472811,472811,SISWA_005,Kls 7_SISWA_001,2025-08-30,AGUSTUS,Saturday,FALSE,,NO_EXCEPTION_RECORDED,0,0,0,5,10,21,0.0,0.0,0.0,0,21,0.0,0,-1,0.0,0.015385,-0.015385
rec_d8ad69359c822987,STU_472811,472811,SISWA_005,Kls 7_SISWA_001,2025-08-31,AGUSTUS,Sunday,FALSE,,NO_EXCEPTION_RECORDED,0,0,0,5,10,21,0.0,0.0,0.0,0,21,0.0,0,-1,0.0,0.015385,-0.015385
rec_b2621480434c6a13,STU_472811,472811,SISWA_005,Kls 7_SISWA_001,2025-09-01,SEPTEMBER,Monday,TRUE,,NO_EXCEPTION_RECORDED,0,0,0,5,10,20,0.0,0.0,0.0,0,21,0.0,0,-1,0.0,0.015385,-0.015385
rec_aaa39332048e28b0,STU_472811,472811,SISWA_005,Kls 7_SISWA_001,2025-09-02,SEPTEMBER,Tuesday,TRUE,,NO_EXCEPTION_RECORDED,0,0,0,5,10,21,0.0,0.0,0.0,0,22,0.0,0,-1,0.0,0.0,0.0
rec_31c75b225865811b,STU_472811,472811,SISWA_005,Kls 7_SISWA_001,2025-09-03,SEPTEMBER,Wednesday,TRUE,,NO_EXCEPTION_RECORDED,0,0,0,5,10,22,0.0,0.0,0.0,0,23,0.0,0,-1,0.0,0.0,0.0
rec_c9c23c5c086dbef6,STU_472811,472811,SISWA_005,Kls 7_SISWA_001,2025-09-04,SEPTEMBER,Thursday,TRUE,,NO_EXCEPTION_RECORDED,0,0,0,5,10,22,0.0,0.0,0.0,0,24,0.0,0,-1,0.0,0.0,0.0
rec_f0bec53ddaa07319,STU_472811,472811,SISWA_005,Kls 7_SISWA_001,2025-09-05,SEPTEMBER,Friday,UNKNOWN,,NO_EXCEPTION_RECORDED,0,0,0,5,10,22,0.0,0.0,0.0,0,25,0.0,0,-1,0.0,0.0,0.0
rec_7e55f8310aa10d40,STU_472811,472811,SISWA_005,Kls 7_SISWA_001,2025-09-06,SEPTEMBER,Saturday,FALSE,,NO_EXCEPTION_RECORDED,0,0,0,5,10,22,0.0,0.0,0.0,0,26,0.0,0,-1,0.0,0.0,0.0
rec_81cfc849a0b3c64e,STU_472811,472811,SISWA_005,Kls 7_SISWA_001,2025-09-07,SEPTEMBER,Sunday,FALSE,,NO_EXCEPTION_RECORDED,0,0,0,5,10,21,0.0,0.0,0.0,0,26,0.0,0,-1,0.0,0.0,0.0
rec_0ec4c2309930332a,STU_472811,472811,SISWA_005,Kls 7_SISWA_001,2025-09-08,SEPTEMBER,Monday,TRUE,,NO_EXCEPTION_RECORDED,0,0,0,5,10,20,0.0,0.0,0.0,0,26,0.0,0,-1,0.0,0.0,0.0
rec_69d5b0d490724d15,STU_472811,472811,SISWA_005,Kls 7_SISWA_001,2025-09-09,SEPTEMBER,Tuesday,TRUE,,NO_EXCEPTION_RECORDED,0,0,0,5,10,21,0.0,0.0,0.0,0,27,0.0,0,-1,0.0,0.0,0.0
rec_05fcc9523cfd1e70,STU_472811,472811,SISWA_005,Kls 7_SISWA_001,2025-09-10,SEPTEMBER,Wednesday,TRUE,,NO_EXCEPTION_RECORDED,0,0,0,5,10,22,0.0,0.0,0.0,0,28,0.0,0,-1,0.0,0.0,0.0
rec_606194df0f164026,STU_472811,472811,SISWA_005,Kls 7_SISWA_001,2025-09-11,SEPTEMBER,Thursday,TRUE,,NO_EXCEPTION_RECORDED,0,0,0,5,10,22,0.0,0.0,0.0,0,29,0.0,0,-1,0.0,0.0,0.0
rec_b21db0060a59c481,STU_472811,472811,SISWA_005,Kls 7_SISWA_001,2025-09-12,SEPTEMBER,Friday,TRUE,,NO_EXCEPTION_RECORDED,0,0,0,5,10,22,0.0,0.0,0.0,0,30,0.0,0,-1,0.0,0.015385,-0.015385
rec_e52a14ae49705611,STU_472811,472811,SISWA_005,Kls 7_SISWA_001,2025-09-13,SEPTEMBER,Saturday,FALSE,,NO_EXCEPTION_RECORDED,0,0,0,5,10,22,0.0,0.0,0.0,0,31,0.0,0,-1,0.0,0.015385,-0.015385
rec_01f8da74cbf80cf9,STU_472811,472811,SISWA_005,Kls 7_SISWA_001,2025-09-14,SEPTEMBER,Sunday,FALSE,,NO_EXCEPTION_RECORDED,0,0,0,5,10,21,0.0,0.0,0.0,0,31,0.0,0,-1,0.0,0.015385,-0.015385
rec_8bd902f73c7d3084,STU_472811,472811,SISWA_005,Kls 7_SISWA_001,2025-09-15,SEPTEMBER,Monday,TRUE,,NO_EXCEPTION_RECORDED,0,0,0,5,10,20,0.0,0.0,0.0,0,31,0.0,0,-1,0.0,0.015385,-0.015385
rec_9e2b91e1a7e356e5,STU_472811,472811,SISWA_005,Kls 7_SISWA_001,2025-09-16,SEPTEMBER,Tuesday,TRUE,,NO_EXCEPTION_RECORDED,0,0,0,5,10,21,0.0,0.0,0.0,0,32,0.0,0,-1,0.0,0.015385,-0.015385
rec_f86fb9df0dfe03aa,STU_472811,472811,SISWA_005,Kls 7_SISWA_001,2025-09-17,SEPTEMBER,Wednesday,TRUE,,NO_EXCEPTION_RECORDED,0,0,0,5,10,22,0.0,0.0,0.0,0,33,0.0,0,-1,0.0,0.015385,-0.015385
rec_361e98329d79157e,STU_472811,472811,SISWA_005,Kls 7_SISWA_001,2025-09-18,SEPTEMBER,Thursday,TRUE,,NO_EXCEPTION_RECORDED,0,0,0,5,10,22,0.0,0.0,0.0,0,34,0.0,0,-1,0.0,0.015385,-0.015385
rec_ab76dac508a732a6,STU_472811,472811,SISWA_005,Kls 7_SISWA_001,2025-09-19,SEPTEMBER,Friday,TRUE,,NO_EXCEPTION_RECORDED,0,0,0,5,10,22,0.0,0.0,0.0,0,35,0.0,0,-1,0.0,0.0,0.0
rec_ec364a67b8f9163f,STU_472811,472811,SISWA_005,Kls 7_SISWA_001,2025-09-20,SEPTEMBER,Saturday,FALSE,,NO_EXCEPTION_RECORDED,0,0,0,5,10,22,0.0,0.0,0.0,0,36,0.0,0,-1,0.0,0.0,0.0
rec_f27bc179eb06014a,STU_472811,472811,SISWA_005,Kls 7_SISWA_001,2025-09-21,SEPTEMBER,Sunday,FALSE,,NO_EXCEPTION_RECORDED,0,0,0,5,10,21,0.0,0.0,0.0,0,36,0.0,0,-1,0.0,0.0,0.0
rec_639c8e0efefbe291,STU_472811,472811,SISWA_005,Kls 7_SISWA_001,2025-09-22,SEPTEMBER,Monday,TRUE,,NO_EXCEPTION_RECORDED,0,0,0,5,10,20,0.0,0.0,0.0,0,36,0.0,0,-1,0.0,0.0,0.0
rec_686a053ecf3c5e9d,STU_472811,472811,SISWA_005,Kls 7_SISWA_001,2025-09-23,SEPTEMBER,Tuesday,TRUE,,NO_EXCEPTION_RECORDED,0,0,0,5,10,21,0.0,0.0,0.0,0,37,0.0,0,-1,0.0,0.0,0.0
rec_aba340d7fb249acd,STU_472811,472811,SISWA_005,Kls 7_SISWA_001,2025-09-24,SEPTEMBER,Wednesday,TRUE,,NO_EXCEPTION_RECORDED,0,0,0,5,10,22,0.0,0.0,0.0,0,38,0.0,0,-1,0.0,0.015385,-0.015385
rec_8bc68e421747dbcc,STU_472811,472811,SISWA_005,Kls 7_SISWA_001,2025-09-25,SEPTEMBER,Thursday,TRUE,,NO_EXCEPTION_RECORDED,0,0,0,5,10,22,0.0,0.0,0.0,0,39,0.0,0,-1,0.0,0.046154,-0.046154
rec_00d21e30a41c5b97,STU_472811,472811,SISWA_005,Kls 7_SISWA_001,2025-09-26,SEPTEMBER,Friday,TRUE,,NO_EXCEPTION_RECORDED,0,0,0,5,10,22,0.0,0.0,0.0,0,40,0.0,0,-1,0.0,0.061538,-0.061538
rec_b7ad04d47aab00fe,STU_472811,472811,SISWA_005,Kls 7_SISWA_001,2025-09-27,SEPTEMBER,Saturday,FALSE,,NO_EXCEPTION_RECORDED,0,0,0,5,10,22,0.0,0.0,0.0,0,41,0.0,0,-1,0.0,0.061538,-0.061538
rec_ac455f4b2fb72466,STU_472811,472811,SISWA_005,Kls 7_SISWA_001,2025-09-28,SEPTEMBER,Sunday,FALSE,,NO_EXCEPTION_RECORDED,0,0,0,5,10,21,0.0,0.0,0.0,0,41,0.0,0,-1,0.0,0.061538,-0.061538
rec_2dbe34ac4e670def,STU_472811,472811,SISWA_005,Kls 7_SISWA_001,2025-09-29,SEPTEMBER,Monday,TRUE,,NO_EXCEPTION_RECORDED,0,0,0,5,10,20,0.0,0.0,0.0,0,41,0.0,0,-1,0.0,0.061538,-0.061538
rec_09a8ea3095e288d4,STU_472811,472811,SISWA_005,Kls 7_SISWA_001,2025-09-30,SEPTEMBER,Tuesday,UNKNOWN,,NO_EXCEPTION_RECORDED,0,0,0,5,10,21,0.0,0.0,0.0,0,42,0.0,0,-1,0.0,0.076923,-0.076923
rec_b9358a44f0adaac3,STU_514579,514579,SISWA_028,Kls 7_SISWA_017,2025-08-01,AGUSTUS,Friday,UNKNOWN,,NO_EXCEPTION_RECORDED,0,0,0,0,0,0,0.0,0.0,0.0,0,0,0.0,0,-1,0.0,0.0,0.0
rec_bc193c748b259d85,STU_514579,514579,SISWA_028,Kls 7_SISWA_017,2025-08-02,AGUSTUS,Saturday,FALSE,,NO_EXCEPTION_RECORDED,0,0,0,1,1,1,0.0,0.0,0.0,0,1,0.0,0,-1,0.0,0.0,0.0
rec_60d18cb67024d544,STU_514579,514579,SISWA_028,Kls 7_SISWA_017,2025-08-03,AGUSTUS,Sunday,FALSE,,NO_EXCEPTION_RECORDED,0,0,0,1,1,1,0.0,0.0,0.0,0,1,0.0,0,-1,0.0,0.0,0.0
rec_c8837ad24a05642d,STU_514579,514579,SISWA_028,Kls 7_SISWA_017,2025-08-04,AGUSTUS,Monday,UNKNOWN,,NO_EXCEPTION_RECORDED,0,0,0,1,1,1,0.0,0.0,0.0,0,1,0.0,0,-1,0.0,0.0,0.0
rec_d15061c23463ce22,STU_514579,514579,SISWA_028,Kls 7_SISWA_017,2025-08-05,AGUSTUS,Tuesday,TRUE,,NO_EXCEPTION_RECORDED,0,0,0,2,2,2,0.0,0.0,0.0,0,2,0.0,0,-1,0.0,0.0,0.0
rec_93a5a61b8b78156d,STU_514579,514579,SISWA_028,Kls 7_SISWA_017,2025-08-06,AGUSTUS,Wednesday,UNKNOWN,,NO_EXCEPTION_RECORDED,0,0,0,3,3,3,0.0,0.0,0.0,0,3,0.0,0,-1,0.0,0.0,0.0
rec_260a2bb0a198fd82,STU_514579,514579,SISWA_028,Kls 7_SISWA_017,2025-08-07,AGUSTUS,Thursday,TRUE,,NO_EXCEPTION_RECORDED,0,0,0,4,4,4,0.0,0.0,0.0,0,4,0.0,0,-1,0.0,0.0,0.0
rec_7f4ea1f868d7379e,STU_514579,514579,SISWA_028,Kls 7_SISWA_017,2025-08-08,AGUSTUS,Friday,TRUE,,NO_EXCEPTION_RECORDED,0,0,0,5,5,5,0.0,0.0,0.0,0,5,0.0,0,-1,0.0,0.0,0.0
rec_f80ae4246e5d69d3,STU_514579,514579,SISWA_028,Kls 7_SISWA_017,2025-08-09,AGUSTUS,Saturday,FALSE,,NO_EXCEPTION_RECORDED,0,0,0,5,6,6,0.0,0.0,0.0,0,6,0.0,0,-1,0.0,0.0,0.0
rec_16cc4546fac425d5,STU_514579,514579,SISWA_028,Kls 7_SISWA_017,2025-08-10,AGUSTUS,Sunday,FALSE,,NO_EXCEPTION_RECORDED,0,0,0,5,6,6,0.0,0.0,0.0,0,6,0.0,0,-1,0.0,0.0,0.0
rec_b44ed22d68aeb900,STU_514579,514579,SISWA_028,Kls 7_SISWA_017,2025-08-11,AGUSTUS,Monday,TRUE,,NO_EXCEPTION_RECORDED,0,0,0,5,6,6,0.0,0.0,0.0,0,6,0.0,0,-1,0.0,0.0,0.0
rec_929f09722999af12,STU_514579,514579,SISWA_028,Kls 7_SISWA_017,2025-08-12,AGUSTUS,Tuesday,TRUE,,NO_EXCEPTION_RECORDED,0,0,0,5,7,7,0.0,0.0,0.0,0,7,0.0,0,-1,0.0,0.0,0.0
rec_7056aace94216067,STU_514579,514579,SISWA_028,Kls 7_SISWA_017,2025-08-13,AGUSTUS,Wednesday,TRUE,,NO_EXCEPTION_RECORDED,0,0,0,5,8,8,0.0,0.0,0.0,0,8,0.0,0,-1,0.0,0.0,0.0
rec_2fc12561c8ffdbfe,STU_514579,514579,SISWA_028,Kls 7_SISWA_017,2025-08-14,AGUSTUS,Thursday,UNKNOWN,,NO_EXCEPTION_RECORDED,0,0,0,5,9,9,0.0,0.0,0.0,0,9,0.0,0,-1,0.0,0.0,0.0
rec_63ecd8d0394d16d6,STU_514579,514579,SISWA_028,Kls 7_SISWA_017,2025-08-15,AGUSTUS,Friday,UNKNOWN,,NO_EXCEPTION_RECORDED,0,0,0,5,10,10,0.0,0.0,0.0,0,10,0.0,0,-1,0.0,0.0,0.0
rec_2d01043a3a22238c,STU_514579,514579,SISWA_028,Kls 7_SISWA_017,2025-08-16,AGUSTUS,Saturday,FALSE,,NO_EXCEPTION_RECORDED,0,0,0,5,10,11,0.0,0.0,0.0,0,11,0.0,0,-1,0.0,0.0,0.0
rec_e1cbfe06e3fbe89d,STU_514579,514579,SISWA_028,Kls 7_SISWA_017,2025-08-17,AGUSTUS,Sunday,FALSE,,NO_EXCEPTION_RECORDED,0,0,0,5,10,11,0.0,0.0,0.0,0,11,0.0,0,-1,0.0,0.0,0.0
rec_7c37aabee80190e4,STU_514579,514579,SISWA_028,Kls 7_SISWA_017,2025-08-18,AGUSTUS,Monday,UNKNOWN,,NO_EXCEPTION_RECORDED,0,0,0,5,10,11,0.0,0.0,0.0,0,11,0.0,0,-1,0.0,0.0,0.0
rec_2d766bc54ba6e6d6,STU_514579,514579,SISWA_028,Kls 7_SISWA_017,2025-08-19,AGUSTUS,Tuesday,TRUE,,NO_EXCEPTION_RECORDED,0,0,0,5,10,12,0.0,0.0,0.0,0,12,0.0,0,-1,0.0,0.0,0.0
rec_84c28fd0eeaed5c5,STU_514579,514579,SISWA_028,Kls 7_SISWA_017,2025-08-20,AGUSTUS,Wednesday,TRUE,,NO_EXCEPTION_RECORDED,0,0,0,5,10,13,0.0,0.0,0.0,0,13,0.0,0,-1,0.0,0.0,0.0
rec_8bffa769e79a79b4,STU_514579,514579,SISWA_028,Kls 7_SISWA_017,2025-08-21,AGUSTUS,Thursday,TRUE,,NO_EXCEPTION_RECORDED,0,0,0,5,10,14,0.0,0.0,0.0,0,14,0.0,0,-1,0.0,0.0,0.0
rec_07e3df80da3c839e,STU_514579,514579,SISWA_028,Kls 7_SISWA_017,2025-08-22,AGUSTUS,Friday,UNKNOWN,,NO_EXCEPTION_RECORDED,0,0,0,5,10,15,0.0,0.0,0.0,0,15,0.0,0,-1,0.0,0.0,0.0
rec_78c67f91546499a5,STU_514579,514579,SISWA_028,Kls 7_SISWA_017,2025-08-23,AGUSTUS,Saturday,FALSE,,NO_EXCEPTION_RECORDED,0,0,0,5,10,16,0.0,0.0,0.0,0,16,0.0,0,-1,0.0,0.0,0.0
rec_14758dc566149638,STU_514579,514579,SISWA_028,Kls 7_SISWA_017,2025-08-24,AGUSTUS,Sunday,FALSE,,NO_EXCEPTION_RECORDED,0,0,0,5,10,16,0.0,0.0,0.0,0,16,0.0,0,-1,0.0,0.0,0.0
rec_7e14a534dfe8499b,STU_514579,514579,SISWA_028,Kls 7_SISWA_017,2025-08-25,AGUSTUS,Monday,TRUE,,NO_EXCEPTION_RECORDED,0,0,0,5,10,16,0.0,0.0,0.0,0,16,0.0,0,-1,0.0,0.0,0.0
rec_c651e63f3dffbd3c,STU_514579,514579,SISWA_028,Kls 7_SISWA_017,2025-08-26,AGUSTUS,Tuesday,TRUE,,NO_EXCEPTION_RECORDED,0,0,0,5,10,17,0.0,0.0,0.0,0,17,0.0,0,-1,0.0,0.030769,-0.030769
rec_4a173bd0332d5b36,STU_514579,514579,SISWA_028,Kls 7_SISWA_017,2025-08-27,AGUSTUS,Wednesday,TRUE,,NO_EXCEPTION_RECORDED,0,0,0,5,10,18,0.0,0.0,0.0,0,18,0.0,0,-1,0.0,0.046154,-0.046154
rec_ca80f5d942a1ec8a,STU_514579,514579,SISWA_028,Kls 7_SISWA_017,2025-08-28,AGUSTUS,Thursday,TRUE,,NO_EXCEPTION_RECORDED,0,0,0,5,10,19,0.0,0.0,0.0,0,19,0.0,0,-1,0.0,0.061538,-0.061538
rec_afa7c44ef650b2da,STU_514579,514579,SISWA_028,Kls 7_SISWA_017,2025-08-29,AGUSTUS,Friday,TRUE,,NO_EXCEPTION_RECORDED,0,0,0,5,10,20,0.0,0.0,0.0,0,20,0.0,0,-1,0.0,0.061538,-0.061538
rec_90c8ab7f4c7c95cd,STU_514579,514579,SISWA_028,Kls 7_SISWA_017,2025-08-30,AGUSTUS,Saturday,FALSE,,NO_EXCEPTION_RECORDED,0,0,0,5,10,21,0.0,0.0,0.0,0,21,0.0,0,-1,0.0,0.076923,-0.076923
rec_4c99172c876c9ce7,STU_514579,514579,SISWA_028,Kls 7_SISWA_017,2025-08-31,AGUSTUS,Sunday,FALSE,,NO_EXCEPTION_RECORDED,0,0,0,5,10,21,0.0,0.0,0.0,0,21,0.0,0,-1,0.0,0.076923,-0.076923
rec_77e089914a55681f,STU_514579,514579,SISWA_028,Kls 7_SISWA_017,2025-09-01,SEPTEMBER,Monday,TRUE,,NO_EXCEPTION_RECORDED,0,0,0,5,10,20,0.0,0.0,0.0,0,21,0.0,0,-1,0.0,0.076923,-0.076923
rec_d37989070642557b,STU_514579,514579,SISWA_028,Kls 7_SISWA_017,2025-09-02,SEPTEMBER,Tuesday,TRUE,,NO_EXCEPTION_RECORDED,0,0,0,5,10,21,0.0,0.0,0.0,0,22,0.0,0,-1,0.0,0.046154,-0.046154
rec_b1640c518bf7bbc1,STU_514579,514579,SISWA_028,Kls 7_SISWA_017,2025-09-03,SEPTEMBER,Wednesday,TRUE,,NO_EXCEPTION_RECORDED,0,0,0,5,10,22,0.0,0.0,0.0,0,23,0.0,0,-1,0.0,0.030769,-0.030769
rec_7fdf3e3eefcb0dc1,STU_514579,514579,SISWA_028,Kls 7_SISWA_017,2025-09-04,SEPTEMBER,Thursday,TRUE,,NO_EXCEPTION_RECORDED,0,0,0,5,10,22,0.0,0.0,0.0,0,24,0.0,0,-1,0.0,0.015385,-0.015385
rec_a4aee6f838aa5433,STU_514579,514579,SISWA_028,Kls 7_SISWA_017,2025-09-05,SEPTEMBER,Friday,UNKNOWN,,NO_EXCEPTION_RECORDED,0,0,0,5,10,22,0.0,0.0,0.0,0,25,0.0,0,-1,0.0,0.015385,-0.015385
rec_9e499c70e6ea40dd,STU_514579,514579,SISWA_028,Kls 7_SISWA_017,2025-09-06,SEPTEMBER,Saturday,FALSE,,NO_EXCEPTION_RECORDED,0,0,0,5,10,22,0.0,0.0,0.0,0,26,0.0,0,-1,0.0,0.0,0.0
rec_9b3c32cfd839cad6,STU_514579,514579,SISWA_028,Kls 7_SISWA_017,2025-09-07,SEPTEMBER,Sunday,FALSE,,NO_EXCEPTION_RECORDED,0,0,0,5,10,21,0.0,0.0,0.0,0,26,0.0,0,-1,0.0,0.0,0.0
rec_be6e1da2e88cfdf1,STU_514579,514579,SISWA_028,Kls 7_SISWA_017,2025-09-08,SEPTEMBER,Monday,TRUE,,NO_EXCEPTION_RECORDED,0,0,0,5,10,20,0.0,0.0,0.0,0,26,0.0,0,-1,0.0,0.0,0.0
rec_937ce8150d9cbe60,STU_514579,514579,SISWA_028,Kls 7_SISWA_017,2025-09-09,SEPTEMBER,Tuesday,TRUE,,NO_EXCEPTION_RECORDED,0,0,0,5,10,21,0.0,0.0,0.0,0,27,0.0,0,-1,0.0,0.015385,-0.015385
rec_03686ae7c9d06fce,STU_514579,514579,SISWA_028,Kls 7_SISWA_017,2025-09-10,SEPTEMBER,Wednesday,TRUE,,NO_EXCEPTION_RECORDED,0,0,0,5,10,22,0.0,0.0,0.0,0,28,0.0,0,-1,0.0,0.046154,-0.046154
rec_2dce3112ec0008e7,STU_514579,514579,SISWA_028,Kls 7_SISWA_017,2025-09-11,SEPTEMBER,Thursday,TRUE,,NO_EXCEPTION_RECORDED,0,0,0,5,10,22,0.0,0.0,0.0,0,29,0.0,0,-1,0.0,0.046154,-0.046154
rec_50ac02bba63a3f8a,STU_514579,514579,SISWA_028,Kls 7_SISWA_017,2025-09-12,SEPTEMBER,Friday,TRUE,,NO_EXCEPTION_RECORDED,0,0,0,5,10,22,0.0,0.0,0.0,0,30,0.0,0,-1,0.0,0.061538,-0.061538
rec_170397e632fb4614,STU_514579,514579,SISWA_028,Kls 7_SISWA_017,2025-09-13,SEPTEMBER,Saturday,FALSE,,NO_EXCEPTION_RECORDED,0,0,0,5,10,22,0.0,0.0,0.0,0,31,0.0,0,-1,0.0,0.061538,-0.061538
rec_14bf163d7b053d10,STU_514579,514579,SISWA_028,Kls 7_SISWA_017,2025-09-14,SEPTEMBER,Sunday,FALSE,,NO_EXCEPTION_RECORDED,0,0,0,5,10,21,0.0,0.0,0.0,0,31,0.0,0,-1,0.0,0.061538,-0.061538
rec_3420fd885f5cf001,STU_514579,514579,SISWA_028,Kls 7_SISWA_017,2025-09-15,SEPTEMBER,Monday,TRUE,,NO_EXCEPTION_RECORDED,0,0,0,5,10,20,0.0,0.0,0.0,0,31,0.0,0,-1,0.0,0.061538,-0.061538
rec_97d1e3446d41e35a,STU_514579,514579,SISWA_028,Kls 7_SISWA_017,2025-09-16,SEPTEMBER,Tuesday,TRUE,,NO_EXCEPTION_RECORDED,0,0,0,5,10,21,0.0,0.0,0.0,0,32,0.0,0,-1,0.0,0.046154,-0.046154
rec_a85e7ff02229ac88,STU_514579,514579,SISWA_028,Kls 7_SISWA_017,2025-09-17,SEPTEMBER,Wednesday,TRUE,,NO_EXCEPTION_RECORDED,0,0,0,5,10,22,0.0,0.0,0.0,0,33,0.0,0,-1,0.0,0.015385,-0.015385
rec_8442ebf85c281b9f,STU_514579,514579,SISWA_028,Kls 7_SISWA_017,2025-09-18,SEPTEMBER,Thursday,TRUE,,NO_EXCEPTION_RECORDED,0,0,0,5,10,22,0.0,0.0,0.0,0,34,0.0,0,-1,0.0,0.030769,-0.030769
rec_a78fb10f28aa369e,STU_514579,514579,SISWA_028,Kls 7_SISWA_017,2025-09-19,SEPTEMBER,Friday,TRUE,,NO_EXCEPTION_RECORDED,0,0,0,5,10,22,0.0,0.0,0.0,0,35,0.0,0,-1,0.0,0.030769,-0.030769
rec_f81115200ecdb7ea,STU_514579,514579,SISWA_028,Kls 7_SISWA_017,2025-09-20,SEPTEMBER,Saturday,FALSE,,NO_EXCEPTION_RECORDED,0,0,0,5,10,22,0.0,0.0,0.0,0,36,0.0,0,-1,0.0,0.046154,-0.046154
rec_25c8011234be99d1,STU_514579,514579,SISWA_028,Kls 7_SISWA_017,2025-09-21,SEPTEMBER,Sunday,FALSE,,NO_EXCEPTION_RECORDED,0,0,0,5,10,21,0.0,0.0,0.0,0,36,0.0,0,-1,0.0,0.046154,-0.046154
rec_6cbe8ff6166834e3,STU_514579,514579,SISWA_028,Kls 7_SISWA_017,2025-09-22,SEPTEMBER,Monday,TRUE,,NO_EXCEPTION_RECORDED,0,0,0,5,10,20,0.0,0.0,0.0,0,36,0.0,0,-1,0.0,0.046154,-0.046154
rec_41d2823e0e25827b,STU_514579,514579,SISWA_028,Kls 7_SISWA_017,2025-09-23,SEPTEMBER,Tuesday,TRUE,,NO_EXCEPTION_RECORDED,0,0,0,5,10,21,0.0,0.0,0.0,0,37,0.0,0,-1,0.0,0.061538,-0.061538
rec_52d70af13f563945,STU_514579,514579,SISWA_028,Kls 7_SISWA_017,2025-09-24,SEPTEMBER,Wednesday,TRUE,,NO_EXCEPTION_RECORDED,0,0,0,5,10,22,0.0,0.0,0.0,0,38,0.0,0,-1,0.0,0.076923,-0.076923
rec_98ebc2a04df4f546,STU_514579,514579,SISWA_028,Kls 7_SISWA_017,2025-09-25,SEPTEMBER,Thursday,TRUE,,NO_EXCEPTION_RECORDED,0,0,0,5,10,22,0.0,0.0,0.0,0,39,0.0,0,-1,0.0,0.107692,-0.107692
rec_f3ceb01a11d1447b,STU_514579,514579,SISWA_028,Kls 7_SISWA_017,2025-09-26,SEPTEMBER,Friday,TRUE,,NO_EXCEPTION_RECORDED,0,0,0,5,10,22,0.0,0.0,0.0,0,40,0.0,0,-1,0.0,0.153846,-0.153846
rec_a257a2bfb62f4742,STU_514579,514579,SISWA_028,Kls 7_SISWA_017,2025-09-27,SEPTEMBER,Saturday,FALSE,,NO_EXCEPTION_RECORDED,0,0,0,5,10,22,0.0,0.0,0.0,0,41,0.0,0,-1,0.0,0.169231,-0.169231
rec_f2e145278aa28c39,STU_514579,514579,SISWA_028,Kls 7_SISWA_017,2025-09-28,SEPTEMBER,Sunday,FALSE,,NO_EXCEPTION_RECORDED,0,0,0,5,10,21,0.0,0.0,0.0,0,41,0.0,0,-1,0.0,0.169231,-0.169231
rec_a9384e0ae3e0d12d,STU_514579,514579,SISWA_028,Kls 7_SISWA_017,2025-09-29,SEPTEMBER,Monday,TRUE,,NO_EXCEPTION_RECORDED,0,0,0,5,10,20,0.0,0.0,0.0,0,41,0.0,0,-1,0.0,0.169231,-0.169231
rec_9915d655afb0a96f,STU_514579,514579,SISWA_028,Kls 7_SISWA_017,2025-09-30,SEPTEMBER,Tuesday,UNKNOWN,,NO_EXCEPTION_RECORDED,0,0,0,5,10,21,0.0,0.0,0.0,0,42,0.0,0,-1,0.0,0.153846,-0.153846
rec_6854704237136ab3,STU_562996,562996,SISWA_082,Kls 9_SISWA_072,2025-08-01,AGUSTUS,Friday,UNKNOWN,,NO_EXCEPTION_RECORDED,0,0,0,0,0,0,0.0,0.0,0.0,0,0,0.0,0,-1,0.0,0.0,0.0
rec_333a4025addcc2c1,STU_562996,562996,SISWA_082,Kls 9_SISWA_072,2025-08-02,AGUSTUS,Saturday,FALSE,,NO_EXCEPTION_RECORDED,0,0,0,1,1,1,0.0,0.0,0.0,0,1,0.0,0,-1,0.0,0.0,0.0
rec_ec59fb760964f476,STU_562996,562996,SISWA_082,Kls 9_SISWA_072,2025-08-03,AGUSTUS,Sunday,FALSE,,NO_EXCEPTION_RECORDED,0,0,0,1,1,1,0.0,0.0,0.0,0,1,0.0,0,-1,0.0,0.0,0.0
rec_0fe255585cc008c9,STU_562996,562996,SISWA_082,Kls 9_SISWA_072,2025-08-04,AGUSTUS,Monday,UNKNOWN,,NO_EXCEPTION_RECORDED,0,0,0,1,1,1,0.0,0.0,0.0,0,1,0.0,0,-1,0.0,0.0,0.0
rec_899300dfb8a655ce,STU_562996,562996,SISWA_082,Kls 9_SISWA_072,2025-08-05,AGUSTUS,Tuesday,TRUE,,NO_EXCEPTION_RECORDED,0,0,0,2,2,2,0.0,0.0,0.0,0,2,0.0,0,-1,0.0,0.0,0.0
rec_5c87a8c4fd11d95e,STU_562996,562996,SISWA_082,Kls 9_SISWA_072,2025-08-06,AGUSTUS,Wednesday,UNKNOWN,,NO_EXCEPTION_RECORDED,0,0,0,3,3,3,0.0,0.0,0.0,0,3,0.0,0,-1,0.0,0.0,0.0
rec_7d891a3be7fc6fdf,STU_562996,562996,SISWA_082,Kls 9_SISWA_072,2025-08-07,AGUSTUS,Thursday,TRUE,,NO_EXCEPTION_RECORDED,0,0,0,4,4,4,0.0,0.0,0.0,0,4,0.0,0,-1,0.0,0.0,0.0
rec_a45d04c0dd24287b,STU_562996,562996,SISWA_082,Kls 9_SISWA_072,2025-08-08,AGUSTUS,Friday,TRUE,,NO_EXCEPTION_RECORDED,0,0,0,5,5,5,0.0,0.0,0.0,0,5,0.0,0,-1,0.0,0.0,0.0
rec_95fedb28e066ce92,STU_562996,562996,SISWA_082,Kls 9_SISWA_072,2025-08-09,AGUSTUS,Saturday,FALSE,,NO_EXCEPTION_RECORDED,0,0,0,5,6,6,0.0,0.0,0.0,0,6,0.0,0,-1,0.0,0.0,0.0
rec_11c3bf1a3971ba57,STU_562996,562996,SISWA_082,Kls 9_SISWA_072,2025-08-10,AGUSTUS,Sunday,FALSE,,NO_EXCEPTION_RECORDED,0,0,0,5,6,6,0.0,0.0,0.0,0,6,0.0,0,-1,0.0,0.0,0.0
rec_b74869f907faab6b,STU_562996,562996,SISWA_082,Kls 9_SISWA_072,2025-08-11,AGUSTUS,Monday,TRUE,,NO_EXCEPTION_RECORDED,0,0,0,5,6,6,0.0,0.0,0.0,0,6,0.0,0,-1,0.0,0.0,0.0
rec_c691e405bc4b2ef5,STU_562996,562996,SISWA_082,Kls 9_SISWA_072,2025-08-12,AGUSTUS,Tuesday,TRUE,,NO_EXCEPTION_RECORDED,0,0,0,5,7,7,0.0,0.0,0.0,0,7,0.0,0,-1,0.0,0.0,0.0
rec_9d4506f5fa6d01e5,STU_562996,562996,SISWA_082,Kls 9_SISWA_072,2025-08-13,AGUSTUS,Wednesday,TRUE,,NO_EXCEPTION_RECORDED,0,0,0,5,8,8,0.0,0.0,0.0,0,8,0.0,0,-1,0.0,0.0,0.0
rec_f96b73e136a33cba,STU_562996,562996,SISWA_082,Kls 9_SISWA_072,2025-08-14,AGUSTUS,Thursday,UNKNOWN,,NO_EXCEPTION_RECORDED,0,0,0,5,9,9,0.0,0.0,0.0,0,9,0.0,0,-1,0.0,0.0,0.0
rec_4179d8ddae3f9dde,STU_562996,562996,SISWA_082,Kls 9_SISWA_072,2025-08-15,AGUSTUS,Friday,UNKNOWN,,NO_EXCEPTION_RECORDED,0,0,0,5,10,10,0.0,0.0,0.0,0,10,0.0,0,-1,0.0,0.0,0.0
rec_b7485617d336f22f,STU_562996,562996,SISWA_082,Kls 9_SISWA_072,2025-08-16,AGUSTUS,Saturday,FALSE,,NO_EXCEPTION_RECORDED,0,0,0,5,10,11,0.0,0.0,0.0,0,11,0.0,0,-1,0.0,0.0,0.0
rec_711d755e256568e9,STU_562996,562996,SISWA_082,Kls 9_SISWA_072,2025-08-17,AGUSTUS,Sunday,FALSE,,NO_EXCEPTION_RECORDED,0,0,0,5,10,11,0.0,0.0,0.0,0,11,0.0,0,-1,0.0,0.0,0.0
rec_68860ffd22b2d1f1,STU_562996,562996,SISWA_082,Kls 9_SISWA_072,2025-08-18,AGUSTUS,Monday,UNKNOWN,,NO_EXCEPTION_RECORDED,0,0,0,5,10,11,0.0,0.0,0.0,0,11,0.0,0,-1,0.0,0.0,0.0
rec_19ce3a85759477b9,STU_562996,562996,SISWA_082,Kls 9_SISWA_072,2025-08-19,AGUSTUS,Tuesday,TRUE,,NO_EXCEPTION_RECORDED,0,0,0,5,10,12,0.0,0.0,0.0,0,12,0.0,0,-1,0.0,0.0,0.0
rec_af26cbab16e911e0,STU_562996,562996,SISWA_082,Kls 9_SISWA_072,2025-08-20,AGUSTUS,Wednesday,TRUE,,NO_EXCEPTION_RECORDED,0,0,0,5,10,13,0.0,0.0,0.0,0,13,0.0,0,-1,0.0,0.0,0.0
rec_72ae313172ef9ba7,STU_562996,562996,SISWA_082,Kls 9_SISWA_072,2025-08-21,AGUSTUS,Thursday,TRUE,,NO_EXCEPTION_RECORDED,0,0,0,5,10,14,0.0,0.0,0.0,0,14,0.0,0,-1,0.0,0.0,0.0
rec_36412b7ea5f89f87,STU_562996,562996,SISWA_082,Kls 9_SISWA_072,2025-08-22,AGUSTUS,Friday,UNKNOWN,,NO_EXCEPTION_RECORDED,0,0,0,5,10,15,0.0,0.0,0.0,0,15,0.0,0,-1,0.0,0.0,0.0
rec_0545b59962eef3f1,STU_562996,562996,SISWA_082,Kls 9_SISWA_072,2025-08-23,AGUSTUS,Saturday,FALSE,,NO_EXCEPTION_RECORDED,0,0,0,5,10,16,0.0,0.0,0.0,0,16,0.0,0,-1,0.0,0.0,0.0
rec_6bcbdfdc64d117dd,STU_562996,562996,SISWA_082,Kls 9_SISWA_072,2025-08-24,AGUSTUS,Sunday,FALSE,,NO_EXCEPTION_RECORDED,0,0,0,5,10,16,0.0,0.0,0.0,0,16,0.0,0,-1,0.0,0.0,0.0
rec_cc010a6fb0125507,STU_562996,562996,SISWA_082,Kls 9_SISWA_072,2025-08-25,AGUSTUS,Monday,TRUE,,NO_EXCEPTION_RECORDED,0,0,0,5,10,16,0.0,0.0,0.0,0,16,0.0,0,-1,0.0,0.0,0.0
rec_12e5f7ea48a236a1,STU_562996,562996,SISWA_082,Kls 9_SISWA_072,2025-08-26,AGUSTUS,Tuesday,TRUE,,NO_EXCEPTION_RECORDED,0,0,0,5,10,17,0.0,0.0,0.0,0,17,0.0,0,-1,0.0,0.0,0.0
rec_a1dcfc6beab60415,STU_562996,562996,SISWA_082,Kls 9_SISWA_072,2025-08-27,AGUSTUS,Wednesday,TRUE,,NO_EXCEPTION_RECORDED,0,0,0,5,10,18,0.0,0.0,0.0,0,18,0.0,0,-1,0.0,0.018182,-0.018182
rec_16cf86337b5de18c,STU_562996,562996,SISWA_082,Kls 9_SISWA_072,2025-08-28,AGUSTUS,Thursday,TRUE,,NO_EXCEPTION_RECORDED,0,0,0,5,10,19,0.0,0.0,0.0,0,19,0.0,0,-1,0.0,0.018182,-0.018182
rec_8f2871f9aed02abb,STU_562996,562996,SISWA_082,Kls 9_SISWA_072,2025-08-29,AGUSTUS,Friday,TRUE,,NO_EXCEPTION_RECORDED,0,0,0,5,10,20,0.0,0.0,0.0,0,20,0.0,0,-1,0.0,0.036364,-0.036364
rec_7a6b761f67f9a7f3,STU_562996,562996,SISWA_082,Kls 9_SISWA_072,2025-08-30,AGUSTUS,Saturday,FALSE,,NO_EXCEPTION_RECORDED,0,0,0,5,10,21,0.0,0.0,0.0,0,21,0.0,0,-1,0.0,0.036364,-0.036364
rec_94b76a41251ba7ce,STU_562996,562996,SISWA_082,Kls 9_SISWA_072,2025-08-31,AGUSTUS,Sunday,FALSE,,NO_EXCEPTION_RECORDED,0,0,0,5,10,21,0.0,0.0,0.0,0,21,0.0,0,-1,0.0,0.036364,-0.036364
rec_c03ea0a5cb211454,STU_562996,562996,SISWA_082,Kls 9_SISWA_072,2025-09-01,SEPTEMBER,Monday,TRUE,,NO_EXCEPTION_RECORDED,0,0,0,5,10,20,0.0,0.0,0.0,0,21,0.0,0,-1,0.0,0.036364,-0.036364
rec_f73f7f803be4310c,STU_562996,562996,SISWA_082,Kls 9_SISWA_072,2025-09-02,SEPTEMBER,Tuesday,TRUE,,NO_EXCEPTION_RECORDED,0,0,0,5,10,21,0.0,0.0,0.0,0,22,0.0,0,-1,0.0,0.036364,-0.036364
rec_867ae69c2107c972,STU_562996,562996,SISWA_082,Kls 9_SISWA_072,2025-09-03,SEPTEMBER,Wednesday,TRUE,,NO_EXCEPTION_RECORDED,0,0,0,5,10,22,0.0,0.0,0.0,0,23,0.0,0,-1,0.0,0.036364,-0.036364
rec_37e7d5e46d88fff9,STU_562996,562996,SISWA_082,Kls 9_SISWA_072,2025-09-04,SEPTEMBER,Thursday,TRUE,,NO_EXCEPTION_RECORDED,0,0,0,5,10,22,0.0,0.0,0.0,0,24,0.0,0,-1,0.0,0.054545,-0.054545
rec_20cb2e7f979b75bf,STU_562996,562996,SISWA_082,Kls 9_SISWA_072,2025-09-05,SEPTEMBER,Friday,UNKNOWN,,NO_EXCEPTION_RECORDED,0,0,0,5,10,22,0.0,0.0,0.0,0,25,0.0,0,-1,0.0,0.072727,-0.072727
rec_d3081433ec62f35d,STU_562996,562996,SISWA_082,Kls 9_SISWA_072,2025-09-06,SEPTEMBER,Saturday,FALSE,,NO_EXCEPTION_RECORDED,0,0,0,5,10,22,0.0,0.0,0.0,0,26,0.0,0,-1,0.0,0.072727,-0.072727
rec_2dd3db26a216f72b,STU_562996,562996,SISWA_082,Kls 9_SISWA_072,2025-09-07,SEPTEMBER,Sunday,FALSE,,NO_EXCEPTION_RECORDED,0,0,0,5,10,21,0.0,0.0,0.0,0,26,0.0,0,-1,0.0,0.072727,-0.072727
rec_2aff3e57a864a13e,STU_562996,562996,SISWA_082,Kls 9_SISWA_072,2025-09-08,SEPTEMBER,Monday,TRUE,,NO_EXCEPTION_RECORDED,0,0,0,5,10,20,0.0,0.0,0.0,0,26,0.0,0,-1,0.0,0.072727,-0.072727
rec_d01b532912c14c6a,STU_562996,562996,SISWA_082,Kls 9_SISWA_072,2025-09-09,SEPTEMBER,Tuesday,TRUE,,NO_EXCEPTION_RECORDED,0,0,0,5,10,21,0.0,0.0,0.0,0,27,0.0,0,-1,0.0,0.072727,-0.072727
rec_3d1a6222e4653b46,STU_562996,562996,SISWA_082,Kls 9_SISWA_072,2025-09-10,SEPTEMBER,Wednesday,TRUE,,NO_EXCEPTION_RECORDED,0,0,0,5,10,22,0.0,0.0,0.0,0,28,0.0,0,-1,0.0,0.090909,-0.090909
rec_2550dce593f735f9,STU_562996,562996,SISWA_082,Kls 9_SISWA_072,2025-09-11,SEPTEMBER,Thursday,TRUE,,NO_EXCEPTION_RECORDED,0,0,0,5,10,22,0.0,0.0,0.0,0,29,0.0,0,-1,0.0,0.090909,-0.090909
rec_fa6ea9a8171c7564,STU_562996,562996,SISWA_082,Kls 9_SISWA_072,2025-09-12,SEPTEMBER,Friday,TRUE,,NO_EXCEPTION_RECORDED,0,0,0,5,10,22,0.0,0.0,0.0,0,30,0.0,0,-1,0.0,0.072727,-0.072727
rec_263acc732d92e245,STU_562996,562996,SISWA_082,Kls 9_SISWA_072,2025-09-13,SEPTEMBER,Saturday,FALSE,,NO_EXCEPTION_RECORDED,0,0,0,5,10,22,0.0,0.0,0.0,0,31,0.0,0,-1,0.0,0.072727,-0.072727
rec_a11453d30c49ee17,STU_562996,562996,SISWA_082,Kls 9_SISWA_072,2025-09-14,SEPTEMBER,Sunday,FALSE,,NO_EXCEPTION_RECORDED,0,0,0,5,10,21,0.0,0.0,0.0,0,31,0.0,0,-1,0.0,0.072727,-0.072727
rec_047425416df1a7b0,STU_562996,562996,SISWA_082,Kls 9_SISWA_072,2025-09-15,SEPTEMBER,Monday,TRUE,,NO_EXCEPTION_RECORDED,0,0,0,5,10,20,0.0,0.0,0.0,0,31,0.0,0,-1,0.0,0.072727,-0.072727
rec_4b84900f021ff0e0,STU_562996,562996,SISWA_082,Kls 9_SISWA_072,2025-09-16,SEPTEMBER,Tuesday,TRUE,,NO_EXCEPTION_RECORDED,0,0,0,5,10,21,0.0,0.0,0.0,0,32,0.0,0,-1,0.0,0.072727,-0.072727
rec_08d67dd5766aab4a,STU_562996,562996,SISWA_082,Kls 9_SISWA_072,2025-09-17,SEPTEMBER,Wednesday,TRUE,,NO_EXCEPTION_RECORDED,0,0,0,5,10,22,0.0,0.0,0.0,0,33,0.0,0,-1,0.0,0.036364,-0.036364
rec_cf5d725ce7d14e5d,STU_562996,562996,SISWA_082,Kls 9_SISWA_072,2025-09-18,SEPTEMBER,Thursday,TRUE,,NO_EXCEPTION_RECORDED,0,0,0,5,10,22,0.0,0.0,0.0,0,34,0.0,0,-1,0.0,0.036364,-0.036364
rec_fe5b59d3c1f4970f,STU_562996,562996,SISWA_082,Kls 9_SISWA_072,2025-09-19,SEPTEMBER,Friday,TRUE,,NO_EXCEPTION_RECORDED,0,0,0,5,10,22,0.0,0.0,0.0,0,35,0.0,0,-1,0.0,0.036364,-0.036364
rec_e1b9be50932e4c2d,STU_562996,562996,SISWA_082,Kls 9_SISWA_072,2025-09-20,SEPTEMBER,Saturday,FALSE,,NO_EXCEPTION_RECORDED,0,0,0,5,10,22,0.0,0.0,0.0,0,36,0.0,0,-1,0.0,0.054545,-0.054545
rec_c806569b2ad8eb56,STU_562996,562996,SISWA_082,Kls 9_SISWA_072,2025-09-21,SEPTEMBER,Sunday,FALSE,,NO_EXCEPTION_RECORDED,0,0,0,5,10,21,0.0,0.0,0.0,0,36,0.0,0,-1,0.0,0.054545,-0.054545
rec_8d9629c0d08de052,STU_562996,562996,SISWA_082,Kls 9_SISWA_072,2025-09-22,SEPTEMBER,Monday,TRUE,s,SOURCE_MARK_S,0,0,0,5,10,20,0.0,0.0,0.0,0,36,0.0,0,-1,0.0,0.054545,-0.054545
rec_ed99ac5b18b2ca9c,STU_562996,562996,SISWA_082,Kls 9_SISWA_072,2025-09-23,SEPTEMBER,Tuesday,TRUE,s,SOURCE_MARK_S,1,1,1,5,10,21,0.2,0.1,0.047619,1,37,0.027027,1,1,0.172973,0.127273,0.072727
rec_31ae52ec2c9ab505,STU_562996,562996,SISWA_082,Kls 9_SISWA_072,2025-09-24,SEPTEMBER,Wednesday,TRUE,s,SOURCE_MARK_S,2,2,2,5,10,22,0.4,0.2,0.090909,2,38,0.052632,2,1,0.347368,0.2,0.2
rec_3b64dc6b7bf6533e,STU_562996,562996,SISWA_082,Kls 9_SISWA_072,2025-09-25,SEPTEMBER,Thursday,TRUE,s,SOURCE_MARK_S,3,3,3,5,10,22,0.6,0.3,0.136364,3,39,0.076923,3,1,0.523077,0.254545,0.345455
rec_4879bc08bcd4e8f6,STU_562996,562996,SISWA_082,Kls 9_SISWA_072,2025-09-26,SEPTEMBER,Friday,TRUE,s,SOURCE_MARK_S,4,4,4,5,10,22,0.8,0.4,0.181818,4,40,0.1,4,1,0.7,0.272727,0.527273
rec_0295748ed432d9a5,STU_562996,562996,SISWA_082,Kls 9_SISWA_072,2025-09-27,SEPTEMBER,Saturday,FALSE,,NO_EXCEPTION_RECORDED,5,5,5,5,10,22,1.0,0.5,0.227273,5,41,0.121951,5,1,0.878049,0.272727,0.727273
rec_b558b8b646fd986a,STU_562996,562996,SISWA_082,Kls 9_SISWA_072,2025-09-28,SEPTEMBER,Sunday,FALSE,,NO_EXCEPTION_RECORDED,5,5,5,5,10,21,1.0,0.5,0.238095,5,41,0.121951,5,2,0.878049,0.272727,0.727273
rec_908981fce9303484,STU_562996,562996,SISWA_082,Kls 9_SISWA_072,2025-09-29,SEPTEMBER,Monday,TRUE,s,SOURCE_MARK_S,5,5,5,5,10,20,1.0,0.5,0.25,5,41,0.121951,5,3,0.878049,0.272727,0.727273
rec_4f78a59e44954a90,STU_562996,562996,SISWA_082,Kls 9_SISWA_072,2025-09-30,SEPTEMBER,Tuesday,UNKNOWN,,NO_EXCEPTION_RECORDED,5,6,6,5,10,21,1.0,0.6,0.285714,6,42,0.142857,6,1,0.857143,0.2,0.8
rec_66c104854e183202,STU_589713,589713,SISWA_003,Kls 7_SISWA_001,2025-08-01,AGUSTUS,Friday,UNKNOWN,,NO_EXCEPTION_RECORDED,0,0,0,0,0,0,0.0,0.0,0.0,0,0,0.0,0,-1,0.0,0.0,0.0
rec_d384909352a470d7,STU_589713,589713,SISWA_003,Kls 7_SISWA_001,2025-08-02,AGUSTUS,Saturday,FALSE,,NO_EXCEPTION_RECORDED,0,0,0,1,1,1,0.0,0.0,0.0,0,1,0.0,0,-1,0.0,0.0,0.0
rec_0728ca69befc9a37,STU_589713,589713,SISWA_003,Kls 7_SISWA_001,2025-08-03,AGUSTUS,Sunday,FALSE,,NO_EXCEPTION_RECORDED,0,0,0,1,1,1,0.0,0.0,0.0,0,1,0.0,0,-1,0.0,0.0,0.0
rec_19d2fb7916e218aa,STU_589713,589713,SISWA_003,Kls 7_SISWA_001,2025-08-04,AGUSTUS,Monday,UNKNOWN,,NO_EXCEPTION_RECORDED,0,0,0,1,1,1,0.0,0.0,0.0,0,1,0.0,0,-1,0.0,0.0,0.0
rec_2d90c6e09a259708,STU_589713,589713,SISWA_003,Kls 7_SISWA_001,2025-08-05,AGUSTUS,Tuesday,TRUE,,NO_EXCEPTION_RECORDED,0,0,0,2,2,2,0.0,0.0,0.0,0,2,0.0,0,-1,0.0,0.0,0.0
rec_6854d0b9bc5c8c13,STU_589713,589713,SISWA_003,Kls 7_SISWA_001,2025-08-06,AGUSTUS,Wednesday,UNKNOWN,,NO_EXCEPTION_RECORDED,0,0,0,3,3,3,0.0,0.0,0.0,0,3,0.0,0,-1,0.0,0.0,0.0
rec_fcc4b32b02078e58,STU_589713,589713,SISWA_003,Kls 7_SISWA_001,2025-08-07,AGUSTUS,Thursday,TRUE,,NO_EXCEPTION_RECORDED,0,0,0,4,4,4,0.0,0.0,0.0,0,4,0.0,0,-1,0.0,0.0,0.0
rec_b661fab0cdbed163,STU_589713,589713,SISWA_003,Kls 7_SISWA_001,2025-08-08,AGUSTUS,Friday,TRUE,,NO_EXCEPTION_RECORDED,0,0,0,5,5,5,0.0,0.0,0.0,0,5,0.0,0,-1,0.0,0.0,0.0
rec_30b0d688e03a9b07,STU_589713,589713,SISWA_003,Kls 7_SISWA_001,2025-08-09,AGUSTUS,Saturday,FALSE,,NO_EXCEPTION_RECORDED,0,0,0,5,6,6,0.0,0.0,0.0,0,6,0.0,0,-1,0.0,0.0,0.0
rec_34dd5c9ea156efcd,STU_589713,589713,SISWA_003,Kls 7_SISWA_001,2025-08-10,AGUSTUS,Sunday,FALSE,,NO_EXCEPTION_RECORDED,0,0,0,5,6,6,0.0,0.0,0.0,0,6,0.0,0,-1,0.0,0.0,0.0
rec_ce8579f0a10915d0,STU_589713,589713,SISWA_003,Kls 7_SISWA_001,2025-08-11,AGUSTUS,Monday,TRUE,,NO_EXCEPTION_RECORDED,0,0,0,5,6,6,0.0,0.0,0.0,0,6,0.0,0,-1,0.0,0.0,0.0
rec_7983ae385bb7c898,STU_589713,589713,SISWA_003,Kls 7_SISWA_001,2025-08-12,AGUSTUS,Tuesday,TRUE,,NO_EXCEPTION_RECORDED,0,0,0,5,7,7,0.0,0.0,0.0,0,7,0.0,0,-1,0.0,0.0,0.0
rec_adf4162aa1d1b89b,STU_589713,589713,SISWA_003,Kls 7_SISWA_001,2025-08-13,AGUSTUS,Wednesday,TRUE,,NO_EXCEPTION_RECORDED,0,0,0,5,8,8,0.0,0.0,0.0,0,8,0.0,0,-1,0.0,0.015385,-0.015385
rec_507b136a3258a09a,STU_589713,589713,SISWA_003,Kls 7_SISWA_001,2025-08-14,AGUSTUS,Thursday,UNKNOWN,,NO_EXCEPTION_RECORDED,0,0,0,5,9,9,0.0,0.0,0.0,0,9,0.0,0,-1,0.0,0.015385,-0.015385
rec_622da3304baa3713,STU_589713,589713,SISWA_003,Kls 7_SISWA_001,2025-08-15,AGUSTUS,Friday,UNKNOWN,,NO_EXCEPTION_RECORDED,0,0,0,5,10,10,0.0,0.0,0.0,0,10,0.0,0,-1,0.0,0.015385,-0.015385
rec_8c7390186ae0f2bc,STU_589713,589713,SISWA_003,Kls 7_SISWA_001,2025-08-16,AGUSTUS,Saturday,FALSE,,NO_EXCEPTION_RECORDED,0,0,0,5,10,11,0.0,0.0,0.0,0,11,0.0,0,-1,0.0,0.015385,-0.015385
rec_9ae24730474718fb,STU_589713,589713,SISWA_003,Kls 7_SISWA_001,2025-08-17,AGUSTUS,Sunday,FALSE,,NO_EXCEPTION_RECORDED,0,0,0,5,10,11,0.0,0.0,0.0,0,11,0.0,0,-1,0.0,0.015385,-0.015385
rec_e20070579462518d,STU_589713,589713,SISWA_003,Kls 7_SISWA_001,2025-08-18,AGUSTUS,Monday,UNKNOWN,,NO_EXCEPTION_RECORDED,0,0,0,5,10,11,0.0,0.0,0.0,0,11,0.0,0,-1,0.0,0.015385,-0.015385
rec_cc047fb13dc8ccbb,STU_589713,589713,SISWA_003,Kls 7_SISWA_001,2025-08-19,AGUSTUS,Tuesday,TRUE,,NO_EXCEPTION_RECORDED,0,0,0,5,10,12,0.0,0.0,0.0,0,12,0.0,0,-1,0.0,0.015385,-0.015385
rec_d845f90609fe7228,STU_589713,589713,SISWA_003,Kls 7_SISWA_001,2025-08-20,AGUSTUS,Wednesday,TRUE,,NO_EXCEPTION_RECORDED,0,0,0,5,10,13,0.0,0.0,0.0,0,13,0.0,0,-1,0.0,0.0,0.0
rec_ad3e1941106edfc7,STU_589713,589713,SISWA_003,Kls 7_SISWA_001,2025-08-21,AGUSTUS,Thursday,TRUE,,NO_EXCEPTION_RECORDED,0,0,0,5,10,14,0.0,0.0,0.0,0,14,0.0,0,-1,0.0,0.0,0.0
rec_8dafb8d559c24f89,STU_589713,589713,SISWA_003,Kls 7_SISWA_001,2025-08-22,AGUSTUS,Friday,UNKNOWN,,NO_EXCEPTION_RECORDED,0,0,0,5,10,15,0.0,0.0,0.0,0,15,0.0,0,-1,0.0,0.0,0.0
rec_f35270c4668e42f8,STU_589713,589713,SISWA_003,Kls 7_SISWA_001,2025-08-23,AGUSTUS,Saturday,FALSE,,NO_EXCEPTION_RECORDED,0,0,0,5,10,16,0.0,0.0,0.0,0,16,0.0,0,-1,0.0,0.0,0.0
rec_3c582c2036b1f77b,STU_589713,589713,SISWA_003,Kls 7_SISWA_001,2025-08-24,AGUSTUS,Sunday,FALSE,,NO_EXCEPTION_RECORDED,0,0,0,5,10,16,0.0,0.0,0.0,0,16,0.0,0,-1,0.0,0.0,0.0
rec_306e91286b170e16,STU_589713,589713,SISWA_003,Kls 7_SISWA_001,2025-08-25,AGUSTUS,Monday,TRUE,,NO_EXCEPTION_RECORDED,0,0,0,5,10,16,0.0,0.0,0.0,0,16,0.0,0,-1,0.0,0.0,0.0
rec_21660ff6939f1237,STU_589713,589713,SISWA_003,Kls 7_SISWA_001,2025-08-26,AGUSTUS,Tuesday,TRUE,,NO_EXCEPTION_RECORDED,0,0,0,5,10,17,0.0,0.0,0.0,0,17,0.0,0,-1,0.0,0.015385,-0.015385
rec_9a6c6c1296fd47b7,STU_589713,589713,SISWA_003,Kls 7_SISWA_001,2025-08-27,AGUSTUS,Wednesday,TRUE,,NO_EXCEPTION_RECORDED,0,0,0,5,10,18,0.0,0.0,0.0,0,18,0.0,0,-1,0.0,0.015385,-0.015385
rec_05c6cdcb4d91eb41,STU_589713,589713,SISWA_003,Kls 7_SISWA_001,2025-08-28,AGUSTUS,Thursday,TRUE,,NO_EXCEPTION_RECORDED,0,0,0,5,10,19,0.0,0.0,0.0,0,19,0.0,0,-1,0.0,0.015385,-0.015385
rec_0de63d09f282c03d,STU_589713,589713,SISWA_003,Kls 7_SISWA_001,2025-08-29,AGUSTUS,Friday,TRUE,,NO_EXCEPTION_RECORDED,0,0,0,5,10,20,0.0,0.0,0.0,0,20,0.0,0,-1,0.0,0.015385,-0.015385
rec_1e34d5d4f433d95e,STU_589713,589713,SISWA_003,Kls 7_SISWA_001,2025-08-30,AGUSTUS,Saturday,FALSE,,NO_EXCEPTION_RECORDED,0,0,0,5,10,21,0.0,0.0,0.0,0,21,0.0,0,-1,0.0,0.015385,-0.015385
rec_d69a4d6d7b9ef005,STU_589713,589713,SISWA_003,Kls 7_SISWA_001,2025-08-31,AGUSTUS,Sunday,FALSE,,NO_EXCEPTION_RECORDED,0,0,0,5,10,21,0.0,0.0,0.0,0,21,0.0,0,-1,0.0,0.015385,-0.015385
rec_b7262d0f4600b20c,STU_589713,589713,SISWA_003,Kls 7_SISWA_001,2025-09-01,SEPTEMBER,Monday,TRUE,,NO_EXCEPTION_RECORDED,0,0,0,5,10,20,0.0,0.0,0.0,0,21,0.0,0,-1,0.0,0.015385,-0.015385
rec_34057cc58a943097,STU_589713,589713,SISWA_003,Kls 7_SISWA_001,2025-09-02,SEPTEMBER,Tuesday,TRUE,,NO_EXCEPTION_RECORDED,0,0,0,5,10,21,0.0,0.0,0.0,0,22,0.0,0,-1,0.0,0.0,0.0
rec_b545260352b60845,STU_589713,589713,SISWA_003,Kls 7_SISWA_001,2025-09-03,SEPTEMBER,Wednesday,TRUE,,NO_EXCEPTION_RECORDED,0,0,0,5,10,22,0.0,0.0,0.0,0,23,0.0,0,-1,0.0,0.0,0.0
rec_2ac65b0120dd9ecb,STU_589713,589713,SISWA_003,Kls 7_SISWA_001,2025-09-04,SEPTEMBER,Thursday,TRUE,,NO_EXCEPTION_RECORDED,0,0,0,5,10,22,0.0,0.0,0.0,0,24,0.0,0,-1,0.0,0.0,0.0
rec_e75a1389d2664416,STU_589713,589713,SISWA_003,Kls 7_SISWA_001,2025-09-05,SEPTEMBER,Friday,UNKNOWN,,NO_EXCEPTION_RECORDED,0,0,0,5,10,22,0.0,0.0,0.0,0,25,0.0,0,-1,0.0,0.0,0.0
rec_c6c75dfe52d14a30,STU_589713,589713,SISWA_003,Kls 7_SISWA_001,2025-09-06,SEPTEMBER,Saturday,FALSE,,NO_EXCEPTION_RECORDED,0,0,0,5,10,22,0.0,0.0,0.0,0,26,0.0,0,-1,0.0,0.0,0.0
rec_0abc29d1cddab376,STU_589713,589713,SISWA_003,Kls 7_SISWA_001,2025-09-07,SEPTEMBER,Sunday,FALSE,,NO_EXCEPTION_RECORDED,0,0,0,5,10,21,0.0,0.0,0.0,0,26,0.0,0,-1,0.0,0.0,0.0
rec_301e4581875f705f,STU_589713,589713,SISWA_003,Kls 7_SISWA_001,2025-09-08,SEPTEMBER,Monday,TRUE,,NO_EXCEPTION_RECORDED,0,0,0,5,10,20,0.0,0.0,0.0,0,26,0.0,0,-1,0.0,0.0,0.0
rec_5825d644bf483fb3,STU_589713,589713,SISWA_003,Kls 7_SISWA_001,2025-09-09,SEPTEMBER,Tuesday,TRUE,,NO_EXCEPTION_RECORDED,0,0,0,5,10,21,0.0,0.0,0.0,0,27,0.0,0,-1,0.0,0.0,0.0
rec_1aafd1c61df72bcb,STU_589713,589713,SISWA_003,Kls 7_SISWA_001,2025-09-10,SEPTEMBER,Wednesday,TRUE,,NO_EXCEPTION_RECORDED,0,0,0,5,10,22,0.0,0.0,0.0,0,28,0.0,0,-1,0.0,0.0,0.0
rec_7325bcbb25b75986,STU_589713,589713,SISWA_003,Kls 7_SISWA_001,2025-09-11,SEPTEMBER,Thursday,TRUE,,NO_EXCEPTION_RECORDED,0,0,0,5,10,22,0.0,0.0,0.0,0,29,0.0,0,-1,0.0,0.0,0.0
rec_18c3a6a805e1d449,STU_589713,589713,SISWA_003,Kls 7_SISWA_001,2025-09-12,SEPTEMBER,Friday,TRUE,,NO_EXCEPTION_RECORDED,0,0,0,5,10,22,0.0,0.0,0.0,0,30,0.0,0,-1,0.0,0.015385,-0.015385
rec_97192e8affbac8f4,STU_589713,589713,SISWA_003,Kls 7_SISWA_001,2025-09-13,SEPTEMBER,Saturday,FALSE,,NO_EXCEPTION_RECORDED,0,0,0,5,10,22,0.0,0.0,0.0,0,31,0.0,0,-1,0.0,0.015385,-0.015385
rec_b81808083ee16965,STU_589713,589713,SISWA_003,Kls 7_SISWA_001,2025-09-14,SEPTEMBER,Sunday,FALSE,,NO_EXCEPTION_RECORDED,0,0,0,5,10,21,0.0,0.0,0.0,0,31,0.0,0,-1,0.0,0.015385,-0.015385
rec_e17e58e99527a879,STU_589713,589713,SISWA_003,Kls 7_SISWA_001,2025-09-15,SEPTEMBER,Monday,TRUE,,NO_EXCEPTION_RECORDED,0,0,0,5,10,20,0.0,0.0,0.0,0,31,0.0,0,-1,0.0,0.015385,-0.015385
rec_2d60dae88e5fc999,STU_589713,589713,SISWA_003,Kls 7_SISWA_001,2025-09-16,SEPTEMBER,Tuesday,TRUE,,NO_EXCEPTION_RECORDED,0,0,0,5,10,21,0.0,0.0,0.0,0,32,0.0,0,-1,0.0,0.015385,-0.015385
rec_de887ef9d5aa4030,STU_589713,589713,SISWA_003,Kls 7_SISWA_001,2025-09-17,SEPTEMBER,Wednesday,TRUE,,NO_EXCEPTION_RECORDED,0,0,0,5,10,22,0.0,0.0,0.0,0,33,0.0,0,-1,0.0,0.015385,-0.015385
rec_c83efa533eddb28a,STU_589713,589713,SISWA_003,Kls 7_SISWA_001,2025-09-18,SEPTEMBER,Thursday,TRUE,,NO_EXCEPTION_RECORDED,0,0,0,5,10,22,0.0,0.0,0.0,0,34,0.0,0,-1,0.0,0.015385,-0.015385
rec_d0237153d80ac169,STU_589713,589713,SISWA_003,Kls 7_SISWA_001,2025-09-19,SEPTEMBER,Friday,TRUE,,NO_EXCEPTION_RECORDED,0,0,0,5,10,22,0.0,0.0,0.0,0,35,0.0,0,-1,0.0,0.0,0.0
rec_a7b0eccff901f57f,STU_589713,589713,SISWA_003,Kls 7_SISWA_001,2025-09-20,SEPTEMBER,Saturday,FALSE,,NO_EXCEPTION_RECORDED,0,0,0,5,10,22,0.0,0.0,0.0,0,36,0.0,0,-1,0.0,0.0,0.0
rec_d82c9a08dd88b830,STU_589713,589713,SISWA_003,Kls 7_SISWA_001,2025-09-21,SEPTEMBER,Sunday,FALSE,,NO_EXCEPTION_RECORDED,0,0,0,5,10,21,0.0,0.0,0.0,0,36,0.0,0,-1,0.0,0.0,0.0
rec_ee9f2801e4883349,STU_589713,589713,SISWA_003,Kls 7_SISWA_001,2025-09-22,SEPTEMBER,Monday,TRUE,,NO_EXCEPTION_RECORDED,0,0,0,5,10,20,0.0,0.0,0.0,0,36,0.0,0,-1,0.0,0.0,0.0
rec_686c85586c61eea7,STU_589713,589713,SISWA_003,Kls 7_SISWA_001,2025-09-23,SEPTEMBER,Tuesday,TRUE,,NO_EXCEPTION_RECORDED,0,0,0,5,10,21,0.0,0.0,0.0,0,37,0.0,0,-1,0.0,0.0,0.0
rec_3fa4b49633764bfd,STU_589713,589713,SISWA_003,Kls 7_SISWA_001,2025-09-24,SEPTEMBER,Wednesday,TRUE,,NO_EXCEPTION_RECORDED,0,0,0,5,10,22,0.0,0.0,0.0,0,38,0.0,0,-1,0.0,0.015385,-0.015385
rec_f7d5811e9626246b,STU_589713,589713,SISWA_003,Kls 7_SISWA_001,2025-09-25,SEPTEMBER,Thursday,TRUE,,NO_EXCEPTION_RECORDED,0,0,0,5,10,22,0.0,0.0,0.0,0,39,0.0,0,-1,0.0,0.046154,-0.046154
rec_04aa286366599069,STU_589713,589713,SISWA_003,Kls 7_SISWA_001,2025-09-26,SEPTEMBER,Friday,TRUE,,NO_EXCEPTION_RECORDED,0,0,0,5,10,22,0.0,0.0,0.0,0,40,0.0,0,-1,0.0,0.061538,-0.061538
rec_9076999cf6b7e4f5,STU_589713,589713,SISWA_003,Kls 7_SISWA_001,2025-09-27,SEPTEMBER,Saturday,FALSE,,NO_EXCEPTION_RECORDED,0,0,0,5,10,22,0.0,0.0,0.0,0,41,0.0,0,-1,0.0,0.061538,-0.061538
rec_e4245541a38d8bea,STU_589713,589713,SISWA_003,Kls 7_SISWA_001,2025-09-28,SEPTEMBER,Sunday,FALSE,,NO_EXCEPTION_RECORDED,0,0,0,5,10,21,0.0,0.0,0.0,0,41,0.0,0,-1,0.0,0.061538,-0.061538
rec_eb90e6b206d755f3,STU_589713,589713,SISWA_003,Kls 7_SISWA_001,2025-09-29,SEPTEMBER,Monday,TRUE,,NO_EXCEPTION_RECORDED,0,0,0,5,10,20,0.0,0.0,0.0,0,41,0.0,0,-1,0.0,0.061538,-0.061538
rec_b3a87713fd70bbad,STU_589713,589713,SISWA_003,Kls 7_SISWA_001,2025-09-30,SEPTEMBER,Tuesday,UNKNOWN,,NO_EXCEPTION_RECORDED,0,0,0,5,10,21,0.0,0.0,0.0,0,42,0.0,0,-1,0.0,0.076923,-0.076923
rec_1589ab20140e7a4a,STU_638830,638830,SISWA_063,Kls 8_SISWA_052,2025-08-01,AGUSTUS,Friday,UNKNOWN,,NO_EXCEPTION_RECORDED,0,0,0,0,0,0,0.0,0.0,0.0,0,0,0.0,0,-1,0.0,0.0,0.0
rec_40dcd5a20095b829,STU_638830,638830,SISWA_063,Kls 8_SISWA_052,2025-08-02,AGUSTUS,Saturday,FALSE,,NO_EXCEPTION_RECORDED,0,0,0,1,1,1,0.0,0.0,0.0,0,1,0.0,0,-1,0.0,0.0,0.0
rec_ade96c541a541e12,STU_638830,638830,SISWA_063,Kls 8_SISWA_052,2025-08-03,AGUSTUS,Sunday,FALSE,,NO_EXCEPTION_RECORDED,0,0,0,1,1,1,0.0,0.0,0.0,0,1,0.0,0,-1,0.0,0.0,0.0
rec_bd6d6a5d6faccdd5,STU_638830,638830,SISWA_063,Kls 8_SISWA_052,2025-08-04,AGUSTUS,Monday,UNKNOWN,,NO_EXCEPTION_RECORDED,0,0,0,1,1,1,0.0,0.0,0.0,0,1,0.0,0,-1,0.0,0.0,0.0
rec_b511437c2e322a0d,STU_638830,638830,SISWA_063,Kls 8_SISWA_052,2025-08-05,AGUSTUS,Tuesday,TRUE,,NO_EXCEPTION_RECORDED,0,0,0,2,2,2,0.0,0.0,0.0,0,2,0.0,0,-1,0.0,0.0,0.0
rec_9f17596f299aef3a,STU_638830,638830,SISWA_063,Kls 8_SISWA_052,2025-08-06,AGUSTUS,Wednesday,UNKNOWN,,NO_EXCEPTION_RECORDED,0,0,0,3,3,3,0.0,0.0,0.0,0,3,0.0,0,-1,0.0,0.0,0.0
rec_0b30b5ca898db505,STU_638830,638830,SISWA_063,Kls 8_SISWA_052,2025-08-07,AGUSTUS,Thursday,TRUE,,NO_EXCEPTION_RECORDED,0,0,0,4,4,4,0.0,0.0,0.0,0,4,0.0,0,-1,0.0,0.0,0.0
rec_76ee31766925fe31,STU_638830,638830,SISWA_063,Kls 8_SISWA_052,2025-08-08,AGUSTUS,Friday,TRUE,,NO_EXCEPTION_RECORDED,0,0,0,5,5,5,0.0,0.0,0.0,0,5,0.0,0,-1,0.0,0.011111,-0.011111
rec_bd23570c2c4df390,STU_638830,638830,SISWA_063,Kls 8_SISWA_052,2025-08-09,AGUSTUS,Saturday,FALSE,,NO_EXCEPTION_RECORDED,0,0,0,5,6,6,0.0,0.0,0.0,0,6,0.0,0,-1,0.0,0.011111,-0.011111
rec_3b272717476b4cf6,STU_638830,638830,SISWA_063,Kls 8_SISWA_052,2025-08-10,AGUSTUS,Sunday,FALSE,,NO_EXCEPTION_RECORDED,0,0,0,5,6,6,0.0,0.0,0.0,0,6,0.0,0,-1,0.0,0.011111,-0.011111
rec_522169d95755a0d7,STU_638830,638830,SISWA_063,Kls 8_SISWA_052,2025-08-11,AGUSTUS,Monday,TRUE,,NO_EXCEPTION_RECORDED,0,0,0,5,6,6,0.0,0.0,0.0,0,6,0.0,0,-1,0.0,0.011111,-0.011111
rec_c2aa943df0c19bcf,STU_638830,638830,SISWA_063,Kls 8_SISWA_052,2025-08-12,AGUSTUS,Tuesday,TRUE,,NO_EXCEPTION_RECORDED,0,0,0,5,7,7,0.0,0.0,0.0,0,7,0.0,0,-1,0.0,0.011111,-0.011111
rec_2e6e858463e79703,STU_638830,638830,SISWA_063,Kls 8_SISWA_052,2025-08-13,AGUSTUS,Wednesday,TRUE,,NO_EXCEPTION_RECORDED,0,0,0,5,8,8,0.0,0.0,0.0,0,8,0.0,0,-1,0.0,0.022222,-0.022222
rec_9b6bbf344b86fdfe,STU_638830,638830,SISWA_063,Kls 8_SISWA_052,2025-08-14,AGUSTUS,Thursday,UNKNOWN,,NO_EXCEPTION_RECORDED,0,0,0,5,9,9,0.0,0.0,0.0,0,9,0.0,0,-1,0.0,0.033333,-0.033333
rec_6e9378e02f2a3190,STU_638830,638830,SISWA_063,Kls 8_SISWA_052,2025-08-15,AGUSTUS,Friday,UNKNOWN,,NO_EXCEPTION_RECORDED,0,0,0,5,10,10,0.0,0.0,0.0,0,10,0.0,0,-1,0.0,0.022222,-0.022222
rec_bd0f1cd9421cca50,STU_638830,638830,SISWA_063,Kls 8_SISWA_052,2025-08-16,AGUSTUS,Saturday,FALSE,,NO_EXCEPTION_RECORDED,0,0,0,5,10,11,0.0,0.0,0.0,0,11,0.0,0,-1,0.0,0.022222,-0.022222
rec_fe272c651d99b77a,STU_638830,638830,SISWA_063,Kls 8_SISWA_052,2025-08-17,AGUSTUS,Sunday,FALSE,,NO_EXCEPTION_RECORDED,0,0,0,5,10,11,0.0,0.0,0.0,0,11,0.0,0,-1,0.0,0.022222,-0.022222
rec_e0009fcbb6496a9b,STU_638830,638830,SISWA_063,Kls 8_SISWA_052,2025-08-18,AGUSTUS,Monday,UNKNOWN,,NO_EXCEPTION_RECORDED,0,0,0,5,10,11,0.0,0.0,0.0,0,11,0.0,0,-1,0.0,0.022222,-0.022222
rec_e064335040a03e61,STU_638830,638830,SISWA_063,Kls 8_SISWA_052,2025-08-19,AGUSTUS,Tuesday,TRUE,,NO_EXCEPTION_RECORDED,0,0,0,5,10,12,0.0,0.0,0.0,0,12,0.0,0,-1,0.0,0.022222,-0.022222
rec_dab03325f19b8d53,STU_638830,638830,SISWA_063,Kls 8_SISWA_052,2025-08-20,AGUSTUS,Wednesday,TRUE,,NO_EXCEPTION_RECORDED,0,0,0,5,10,13,0.0,0.0,0.0,0,13,0.0,0,-1,0.0,0.022222,-0.022222
rec_19fa0220a58110a7,STU_638830,638830,SISWA_063,Kls 8_SISWA_052,2025-08-21,AGUSTUS,Thursday,TRUE,,NO_EXCEPTION_RECORDED,0,0,0,5,10,14,0.0,0.0,0.0,0,14,0.0,0,-1,0.0,0.022222,-0.022222
rec_ebf8c786ccc61f47,STU_638830,638830,SISWA_063,Kls 8_SISWA_052,2025-08-22,AGUSTUS,Friday,UNKNOWN,,NO_EXCEPTION_RECORDED,0,0,0,5,10,15,0.0,0.0,0.0,0,15,0.0,0,-1,0.0,0.022222,-0.022222
rec_517e1f8eba3d9914,STU_638830,638830,SISWA_063,Kls 8_SISWA_052,2025-08-23,AGUSTUS,Saturday,FALSE,,NO_EXCEPTION_RECORDED,0,0,0,5,10,16,0.0,0.0,0.0,0,16,0.0,0,-1,0.0,0.022222,-0.022222
rec_b3fabaeaf9fc1401,STU_638830,638830,SISWA_063,Kls 8_SISWA_052,2025-08-24,AGUSTUS,Sunday,FALSE,,NO_EXCEPTION_RECORDED,0,0,0,5,10,16,0.0,0.0,0.0,0,16,0.0,0,-1,0.0,0.022222,-0.022222
rec_fae7180623f55c46,STU_638830,638830,SISWA_063,Kls 8_SISWA_052,2025-08-25,AGUSTUS,Monday,TRUE,,NO_EXCEPTION_RECORDED,0,0,0,5,10,16,0.0,0.0,0.0,0,16,0.0,0,-1,0.0,0.022222,-0.022222
rec_fbdca12b06706cae,STU_638830,638830,SISWA_063,Kls 8_SISWA_052,2025-08-26,AGUSTUS,Tuesday,TRUE,,NO_EXCEPTION_RECORDED,0,0,0,5,10,17,0.0,0.0,0.0,0,17,0.0,0,-1,0.0,0.033333,-0.033333
rec_a35946e15b343c4a,STU_638830,638830,SISWA_063,Kls 8_SISWA_052,2025-08-27,AGUSTUS,Wednesday,TRUE,,NO_EXCEPTION_RECORDED,0,0,0,5,10,18,0.0,0.0,0.0,0,18,0.0,0,-1,0.0,0.022222,-0.022222
rec_a44d98e81e3f23d2,STU_638830,638830,SISWA_063,Kls 8_SISWA_052,2025-08-28,AGUSTUS,Thursday,TRUE,,NO_EXCEPTION_RECORDED,0,0,0,5,10,19,0.0,0.0,0.0,0,19,0.0,0,-1,0.0,0.011111,-0.011111
rec_e2791102adb9b1d8,STU_638830,638830,SISWA_063,Kls 8_SISWA_052,2025-08-29,AGUSTUS,Friday,TRUE,,NO_EXCEPTION_RECORDED,0,0,0,5,10,20,0.0,0.0,0.0,0,20,0.0,0,-1,0.0,0.011111,-0.011111
rec_59445df6313f8e3e,STU_638830,638830,SISWA_063,Kls 8_SISWA_052,2025-08-30,AGUSTUS,Saturday,FALSE,,NO_EXCEPTION_RECORDED,0,0,0,5,10,21,0.0,0.0,0.0,0,21,0.0,0,-1,0.0,0.011111,-0.011111
rec_85d78ba314a7d6b2,STU_638830,638830,SISWA_063,Kls 8_SISWA_052,2025-08-31,AGUSTUS,Sunday,FALSE,,NO_EXCEPTION_RECORDED,0,0,0,5,10,21,0.0,0.0,0.0,0,21,0.0,0,-1,0.0,0.011111,-0.011111
rec_c5b719e8b5e09807,STU_638830,638830,SISWA_063,Kls 8_SISWA_052,2025-09-01,SEPTEMBER,Monday,TRUE,,NO_EXCEPTION_RECORDED,0,0,0,5,10,20,0.0,0.0,0.0,0,21,0.0,0,-1,0.0,0.011111,-0.011111
rec_cf780dd37af0b484,STU_638830,638830,SISWA_063,Kls 8_SISWA_052,2025-09-02,SEPTEMBER,Tuesday,TRUE,,NO_EXCEPTION_RECORDED,0,0,0,5,10,21,0.0,0.0,0.0,0,22,0.0,0,-1,0.0,0.011111,-0.011111
rec_9e4c1e8353dccef1,STU_638830,638830,SISWA_063,Kls 8_SISWA_052,2025-09-03,SEPTEMBER,Wednesday,TRUE,,NO_EXCEPTION_RECORDED,0,0,0,5,10,22,0.0,0.0,0.0,0,23,0.0,0,-1,0.0,0.022222,-0.022222
rec_c2d3313134f5d8a4,STU_638830,638830,SISWA_063,Kls 8_SISWA_052,2025-09-04,SEPTEMBER,Thursday,TRUE,,NO_EXCEPTION_RECORDED,0,0,0,5,10,22,0.0,0.0,0.0,0,24,0.0,0,-1,0.0,0.022222,-0.022222
rec_57465b25b42fa097,STU_638830,638830,SISWA_063,Kls 8_SISWA_052,2025-09-05,SEPTEMBER,Friday,UNKNOWN,,NO_EXCEPTION_RECORDED,0,0,0,5,10,22,0.0,0.0,0.0,0,25,0.0,0,-1,0.0,0.022222,-0.022222
rec_613a596aa2135c84,STU_638830,638830,SISWA_063,Kls 8_SISWA_052,2025-09-06,SEPTEMBER,Saturday,FALSE,,NO_EXCEPTION_RECORDED,0,0,0,5,10,22,0.0,0.0,0.0,0,26,0.0,0,-1,0.0,0.022222,-0.022222
rec_809f2b52450d266a,STU_638830,638830,SISWA_063,Kls 8_SISWA_052,2025-09-07,SEPTEMBER,Sunday,FALSE,,NO_EXCEPTION_RECORDED,0,0,0,5,10,21,0.0,0.0,0.0,0,26,0.0,0,-1,0.0,0.022222,-0.022222
rec_d235ddc483eda1a7,STU_638830,638830,SISWA_063,Kls 8_SISWA_052,2025-09-08,SEPTEMBER,Monday,TRUE,,NO_EXCEPTION_RECORDED,0,0,0,5,10,20,0.0,0.0,0.0,0,26,0.0,0,-1,0.0,0.022222,-0.022222
rec_e14d27511dc94607,STU_638830,638830,SISWA_063,Kls 8_SISWA_052,2025-09-09,SEPTEMBER,Tuesday,TRUE,,NO_EXCEPTION_RECORDED,0,0,0,5,10,21,0.0,0.0,0.0,0,27,0.0,0,-1,0.0,0.011111,-0.011111
rec_8d5bc4f012edd2f4,STU_638830,638830,SISWA_063,Kls 8_SISWA_052,2025-09-10,SEPTEMBER,Wednesday,TRUE,,NO_EXCEPTION_RECORDED,0,0,0,5,10,22,0.0,0.0,0.0,0,28,0.0,0,-1,0.0,0.011111,-0.011111
rec_3eab191f2df738f9,STU_638830,638830,SISWA_063,Kls 8_SISWA_052,2025-09-11,SEPTEMBER,Thursday,TRUE,,NO_EXCEPTION_RECORDED,0,0,0,5,10,22,0.0,0.0,0.0,0,29,0.0,0,-1,0.0,0.011111,-0.011111
rec_d4aee60df013faf2,STU_638830,638830,SISWA_063,Kls 8_SISWA_052,2025-09-12,SEPTEMBER,Friday,TRUE,,NO_EXCEPTION_RECORDED,0,0,0,5,10,22,0.0,0.0,0.0,0,30,0.0,0,-1,0.0,0.011111,-0.011111
rec_35152fd213eeb376,STU_638830,638830,SISWA_063,Kls 8_SISWA_052,2025-09-13,SEPTEMBER,Saturday,FALSE,,NO_EXCEPTION_RECORDED,0,0,0,5,10,22,0.0,0.0,0.0,0,31,0.0,0,-1,0.0,0.011111,-0.011111
rec_f51e4f95d4d6d002,STU_638830,638830,SISWA_063,Kls 8_SISWA_052,2025-09-14,SEPTEMBER,Sunday,FALSE,,NO_EXCEPTION_RECORDED,0,0,0,5,10,21,0.0,0.0,0.0,0,31,0.0,0,-1,0.0,0.011111,-0.011111
rec_3b08fe7e7b6af046,STU_638830,638830,SISWA_063,Kls 8_SISWA_052,2025-09-15,SEPTEMBER,Monday,TRUE,,NO_EXCEPTION_RECORDED,0,0,0,5,10,20,0.0,0.0,0.0,0,31,0.0,0,-1,0.0,0.011111,-0.011111
rec_42727482c80dfa20,STU_638830,638830,SISWA_063,Kls 8_SISWA_052,2025-09-16,SEPTEMBER,Tuesday,TRUE,,NO_EXCEPTION_RECORDED,0,0,0,5,10,21,0.0,0.0,0.0,0,32,0.0,0,-1,0.0,0.022222,-0.022222
rec_275b5393d19ba123,STU_638830,638830,SISWA_063,Kls 8_SISWA_052,2025-09-17,SEPTEMBER,Wednesday,TRUE,,NO_EXCEPTION_RECORDED,0,0,0,5,10,22,0.0,0.0,0.0,0,33,0.0,0,-1,0.0,0.011111,-0.011111
rec_a2e4c8192f9c9d88,STU_638830,638830,SISWA_063,Kls 8_SISWA_052,2025-09-18,SEPTEMBER,Thursday,TRUE,,NO_EXCEPTION_RECORDED,0,0,0,5,10,22,0.0,0.0,0.0,0,34,0.0,0,-1,0.0,0.011111,-0.011111
rec_24ef33d2baa85a40,STU_638830,638830,SISWA_063,Kls 8_SISWA_052,2025-09-19,SEPTEMBER,Friday,TRUE,,NO_EXCEPTION_RECORDED,0,0,0,5,10,22,0.0,0.0,0.0,0,35,0.0,0,-1,0.0,0.011111,-0.011111
rec_f208a884564bcf16,STU_638830,638830,SISWA_063,Kls 8_SISWA_052,2025-09-20,SEPTEMBER,Saturday,FALSE,,NO_EXCEPTION_RECORDED,0,0,0,5,10,22,0.0,0.0,0.0,0,36,0.0,0,-1,0.0,0.011111,-0.011111
rec_90f4b509dbd38764,STU_638830,638830,SISWA_063,Kls 8_SISWA_052,2025-09-21,SEPTEMBER,Sunday,FALSE,,NO_EXCEPTION_RECORDED,0,0,0,5,10,21,0.0,0.0,0.0,0,36,0.0,0,-1,0.0,0.011111,-0.011111
rec_592cbca39539989e,STU_638830,638830,SISWA_063,Kls 8_SISWA_052,2025-09-22,SEPTEMBER,Monday,TRUE,,NO_EXCEPTION_RECORDED,0,0,0,5,10,20,0.0,0.0,0.0,0,36,0.0,0,-1,0.0,0.011111,-0.011111
rec_8d6cc460e14bfe9f,STU_638830,638830,SISWA_063,Kls 8_SISWA_052,2025-09-23,SEPTEMBER,Tuesday,TRUE,,NO_EXCEPTION_RECORDED,0,0,0,5,10,21,0.0,0.0,0.0,0,37,0.0,0,-1,0.0,0.011111,-0.011111
rec_ffdb9f664caa9a3f,STU_638830,638830,SISWA_063,Kls 8_SISWA_052,2025-09-24,SEPTEMBER,Wednesday,TRUE,,NO_EXCEPTION_RECORDED,0,0,0,5,10,22,0.0,0.0,0.0,0,38,0.0,0,-1,0.0,0.011111,-0.011111
rec_289f494cf4ff0ef8,STU_638830,638830,SISWA_063,Kls 8_SISWA_052,2025-09-25,SEPTEMBER,Thursday,TRUE,,NO_EXCEPTION_RECORDED,0,0,0,5,10,22,0.0,0.0,0.0,0,39,0.0,0,-1,0.0,0.011111,-0.011111
rec_08a5b99bbbce6003,STU_638830,638830,SISWA_063,Kls 8_SISWA_052,2025-09-26,SEPTEMBER,Friday,TRUE,,NO_EXCEPTION_RECORDED,0,0,0,5,10,22,0.0,0.0,0.0,0,40,0.0,0,-1,0.0,0.022222,-0.022222
rec_3971ec1ee4f88676,STU_638830,638830,SISWA_063,Kls 8_SISWA_052,2025-09-27,SEPTEMBER,Saturday,FALSE,,NO_EXCEPTION_RECORDED,0,0,0,5,10,22,0.0,0.0,0.0,0,41,0.0,0,-1,0.0,0.022222,-0.022222
rec_738a82e13673914c,STU_638830,638830,SISWA_063,Kls 8_SISWA_052,2025-09-28,SEPTEMBER,Sunday,FALSE,,NO_EXCEPTION_RECORDED,0,0,0,5,10,21,0.0,0.0,0.0,0,41,0.0,0,-1,0.0,0.022222,-0.022222
rec_ee085768a4491cb8,STU_638830,638830,SISWA_063,Kls 8_SISWA_052,2025-09-29,SEPTEMBER,Monday,TRUE,,NO_EXCEPTION_RECORDED,0,0,0,5,10,20,0.0,0.0,0.0,0,41,0.0,0,-1,0.0,0.022222,-0.022222
rec_cb13a8d854e763d7,STU_638830,638830,SISWA_063,Kls 8_SISWA_052,2025-09-30,SEPTEMBER,Tuesday,UNKNOWN,,NO_EXCEPTION_RECORDED,0,0,0,5,10,21,0.0,0.0,0.0,0,42,0.0,0,-1,0.0,0.011111,-0.011111
rec_78026606c93aa19e,STU_737914,737914,SISWA_073,Kls 9_SISWA_072,2025-08-01,AGUSTUS,Friday,UNKNOWN,,NO_EXCEPTION_RECORDED,0,0,0,0,0,0,0.0,0.0,0.0,0,0,0.0,0,-1,0.0,0.0,0.0
rec_8766b36fe8f1680c,STU_737914,737914,SISWA_073,Kls 9_SISWA_072,2025-08-02,AGUSTUS,Saturday,FALSE,,NO_EXCEPTION_RECORDED,0,0,0,1,1,1,0.0,0.0,0.0,0,1,0.0,0,-1,0.0,0.0,0.0
rec_2cc3909363033cae,STU_737914,737914,SISWA_073,Kls 9_SISWA_072,2025-08-03,AGUSTUS,Sunday,FALSE,,NO_EXCEPTION_RECORDED,0,0,0,1,1,1,0.0,0.0,0.0,0,1,0.0,0,-1,0.0,0.0,0.0
rec_70f2d107b99777aa,STU_737914,737914,SISWA_073,Kls 9_SISWA_072,2025-08-04,AGUSTUS,Monday,UNKNOWN,,NO_EXCEPTION_RECORDED,0,0,0,1,1,1,0.0,0.0,0.0,0,1,0.0,0,-1,0.0,0.0,0.0
rec_09996bfe0d004c56,STU_737914,737914,SISWA_073,Kls 9_SISWA_072,2025-08-05,AGUSTUS,Tuesday,TRUE,,NO_EXCEPTION_RECORDED,0,0,0,2,2,2,0.0,0.0,0.0,0,2,0.0,0,-1,0.0,0.0,0.0
rec_71259b148daa92b1,STU_737914,737914,SISWA_073,Kls 9_SISWA_072,2025-08-06,AGUSTUS,Wednesday,UNKNOWN,,NO_EXCEPTION_RECORDED,0,0,0,3,3,3,0.0,0.0,0.0,0,3,0.0,0,-1,0.0,0.0,0.0
rec_af15ef6a0258da5a,STU_737914,737914,SISWA_073,Kls 9_SISWA_072,2025-08-07,AGUSTUS,Thursday,TRUE,,NO_EXCEPTION_RECORDED,0,0,0,4,4,4,0.0,0.0,0.0,0,4,0.0,0,-1,0.0,0.0,0.0
rec_4d5c8906be7b778a,STU_737914,737914,SISWA_073,Kls 9_SISWA_072,2025-08-08,AGUSTUS,Friday,TRUE,,NO_EXCEPTION_RECORDED,0,0,0,5,5,5,0.0,0.0,0.0,0,5,0.0,0,-1,0.0,0.0,0.0
rec_907f762094324509,STU_737914,737914,SISWA_073,Kls 9_SISWA_072,2025-08-09,AGUSTUS,Saturday,FALSE,,NO_EXCEPTION_RECORDED,0,0,0,5,6,6,0.0,0.0,0.0,0,6,0.0,0,-1,0.0,0.0,0.0
rec_7a2b2ed7b1e554d9,STU_737914,737914,SISWA_073,Kls 9_SISWA_072,2025-08-10,AGUSTUS,Sunday,FALSE,,NO_EXCEPTION_RECORDED,0,0,0,5,6,6,0.0,0.0,0.0,0,6,0.0,0,-1,0.0,0.0,0.0
rec_0575287ff8929186,STU_737914,737914,SISWA_073,Kls 9_SISWA_072,2025-08-11,AGUSTUS,Monday,TRUE,,NO_EXCEPTION_RECORDED,0,0,0,5,6,6,0.0,0.0,0.0,0,6,0.0,0,-1,0.0,0.0,0.0
rec_c8f26f52eb855990,STU_737914,737914,SISWA_073,Kls 9_SISWA_072,2025-08-12,AGUSTUS,Tuesday,TRUE,,NO_EXCEPTION_RECORDED,0,0,0,5,7,7,0.0,0.0,0.0,0,7,0.0,0,-1,0.0,0.0,0.0
rec_7a4b247f02cd748d,STU_737914,737914,SISWA_073,Kls 9_SISWA_072,2025-08-13,AGUSTUS,Wednesday,TRUE,,NO_EXCEPTION_RECORDED,0,0,0,5,8,8,0.0,0.0,0.0,0,8,0.0,0,-1,0.0,0.0,0.0
rec_36afb48328d83a6c,STU_737914,737914,SISWA_073,Kls 9_SISWA_072,2025-08-14,AGUSTUS,Thursday,UNKNOWN,,NO_EXCEPTION_RECORDED,0,0,0,5,9,9,0.0,0.0,0.0,0,9,0.0,0,-1,0.0,0.0,0.0
rec_bbcfe71b3e18dd11,STU_737914,737914,SISWA_073,Kls 9_SISWA_072,2025-08-15,AGUSTUS,Friday,UNKNOWN,,NO_EXCEPTION_RECORDED,0,0,0,5,10,10,0.0,0.0,0.0,0,10,0.0,0,-1,0.0,0.0,0.0
rec_146c0eab2d634fc1,STU_737914,737914,SISWA_073,Kls 9_SISWA_072,2025-08-16,AGUSTUS,Saturday,FALSE,,NO_EXCEPTION_RECORDED,0,0,0,5,10,11,0.0,0.0,0.0,0,11,0.0,0,-1,0.0,0.0,0.0
rec_e7a61d9317e3fe6e,STU_737914,737914,SISWA_073,Kls 9_SISWA_072,2025-08-17,AGUSTUS,Sunday,FALSE,,NO_EXCEPTION_RECORDED,0,0,0,5,10,11,0.0,0.0,0.0,0,11,0.0,0,-1,0.0,0.0,0.0
rec_64b3eeec2b2905b8,STU_737914,737914,SISWA_073,Kls 9_SISWA_072,2025-08-18,AGUSTUS,Monday,UNKNOWN,,NO_EXCEPTION_RECORDED,0,0,0,5,10,11,0.0,0.0,0.0,0,11,0.0,0,-1,0.0,0.0,0.0
rec_8282d01377ed2889,STU_737914,737914,SISWA_073,Kls 9_SISWA_072,2025-08-19,AGUSTUS,Tuesday,TRUE,,NO_EXCEPTION_RECORDED,0,0,0,5,10,12,0.0,0.0,0.0,0,12,0.0,0,-1,0.0,0.0,0.0
rec_60c60344daf0a97c,STU_737914,737914,SISWA_073,Kls 9_SISWA_072,2025-08-20,AGUSTUS,Wednesday,TRUE,,NO_EXCEPTION_RECORDED,0,0,0,5,10,13,0.0,0.0,0.0,0,13,0.0,0,-1,0.0,0.0,0.0
rec_a4c3e65984129b32,STU_737914,737914,SISWA_073,Kls 9_SISWA_072,2025-08-21,AGUSTUS,Thursday,TRUE,,NO_EXCEPTION_RECORDED,0,0,0,5,10,14,0.0,0.0,0.0,0,14,0.0,0,-1,0.0,0.0,0.0
rec_504a9dd7376e065f,STU_737914,737914,SISWA_073,Kls 9_SISWA_072,2025-08-22,AGUSTUS,Friday,UNKNOWN,,NO_EXCEPTION_RECORDED,0,0,0,5,10,15,0.0,0.0,0.0,0,15,0.0,0,-1,0.0,0.0,0.0
rec_191746a8ec96e2b4,STU_737914,737914,SISWA_073,Kls 9_SISWA_072,2025-08-23,AGUSTUS,Saturday,FALSE,,NO_EXCEPTION_RECORDED,0,0,0,5,10,16,0.0,0.0,0.0,0,16,0.0,0,-1,0.0,0.0,0.0
rec_cda7dc3879436e4c,STU_737914,737914,SISWA_073,Kls 9_SISWA_072,2025-08-24,AGUSTUS,Sunday,FALSE,,NO_EXCEPTION_RECORDED,0,0,0,5,10,16,0.0,0.0,0.0,0,16,0.0,0,-1,0.0,0.0,0.0
rec_99583c28c22dbcca,STU_737914,737914,SISWA_073,Kls 9_SISWA_072,2025-08-25,AGUSTUS,Monday,TRUE,,NO_EXCEPTION_RECORDED,0,0,0,5,10,16,0.0,0.0,0.0,0,16,0.0,0,-1,0.0,0.0,0.0
rec_d6b938c8bc3a8253,STU_737914,737914,SISWA_073,Kls 9_SISWA_072,2025-08-26,AGUSTUS,Tuesday,TRUE,,NO_EXCEPTION_RECORDED,0,0,0,5,10,17,0.0,0.0,0.0,0,17,0.0,0,-1,0.0,0.0,0.0
rec_bcf07a162e2f77d1,STU_737914,737914,SISWA_073,Kls 9_SISWA_072,2025-08-27,AGUSTUS,Wednesday,TRUE,,NO_EXCEPTION_RECORDED,0,0,0,5,10,18,0.0,0.0,0.0,0,18,0.0,0,-1,0.0,0.018182,-0.018182
rec_b1bc52a217417cc8,STU_737914,737914,SISWA_073,Kls 9_SISWA_072,2025-08-28,AGUSTUS,Thursday,TRUE,,NO_EXCEPTION_RECORDED,0,0,0,5,10,19,0.0,0.0,0.0,0,19,0.0,0,-1,0.0,0.018182,-0.018182
rec_873dbe0df8aa6ead,STU_737914,737914,SISWA_073,Kls 9_SISWA_072,2025-08-29,AGUSTUS,Friday,TRUE,,NO_EXCEPTION_RECORDED,0,0,0,5,10,20,0.0,0.0,0.0,0,20,0.0,0,-1,0.0,0.036364,-0.036364
rec_d649f61693037a6d,STU_737914,737914,SISWA_073,Kls 9_SISWA_072,2025-08-30,AGUSTUS,Saturday,FALSE,,NO_EXCEPTION_RECORDED,0,0,0,5,10,21,0.0,0.0,0.0,0,21,0.0,0,-1,0.0,0.036364,-0.036364
rec_56fc5216fc3b3063,STU_737914,737914,SISWA_073,Kls 9_SISWA_072,2025-08-31,AGUSTUS,Sunday,FALSE,,NO_EXCEPTION_RECORDED,0,0,0,5,10,21,0.0,0.0,0.0,0,21,0.0,0,-1,0.0,0.036364,-0.036364
rec_2715ec1e568a0b40,STU_737914,737914,SISWA_073,Kls 9_SISWA_072,2025-09-01,SEPTEMBER,Monday,TRUE,,NO_EXCEPTION_RECORDED,0,0,0,5,10,20,0.0,0.0,0.0,0,21,0.0,0,-1,0.0,0.036364,-0.036364
rec_326940bb6fe4b743,STU_737914,737914,SISWA_073,Kls 9_SISWA_072,2025-09-02,SEPTEMBER,Tuesday,TRUE,s,SOURCE_MARK_S,0,0,0,5,10,21,0.0,0.0,0.0,0,22,0.0,0,-1,0.0,0.036364,-0.036364
rec_a088f6f607fe38ca,STU_737914,737914,SISWA_073,Kls 9_SISWA_072,2025-09-03,SEPTEMBER,Wednesday,TRUE,,NO_EXCEPTION_RECORDED,1,1,1,5,10,22,0.2,0.1,0.045455,1,23,0.043478,1,1,0.156522,0.018182,0.181818
rec_8e8916f61b792049,STU_737914,737914,SISWA_073,Kls 9_SISWA_072,2025-09-04,SEPTEMBER,Thursday,TRUE,,NO_EXCEPTION_RECORDED,1,1,1,5,10,22,0.2,0.1,0.045455,1,24,0.041667,0,2,0.158333,0.036364,0.163636
rec_7aaad3bfcf900162,STU_737914,737914,SISWA_073,Kls 9_SISWA_072,2025-09-05,SEPTEMBER,Friday,UNKNOWN,,NO_EXCEPTION_RECORDED,1,1,1,5,10,22,0.2,0.1,0.045455,1,25,0.04,0,3,0.16,0.054545,0.145455
rec_2219aea7e59e73e1,STU_737914,737914,SISWA_073,Kls 9_SISWA_072,2025-09-06,SEPTEMBER,Saturday,FALSE,,NO_EXCEPTION_RECORDED,1,1,1,5,10,22,0.2,0.1,0.045455,1,26,0.038462,0,4,0.161538,0.054545,0.145455
rec_3555841d33a62b3a,STU_737914,737914,SISWA_073,Kls 9_SISWA_072,2025-09-07,SEPTEMBER,Sunday,FALSE,,NO_EXCEPTION_RECORDED,1,1,1,5,10,21,0.2,0.1,0.047619,1,26,0.038462,0,5,0.161538,0.054545,0.145455
rec_47e9ebc212e29c92,STU_737914,737914,SISWA_073,Kls 9_SISWA_072,2025-09-08,SEPTEMBER,Monday,TRUE,,NO_EXCEPTION_RECORDED,1,1,1,5,10,20,0.2,0.1,0.05,1,26,0.038462,0,6,0.161538,0.054545,0.145455
rec_0142127b216dc23b,STU_737914,737914,SISWA_073,Kls 9_SISWA_072,2025-09-09,SEPTEMBER,Tuesday,TRUE,,NO_EXCEPTION_RECORDED,1,1,1,5,10,21,0.2,0.1,0.047619,1,27,0.037037,0,7,0.162963,0.054545,0.145455
rec_09958808aa51aead,STU_737914,737914,SISWA_073,Kls 9_SISWA_072,2025-09-10,SEPTEMBER,Wednesday,TRUE,,NO_EXCEPTION_RECORDED,0,1,1,5,10,22,0.0,0.1,0.045455,1,28,0.035714,0,8,-0.035714,0.090909,-0.090909
rec_a9daf31c6152b742,STU_737914,737914,SISWA_073,Kls 9_SISWA_072,2025-09-11,SEPTEMBER,Thursday,TRUE,,NO_EXCEPTION_RECORDED,0,1,1,5,10,22,0.0,0.1,0.045455,1,29,0.034483,0,9,-0.034483,0.090909,-0.090909
rec_9bd340136c0da9f6,STU_737914,737914,SISWA_073,Kls 9_SISWA_072,2025-09-12,SEPTEMBER,Friday,TRUE,,NO_EXCEPTION_RECORDED,0,1,1,5,10,22,0.0,0.1,0.045455,1,30,0.033333,0,10,-0.033333,0.072727,-0.072727
rec_0a4caecc7f980cd3,STU_737914,737914,SISWA_073,Kls 9_SISWA_072,2025-09-13,SEPTEMBER,Saturday,FALSE,,NO_EXCEPTION_RECORDED,0,1,1,5,10,22,0.0,0.1,0.045455,1,31,0.032258,0,11,-0.032258,0.072727,-0.072727
rec_91af9cc932860343,STU_737914,737914,SISWA_073,Kls 9_SISWA_072,2025-09-14,SEPTEMBER,Sunday,FALSE,,NO_EXCEPTION_RECORDED,0,1,1,5,10,21,0.0,0.1,0.047619,1,31,0.032258,0,12,-0.032258,0.072727,-0.072727
rec_287f6374816a5eee,STU_737914,737914,SISWA_073,Kls 9_SISWA_072,2025-09-15,SEPTEMBER,Monday,TRUE,,NO_EXCEPTION_RECORDED,0,1,1,5,10,20,0.0,0.1,0.05,1,31,0.032258,0,13,-0.032258,0.072727,-0.072727
rec_4f91aa8666a864cd,STU_737914,737914,SISWA_073,Kls 9_SISWA_072,2025-09-16,SEPTEMBER,Tuesday,TRUE,,NO_EXCEPTION_RECORDED,0,1,1,5,10,21,0.0,0.1,0.047619,1,32,0.03125,0,14,-0.03125,0.072727,-0.072727
rec_805375838bd07996,STU_737914,737914,SISWA_073,Kls 9_SISWA_072,2025-09-17,SEPTEMBER,Wednesday,TRUE,,NO_EXCEPTION_RECORDED,0,0,1,5,10,22,0.0,0.0,0.045455,1,33,0.030303,0,15,-0.030303,0.036364,-0.036364
rec_ad6e18b373540bae,STU_737914,737914,SISWA_073,Kls 9_SISWA_072,2025-09-18,SEPTEMBER,Thursday,TRUE,,NO_EXCEPTION_RECORDED,0,0,1,5,10,22,0.0,0.0,0.045455,1,34,0.029412,0,16,-0.029412,0.036364,-0.036364
rec_30411415061ef436,STU_737914,737914,SISWA_073,Kls 9_SISWA_072,2025-09-19,SEPTEMBER,Friday,TRUE,,NO_EXCEPTION_RECORDED,0,0,1,5,10,22,0.0,0.0,0.045455,1,35,0.028571,0,17,-0.028571,0.036364,-0.036364
rec_ffbc15ae64db2c49,STU_737914,737914,SISWA_073,Kls 9_SISWA_072,2025-09-20,SEPTEMBER,Saturday,FALSE,,NO_EXCEPTION_RECORDED,0,0,1,5,10,22,0.0,0.0,0.045455,1,36,0.027778,0,18,-0.027778,0.054545,-0.054545
rec_4daf0211ddf798c2,STU_737914,737914,SISWA_073,Kls 9_SISWA_072,2025-09-21,SEPTEMBER,Sunday,FALSE,,NO_EXCEPTION_RECORDED,0,0,1,5,10,21,0.0,0.0,0.047619,1,36,0.027778,0,19,-0.027778,0.054545,-0.054545
rec_36db3db92c50a1d1,STU_737914,737914,SISWA_073,Kls 9_SISWA_072,2025-09-22,SEPTEMBER,Monday,TRUE,,NO_EXCEPTION_RECORDED,0,0,1,5,10,20,0.0,0.0,0.05,1,36,0.027778,0,20,-0.027778,0.054545,-0.054545
rec_a21ca3e56d208ee1,STU_737914,737914,SISWA_073,Kls 9_SISWA_072,2025-09-23,SEPTEMBER,Tuesday,TRUE,,NO_EXCEPTION_RECORDED,0,0,1,5,10,21,0.0,0.0,0.047619,1,37,0.027027,0,21,-0.027027,0.145455,-0.145455
rec_768e258b6b8153b8,STU_737914,737914,SISWA_073,Kls 9_SISWA_072,2025-09-24,SEPTEMBER,Wednesday,TRUE,,NO_EXCEPTION_RECORDED,0,0,1,5,10,22,0.0,0.0,0.045455,1,38,0.026316,0,22,-0.026316,0.236364,-0.236364
rec_e8912f6d6a7a281b,STU_737914,737914,SISWA_073,Kls 9_SISWA_072,2025-09-25,SEPTEMBER,Thursday,TRUE,,NO_EXCEPTION_RECORDED,0,0,1,5,10,22,0.0,0.0,0.045455,1,39,0.025641,0,23,-0.025641,0.309091,-0.309091
rec_9a28f73e4352a90c,STU_737914,737914,SISWA_073,Kls 9_SISWA_072,2025-09-26,SEPTEMBER,Friday,TRUE,,NO_EXCEPTION_RECORDED,0,0,1,5,10,22,0.0,0.0,0.045455,1,40,0.025,0,24,-0.025,0.345455,-0.345455
rec_d14a702ea3168b6a,STU_737914,737914,SISWA_073,Kls 9_SISWA_072,2025-09-27,SEPTEMBER,Saturday,FALSE,,NO_EXCEPTION_RECORDED,0,0,1,5,10,22,0.0,0.0,0.045455,1,41,0.02439,0,25,-0.02439,0.363636,-0.363636
rec_e1d55be0314b294e,STU_737914,737914,SISWA_073,Kls 9_SISWA_072,2025-09-28,SEPTEMBER,Sunday,FALSE,,NO_EXCEPTION_RECORDED,0,0,1,5,10,21,0.0,0.0,0.047619,1,41,0.02439,0,26,-0.02439,0.363636,-0.363636
rec_8ada09800d016647,STU_737914,737914,SISWA_073,Kls 9_SISWA_072,2025-09-29,SEPTEMBER,Monday,TRUE,,NO_EXCEPTION_RECORDED,0,0,1,5,10,20,0.0,0.0,0.05,1,41,0.02439,0,27,-0.02439,0.363636,-0.363636
rec_9b1855819aa51c68,STU_737914,737914,SISWA_073,Kls 9_SISWA_072,2025-09-30,SEPTEMBER,Tuesday,UNKNOWN,,NO_EXCEPTION_RECORDED,0,0,1,5,10,21,0.0,0.0,0.047619,1,42,0.02381,0,28,-0.02381,0.290909,-0.290909
rec_3ac46a1cb5b6935e,STU_844747,844747,SISWA_037,Kls 8_SISWA_032,2025-08-01,AGUSTUS,Friday,UNKNOWN,,NO_EXCEPTION_RECORDED,0,0,0,0,0,0,0.0,0.0,0.0,0,0,0.0,0,-1,0.0,0.0,0.0
rec_ad00f1eb21e36367,STU_844747,844747,SISWA_037,Kls 8_SISWA_032,2025-08-02,AGUSTUS,Saturday,FALSE,,NO_EXCEPTION_RECORDED,0,0,0,1,1,1,0.0,0.0,0.0,0,1,0.0,0,-1,0.0,0.0,0.0
rec_d74e4b952063c8eb,STU_844747,844747,SISWA_037,Kls 8_SISWA_032,2025-08-03,AGUSTUS,Sunday,FALSE,,NO_EXCEPTION_RECORDED,0,0,0,1,1,1,0.0,0.0,0.0,0,1,0.0,0,-1,0.0,0.0,0.0
rec_080f93fe21de2068,STU_844747,844747,SISWA_037,Kls 8_SISWA_032,2025-08-04,AGUSTUS,Monday,UNKNOWN,,NO_EXCEPTION_RECORDED,0,0,0,1,1,1,0.0,0.0,0.0,0,1,0.0,0,-1,0.0,0.0,0.0
rec_685fe9023c81889b,STU_844747,844747,SISWA_037,Kls 8_SISWA_032,2025-08-05,AGUSTUS,Tuesday,TRUE,,NO_EXCEPTION_RECORDED,0,0,0,2,2,2,0.0,0.0,0.0,0,2,0.0,0,-1,0.0,0.0,0.0
rec_a1f509287b526c09,STU_844747,844747,SISWA_037,Kls 8_SISWA_032,2025-08-06,AGUSTUS,Wednesday,UNKNOWN,,NO_EXCEPTION_RECORDED,0,0,0,3,3,3,0.0,0.0,0.0,0,3,0.0,0,-1,0.0,0.0,0.0
rec_8d36dcf58b4ed98e,STU_844747,844747,SISWA_037,Kls 8_SISWA_032,2025-08-07,AGUSTUS,Thursday,TRUE,,NO_EXCEPTION_RECORDED,0,0,0,4,4,4,0.0,0.0,0.0,0,4,0.0,0,-1,0.0,0.0,0.0
rec_fd71833cdcb111ac,STU_844747,844747,SISWA_037,Kls 8_SISWA_032,2025-08-08,AGUSTUS,Friday,TRUE,,NO_EXCEPTION_RECORDED,0,0,0,5,5,5,0.0,0.0,0.0,0,5,0.0,0,-1,0.0,0.0,0.0
rec_d5df70a7fc4733a4,STU_844747,844747,SISWA_037,Kls 8_SISWA_032,2025-08-09,AGUSTUS,Saturday,FALSE,,NO_EXCEPTION_RECORDED,0,0,0,5,6,6,0.0,0.0,0.0,0,6,0.0,0,-1,0.0,0.0,0.0
rec_321aa06376f20914,STU_844747,844747,SISWA_037,Kls 8_SISWA_032,2025-08-10,AGUSTUS,Sunday,FALSE,,NO_EXCEPTION_RECORDED,0,0,0,5,6,6,0.0,0.0,0.0,0,6,0.0,0,-1,0.0,0.0,0.0
rec_4322a3126668b797,STU_844747,844747,SISWA_037,Kls 8_SISWA_032,2025-08-11,AGUSTUS,Monday,TRUE,,NO_EXCEPTION_RECORDED,0,0,0,5,6,6,0.0,0.0,0.0,0,6,0.0,0,-1,0.0,0.0,0.0
rec_91e250c20c2e35e3,STU_844747,844747,SISWA_037,Kls 8_SISWA_032,2025-08-12,AGUSTUS,Tuesday,TRUE,,NO_EXCEPTION_RECORDED,0,0,0,5,7,7,0.0,0.0,0.0,0,7,0.0,0,-1,0.0,0.011111,-0.011111
rec_061ab09acb37deff,STU_844747,844747,SISWA_037,Kls 8_SISWA_032,2025-08-13,AGUSTUS,Wednesday,TRUE,,NO_EXCEPTION_RECORDED,0,0,0,5,8,8,0.0,0.0,0.0,0,8,0.0,0,-1,0.0,0.011111,-0.011111
rec_344b2acc756f8ea4,STU_844747,844747,SISWA_037,Kls 8_SISWA_032,2025-08-14,AGUSTUS,Thursday,UNKNOWN,,NO_EXCEPTION_RECORDED,0,0,0,5,9,9,0.0,0.0,0.0,0,9,0.0,0,-1,0.0,0.011111,-0.011111
rec_eb2decbed9849213,STU_844747,844747,SISWA_037,Kls 8_SISWA_032,2025-08-15,AGUSTUS,Friday,UNKNOWN,,NO_EXCEPTION_RECORDED,0,0,0,5,10,10,0.0,0.0,0.0,0,10,0.0,0,-1,0.0,0.011111,-0.011111
rec_e261a286c95090dc,STU_844747,844747,SISWA_037,Kls 8_SISWA_032,2025-08-16,AGUSTUS,Saturday,FALSE,,NO_EXCEPTION_RECORDED,0,0,0,5,10,11,0.0,0.0,0.0,0,11,0.0,0,-1,0.0,0.011111,-0.011111
rec_f6d056a8d7ce4804,STU_844747,844747,SISWA_037,Kls 8_SISWA_032,2025-08-17,AGUSTUS,Sunday,FALSE,,NO_EXCEPTION_RECORDED,0,0,0,5,10,11,0.0,0.0,0.0,0,11,0.0,0,-1,0.0,0.011111,-0.011111
rec_1e7e97aa028769f4,STU_844747,844747,SISWA_037,Kls 8_SISWA_032,2025-08-18,AGUSTUS,Monday,UNKNOWN,,NO_EXCEPTION_RECORDED,0,0,0,5,10,11,0.0,0.0,0.0,0,11,0.0,0,-1,0.0,0.011111,-0.011111
rec_c0a038f4e6fbac79,STU_844747,844747,SISWA_037,Kls 8_SISWA_032,2025-08-19,AGUSTUS,Tuesday,TRUE,,NO_EXCEPTION_RECORDED,0,0,0,5,10,12,0.0,0.0,0.0,0,12,0.0,0,-1,0.0,0.0,0.0
rec_dcca6694c86ade3a,STU_844747,844747,SISWA_037,Kls 8_SISWA_032,2025-08-20,AGUSTUS,Wednesday,TRUE,,NO_EXCEPTION_RECORDED,0,0,0,5,10,13,0.0,0.0,0.0,0,13,0.0,0,-1,0.0,0.011111,-0.011111
rec_8b38bc983b1f9f4f,STU_844747,844747,SISWA_037,Kls 8_SISWA_032,2025-08-21,AGUSTUS,Thursday,TRUE,,NO_EXCEPTION_RECORDED,0,0,0,5,10,14,0.0,0.0,0.0,0,14,0.0,0,-1,0.0,0.011111,-0.011111
rec_57b0edf5f3a0b956,STU_844747,844747,SISWA_037,Kls 8_SISWA_032,2025-08-22,AGUSTUS,Friday,UNKNOWN,,NO_EXCEPTION_RECORDED,0,0,0,5,10,15,0.0,0.0,0.0,0,15,0.0,0,-1,0.0,0.011111,-0.011111
rec_f324f9384a1b3a5e,STU_844747,844747,SISWA_037,Kls 8_SISWA_032,2025-08-23,AGUSTUS,Saturday,FALSE,,NO_EXCEPTION_RECORDED,0,0,0,5,10,16,0.0,0.0,0.0,0,16,0.0,0,-1,0.0,0.011111,-0.011111
rec_ce52dc6860e888f2,STU_844747,844747,SISWA_037,Kls 8_SISWA_032,2025-08-24,AGUSTUS,Sunday,FALSE,,NO_EXCEPTION_RECORDED,0,0,0,5,10,16,0.0,0.0,0.0,0,16,0.0,0,-1,0.0,0.011111,-0.011111
rec_36cc963037f581b0,STU_844747,844747,SISWA_037,Kls 8_SISWA_032,2025-08-25,AGUSTUS,Monday,TRUE,,NO_EXCEPTION_RECORDED,0,0,0,5,10,16,0.0,0.0,0.0,0,16,0.0,0,-1,0.0,0.011111,-0.011111
rec_bf32ada8479a603c,STU_844747,844747,SISWA_037,Kls 8_SISWA_032,2025-08-26,AGUSTUS,Tuesday,TRUE,,NO_EXCEPTION_RECORDED,0,0,0,5,10,17,0.0,0.0,0.0,0,17,0.0,0,-1,0.0,0.011111,-0.011111
rec_2788fbe3ce867747,STU_844747,844747,SISWA_037,Kls 8_SISWA_032,2025-08-27,AGUSTUS,Wednesday,TRUE,,NO_EXCEPTION_RECORDED,0,0,0,5,10,18,0.0,0.0,0.0,0,18,0.0,0,-1,0.0,0.011111,-0.011111
rec_64345375a742d8b0,STU_844747,844747,SISWA_037,Kls 8_SISWA_032,2025-08-28,AGUSTUS,Thursday,TRUE,i,SOURCE_MARK_I,0,0,0,5,10,19,0.0,0.0,0.0,0,19,0.0,0,-1,0.0,0.011111,-0.011111
rec_5f41beda5e735770,STU_844747,844747,SISWA_037,Kls 8_SISWA_032,2025-08-29,AGUSTUS,Friday,TRUE,,NO_EXCEPTION_RECORDED,1,1,1,5,10,20,0.2,0.1,0.05,1,20,0.05,1,1,0.15,0.011111,0.188889
rec_90f85772b38fd8cc,STU_844747,844747,SISWA_037,Kls 8_SISWA_032,2025-08-30,AGUSTUS,Saturday,FALSE,,NO_EXCEPTION_RECORDED,1,1,1,5,10,21,0.2,0.1,0.047619,1,21,0.047619,0,2,0.152381,0.011111,0.188889
rec_f70948a58c6feb4b,STU_844747,844747,SISWA_037,Kls 8_SISWA_032,2025-08-31,AGUSTUS,Sunday,FALSE,,NO_EXCEPTION_RECORDED,1,1,1,5,10,21,0.2,0.1,0.047619,1,21,0.047619,0,3,0.152381,0.011111,0.188889
rec_3399b2b2209d81ca,STU_844747,844747,SISWA_037,Kls 8_SISWA_032,2025-09-01,SEPTEMBER,Monday,TRUE,,NO_EXCEPTION_RECORDED,1,1,1,5,10,20,0.2,0.1,0.05,1,21,0.047619,0,4,0.152381,0.011111,0.188889
rec_87c1a6076559b0f8,STU_844747,844747,SISWA_037,Kls 8_SISWA_032,2025-09-02,SEPTEMBER,Tuesday,TRUE,,NO_EXCEPTION_RECORDED,1,1,1,5,10,21,0.2,0.1,0.047619,1,22,0.045455,0,5,0.154545,0.011111,0.188889
rec_b59279056160a160,STU_844747,844747,SISWA_037,Kls 8_SISWA_032,2025-09-03,SEPTEMBER,Wednesday,TRUE,,NO_EXCEPTION_RECORDED,1,1,1,5,10,22,0.2,0.1,0.045455,1,23,0.043478,0,6,0.156522,0.0,0.2
rec_eb0ad87c0e8695a6,STU_844747,844747,SISWA_037,Kls 8_SISWA_032,2025-09-04,SEPTEMBER,Thursday,TRUE,,NO_EXCEPTION_RECORDED,1,1,1,5,10,22,0.2,0.1,0.045455,1,24,0.041667,0,7,0.158333,0.0,0.2
rec_68389e3eefb8ae5c,STU_844747,844747,SISWA_037,Kls 8_SISWA_032,2025-09-05,SEPTEMBER,Friday,UNKNOWN,,NO_EXCEPTION_RECORDED,0,1,1,5,10,22,0.0,0.1,0.045455,1,25,0.04,0,8,-0.04,0.0,0.0
rec_8d33893bb04282ee,STU_844747,844747,SISWA_037,Kls 8_SISWA_032,2025-09-06,SEPTEMBER,Saturday,FALSE,,NO_EXCEPTION_RECORDED,0,1,1,5,10,22,0.0,0.1,0.045455,1,26,0.038462,0,9,-0.038462,0.0,0.0
rec_4b03b149dff0da42,STU_844747,844747,SISWA_037,Kls 8_SISWA_032,2025-09-07,SEPTEMBER,Sunday,FALSE,,NO_EXCEPTION_RECORDED,0,1,1,5,10,21,0.0,0.1,0.047619,1,26,0.038462,0,10,-0.038462,0.0,0.0
rec_b2566f7a85e34119,STU_844747,844747,SISWA_037,Kls 8_SISWA_032,2025-09-08,SEPTEMBER,Monday,TRUE,,NO_EXCEPTION_RECORDED,0,1,1,5,10,20,0.0,0.1,0.05,1,26,0.038462,0,11,-0.038462,0.0,0.0
rec_791d44baa661c4c5,STU_844747,844747,SISWA_037,Kls 8_SISWA_032,2025-09-09,SEPTEMBER,Tuesday,TRUE,,NO_EXCEPTION_RECORDED,0,1,1,5,10,21,0.0,0.1,0.047619,1,27,0.037037,0,12,-0.037037,0.0,0.0
rec_f18ec7274a8df08e,STU_844747,844747,SISWA_037,Kls 8_SISWA_032,2025-09-10,SEPTEMBER,Wednesday,TRUE,,NO_EXCEPTION_RECORDED,0,1,1,5,10,22,0.0,0.1,0.045455,1,28,0.035714,0,13,-0.035714,0.0,0.0
rec_486f414fcc4184d8,STU_844747,844747,SISWA_037,Kls 8_SISWA_032,2025-09-11,SEPTEMBER,Thursday,TRUE,,NO_EXCEPTION_RECORDED,0,1,1,5,10,22,0.0,0.1,0.045455,1,29,0.034483,0,14,-0.034483,0.011111,-0.011111
rec_d5e4c59bc253cc93,STU_844747,844747,SISWA_037,Kls 8_SISWA_032,2025-09-12,SEPTEMBER,Friday,TRUE,,NO_EXCEPTION_RECORDED,0,0,1,5,10,22,0.0,0.0,0.045455,1,30,0.033333,0,15,-0.033333,0.011111,-0.011111
rec_97ae354a14daa53d,STU_844747,844747,SISWA_037,Kls 8_SISWA_032,2025-09-13,SEPTEMBER,Saturday,FALSE,,NO_EXCEPTION_RECORDED,0,0,1,5,10,22,0.0,0.0,0.045455,1,31,0.032258,0,16,-0.032258,0.022222,-0.022222
rec_dbeaa4b28a556a4d,STU_844747,844747,SISWA_037,Kls 8_SISWA_032,2025-09-14,SEPTEMBER,Sunday,FALSE,,NO_EXCEPTION_RECORDED,0,0,1,5,10,21,0.0,0.0,0.047619,1,31,0.032258,0,17,-0.032258,0.022222,-0.022222
rec_272ffcd9eb2e4a86,STU_844747,844747,SISWA_037,Kls 8_SISWA_032,2025-09-15,SEPTEMBER,Monday,TRUE,,NO_EXCEPTION_RECORDED,0,0,1,5,10,20,0.0,0.0,0.05,1,31,0.032258,0,18,-0.032258,0.022222,-0.022222
rec_f7c8acfd091e022d,STU_844747,844747,SISWA_037,Kls 8_SISWA_032,2025-09-16,SEPTEMBER,Tuesday,TRUE,,NO_EXCEPTION_RECORDED,0,0,1,5,10,21,0.0,0.0,0.047619,1,32,0.03125,0,19,-0.03125,0.044444,-0.044444
rec_0557fb448f657543,STU_844747,844747,SISWA_037,Kls 8_SISWA_032,2025-09-17,SEPTEMBER,Wednesday,TRUE,,NO_EXCEPTION_RECORDED,0,0,1,5,10,22,0.0,0.0,0.045455,1,33,0.030303,0,20,-0.030303,0.055556,-0.055556
rec_68e898080dc2a219,STU_844747,844747,SISWA_037,Kls 8_SISWA_032,2025-09-18,SEPTEMBER,Thursday,TRUE,,NO_EXCEPTION_RECORDED,0,0,1,5,10,22,0.0,0.0,0.045455,1,34,0.029412,0,21,-0.029412,0.044444,-0.044444
rec_19d25052834d931c,STU_844747,844747,SISWA_037,Kls 8_SISWA_032,2025-09-19,SEPTEMBER,Friday,TRUE,,NO_EXCEPTION_RECORDED,0,0,1,5,10,22,0.0,0.0,0.045455,1,35,0.028571,0,22,-0.028571,0.044444,-0.044444
rec_2f3f029c0b2fab9f,STU_844747,844747,SISWA_037,Kls 8_SISWA_032,2025-09-20,SEPTEMBER,Saturday,FALSE,,NO_EXCEPTION_RECORDED,0,0,1,5,10,22,0.0,0.0,0.045455,1,36,0.027778,0,23,-0.027778,0.033333,-0.033333
rec_ce8cbcd580fd4575,STU_844747,844747,SISWA_037,Kls 8_SISWA_032,2025-09-21,SEPTEMBER,Sunday,FALSE,,NO_EXCEPTION_RECORDED,0,0,1,5,10,21,0.0,0.0,0.047619,1,36,0.027778,0,24,-0.027778,0.033333,-0.033333
rec_445e1282a48dc958,STU_844747,844747,SISWA_037,Kls 8_SISWA_032,2025-09-22,SEPTEMBER,Monday,TRUE,,NO_EXCEPTION_RECORDED,0,0,1,5,10,20,0.0,0.0,0.05,1,36,0.027778,0,25,-0.027778,0.033333,-0.033333
rec_973b49f80c70e36c,STU_844747,844747,SISWA_037,Kls 8_SISWA_032,2025-09-23,SEPTEMBER,Tuesday,TRUE,,NO_EXCEPTION_RECORDED,0,0,1,5,10,21,0.0,0.0,0.047619,1,37,0.027027,0,26,-0.027027,0.011111,-0.011111
rec_2b4b7c8d6607be3c,STU_844747,844747,SISWA_037,Kls 8_SISWA_032,2025-09-24,SEPTEMBER,Wednesday,TRUE,,NO_EXCEPTION_RECORDED,0,0,1,5,10,22,0.0,0.0,0.045455,1,38,0.026316,0,27,-0.026316,0.0,0.0
rec_ef6651fe013f2095,STU_844747,844747,SISWA_037,Kls 8_SISWA_032,2025-09-25,SEPTEMBER,Thursday,TRUE,,NO_EXCEPTION_RECORDED,0,0,1,5,10,22,0.0,0.0,0.045455,1,39,0.025641,0,28,-0.025641,0.0,0.0
rec_76600a43c1274fd9,STU_844747,844747,SISWA_037,Kls 8_SISWA_032,2025-09-26,SEPTEMBER,Friday,TRUE,,NO_EXCEPTION_RECORDED,0,0,1,5,10,22,0.0,0.0,0.045455,1,40,0.025,0,29,-0.025,0.0,0.0
rec_673e2533550e0ff5,STU_844747,844747,SISWA_037,Kls 8_SISWA_032,2025-09-27,SEPTEMBER,Saturday,FALSE,,NO_EXCEPTION_RECORDED,0,0,1,5,10,22,0.0,0.0,0.045455,1,41,0.02439,0,30,-0.02439,0.011111,-0.011111
rec_7f544db5f4ede429,STU_844747,844747,SISWA_037,Kls 8_SISWA_032,2025-09-28,SEPTEMBER,Sunday,FALSE,,NO_EXCEPTION_RECORDED,0,0,0,5,10,21,0.0,0.0,0.0,1,41,0.02439,0,31,-0.02439,0.011111,-0.011111
rec_03b5c021912b8e34,STU_844747,844747,SISWA_037,Kls 8_SISWA_032,2025-09-29,SEPTEMBER,Monday,TRUE,,NO_EXCEPTION_RECORDED,0,0,0,5,10,20,0.0,0.0,0.0,1,41,0.02439,0,32,-0.02439,0.011111,-0.011111
rec_7f0bfc0ceddbdf84,STU_844747,844747,SISWA_037,Kls 8_SISWA_032,2025-09-30,SEPTEMBER,Tuesday,UNKNOWN,,NO_EXCEPTION_RECORDED,0,0,0,5,10,21,0.0,0.0,0.0,1,42,0.02381,0,33,-0.02381,0.022222,-0.022222
rec_57f33ddc6f1080a2,STU_933685,933685,SISWA_092,Kls 9_SISWA_085,2025-08-01,AGUSTUS,Friday,UNKNOWN,,NO_EXCEPTION_RECORDED,0,0,0,0,0,0,0.0,0.0,0.0,0,0,0.0,0,-1,0.0,0.0,0.0
rec_f528ad9dd606430e,STU_933685,933685,SISWA_092,Kls 9_SISWA_085,2025-08-02,AGUSTUS,Saturday,FALSE,,NO_EXCEPTION_RECORDED,0,0,0,1,1,1,0.0,0.0,0.0,0,1,0.0,0,-1,0.0,0.0,0.0
rec_ec3996abcfcbf827,STU_933685,933685,SISWA_092,Kls 9_SISWA_085,2025-08-03,AGUSTUS,Sunday,FALSE,,NO_EXCEPTION_RECORDED,0,0,0,1,1,1,0.0,0.0,0.0,0,1,0.0,0,-1,0.0,0.0,0.0
rec_35348bf8b551dad9,STU_933685,933685,SISWA_092,Kls 9_SISWA_085,2025-08-04,AGUSTUS,Monday,UNKNOWN,,NO_EXCEPTION_RECORDED,0,0,0,1,1,1,0.0,0.0,0.0,0,1,0.0,0,-1,0.0,0.0,0.0
rec_6478b9c6f38ba040,STU_933685,933685,SISWA_092,Kls 9_SISWA_085,2025-08-05,AGUSTUS,Tuesday,TRUE,,NO_EXCEPTION_RECORDED,0,0,0,2,2,2,0.0,0.0,0.0,0,2,0.0,0,-1,0.0,0.0,0.0
rec_9bb7899a875af947,STU_933685,933685,SISWA_092,Kls 9_SISWA_085,2025-08-06,AGUSTUS,Wednesday,UNKNOWN,,NO_EXCEPTION_RECORDED,0,0,0,3,3,3,0.0,0.0,0.0,0,3,0.0,0,-1,0.0,0.033333,-0.033333
rec_824cc2aa3847d5b4,STU_933685,933685,SISWA_092,Kls 9_SISWA_085,2025-08-07,AGUSTUS,Thursday,TRUE,,NO_EXCEPTION_RECORDED,0,0,0,4,4,4,0.0,0.0,0.0,0,4,0.0,0,-1,0.0,0.025,-0.025
rec_5e8b2b1628362f81,STU_933685,933685,SISWA_092,Kls 9_SISWA_085,2025-08-08,AGUSTUS,Friday,TRUE,,NO_EXCEPTION_RECORDED,0,0,0,5,5,5,0.0,0.0,0.0,0,5,0.0,0,-1,0.0,0.04,-0.04
rec_e4bb6718e5960b5f,STU_933685,933685,SISWA_092,Kls 9_SISWA_085,2025-08-09,AGUSTUS,Saturday,FALSE,,NO_EXCEPTION_RECORDED,0,0,0,5,6,6,0.0,0.0,0.0,0,6,0.0,0,-1,0.0,0.06,-0.06
rec_4489d151fb57d966,STU_933685,933685,SISWA_092,Kls 9_SISWA_085,2025-08-10,AGUSTUS,Sunday,FALSE,,NO_EXCEPTION_RECORDED,0,0,0,5,6,6,0.0,0.0,0.0,0,6,0.0,0,-1,0.0,0.06,-0.06
rec_8328a8a5cc0e98ad,STU_933685,933685,SISWA_092,Kls 9_SISWA_085,2025-08-11,AGUSTUS,Monday,TRUE,,NO_EXCEPTION_RECORDED,0,0,0,5,6,6,0.0,0.0,0.0,0,6,0.0,0,-1,0.0,0.06,-0.06
rec_ed49b48fcead77d3,STU_933685,933685,SISWA_092,Kls 9_SISWA_085,2025-08-12,AGUSTUS,Tuesday,TRUE,,NO_EXCEPTION_RECORDED,0,0,0,5,7,7,0.0,0.0,0.0,0,7,0.0,0,-1,0.0,0.06,-0.06
rec_0a463dd61ab33118,STU_933685,933685,SISWA_092,Kls 9_SISWA_085,2025-08-13,AGUSTUS,Wednesday,TRUE,,NO_EXCEPTION_RECORDED,0,0,0,5,8,8,0.0,0.0,0.0,0,8,0.0,0,-1,0.0,0.04,-0.04
rec_fdb3069631bb2a33,STU_933685,933685,SISWA_092,Kls 9_SISWA_085,2025-08-14,AGUSTUS,Thursday,UNKNOWN,,NO_EXCEPTION_RECORDED,0,0,0,5,9,9,0.0,0.0,0.0,0,9,0.0,0,-1,0.0,0.04,-0.04
rec_7756fa6627b4e7e9,STU_933685,933685,SISWA_092,Kls 9_SISWA_085,2025-08-15,AGUSTUS,Friday,UNKNOWN,,NO_EXCEPTION_RECORDED,0,0,0,5,10,10,0.0,0.0,0.0,0,10,0.0,0,-1,0.0,0.02,-0.02
rec_fddd4af9a1ada42d,STU_933685,933685,SISWA_092,Kls 9_SISWA_085,2025-08-16,AGUSTUS,Saturday,FALSE,,NO_EXCEPTION_RECORDED,0,0,0,5,10,11,0.0,0.0,0.0,0,11,0.0,0,-1,0.0,0.0,0.0
rec_da418cd46529f01d,STU_933685,933685,SISWA_092,Kls 9_SISWA_085,2025-08-17,AGUSTUS,Sunday,FALSE,,NO_EXCEPTION_RECORDED,0,0,0,5,10,11,0.0,0.0,0.0,0,11,0.0,0,-1,0.0,0.0,0.0
rec_da34f238d34aa6fb,STU_933685,933685,SISWA_092,Kls 9_SISWA_085,2025-08-18,AGUSTUS,Monday,UNKNOWN,,NO_EXCEPTION_RECORDED,0,0,0,5,10,11,0.0,0.0,0.0,0,11,0.0,0,-1,0.0,0.0,0.0
rec_35231e9af59abf22,STU_933685,933685,SISWA_092,Kls 9_SISWA_085,2025-08-19,AGUSTUS,Tuesday,TRUE,,NO_EXCEPTION_RECORDED,0,0,0,5,10,12,0.0,0.0,0.0,0,12,0.0,0,-1,0.0,0.0,0.0
rec_132d364f1e778a70,STU_933685,933685,SISWA_092,Kls 9_SISWA_085,2025-08-20,AGUSTUS,Wednesday,TRUE,,NO_EXCEPTION_RECORDED,0,0,0,5,10,13,0.0,0.0,0.0,0,13,0.0,0,-1,0.0,0.0,0.0
rec_eab965ad7d2ba7fd,STU_933685,933685,SISWA_092,Kls 9_SISWA_085,2025-08-21,AGUSTUS,Thursday,TRUE,,NO_EXCEPTION_RECORDED,0,0,0,5,10,14,0.0,0.0,0.0,0,14,0.0,0,-1,0.0,0.0,0.0
rec_20426a7934ca9fd4,STU_933685,933685,SISWA_092,Kls 9_SISWA_085,2025-08-22,AGUSTUS,Friday,UNKNOWN,,NO_EXCEPTION_RECORDED,0,0,0,5,10,15,0.0,0.0,0.0,0,15,0.0,0,-1,0.0,0.04,-0.04
rec_6333733b3c90a108,STU_933685,933685,SISWA_092,Kls 9_SISWA_085,2025-08-23,AGUSTUS,Saturday,FALSE,,NO_EXCEPTION_RECORDED,0,0,0,5,10,16,0.0,0.0,0.0,0,16,0.0,0,-1,0.0,0.04,-0.04
rec_802cb83674e099d4,STU_933685,933685,SISWA_092,Kls 9_SISWA_085,2025-08-24,AGUSTUS,Sunday,FALSE,,NO_EXCEPTION_RECORDED,0,0,0,5,10,16,0.0,0.0,0.0,0,16,0.0,0,-1,0.0,0.04,-0.04
rec_376063a07c060562,STU_933685,933685,SISWA_092,Kls 9_SISWA_085,2025-08-25,AGUSTUS,Monday,TRUE,,NO_EXCEPTION_RECORDED,0,0,0,5,10,16,0.0,0.0,0.0,0,16,0.0,0,-1,0.0,0.04,-0.04
rec_89edee1cba3e9b34,STU_933685,933685,SISWA_092,Kls 9_SISWA_085,2025-08-26,AGUSTUS,Tuesday,TRUE,,NO_EXCEPTION_RECORDED,0,0,0,5,10,17,0.0,0.0,0.0,0,17,0.0,0,-1,0.0,0.04,-0.04
rec_21e61aeead7c1651,STU_933685,933685,SISWA_092,Kls 9_SISWA_085,2025-08-27,AGUSTUS,Wednesday,TRUE,,NO_EXCEPTION_RECORDED,0,0,0,5,10,18,0.0,0.0,0.0,0,18,0.0,0,-1,0.0,0.04,-0.04
rec_180eee74416ed51f,STU_933685,933685,SISWA_092,Kls 9_SISWA_085,2025-08-28,AGUSTUS,Thursday,TRUE,,NO_EXCEPTION_RECORDED,0,0,0,5,10,19,0.0,0.0,0.0,0,19,0.0,0,-1,0.0,0.04,-0.04
rec_9243f19357cfbfc0,STU_933685,933685,SISWA_092,Kls 9_SISWA_085,2025-08-29,AGUSTUS,Friday,TRUE,,NO_EXCEPTION_RECORDED,0,0,0,5,10,20,0.0,0.0,0.0,0,20,0.0,0,-1,0.0,0.0,0.0
rec_2938c742100bdf49,STU_933685,933685,SISWA_092,Kls 9_SISWA_085,2025-08-30,AGUSTUS,Saturday,FALSE,,NO_EXCEPTION_RECORDED,0,0,0,5,10,21,0.0,0.0,0.0,0,21,0.0,0,-1,0.0,0.0,0.0
rec_d1f68876416f034e,STU_933685,933685,SISWA_092,Kls 9_SISWA_085,2025-08-31,AGUSTUS,Sunday,FALSE,,NO_EXCEPTION_RECORDED,0,0,0,5,10,21,0.0,0.0,0.0,0,21,0.0,0,-1,0.0,0.0,0.0
rec_4b63761ff8b106f8,STU_933685,933685,SISWA_092,Kls 9_SISWA_085,2025-09-01,SEPTEMBER,Monday,TRUE,,NO_EXCEPTION_RECORDED,0,0,0,5,10,20,0.0,0.0,0.0,0,21,0.0,0,-1,0.0,0.0,0.0
rec_ac8ed1d84d0c8cbc,STU_933685,933685,SISWA_092,Kls 9_SISWA_085,2025-09-02,SEPTEMBER,Tuesday,TRUE,,NO_EXCEPTION_RECORDED,0,0,0,5,10,21,0.0,0.0,0.0,0,22,0.0,0,-1,0.0,0.020408,-0.020408
rec_c3403f6e7ebdad33,STU_933685,933685,SISWA_092,Kls 9_SISWA_085,2025-09-03,SEPTEMBER,Wednesday,TRUE,,NO_EXCEPTION_RECORDED,0,0,0,5,10,22,0.0,0.0,0.0,0,23,0.0,0,-1,0.0,0.020833,-0.020833
rec_dfbc4d337c5e22be,STU_933685,933685,SISWA_092,Kls 9_SISWA_085,2025-09-04,SEPTEMBER,Thursday,TRUE,,NO_EXCEPTION_RECORDED,0,0,0,5,10,22,0.0,0.0,0.0,0,24,0.0,0,-1,0.0,0.021277,-0.021277
rec_0c655c11e280ae7e,STU_933685,933685,SISWA_092,Kls 9_SISWA_085,2025-09-05,SEPTEMBER,Friday,UNKNOWN,,NO_EXCEPTION_RECORDED,0,0,0,5,10,22,0.0,0.0,0.0,0,25,0.0,0,-1,0.0,0.021739,-0.021739
rec_ea94facb1fa52648,STU_933685,933685,SISWA_092,Kls 9_SISWA_085,2025-09-06,SEPTEMBER,Saturday,FALSE,,NO_EXCEPTION_RECORDED,0,0,0,5,10,22,0.0,0.0,0.0,0,26,0.0,0,-1,0.0,0.022222,-0.022222
rec_b2c9151f35068a46,STU_933685,933685,SISWA_092,Kls 9_SISWA_085,2025-09-07,SEPTEMBER,Sunday,FALSE,,NO_EXCEPTION_RECORDED,0,0,0,5,10,21,0.0,0.0,0.0,0,26,0.0,0,-1,0.0,0.022222,-0.022222
rec_0cb8ccb4112d7b52,STU_933685,933685,SISWA_092,Kls 9_SISWA_085,2025-09-08,SEPTEMBER,Monday,TRUE,s,SOURCE_MARK_S,0,0,0,5,10,20,0.0,0.0,0.0,0,26,0.0,0,-1,0.0,0.022222,-0.022222
rec_f304f41a171b82de,STU_933685,933685,SISWA_092,Kls 9_SISWA_085,2025-09-09,SEPTEMBER,Tuesday,TRUE,,NO_EXCEPTION_RECORDED,1,1,1,5,10,21,0.2,0.1,0.047619,1,27,0.037037,1,1,0.162963,0.022222,0.177778
rec_aaa27c977b4c7675,STU_933685,933685,SISWA_092,Kls 9_SISWA_085,2025-09-10,SEPTEMBER,Wednesday,TRUE,,NO_EXCEPTION_RECORDED,1,1,1,5,10,22,0.2,0.1,0.045455,1,28,0.035714,0,2,0.164286,0.022222,0.177778
rec_4984deb593c1cd95,STU_933685,933685,SISWA_092,Kls 9_SISWA_085,2025-09-11,SEPTEMBER,Thursday,TRUE,,NO_EXCEPTION_RECORDED,1,1,1,5,10,22,0.2,0.1,0.045455,1,29,0.034483,0,3,0.165517,0.022222,0.177778
rec_17cef04732bfa454,STU_933685,933685,SISWA_092,Kls 9_SISWA_085,2025-09-12,SEPTEMBER,Friday,TRUE,,NO_EXCEPTION_RECORDED,1,1,1,5,10,22,0.2,0.1,0.045455,1,30,0.033333,0,4,0.166667,0.022222,0.177778
rec_3be4ba918c50a17c,STU_933685,933685,SISWA_092,Kls 9_SISWA_085,2025-09-13,SEPTEMBER,Saturday,FALSE,,NO_EXCEPTION_RECORDED,1,1,1,5,10,22,0.2,0.1,0.045455,1,31,0.032258,0,5,0.167742,0.022222,0.177778
rec_ba3098eb7c3911f1,STU_933685,933685,SISWA_092,Kls 9_SISWA_085,2025-09-14,SEPTEMBER,Sunday,FALSE,,NO_EXCEPTION_RECORDED,1,1,1,5,10,21,0.2,0.1,0.047619,1,31,0.032258,0,6,0.167742,0.022222,0.177778
rec_ef97207a0da9f3e0,STU_933685,933685,SISWA_092,Kls 9_SISWA_085,2025-09-15,SEPTEMBER,Monday,TRUE,,NO_EXCEPTION_RECORDED,1,1,1,5,10,20,0.2,0.1,0.05,1,31,0.032258,0,7,0.167742,0.022222,0.177778
rec_27b6fbee8dd00636,STU_933685,933685,SISWA_092,Kls 9_SISWA_085,2025-09-16,SEPTEMBER,Tuesday,TRUE,,NO_EXCEPTION_RECORDED,0,1,1,5,10,21,0.0,0.1,0.047619,1,32,0.03125,0,8,-0.03125,0.0,0.0
rec_64da97f8f11d1ba1,STU_933685,933685,SISWA_092,Kls 9_SISWA_085,2025-09-17,SEPTEMBER,Wednesday,TRUE,,NO_EXCEPTION_RECORDED,0,1,1,5,10,22,0.0,0.1,0.045455,1,33,0.030303,0,9,-0.030303,0.0,0.0
rec_7abff5eeb6d1b569,STU_933685,933685,SISWA_092,Kls 9_SISWA_085,2025-09-18,SEPTEMBER,Thursday,TRUE,,NO_EXCEPTION_RECORDED,0,1,1,5,10,22,0.0,0.1,0.045455,1,34,0.029412,0,10,-0.029412,0.0,0.0
rec_8c433b7a7713f13d,STU_933685,933685,SISWA_092,Kls 9_SISWA_085,2025-09-19,SEPTEMBER,Friday,TRUE,,NO_EXCEPTION_RECORDED,0,1,1,5,10,22,0.0,0.1,0.045455,1,35,0.028571,0,11,-0.028571,0.0,0.0
rec_d7d57d1ea977589c,STU_933685,933685,SISWA_092,Kls 9_SISWA_085,2025-09-20,SEPTEMBER,Saturday,FALSE,,NO_EXCEPTION_RECORDED,0,1,1,5,10,22,0.0,0.1,0.045455,1,36,0.027778,0,12,-0.027778,0.0,0.0
rec_24fa1be4113966e1,STU_933685,933685,SISWA_092,Kls 9_SISWA_085,2025-09-21,SEPTEMBER,Sunday,FALSE,,NO_EXCEPTION_RECORDED,0,1,1,5,10,21,0.0,0.1,0.047619,1,36,0.027778,0,13,-0.027778,0.0,0.0
rec_99aef6497f6b9fb5,STU_933685,933685,SISWA_092,Kls 9_SISWA_085,2025-09-22,SEPTEMBER,Monday,TRUE,,NO_EXCEPTION_RECORDED,0,1,1,5,10,20,0.0,0.1,0.05,1,36,0.027778,0,14,-0.027778,0.0,0.0
rec_c72f23cbf02a0954,STU_933685,933685,SISWA_092,Kls 9_SISWA_085,2025-09-23,SEPTEMBER,Tuesday,TRUE,,NO_EXCEPTION_RECORDED,0,0,1,5,10,21,0.0,0.0,0.047619,1,37,0.027027,0,15,-0.027027,0.0,0.0
rec_c0bf40c1912f24c8,STU_933685,933685,SISWA_092,Kls 9_SISWA_085,2025-09-24,SEPTEMBER,Wednesday,TRUE,,NO_EXCEPTION_RECORDED,0,0,1,5,10,22,0.0,0.0,0.045455,1,38,0.026316,0,16,-0.026316,0.044444,-0.044444
rec_6578f7d0e0d52f64,STU_933685,933685,SISWA_092,Kls 9_SISWA_085,2025-09-25,SEPTEMBER,Thursday,TRUE,,NO_EXCEPTION_RECORDED,0,0,1,5,10,22,0.0,0.0,0.045455,1,39,0.025641,0,17,-0.025641,0.066667,-0.066667
rec_fcbad2d9141503de,STU_933685,933685,SISWA_092,Kls 9_SISWA_085,2025-09-26,SEPTEMBER,Friday,TRUE,,NO_EXCEPTION_RECORDED,0,0,1,5,10,22,0.0,0.0,0.045455,1,40,0.025,0,18,-0.025,0.111111,-0.111111
rec_2566992ed0ce4272,STU_933685,933685,SISWA_092,Kls 9_SISWA_085,2025-09-27,SEPTEMBER,Saturday,FALSE,,NO_EXCEPTION_RECORDED,0,0,1,5,10,22,0.0,0.0,0.045455,1,41,0.02439,0,19,-0.02439,0.133333,-0.133333
rec_d1dfc9e732b9459d,STU_933685,933685,SISWA_092,Kls 9_SISWA_085,2025-09-28,SEPTEMBER,Sunday,FALSE,,NO_EXCEPTION_RECORDED,0,0,1,5,10,21,0.0,0.0,0.047619,1,41,0.02439,0,20,-0.02439,0.133333,-0.133333
rec_dd5c217e18bddb7a,STU_933685,933685,SISWA_092,Kls 9_SISWA_085,2025-09-29,SEPTEMBER,Monday,TRUE,,NO_EXCEPTION_RECORDED,0,0,1,5,10,20,0.0,0.0,0.05,1,41,0.02439,0,21,-0.02439,0.133333,-0.133333
rec_43e72f52df52b06a,STU_933685,933685,SISWA_092,Kls 9_SISWA_085,2025-09-30,SEPTEMBER,Tuesday,UNKNOWN,,NO_EXCEPTION_RECORDED,0,0,1,5,10,21,0.0,0.0,0.047619,1,42,0.02381,0,22,-0.02381,0.133333,-0.133333
rec_6f3a0c03c19e1257,STU_954013,954013,SISWA_026,Kls 7_SISWA_017,2025-08-01,AGUSTUS,Friday,UNKNOWN,,NO_EXCEPTION_RECORDED,0,0,0,0,0,0,0.0,0.0,0.0,0,0,0.0,0,-1,0.0,0.0,0.0
rec_aab5b368cd1c43db,STU_954013,954013,SISWA_026,Kls 7_SISWA_017,2025-08-02,AGUSTUS,Saturday,FALSE,,NO_EXCEPTION_RECORDED,0,0,0,1,1,1,0.0,0.0,0.0,0,1,0.0,0,-1,0.0,0.0,0.0
rec_f453587c640e835e,STU_954013,954013,SISWA_026,Kls 7_SISWA_017,2025-08-03,AGUSTUS,Sunday,FALSE,,NO_EXCEPTION_RECORDED,0,0,0,1,1,1,0.0,0.0,0.0,0,1,0.0,0,-1,0.0,0.0,0.0
rec_6bce32d26ca7f622,STU_954013,954013,SISWA_026,Kls 7_SISWA_017,2025-08-04,AGUSTUS,Monday,UNKNOWN,,NO_EXCEPTION_RECORDED,0,0,0,1,1,1,0.0,0.0,0.0,0,1,0.0,0,-1,0.0,0.0,0.0
rec_32d43dde789c15d2,STU_954013,954013,SISWA_026,Kls 7_SISWA_017,2025-08-05,AGUSTUS,Tuesday,TRUE,,NO_EXCEPTION_RECORDED,0,0,0,2,2,2,0.0,0.0,0.0,0,2,0.0,0,-1,0.0,0.0,0.0
rec_3edd8c2a5ac02dca,STU_954013,954013,SISWA_026,Kls 7_SISWA_017,2025-08-06,AGUSTUS,Wednesday,UNKNOWN,,NO_EXCEPTION_RECORDED,0,0,0,3,3,3,0.0,0.0,0.0,0,3,0.0,0,-1,0.0,0.0,0.0
rec_8e116711fdb1396e,STU_954013,954013,SISWA_026,Kls 7_SISWA_017,2025-08-07,AGUSTUS,Thursday,TRUE,,NO_EXCEPTION_RECORDED,0,0,0,4,4,4,0.0,0.0,0.0,0,4,0.0,0,-1,0.0,0.0,0.0
rec_039ac50e21870f38,STU_954013,954013,SISWA_026,Kls 7_SISWA_017,2025-08-08,AGUSTUS,Friday,TRUE,,NO_EXCEPTION_RECORDED,0,0,0,5,5,5,0.0,0.0,0.0,0,5,0.0,0,-1,0.0,0.0,0.0
rec_62c582d49473b24f,STU_954013,954013,SISWA_026,Kls 7_SISWA_017,2025-08-09,AGUSTUS,Saturday,FALSE,,NO_EXCEPTION_RECORDED,0,0,0,5,6,6,0.0,0.0,0.0,0,6,0.0,0,-1,0.0,0.0,0.0
rec_7c320c7f224d2e4d,STU_954013,954013,SISWA_026,Kls 7_SISWA_017,2025-08-10,AGUSTUS,Sunday,FALSE,,NO_EXCEPTION_RECORDED,0,0,0,5,6,6,0.0,0.0,0.0,0,6,0.0,0,-1,0.0,0.0,0.0
rec_6a9378fac281ff25,STU_954013,954013,SISWA_026,Kls 7_SISWA_017,2025-08-11,AGUSTUS,Monday,TRUE,,NO_EXCEPTION_RECORDED,0,0,0,5,6,6,0.0,0.0,0.0,0,6,0.0,0,-1,0.0,0.0,0.0
rec_8b5d8736033a0b1c,STU_954013,954013,SISWA_026,Kls 7_SISWA_017,2025-08-12,AGUSTUS,Tuesday,TRUE,,NO_EXCEPTION_RECORDED,0,0,0,5,7,7,0.0,0.0,0.0,0,7,0.0,0,-1,0.0,0.0,0.0
rec_aff7159c472363e6,STU_954013,954013,SISWA_026,Kls 7_SISWA_017,2025-08-13,AGUSTUS,Wednesday,TRUE,,NO_EXCEPTION_RECORDED,0,0,0,5,8,8,0.0,0.0,0.0,0,8,0.0,0,-1,0.0,0.0,0.0
rec_ce99c4f45740589f,STU_954013,954013,SISWA_026,Kls 7_SISWA_017,2025-08-14,AGUSTUS,Thursday,UNKNOWN,,NO_EXCEPTION_RECORDED,0,0,0,5,9,9,0.0,0.0,0.0,0,9,0.0,0,-1,0.0,0.0,0.0
rec_0e2302bd5a264556,STU_954013,954013,SISWA_026,Kls 7_SISWA_017,2025-08-15,AGUSTUS,Friday,UNKNOWN,,NO_EXCEPTION_RECORDED,0,0,0,5,10,10,0.0,0.0,0.0,0,10,0.0,0,-1,0.0,0.0,0.0
rec_b96ae9b3bef38bb5,STU_954013,954013,SISWA_026,Kls 7_SISWA_017,2025-08-16,AGUSTUS,Saturday,FALSE,,NO_EXCEPTION_RECORDED,0,0,0,5,10,11,0.0,0.0,0.0,0,11,0.0,0,-1,0.0,0.0,0.0
rec_fe65bdf88b703f04,STU_954013,954013,SISWA_026,Kls 7_SISWA_017,2025-08-17,AGUSTUS,Sunday,FALSE,,NO_EXCEPTION_RECORDED,0,0,0,5,10,11,0.0,0.0,0.0,0,11,0.0,0,-1,0.0,0.0,0.0
rec_9e0dbcafdec4ad5a,STU_954013,954013,SISWA_026,Kls 7_SISWA_017,2025-08-18,AGUSTUS,Monday,UNKNOWN,,NO_EXCEPTION_RECORDED,0,0,0,5,10,11,0.0,0.0,0.0,0,11,0.0,0,-1,0.0,0.0,0.0
rec_77229ce3ec0d1c65,STU_954013,954013,SISWA_026,Kls 7_SISWA_017,2025-08-19,AGUSTUS,Tuesday,TRUE,,NO_EXCEPTION_RECORDED,0,0,0,5,10,12,0.0,0.0,0.0,0,12,0.0,0,-1,0.0,0.0,0.0
rec_73be88f79bc642a8,STU_954013,954013,SISWA_026,Kls 7_SISWA_017,2025-08-20,AGUSTUS,Wednesday,TRUE,,NO_EXCEPTION_RECORDED,0,0,0,5,10,13,0.0,0.0,0.0,0,13,0.0,0,-1,0.0,0.0,0.0
rec_2b6449cc97c56927,STU_954013,954013,SISWA_026,Kls 7_SISWA_017,2025-08-21,AGUSTUS,Thursday,TRUE,,NO_EXCEPTION_RECORDED,0,0,0,5,10,14,0.0,0.0,0.0,0,14,0.0,0,-1,0.0,0.0,0.0
rec_239c6ff882f9ed31,STU_954013,954013,SISWA_026,Kls 7_SISWA_017,2025-08-22,AGUSTUS,Friday,UNKNOWN,,NO_EXCEPTION_RECORDED,0,0,0,5,10,15,0.0,0.0,0.0,0,15,0.0,0,-1,0.0,0.0,0.0
rec_85ca4abc085c9a4a,STU_954013,954013,SISWA_026,Kls 7_SISWA_017,2025-08-23,AGUSTUS,Saturday,FALSE,,NO_EXCEPTION_RECORDED,0,0,0,5,10,16,0.0,0.0,0.0,0,16,0.0,0,-1,0.0,0.0,0.0
rec_3f85bc51166d9244,STU_954013,954013,SISWA_026,Kls 7_SISWA_017,2025-08-24,AGUSTUS,Sunday,FALSE,,NO_EXCEPTION_RECORDED,0,0,0,5,10,16,0.0,0.0,0.0,0,16,0.0,0,-1,0.0,0.0,0.0
rec_76ffbf91bdcf5943,STU_954013,954013,SISWA_026,Kls 7_SISWA_017,2025-08-25,AGUSTUS,Monday,TRUE,,NO_EXCEPTION_RECORDED,0,0,0,5,10,16,0.0,0.0,0.0,0,16,0.0,0,-1,0.0,0.0,0.0
rec_112546650d3709a6,STU_954013,954013,SISWA_026,Kls 7_SISWA_017,2025-08-26,AGUSTUS,Tuesday,TRUE,,NO_EXCEPTION_RECORDED,0,0,0,5,10,17,0.0,0.0,0.0,0,17,0.0,0,-1,0.0,0.030769,-0.030769
rec_944d29b52f68517b,STU_954013,954013,SISWA_026,Kls 7_SISWA_017,2025-08-27,AGUSTUS,Wednesday,TRUE,,NO_EXCEPTION_RECORDED,0,0,0,5,10,18,0.0,0.0,0.0,0,18,0.0,0,-1,0.0,0.046154,-0.046154
rec_1d97353e5714d1ad,STU_954013,954013,SISWA_026,Kls 7_SISWA_017,2025-08-28,AGUSTUS,Thursday,TRUE,,NO_EXCEPTION_RECORDED,0,0,0,5,10,19,0.0,0.0,0.0,0,19,0.0,0,-1,0.0,0.061538,-0.061538
rec_9573b26f6554ecf0,STU_954013,954013,SISWA_026,Kls 7_SISWA_017,2025-08-29,AGUSTUS,Friday,TRUE,,NO_EXCEPTION_RECORDED,0,0,0,5,10,20,0.0,0.0,0.0,0,20,0.0,0,-1,0.0,0.061538,-0.061538
rec_37516b2a5eb146a8,STU_954013,954013,SISWA_026,Kls 7_SISWA_017,2025-08-30,AGUSTUS,Saturday,FALSE,,NO_EXCEPTION_RECORDED,0,0,0,5,10,21,0.0,0.0,0.0,0,21,0.0,0,-1,0.0,0.076923,-0.076923
rec_c25efbbd09b76563,STU_954013,954013,SISWA_026,Kls 7_SISWA_017,2025-08-31,AGUSTUS,Sunday,FALSE,,NO_EXCEPTION_RECORDED,0,0,0,5,10,21,0.0,0.0,0.0,0,21,0.0,0,-1,0.0,0.076923,-0.076923
rec_7646902f5c0762e8,STU_954013,954013,SISWA_026,Kls 7_SISWA_017,2025-09-01,SEPTEMBER,Monday,TRUE,,NO_EXCEPTION_RECORDED,0,0,0,5,10,20,0.0,0.0,0.0,0,21,0.0,0,-1,0.0,0.076923,-0.076923
rec_1bd18411ba40eaec,STU_954013,954013,SISWA_026,Kls 7_SISWA_017,2025-09-02,SEPTEMBER,Tuesday,TRUE,,NO_EXCEPTION_RECORDED,0,0,0,5,10,21,0.0,0.0,0.0,0,22,0.0,0,-1,0.0,0.046154,-0.046154
rec_0a38eb93caae45a0,STU_954013,954013,SISWA_026,Kls 7_SISWA_017,2025-09-03,SEPTEMBER,Wednesday,TRUE,,NO_EXCEPTION_RECORDED,0,0,0,5,10,22,0.0,0.0,0.0,0,23,0.0,0,-1,0.0,0.030769,-0.030769
rec_f523a90d14504d4b,STU_954013,954013,SISWA_026,Kls 7_SISWA_017,2025-09-04,SEPTEMBER,Thursday,TRUE,,NO_EXCEPTION_RECORDED,0,0,0,5,10,22,0.0,0.0,0.0,0,24,0.0,0,-1,0.0,0.015385,-0.015385
rec_f61e869de8287922,STU_954013,954013,SISWA_026,Kls 7_SISWA_017,2025-09-05,SEPTEMBER,Friday,UNKNOWN,,NO_EXCEPTION_RECORDED,0,0,0,5,10,22,0.0,0.0,0.0,0,25,0.0,0,-1,0.0,0.015385,-0.015385
rec_e3358b67ee338ce0,STU_954013,954013,SISWA_026,Kls 7_SISWA_017,2025-09-06,SEPTEMBER,Saturday,FALSE,,NO_EXCEPTION_RECORDED,0,0,0,5,10,22,0.0,0.0,0.0,0,26,0.0,0,-1,0.0,0.0,0.0
rec_8855eca1b88689c2,STU_954013,954013,SISWA_026,Kls 7_SISWA_017,2025-09-07,SEPTEMBER,Sunday,FALSE,,NO_EXCEPTION_RECORDED,0,0,0,5,10,21,0.0,0.0,0.0,0,26,0.0,0,-1,0.0,0.0,0.0
rec_0333e090fa5d7f13,STU_954013,954013,SISWA_026,Kls 7_SISWA_017,2025-09-08,SEPTEMBER,Monday,TRUE,,NO_EXCEPTION_RECORDED,0,0,0,5,10,20,0.0,0.0,0.0,0,26,0.0,0,-1,0.0,0.0,0.0
rec_799fb56de0e7d99f,STU_954013,954013,SISWA_026,Kls 7_SISWA_017,2025-09-09,SEPTEMBER,Tuesday,TRUE,,NO_EXCEPTION_RECORDED,0,0,0,5,10,21,0.0,0.0,0.0,0,27,0.0,0,-1,0.0,0.015385,-0.015385
rec_cb7b75d1e76b8e0d,STU_954013,954013,SISWA_026,Kls 7_SISWA_017,2025-09-10,SEPTEMBER,Wednesday,TRUE,,NO_EXCEPTION_RECORDED,0,0,0,5,10,22,0.0,0.0,0.0,0,28,0.0,0,-1,0.0,0.046154,-0.046154
rec_18bf2e5d421c36ad,STU_954013,954013,SISWA_026,Kls 7_SISWA_017,2025-09-11,SEPTEMBER,Thursday,TRUE,s,SOURCE_MARK_S,0,0,0,5,10,22,0.0,0.0,0.0,0,29,0.0,0,-1,0.0,0.046154,-0.046154
rec_7bd2393f01f0cf99,STU_954013,954013,SISWA_026,Kls 7_SISWA_017,2025-09-12,SEPTEMBER,Friday,TRUE,,NO_EXCEPTION_RECORDED,1,1,1,5,10,22,0.2,0.1,0.045455,1,30,0.033333,1,1,0.166667,0.046154,0.153846
rec_1ab6546657ff08bd,STU_954013,954013,SISWA_026,Kls 7_SISWA_017,2025-09-13,SEPTEMBER,Saturday,FALSE,,NO_EXCEPTION_RECORDED,1,1,1,5,10,22,0.2,0.1,0.045455,1,31,0.032258,0,2,0.167742,0.046154,0.153846
rec_61f01dcd8451b9ab,STU_954013,954013,SISWA_026,Kls 7_SISWA_017,2025-09-14,SEPTEMBER,Sunday,FALSE,,NO_EXCEPTION_RECORDED,1,1,1,5,10,21,0.2,0.1,0.047619,1,31,0.032258,0,3,0.167742,0.046154,0.153846
rec_341c82d9e6fe4bfb,STU_954013,954013,SISWA_026,Kls 7_SISWA_017,2025-09-15,SEPTEMBER,Monday,TRUE,,NO_EXCEPTION_RECORDED,1,1,1,5,10,20,0.2,0.1,0.05,1,31,0.032258,0,4,0.167742,0.046154,0.153846
rec_7a8717a3d06010c9,STU_954013,954013,SISWA_026,Kls 7_SISWA_017,2025-09-16,SEPTEMBER,Tuesday,TRUE,,NO_EXCEPTION_RECORDED,1,1,1,5,10,21,0.2,0.1,0.047619,1,32,0.03125,0,5,0.16875,0.030769,0.169231
rec_618e7fc917603cb4,STU_954013,954013,SISWA_026,Kls 7_SISWA_017,2025-09-17,SEPTEMBER,Wednesday,TRUE,,NO_EXCEPTION_RECORDED,1,1,1,5,10,22,0.2,0.1,0.045455,1,33,0.030303,0,6,0.169697,0.0,0.2
rec_209d22481b8dfa6e,STU_954013,954013,SISWA_026,Kls 7_SISWA_017,2025-09-18,SEPTEMBER,Thursday,TRUE,,NO_EXCEPTION_RECORDED,1,1,1,5,10,22,0.2,0.1,0.045455,1,34,0.029412,0,7,0.170588,0.015385,0.184615
rec_a6436f0fea479e7b,STU_954013,954013,SISWA_026,Kls 7_SISWA_017,2025-09-19,SEPTEMBER,Friday,TRUE,,NO_EXCEPTION_RECORDED,0,1,1,5,10,22,0.0,0.1,0.045455,1,35,0.028571,0,8,-0.028571,0.030769,-0.030769
rec_74a0bd40fbe72d2b,STU_954013,954013,SISWA_026,Kls 7_SISWA_017,2025-09-20,SEPTEMBER,Saturday,FALSE,,NO_EXCEPTION_RECORDED,0,1,1,5,10,22,0.0,0.1,0.045455,1,36,0.027778,0,9,-0.027778,0.046154,-0.046154
rec_2d14e517a50708a9,STU_954013,954013,SISWA_026,Kls 7_SISWA_017,2025-09-21,SEPTEMBER,Sunday,FALSE,,NO_EXCEPTION_RECORDED,0,1,1,5,10,21,0.0,0.1,0.047619,1,36,0.027778,0,10,-0.027778,0.046154,-0.046154
rec_efc9291568465809,STU_954013,954013,SISWA_026,Kls 7_SISWA_017,2025-09-22,SEPTEMBER,Monday,TRUE,,NO_EXCEPTION_RECORDED,0,1,1,5,10,20,0.0,0.1,0.05,1,36,0.027778,0,11,-0.027778,0.046154,-0.046154
rec_c7c8dea14c1488a6,STU_954013,954013,SISWA_026,Kls 7_SISWA_017,2025-09-23,SEPTEMBER,Tuesday,TRUE,,NO_EXCEPTION_RECORDED,0,1,1,5,10,21,0.0,0.1,0.047619,1,37,0.027027,0,12,-0.027027,0.061538,-0.061538
rec_136a54e37b69032d,STU_954013,954013,SISWA_026,Kls 7_SISWA_017,2025-09-24,SEPTEMBER,Wednesday,TRUE,,NO_EXCEPTION_RECORDED,0,1,1,5,10,22,0.0,0.1,0.045455,1,38,0.026316,0,13,-0.026316,0.076923,-0.076923
rec_b0f16a211a7a3f61,STU_954013,954013,SISWA_026,Kls 7_SISWA_017,2025-09-25,SEPTEMBER,Thursday,TRUE,,NO_EXCEPTION_RECORDED,0,1,1,5,10,22,0.0,0.1,0.045455,1,39,0.025641,0,14,-0.025641,0.107692,-0.107692
rec_091c0d0789659e0e,STU_954013,954013,SISWA_026,Kls 7_SISWA_017,2025-09-26,SEPTEMBER,Friday,TRUE,,NO_EXCEPTION_RECORDED,0,0,1,5,10,22,0.0,0.0,0.045455,1,40,0.025,0,15,-0.025,0.153846,-0.153846
rec_a2fc64c0b4aa138e,STU_954013,954013,SISWA_026,Kls 7_SISWA_017,2025-09-27,SEPTEMBER,Saturday,FALSE,,NO_EXCEPTION_RECORDED,0,0,1,5,10,22,0.0,0.0,0.045455,1,41,0.02439,0,16,-0.02439,0.169231,-0.169231
rec_1e0c17fe8f49e670,STU_954013,954013,SISWA_026,Kls 7_SISWA_017,2025-09-28,SEPTEMBER,Sunday,FALSE,,NO_EXCEPTION_RECORDED,0,0,1,5,10,21,0.0,0.0,0.047619,1,41,0.02439,0,17,-0.02439,0.169231,-0.169231
rec_f7780189d54c218d,STU_954013,954013,SISWA_026,Kls 7_SISWA_017,2025-09-29,SEPTEMBER,Monday,TRUE,,NO_EXCEPTION_RECORDED,0,0,1,5,10,20,0.0,0.0,0.05,1,41,0.02439,0,18,-0.02439,0.169231,-0.169231
rec_068d0f1b511b24cf,STU_954013,954013,SISWA_026,Kls 7_SISWA_017,2025-09-30,SEPTEMBER,Tuesday,UNKNOWN,,NO_EXCEPTION_RECORDED,0,0,1,5,10,21,0.0,0.0,0.047619,1,42,0.02381,0,19,-0.02381,0.153846,-0.153846
rec_d26a95ee8356ae1c,STU_957482,957482,SISWA_029,Kls 7_SISWA_017,2025-08-01,AGUSTUS,Friday,UNKNOWN,,NO_EXCEPTION_RECORDED,0,0,0,0,0,0,0.0,0.0,0.0,0,0,0.0,0,-1,0.0,0.0,0.0
rec_ba7a53be7788c681,STU_957482,957482,SISWA_029,Kls 7_SISWA_017,2025-08-02,AGUSTUS,Saturday,FALSE,,NO_EXCEPTION_RECORDED,0,0,0,1,1,1,0.0,0.0,0.0,0,1,0.0,0,-1,0.0,0.0,0.0
rec_bace1dc47847a5ed,STU_957482,957482,SISWA_029,Kls 7_SISWA_017,2025-08-03,AGUSTUS,Sunday,FALSE,,NO_EXCEPTION_RECORDED,0,0,0,1,1,1,0.0,0.0,0.0,0,1,0.0,0,-1,0.0,0.0,0.0
rec_b007fd912894243e,STU_957482,957482,SISWA_029,Kls 7_SISWA_017,2025-08-04,AGUSTUS,Monday,UNKNOWN,,NO_EXCEPTION_RECORDED,0,0,0,1,1,1,0.0,0.0,0.0,0,1,0.0,0,-1,0.0,0.0,0.0
rec_98c03b1fc11e9723,STU_957482,957482,SISWA_029,Kls 7_SISWA_017,2025-08-05,AGUSTUS,Tuesday,TRUE,,NO_EXCEPTION_RECORDED,0,0,0,2,2,2,0.0,0.0,0.0,0,2,0.0,0,-1,0.0,0.0,0.0
rec_cef2887ee8298657,STU_957482,957482,SISWA_029,Kls 7_SISWA_017,2025-08-06,AGUSTUS,Wednesday,UNKNOWN,,NO_EXCEPTION_RECORDED,0,0,0,3,3,3,0.0,0.0,0.0,0,3,0.0,0,-1,0.0,0.0,0.0
rec_d5137531fa603543,STU_957482,957482,SISWA_029,Kls 7_SISWA_017,2025-08-07,AGUSTUS,Thursday,TRUE,,NO_EXCEPTION_RECORDED,0,0,0,4,4,4,0.0,0.0,0.0,0,4,0.0,0,-1,0.0,0.0,0.0
rec_c384d6c78db0d676,STU_957482,957482,SISWA_029,Kls 7_SISWA_017,2025-08-08,AGUSTUS,Friday,TRUE,,NO_EXCEPTION_RECORDED,0,0,0,5,5,5,0.0,0.0,0.0,0,5,0.0,0,-1,0.0,0.0,0.0
rec_c94fe35b5b5bbe00,STU_957482,957482,SISWA_029,Kls 7_SISWA_017,2025-08-09,AGUSTUS,Saturday,FALSE,,NO_EXCEPTION_RECORDED,0,0,0,5,6,6,0.0,0.0,0.0,0,6,0.0,0,-1,0.0,0.0,0.0
rec_bec4c617b286660e,STU_957482,957482,SISWA_029,Kls 7_SISWA_017,2025-08-10,AGUSTUS,Sunday,FALSE,,NO_EXCEPTION_RECORDED,0,0,0,5,6,6,0.0,0.0,0.0,0,6,0.0,0,-1,0.0,0.0,0.0
rec_785831caccdacddf,STU_957482,957482,SISWA_029,Kls 7_SISWA_017,2025-08-11,AGUSTUS,Monday,TRUE,,NO_EXCEPTION_RECORDED,0,0,0,5,6,6,0.0,0.0,0.0,0,6,0.0,0,-1,0.0,0.0,0.0
rec_99e8eda962a55a72,STU_957482,957482,SISWA_029,Kls 7_SISWA_017,2025-08-12,AGUSTUS,Tuesday,TRUE,,NO_EXCEPTION_RECORDED,0,0,0,5,7,7,0.0,0.0,0.0,0,7,0.0,0,-1,0.0,0.0,0.0
rec_81b5fdad25196fe0,STU_957482,957482,SISWA_029,Kls 7_SISWA_017,2025-08-13,AGUSTUS,Wednesday,TRUE,,NO_EXCEPTION_RECORDED,0,0,0,5,8,8,0.0,0.0,0.0,0,8,0.0,0,-1,0.0,0.0,0.0
rec_eeddd6a032776b25,STU_957482,957482,SISWA_029,Kls 7_SISWA_017,2025-08-14,AGUSTUS,Thursday,UNKNOWN,,NO_EXCEPTION_RECORDED,0,0,0,5,9,9,0.0,0.0,0.0,0,9,0.0,0,-1,0.0,0.0,0.0
rec_2b43f14845b6188a,STU_957482,957482,SISWA_029,Kls 7_SISWA_017,2025-08-15,AGUSTUS,Friday,UNKNOWN,,NO_EXCEPTION_RECORDED,0,0,0,5,10,10,0.0,0.0,0.0,0,10,0.0,0,-1,0.0,0.0,0.0
rec_c1e976ba97ee4fa7,STU_957482,957482,SISWA_029,Kls 7_SISWA_017,2025-08-16,AGUSTUS,Saturday,FALSE,,NO_EXCEPTION_RECORDED,0,0,0,5,10,11,0.0,0.0,0.0,0,11,0.0,0,-1,0.0,0.0,0.0
rec_ddbe3066282e9f08,STU_957482,957482,SISWA_029,Kls 7_SISWA_017,2025-08-17,AGUSTUS,Sunday,FALSE,,NO_EXCEPTION_RECORDED,0,0,0,5,10,11,0.0,0.0,0.0,0,11,0.0,0,-1,0.0,0.0,0.0
rec_36705963b4880fdb,STU_957482,957482,SISWA_029,Kls 7_SISWA_017,2025-08-18,AGUSTUS,Monday,UNKNOWN,,NO_EXCEPTION_RECORDED,0,0,0,5,10,11,0.0,0.0,0.0,0,11,0.0,0,-1,0.0,0.0,0.0
rec_92c4b631960e1a88,STU_957482,957482,SISWA_029,Kls 7_SISWA_017,2025-08-19,AGUSTUS,Tuesday,TRUE,,NO_EXCEPTION_RECORDED,0,0,0,5,10,12,0.0,0.0,0.0,0,12,0.0,0,-1,0.0,0.0,0.0
rec_43484ec44743486e,STU_957482,957482,SISWA_029,Kls 7_SISWA_017,2025-08-20,AGUSTUS,Wednesday,TRUE,,NO_EXCEPTION_RECORDED,0,0,0,5,10,13,0.0,0.0,0.0,0,13,0.0,0,-1,0.0,0.0,0.0
rec_a8bcc025173f8770,STU_957482,957482,SISWA_029,Kls 7_SISWA_017,2025-08-21,AGUSTUS,Thursday,TRUE,,NO_EXCEPTION_RECORDED,0,0,0,5,10,14,0.0,0.0,0.0,0,14,0.0,0,-1,0.0,0.0,0.0
rec_e1e4c5a4c1c58a98,STU_957482,957482,SISWA_029,Kls 7_SISWA_017,2025-08-22,AGUSTUS,Friday,UNKNOWN,,NO_EXCEPTION_RECORDED,0,0,0,5,10,15,0.0,0.0,0.0,0,15,0.0,0,-1,0.0,0.0,0.0
rec_810732fc92f0a00b,STU_957482,957482,SISWA_029,Kls 7_SISWA_017,2025-08-23,AGUSTUS,Saturday,FALSE,,NO_EXCEPTION_RECORDED,0,0,0,5,10,16,0.0,0.0,0.0,0,16,0.0,0,-1,0.0,0.0,0.0
rec_2f4ec494ab23d702,STU_957482,957482,SISWA_029,Kls 7_SISWA_017,2025-08-24,AGUSTUS,Sunday,FALSE,,NO_EXCEPTION_RECORDED,0,0,0,5,10,16,0.0,0.0,0.0,0,16,0.0,0,-1,0.0,0.0,0.0
rec_2aefbcf27718a40e,STU_957482,957482,SISWA_029,Kls 7_SISWA_017,2025-08-25,AGUSTUS,Monday,TRUE,,NO_EXCEPTION_RECORDED,0,0,0,5,10,16,0.0,0.0,0.0,0,16,0.0,0,-1,0.0,0.0,0.0
rec_f518ffd771a8850a,STU_957482,957482,SISWA_029,Kls 7_SISWA_017,2025-08-26,AGUSTUS,Tuesday,TRUE,,NO_EXCEPTION_RECORDED,0,0,0,5,10,17,0.0,0.0,0.0,0,17,0.0,0,-1,0.0,0.030769,-0.030769
rec_43b147804b7ee831,STU_957482,957482,SISWA_029,Kls 7_SISWA_017,2025-08-27,AGUSTUS,Wednesday,TRUE,,NO_EXCEPTION_RECORDED,0,0,0,5,10,18,0.0,0.0,0.0,0,18,0.0,0,-1,0.0,0.046154,-0.046154
rec_780e5ba2775e48a1,STU_957482,957482,SISWA_029,Kls 7_SISWA_017,2025-08-28,AGUSTUS,Thursday,TRUE,,NO_EXCEPTION_RECORDED,0,0,0,5,10,19,0.0,0.0,0.0,0,19,0.0,0,-1,0.0,0.061538,-0.061538
rec_76c1e8c3b33cf4d1,STU_957482,957482,SISWA_029,Kls 7_SISWA_017,2025-08-29,AGUSTUS,Friday,TRUE,,NO_EXCEPTION_RECORDED,0,0,0,5,10,20,0.0,0.0,0.0,0,20,0.0,0,-1,0.0,0.061538,-0.061538
rec_997ac0822466fb2f,STU_957482,957482,SISWA_029,Kls 7_SISWA_017,2025-08-30,AGUSTUS,Saturday,FALSE,,NO_EXCEPTION_RECORDED,0,0,0,5,10,21,0.0,0.0,0.0,0,21,0.0,0,-1,0.0,0.076923,-0.076923
rec_96650f398ff69e6f,STU_957482,957482,SISWA_029,Kls 7_SISWA_017,2025-08-31,AGUSTUS,Sunday,FALSE,,NO_EXCEPTION_RECORDED,0,0,0,5,10,21,0.0,0.0,0.0,0,21,0.0,0,-1,0.0,0.076923,-0.076923
rec_2dd203c57a5acebe,STU_957482,957482,SISWA_029,Kls 7_SISWA_017,2025-09-01,SEPTEMBER,Monday,TRUE,,NO_EXCEPTION_RECORDED,0,0,0,5,10,20,0.0,0.0,0.0,0,21,0.0,0,-1,0.0,0.076923,-0.076923
rec_0e62ae53c82ccc6a,STU_957482,957482,SISWA_029,Kls 7_SISWA_017,2025-09-02,SEPTEMBER,Tuesday,TRUE,,NO_EXCEPTION_RECORDED,0,0,0,5,10,21,0.0,0.0,0.0,0,22,0.0,0,-1,0.0,0.046154,-0.046154
rec_66cf7e2ffe0cbe5a,STU_957482,957482,SISWA_029,Kls 7_SISWA_017,2025-09-03,SEPTEMBER,Wednesday,TRUE,,NO_EXCEPTION_RECORDED,0,0,0,5,10,22,0.0,0.0,0.0,0,23,0.0,0,-1,0.0,0.030769,-0.030769
rec_b13a0816bd5c1bb8,STU_957482,957482,SISWA_029,Kls 7_SISWA_017,2025-09-04,SEPTEMBER,Thursday,TRUE,,NO_EXCEPTION_RECORDED,0,0,0,5,10,22,0.0,0.0,0.0,0,24,0.0,0,-1,0.0,0.015385,-0.015385
rec_48f3abf92e72290e,STU_957482,957482,SISWA_029,Kls 7_SISWA_017,2025-09-05,SEPTEMBER,Friday,UNKNOWN,,NO_EXCEPTION_RECORDED,0,0,0,5,10,22,0.0,0.0,0.0,0,25,0.0,0,-1,0.0,0.015385,-0.015385
rec_6712afd487db9fd8,STU_957482,957482,SISWA_029,Kls 7_SISWA_017,2025-09-06,SEPTEMBER,Saturday,FALSE,,NO_EXCEPTION_RECORDED,0,0,0,5,10,22,0.0,0.0,0.0,0,26,0.0,0,-1,0.0,0.0,0.0
rec_60b51923f8ce1939,STU_957482,957482,SISWA_029,Kls 7_SISWA_017,2025-09-07,SEPTEMBER,Sunday,FALSE,,NO_EXCEPTION_RECORDED,0,0,0,5,10,21,0.0,0.0,0.0,0,26,0.0,0,-1,0.0,0.0,0.0
rec_04d1c6d99233d69b,STU_957482,957482,SISWA_029,Kls 7_SISWA_017,2025-09-08,SEPTEMBER,Monday,TRUE,,NO_EXCEPTION_RECORDED,0,0,0,5,10,20,0.0,0.0,0.0,0,26,0.0,0,-1,0.0,0.0,0.0
rec_5742abdfb2959e89,STU_957482,957482,SISWA_029,Kls 7_SISWA_017,2025-09-09,SEPTEMBER,Tuesday,TRUE,,NO_EXCEPTION_RECORDED,0,0,0,5,10,21,0.0,0.0,0.0,0,27,0.0,0,-1,0.0,0.015385,-0.015385
rec_e6a413dabbbce1c6,STU_957482,957482,SISWA_029,Kls 7_SISWA_017,2025-09-10,SEPTEMBER,Wednesday,TRUE,,NO_EXCEPTION_RECORDED,0,0,0,5,10,22,0.0,0.0,0.0,0,28,0.0,0,-1,0.0,0.046154,-0.046154
rec_d7cc90ff8dac4687,STU_957482,957482,SISWA_029,Kls 7_SISWA_017,2025-09-11,SEPTEMBER,Thursday,TRUE,,NO_EXCEPTION_RECORDED,0,0,0,5,10,22,0.0,0.0,0.0,0,29,0.0,0,-1,0.0,0.046154,-0.046154
rec_7d529edf7e5eb9f5,STU_957482,957482,SISWA_029,Kls 7_SISWA_017,2025-09-12,SEPTEMBER,Friday,TRUE,,NO_EXCEPTION_RECORDED,0,0,0,5,10,22,0.0,0.0,0.0,0,30,0.0,0,-1,0.0,0.061538,-0.061538
rec_dc4c44f5491f4334,STU_957482,957482,SISWA_029,Kls 7_SISWA_017,2025-09-13,SEPTEMBER,Saturday,FALSE,,NO_EXCEPTION_RECORDED,0,0,0,5,10,22,0.0,0.0,0.0,0,31,0.0,0,-1,0.0,0.061538,-0.061538
rec_0898ee42d7fef227,STU_957482,957482,SISWA_029,Kls 7_SISWA_017,2025-09-14,SEPTEMBER,Sunday,FALSE,,NO_EXCEPTION_RECORDED,0,0,0,5,10,21,0.0,0.0,0.0,0,31,0.0,0,-1,0.0,0.061538,-0.061538
rec_488c23237c677812,STU_957482,957482,SISWA_029,Kls 7_SISWA_017,2025-09-15,SEPTEMBER,Monday,TRUE,,NO_EXCEPTION_RECORDED,0,0,0,5,10,20,0.0,0.0,0.0,0,31,0.0,0,-1,0.0,0.061538,-0.061538
rec_c68a6ca7022f5f4b,STU_957482,957482,SISWA_029,Kls 7_SISWA_017,2025-09-16,SEPTEMBER,Tuesday,TRUE,,NO_EXCEPTION_RECORDED,0,0,0,5,10,21,0.0,0.0,0.0,0,32,0.0,0,-1,0.0,0.046154,-0.046154
rec_23ef5d447cd1fd74,STU_957482,957482,SISWA_029,Kls 7_SISWA_017,2025-09-17,SEPTEMBER,Wednesday,TRUE,,NO_EXCEPTION_RECORDED,0,0,0,5,10,22,0.0,0.0,0.0,0,33,0.0,0,-1,0.0,0.015385,-0.015385
rec_e1192caa0035e57b,STU_957482,957482,SISWA_029,Kls 7_SISWA_017,2025-09-18,SEPTEMBER,Thursday,TRUE,,NO_EXCEPTION_RECORDED,0,0,0,5,10,22,0.0,0.0,0.0,0,34,0.0,0,-1,0.0,0.030769,-0.030769
rec_95cba1bd7684b092,STU_957482,957482,SISWA_029,Kls 7_SISWA_017,2025-09-19,SEPTEMBER,Friday,TRUE,,NO_EXCEPTION_RECORDED,0,0,0,5,10,22,0.0,0.0,0.0,0,35,0.0,0,-1,0.0,0.030769,-0.030769
rec_c03a3c18235f0ec4,STU_957482,957482,SISWA_029,Kls 7_SISWA_017,2025-09-20,SEPTEMBER,Saturday,FALSE,,NO_EXCEPTION_RECORDED,0,0,0,5,10,22,0.0,0.0,0.0,0,36,0.0,0,-1,0.0,0.046154,-0.046154
rec_5f5a0f0db35f23f6,STU_957482,957482,SISWA_029,Kls 7_SISWA_017,2025-09-21,SEPTEMBER,Sunday,FALSE,,NO_EXCEPTION_RECORDED,0,0,0,5,10,21,0.0,0.0,0.0,0,36,0.0,0,-1,0.0,0.046154,-0.046154
rec_4868a599de9e829f,STU_957482,957482,SISWA_029,Kls 7_SISWA_017,2025-09-22,SEPTEMBER,Monday,TRUE,,NO_EXCEPTION_RECORDED,0,0,0,5,10,20,0.0,0.0,0.0,0,36,0.0,0,-1,0.0,0.046154,-0.046154
rec_a5479956dad0d3c2,STU_957482,957482,SISWA_029,Kls 7_SISWA_017,2025-09-23,SEPTEMBER,Tuesday,TRUE,,NO_EXCEPTION_RECORDED,0,0,0,5,10,21,0.0,0.0,0.0,0,37,0.0,0,-1,0.0,0.061538,-0.061538
rec_c1bdd1497fa1964e,STU_957482,957482,SISWA_029,Kls 7_SISWA_017,2025-09-24,SEPTEMBER,Wednesday,TRUE,,NO_EXCEPTION_RECORDED,0,0,0,5,10,22,0.0,0.0,0.0,0,38,0.0,0,-1,0.0,0.076923,-0.076923
rec_9065d663b9c3726c,STU_957482,957482,SISWA_029,Kls 7_SISWA_017,2025-09-25,SEPTEMBER,Thursday,TRUE,,NO_EXCEPTION_RECORDED,0,0,0,5,10,22,0.0,0.0,0.0,0,39,0.0,0,-1,0.0,0.107692,-0.107692
rec_3e924384475d389f,STU_957482,957482,SISWA_029,Kls 7_SISWA_017,2025-09-26,SEPTEMBER,Friday,TRUE,,NO_EXCEPTION_RECORDED,0,0,0,5,10,22,0.0,0.0,0.0,0,40,0.0,0,-1,0.0,0.153846,-0.153846
rec_3a556752afef6a25,STU_957482,957482,SISWA_029,Kls 7_SISWA_017,2025-09-27,SEPTEMBER,Saturday,FALSE,,NO_EXCEPTION_RECORDED,0,0,0,5,10,22,0.0,0.0,0.0,0,41,0.0,0,-1,0.0,0.169231,-0.169231
rec_e29ca512b3e4a06c,STU_957482,957482,SISWA_029,Kls 7_SISWA_017,2025-09-28,SEPTEMBER,Sunday,FALSE,,NO_EXCEPTION_RECORDED,0,0,0,5,10,21,0.0,0.0,0.0,0,41,0.0,0,-1,0.0,0.169231,-0.169231
rec_34a56629c522d212,STU_957482,957482,SISWA_029,Kls 7_SISWA_017,2025-09-29,SEPTEMBER,Monday,TRUE,,NO_EXCEPTION_RECORDED,0,0,0,5,10,20,0.0,0.0,0.0,0,41,0.0,0,-1,0.0,0.169231,-0.169231
rec_51b32e9e8e10ffbd,STU_957482,957482,SISWA_029,Kls 7_SISWA_017,2025-09-30,SEPTEMBER,Tuesday,UNKNOWN,,NO_EXCEPTION_RECORDED,0,0,0,5,10,21,0.0,0.0,0.0,0,42,0.0,0,-1,0.0,0.153846,-0.153846
rec_277f4a5702391c7f,STU_968720,968720,SISWA_083,Kls 9_SISWA_072,2025-08-01,AGUSTUS,Friday,UNKNOWN,,NO_EXCEPTION_RECORDED,0,0,0,0,0,0,0.0,0.0,0.0,0,0,0.0,0,-1,0.0,0.0,0.0
rec_43a1738890c5bb94,STU_968720,968720,SISWA_083,Kls 9_SISWA_072,2025-08-02,AGUSTUS,Saturday,FALSE,,NO_EXCEPTION_RECORDED,0,0,0,1,1,1,0.0,0.0,0.0,0,1,0.0,0,-1,0.0,0.0,0.0
rec_fc54a487ddfce3f7,STU_968720,968720,SISWA_083,Kls 9_SISWA_072,2025-08-03,AGUSTUS,Sunday,FALSE,,NO_EXCEPTION_RECORDED,0,0,0,1,1,1,0.0,0.0,0.0,0,1,0.0,0,-1,0.0,0.0,0.0
rec_c5cb3b104ac07ce4,STU_968720,968720,SISWA_083,Kls 9_SISWA_072,2025-08-04,AGUSTUS,Monday,UNKNOWN,,NO_EXCEPTION_RECORDED,0,0,0,1,1,1,0.0,0.0,0.0,0,1,0.0,0,-1,0.0,0.0,0.0
rec_93357cca56a15f69,STU_968720,968720,SISWA_083,Kls 9_SISWA_072,2025-08-05,AGUSTUS,Tuesday,TRUE,,NO_EXCEPTION_RECORDED,0,0,0,2,2,2,0.0,0.0,0.0,0,2,0.0,0,-1,0.0,0.0,0.0
rec_df66ea7ecd31b5b8,STU_968720,968720,SISWA_083,Kls 9_SISWA_072,2025-08-06,AGUSTUS,Wednesday,UNKNOWN,,NO_EXCEPTION_RECORDED,0,0,0,3,3,3,0.0,0.0,0.0,0,3,0.0,0,-1,0.0,0.0,0.0
rec_ed5d750dbc34e082,STU_968720,968720,SISWA_083,Kls 9_SISWA_072,2025-08-07,AGUSTUS,Thursday,TRUE,,NO_EXCEPTION_RECORDED,0,0,0,4,4,4,0.0,0.0,0.0,0,4,0.0,0,-1,0.0,0.0,0.0
rec_498abf08f810bce5,STU_968720,968720,SISWA_083,Kls 9_SISWA_072,2025-08-08,AGUSTUS,Friday,TRUE,,NO_EXCEPTION_RECORDED,0,0,0,5,5,5,0.0,0.0,0.0,0,5,0.0,0,-1,0.0,0.0,0.0
rec_2103e37f656876be,STU_968720,968720,SISWA_083,Kls 9_SISWA_072,2025-08-09,AGUSTUS,Saturday,FALSE,,NO_EXCEPTION_RECORDED,0,0,0,5,6,6,0.0,0.0,0.0,0,6,0.0,0,-1,0.0,0.0,0.0
rec_01be8362157320ba,STU_968720,968720,SISWA_083,Kls 9_SISWA_072,2025-08-10,AGUSTUS,Sunday,FALSE,,NO_EXCEPTION_RECORDED,0,0,0,5,6,6,0.0,0.0,0.0,0,6,0.0,0,-1,0.0,0.0,0.0
rec_3a69ecf161bbdcff,STU_968720,968720,SISWA_083,Kls 9_SISWA_072,2025-08-11,AGUSTUS,Monday,TRUE,,NO_EXCEPTION_RECORDED,0,0,0,5,6,6,0.0,0.0,0.0,0,6,0.0,0,-1,0.0,0.0,0.0
rec_eca4a835a812b093,STU_968720,968720,SISWA_083,Kls 9_SISWA_072,2025-08-12,AGUSTUS,Tuesday,TRUE,,NO_EXCEPTION_RECORDED,0,0,0,5,7,7,0.0,0.0,0.0,0,7,0.0,0,-1,0.0,0.0,0.0
rec_870f4dbd5e87949f,STU_968720,968720,SISWA_083,Kls 9_SISWA_072,2025-08-13,AGUSTUS,Wednesday,TRUE,,NO_EXCEPTION_RECORDED,0,0,0,5,8,8,0.0,0.0,0.0,0,8,0.0,0,-1,0.0,0.0,0.0
rec_e8cc355f7e7e9252,STU_968720,968720,SISWA_083,Kls 9_SISWA_072,2025-08-14,AGUSTUS,Thursday,UNKNOWN,,NO_EXCEPTION_RECORDED,0,0,0,5,9,9,0.0,0.0,0.0,0,9,0.0,0,-1,0.0,0.0,0.0
rec_925aa346c813e35b,STU_968720,968720,SISWA_083,Kls 9_SISWA_072,2025-08-15,AGUSTUS,Friday,UNKNOWN,,NO_EXCEPTION_RECORDED,0,0,0,5,10,10,0.0,0.0,0.0,0,10,0.0,0,-1,0.0,0.0,0.0
rec_48b613768a1d61fe,STU_968720,968720,SISWA_083,Kls 9_SISWA_072,2025-08-16,AGUSTUS,Saturday,FALSE,,NO_EXCEPTION_RECORDED,0,0,0,5,10,11,0.0,0.0,0.0,0,11,0.0,0,-1,0.0,0.0,0.0
rec_82c5d1a00e7817bb,STU_968720,968720,SISWA_083,Kls 9_SISWA_072,2025-08-17,AGUSTUS,Sunday,FALSE,,NO_EXCEPTION_RECORDED,0,0,0,5,10,11,0.0,0.0,0.0,0,11,0.0,0,-1,0.0,0.0,0.0
rec_13a16a4823f9963a,STU_968720,968720,SISWA_083,Kls 9_SISWA_072,2025-08-18,AGUSTUS,Monday,UNKNOWN,,NO_EXCEPTION_RECORDED,0,0,0,5,10,11,0.0,0.0,0.0,0,11,0.0,0,-1,0.0,0.0,0.0
rec_6e004c059abd998b,STU_968720,968720,SISWA_083,Kls 9_SISWA_072,2025-08-19,AGUSTUS,Tuesday,TRUE,,NO_EXCEPTION_RECORDED,0,0,0,5,10,12,0.0,0.0,0.0,0,12,0.0,0,-1,0.0,0.0,0.0
rec_319b2cb0dd36f128,STU_968720,968720,SISWA_083,Kls 9_SISWA_072,2025-08-20,AGUSTUS,Wednesday,TRUE,,NO_EXCEPTION_RECORDED,0,0,0,5,10,13,0.0,0.0,0.0,0,13,0.0,0,-1,0.0,0.0,0.0
rec_c8c8ff8cfb38346c,STU_968720,968720,SISWA_083,Kls 9_SISWA_072,2025-08-21,AGUSTUS,Thursday,TRUE,,NO_EXCEPTION_RECORDED,0,0,0,5,10,14,0.0,0.0,0.0,0,14,0.0,0,-1,0.0,0.0,0.0
rec_cb141ee5d1682426,STU_968720,968720,SISWA_083,Kls 9_SISWA_072,2025-08-22,AGUSTUS,Friday,UNKNOWN,,NO_EXCEPTION_RECORDED,0,0,0,5,10,15,0.0,0.0,0.0,0,15,0.0,0,-1,0.0,0.0,0.0
rec_fd9d759de46974e9,STU_968720,968720,SISWA_083,Kls 9_SISWA_072,2025-08-23,AGUSTUS,Saturday,FALSE,,NO_EXCEPTION_RECORDED,0,0,0,5,10,16,0.0,0.0,0.0,0,16,0.0,0,-1,0.0,0.0,0.0
rec_3219ec0a39cee1ac,STU_968720,968720,SISWA_083,Kls 9_SISWA_072,2025-08-24,AGUSTUS,Sunday,FALSE,,NO_EXCEPTION_RECORDED,0,0,0,5,10,16,0.0,0.0,0.0,0,16,0.0,0,-1,0.0,0.0,0.0
rec_1214d6d861669722,STU_968720,968720,SISWA_083,Kls 9_SISWA_072,2025-08-25,AGUSTUS,Monday,TRUE,,NO_EXCEPTION_RECORDED,0,0,0,5,10,16,0.0,0.0,0.0,0,16,0.0,0,-1,0.0,0.0,0.0
rec_4944054590964424,STU_968720,968720,SISWA_083,Kls 9_SISWA_072,2025-08-26,AGUSTUS,Tuesday,TRUE,,NO_EXCEPTION_RECORDED,0,0,0,5,10,17,0.0,0.0,0.0,0,17,0.0,0,-1,0.0,0.0,0.0
rec_2389cfc67aa1d7a5,STU_968720,968720,SISWA_083,Kls 9_SISWA_072,2025-08-27,AGUSTUS,Wednesday,TRUE,,NO_EXCEPTION_RECORDED,0,0,0,5,10,18,0.0,0.0,0.0,0,18,0.0,0,-1,0.0,0.018182,-0.018182
rec_3fcc0b27a527c0be,STU_968720,968720,SISWA_083,Kls 9_SISWA_072,2025-08-28,AGUSTUS,Thursday,TRUE,,NO_EXCEPTION_RECORDED,0,0,0,5,10,19,0.0,0.0,0.0,0,19,0.0,0,-1,0.0,0.018182,-0.018182
rec_c21d1d3ee32ef7d3,STU_968720,968720,SISWA_083,Kls 9_SISWA_072,2025-08-29,AGUSTUS,Friday,TRUE,,NO_EXCEPTION_RECORDED,0,0,0,5,10,20,0.0,0.0,0.0,0,20,0.0,0,-1,0.0,0.036364,-0.036364
rec_a30a3f3814a1fb95,STU_968720,968720,SISWA_083,Kls 9_SISWA_072,2025-08-30,AGUSTUS,Saturday,FALSE,,NO_EXCEPTION_RECORDED,0,0,0,5,10,21,0.0,0.0,0.0,0,21,0.0,0,-1,0.0,0.036364,-0.036364
rec_1d6fa1c1e6da601b,STU_968720,968720,SISWA_083,Kls 9_SISWA_072,2025-08-31,AGUSTUS,Sunday,FALSE,,NO_EXCEPTION_RECORDED,0,0,0,5,10,21,0.0,0.0,0.0,0,21,0.0,0,-1,0.0,0.036364,-0.036364
rec_a554f39ac6fa9a41,STU_968720,968720,SISWA_083,Kls 9_SISWA_072,2025-09-01,SEPTEMBER,Monday,TRUE,,NO_EXCEPTION_RECORDED,0,0,0,5,10,20,0.0,0.0,0.0,0,21,0.0,0,-1,0.0,0.036364,-0.036364
rec_fdfe158c01eabd8e,STU_968720,968720,SISWA_083,Kls 9_SISWA_072,2025-09-02,SEPTEMBER,Tuesday,TRUE,,NO_EXCEPTION_RECORDED,0,0,0,5,10,21,0.0,0.0,0.0,0,22,0.0,0,-1,0.0,0.036364,-0.036364
rec_23956b4c1baab8b0,STU_968720,968720,SISWA_083,Kls 9_SISWA_072,2025-09-03,SEPTEMBER,Wednesday,TRUE,,NO_EXCEPTION_RECORDED,0,0,0,5,10,22,0.0,0.0,0.0,0,23,0.0,0,-1,0.0,0.036364,-0.036364
rec_a7e5205c336a22e4,STU_968720,968720,SISWA_083,Kls 9_SISWA_072,2025-09-04,SEPTEMBER,Thursday,TRUE,,NO_EXCEPTION_RECORDED,0,0,0,5,10,22,0.0,0.0,0.0,0,24,0.0,0,-1,0.0,0.054545,-0.054545
rec_9264af6a4af5dfbe,STU_968720,968720,SISWA_083,Kls 9_SISWA_072,2025-09-05,SEPTEMBER,Friday,UNKNOWN,,NO_EXCEPTION_RECORDED,0,0,0,5,10,22,0.0,0.0,0.0,0,25,0.0,0,-1,0.0,0.072727,-0.072727
rec_98364cb89505cccc,STU_968720,968720,SISWA_083,Kls 9_SISWA_072,2025-09-06,SEPTEMBER,Saturday,FALSE,,NO_EXCEPTION_RECORDED,0,0,0,5,10,22,0.0,0.0,0.0,0,26,0.0,0,-1,0.0,0.072727,-0.072727
rec_600bda292eb6dd79,STU_968720,968720,SISWA_083,Kls 9_SISWA_072,2025-09-07,SEPTEMBER,Sunday,FALSE,,NO_EXCEPTION_RECORDED,0,0,0,5,10,21,0.0,0.0,0.0,0,26,0.0,0,-1,0.0,0.072727,-0.072727
rec_37002e262d56c1bd,STU_968720,968720,SISWA_083,Kls 9_SISWA_072,2025-09-08,SEPTEMBER,Monday,TRUE,,NO_EXCEPTION_RECORDED,0,0,0,5,10,20,0.0,0.0,0.0,0,26,0.0,0,-1,0.0,0.072727,-0.072727
rec_2a287b4ad37f8f11,STU_968720,968720,SISWA_083,Kls 9_SISWA_072,2025-09-09,SEPTEMBER,Tuesday,TRUE,,NO_EXCEPTION_RECORDED,0,0,0,5,10,21,0.0,0.0,0.0,0,27,0.0,0,-1,0.0,0.072727,-0.072727
rec_9f1bdafca35c1839,STU_968720,968720,SISWA_083,Kls 9_SISWA_072,2025-09-10,SEPTEMBER,Wednesday,TRUE,,NO_EXCEPTION_RECORDED,0,0,0,5,10,22,0.0,0.0,0.0,0,28,0.0,0,-1,0.0,0.090909,-0.090909
rec_825f64f7647773b2,STU_968720,968720,SISWA_083,Kls 9_SISWA_072,2025-09-11,SEPTEMBER,Thursday,TRUE,,NO_EXCEPTION_RECORDED,0,0,0,5,10,22,0.0,0.0,0.0,0,29,0.0,0,-1,0.0,0.090909,-0.090909
rec_369991e3c03993b5,STU_968720,968720,SISWA_083,Kls 9_SISWA_072,2025-09-12,SEPTEMBER,Friday,TRUE,,NO_EXCEPTION_RECORDED,0,0,0,5,10,22,0.0,0.0,0.0,0,30,0.0,0,-1,0.0,0.072727,-0.072727
rec_0c2a84cae3823430,STU_968720,968720,SISWA_083,Kls 9_SISWA_072,2025-09-13,SEPTEMBER,Saturday,FALSE,,NO_EXCEPTION_RECORDED,0,0,0,5,10,22,0.0,0.0,0.0,0,31,0.0,0,-1,0.0,0.072727,-0.072727
rec_fa3717438bb6c77d,STU_968720,968720,SISWA_083,Kls 9_SISWA_072,2025-09-14,SEPTEMBER,Sunday,FALSE,,NO_EXCEPTION_RECORDED,0,0,0,5,10,21,0.0,0.0,0.0,0,31,0.0,0,-1,0.0,0.072727,-0.072727
rec_ef9da7cba490acbf,STU_968720,968720,SISWA_083,Kls 9_SISWA_072,2025-09-15,SEPTEMBER,Monday,TRUE,,NO_EXCEPTION_RECORDED,0,0,0,5,10,20,0.0,0.0,0.0,0,31,0.0,0,-1,0.0,0.072727,-0.072727
rec_5084aae5530c1ffe,STU_968720,968720,SISWA_083,Kls 9_SISWA_072,2025-09-16,SEPTEMBER,Tuesday,TRUE,,NO_EXCEPTION_RECORDED,0,0,0,5,10,21,0.0,0.0,0.0,0,32,0.0,0,-1,0.0,0.072727,-0.072727
rec_7ad826f6f478ecd8,STU_968720,968720,SISWA_083,Kls 9_SISWA_072,2025-09-17,SEPTEMBER,Wednesday,TRUE,,NO_EXCEPTION_RECORDED,0,0,0,5,10,22,0.0,0.0,0.0,0,33,0.0,0,-1,0.0,0.036364,-0.036364
rec_8ac66ac9da74af56,STU_968720,968720,SISWA_083,Kls 9_SISWA_072,2025-09-18,SEPTEMBER,Thursday,TRUE,,NO_EXCEPTION_RECORDED,0,0,0,5,10,22,0.0,0.0,0.0,0,34,0.0,0,-1,0.0,0.036364,-0.036364
rec_ee0e1218456d5cc4,STU_968720,968720,SISWA_083,Kls 9_SISWA_072,2025-09-19,SEPTEMBER,Friday,TRUE,,NO_EXCEPTION_RECORDED,0,0,0,5,10,22,0.0,0.0,0.0,0,35,0.0,0,-1,0.0,0.036364,-0.036364
rec_46b68d30179910a7,STU_968720,968720,SISWA_083,Kls 9_SISWA_072,2025-09-20,SEPTEMBER,Saturday,FALSE,,NO_EXCEPTION_RECORDED,0,0,0,5,10,22,0.0,0.0,0.0,0,36,0.0,0,-1,0.0,0.054545,-0.054545
rec_64acc07142779f2a,STU_968720,968720,SISWA_083,Kls 9_SISWA_072,2025-09-21,SEPTEMBER,Sunday,FALSE,,NO_EXCEPTION_RECORDED,0,0,0,5,10,21,0.0,0.0,0.0,0,36,0.0,0,-1,0.0,0.054545,-0.054545
rec_6c438b3469645810,STU_968720,968720,SISWA_083,Kls 9_SISWA_072,2025-09-22,SEPTEMBER,Monday,TRUE,,NO_EXCEPTION_RECORDED,0,0,0,5,10,20,0.0,0.0,0.0,0,36,0.0,0,-1,0.0,0.054545,-0.054545
rec_304c8e9a301d0317,STU_968720,968720,SISWA_083,Kls 9_SISWA_072,2025-09-23,SEPTEMBER,Tuesday,TRUE,,NO_EXCEPTION_RECORDED,0,0,0,5,10,21,0.0,0.0,0.0,0,37,0.0,0,-1,0.0,0.145455,-0.145455
rec_b506838f930dea09,STU_968720,968720,SISWA_083,Kls 9_SISWA_072,2025-09-24,SEPTEMBER,Wednesday,TRUE,,NO_EXCEPTION_RECORDED,0,0,0,5,10,22,0.0,0.0,0.0,0,38,0.0,0,-1,0.0,0.236364,-0.236364
rec_fe52454c9d81b595,STU_968720,968720,SISWA_083,Kls 9_SISWA_072,2025-09-25,SEPTEMBER,Thursday,TRUE,,NO_EXCEPTION_RECORDED,0,0,0,5,10,22,0.0,0.0,0.0,0,39,0.0,0,-1,0.0,0.309091,-0.309091
rec_79abbe412b4d177f,STU_968720,968720,SISWA_083,Kls 9_SISWA_072,2025-09-26,SEPTEMBER,Friday,TRUE,,NO_EXCEPTION_RECORDED,0,0,0,5,10,22,0.0,0.0,0.0,0,40,0.0,0,-1,0.0,0.345455,-0.345455
rec_317a30aa6f997e39,STU_968720,968720,SISWA_083,Kls 9_SISWA_072,2025-09-27,SEPTEMBER,Saturday,FALSE,,NO_EXCEPTION_RECORDED,0,0,0,5,10,22,0.0,0.0,0.0,0,41,0.0,0,-1,0.0,0.363636,-0.363636
rec_a05eefd599ea873f,STU_968720,968720,SISWA_083,Kls 9_SISWA_072,2025-09-28,SEPTEMBER,Sunday,FALSE,,NO_EXCEPTION_RECORDED,0,0,0,5,10,21,0.0,0.0,0.0,0,41,0.0,0,-1,0.0,0.363636,-0.363636
rec_db8af9b2b407f870,STU_968720,968720,SISWA_083,Kls 9_SISWA_072,2025-09-29,SEPTEMBER,Monday,TRUE,,NO_EXCEPTION_RECORDED,0,0,0,5,10,20,0.0,0.0,0.0,0,41,0.0,0,-1,0.0,0.363636,-0.363636
rec_b4d71cd0f92bbf7a,STU_968720,968720,SISWA_083,Kls 9_SISWA_072,2025-09-30,SEPTEMBER,Tuesday,UNKNOWN,,NO_EXCEPTION_RECORDED,0,0,0,5,10,21,0.0,0.0,0.0,0,42,0.0,0,-1,0.0,0.290909,-0.290909
